ItemNumber,Vendor,OEM,PartDescription,ListPrice,OutrightCosttoPartsSource,ExchangeCost,CoreCharge,UOM,QTYUOM,ConditionCode,StockYN,QOH,LeadTime,SystemManufacturer,CompatibleModels,ManufacturedYear,Usage
00.035.036,Avante Health Solutions,ULTRASONIX,"UMC MC9-4, 4-9MHz transducer",Call for Quote,2.5 time exhange cost,Call for Quote,1.5 time exhange cost,Each,Each,Refurbished,Y,1.000000,Same Day,,,,
00.040.148,Avante Health Solutions,ULTRASONIX,"UMC MC9-4, 4-9MHz transducer",Call for Quote,2.5 time exhange cost,Call for Quote,1.5 time exhange cost,Each,Each,Refurbished,Y,1.000000,Same Day,,,,
01608558,Avante Health Solutions,Siemens,Laser Light Localizer,Call for Quote,2.5 time exhange cost,Call for Quote,1.5 time exhange cost,Each,Each,Refurbished,Y,32.000000,Same Day,,,,
03079332,Avante Health Solutions,Siemens,8 Port Ethernet Switch,Call for Quote,2.5 time exhange cost,Call for Quote,1.5 time exhange cost,Each,Each,Refurbished,Y,1.000000,Same Day,,,,
03085305,Avante Health Solutions,Siemens,AC-DC 230VAC 24V/3.8A 91W,Call for Quote,2.5 time exhange cost,Call for Quote,1.5 time exhange cost,Each,Each,Refurbished,Y,1.000000,Same Day,,,,
03170438,Avante Health Solutions,Siemens,Noise Filter 250V 50/60Hz 10A,Call for Quote,2.5 time exhange cost,Call for Quote,1.5 time exhange cost,Each,Each,Refurbished,Y,1.000000,Same Day,,,,
03553224,Avante Health Solutions,Siemens,18GB Ultra SCSI Hard Drive,Call for Quote,2.5 time exhange cost,Call for Quote,1.5 time exhange cost,Each,Each,Refurbished,Y,4.000000,Same Day,,,,
03806333,Avante Health Solutions,Siemens,"Carbon Brush Set, Power",Call for Quote,2.5 time exhange cost,Call for Quote,1.5 time exhange cost,Each,Each,Refurbished,Y,5.000000,Same Day,,,,
03840910,Avante Health Solutions,,TRAY WITH TABLE CLAMP,Call for Quote,2.5 time exhange cost,Call for Quote,1.5 time exhange cost,Each,Each,Refurbished,Y,1.000000,Same Day,,,,
04758293,Avante Health Solutions,Siemens,IOP D14,Call for Quote,2.5 time exhange cost,Call for Quote,1.5 time exhange cost,Each,Each,Refurbished,Y,1.000000,Same Day,,,,
04775727,Avante Health Solutions,Siemens,STAND CONTROL MODULE,Call for Quote,2.5 time exhange cost,Call for Quote,1.5 time exhange cost,Each,Each,Refurbished,Y,5.000000,Same Day,,,,
04775735,Avante Health Solutions,Siemens,Accessory Rail Clamp,Call for Quote,2.5 time exhange cost,Call for Quote,1.5 time exhange cost,Each,Each,Refurbished,Y,3.000000,Same Day,,,,
00.035.038,Avante Health Solutions,ULTRASONIX,UMC SA4-2/20mm X'dcr,Call for Quote,2.5 time exhange cost,Call for Quote,1.5 time exhange cost,Each,Each,Refurbished,Y,1.000000,Same Day,,,,
0010101,Avante Health Solutions,Siemens,Springe and Plunger Set,Call for Quote,2.5 time exhange cost,Call for Quote,1.5 time exhange cost,Each,Each,Refurbished,Y,1.000000,Same Day,,,,
02793771,Avante Health Solutions,Siemens,Footswitch,Call for Quote,2.5 time exhange cost,Call for Quote,1.5 time exhange cost,Each,Each,Refurbished,Y,3.000000,Same Day,,,,
02795750,Avante Health Solutions,Siemens,D40 KV-Control Bd.,Call for Quote,2.5 time exhange cost,Call for Quote,1.5 time exhange cost,Each,Each,Refurbished,Y,1.000000,Same Day,,,,
03074838,Avante Health Solutions,Siemens,AC-DC POWER SUPPLY for the COLLIMATOR,Call for Quote,2.5 time exhange cost,Call for Quote,1.5 time exhange cost,Each,Each,Refurbished,Y,1.000000,Same Day,,,,
03085115,Avante Health Solutions,Siemens,Over Current Relay F98,Call for Quote,2.5 time exhange cost,Call for Quote,1.5 time exhange cost,Each,Each,Refurbished,Y,4.000000,Same Day,,,,
03146938,Avante Health Solutions,Siemens,CP Body Array,Call for Quote,2.5 time exhange cost,Call for Quote,1.5 time exhange cost,Each,Each,Refurbished,Y,1.000000,Same Day,,,,
04015707,Avante Health Solutions,Siemens,WATER PUMP,Call for Quote,2.5 time exhange cost,Call for Quote,1.5 time exhange cost,Each,Each,Refurbished,Y,2.000000,Same Day,,,,
04775719,Avante Health Solutions,Siemens,COLLIMATOR CONTROL,Call for Quote,2.5 time exhange cost,Call for Quote,1.5 time exhange cost,Each,Each,Refurbished,Y,4.000000,Same Day,,,,
05220082,Avante Health Solutions,Siemens,Contactor,Call for Quote,2.5 time exhange cost,Call for Quote,1.5 time exhange cost,Each,Each,Refurbished,Y,1.000000,Same Day,,,,
05236174,Avante Health Solutions,Siemens,PCA Video Signal Dist.,Call for Quote,2.5 time exhange cost,Call for Quote,1.5 time exhange cost,Each,Each,Refurbished,Y,9.000000,Same Day,,,,
05890079,Avante Health Solutions,Siemens,DIAMENTOR K2-S FOR ARTIS,Call for Quote,2.5 time exhange cost,Call for Quote,1.5 time exhange cost,Each,Each,Refurbished,Y,2.000000,Same Day,,,,
00.035.020,Avante Health Solutions,ULTRASONIX,UMC L9-4/38mm X'dcr,Call for Quote,2.5 time exhange cost,Call for Quote,1.5 time exhange cost,Each,Each,Refurbished,Y,2.000000,Same Day,,,,
0022-30-33013,Avante Health Solutions,MINDRAY,"Needle Guide Bracket, Mindray",Call for Quote,2.5 time exhange cost,Call for Quote,1.5 time exhange cost,Each,Each,Refurbished,Y,1.000000,Same Day,,,,
01192132,Avante Health Solutions,Siemens,SPACER 380 E,Call for Quote,2.5 time exhange cost,Call for Quote,1.5 time exhange cost,Each,Each,Refurbished,Y,1.000000,Same Day,,,,
01625933,Avante Health Solutions,Siemens,TILT SENSOR,Call for Quote,2.5 time exhange cost,Call for Quote,1.5 time exhange cost,Each,Each,Refurbished,Y,1.000000,Same Day,,,,
03078540,Avante Health Solutions,Siemens,NH FUSE 40A gG 500V,Call for Quote,2.5 time exhange cost,Call for Quote,1.5 time exhange cost,Each,Each,Refurbished,Y,3.000000,Same Day,,,,
03084449,Avante Health Solutions,Siemens,FREQ INVERTER 0.1600HZ 12KVA,Call for Quote,2.5 time exhange cost,Call for Quote,1.5 time exhange cost,Each,Each,Refurbished,Y,4.000000,Same Day,,,,
03104775,Avante Health Solutions,Siemens,ROCKER SW 25 250V 16A SW,Call for Quote,2.5 time exhange cost,Call for Quote,1.5 time exhange cost,Each,Each,Refurbished,Y,1.000000,Same Day,,,,
03818254,Avante Health Solutions,Siemens,"Carbon Brush Set, Power F",Call for Quote,2.5 time exhange cost,Call for Quote,1.5 time exhange cost,Each,Each,Refurbished,Y,2.000000,Same Day,,,,
03848681,Avante Health Solutions,Siemens,Filament Drive Bd. D470,Call for Quote,2.5 time exhange cost,Call for Quote,1.5 time exhange cost,Each,Each,Refurbished,Y,23.000000,Same Day,,,,
0386824,Avante Health Solutions,Siemens,NOISE FILTER 550V 50160HZ 3*25A 2302,Call for Quote,2.5 time exhange cost,Call for Quote,1.5 time exhange cost,Each,Each,Refurbished,Y,2.000000,Same Day,,,,
04015764,Avante Health Solutions,Siemens,Cooling pump W-L/W-L- Split,Call for Quote,2.5 time exhange cost,Call for Quote,1.5 time exhange cost,Each,Each,Refurbished,Y,1.000000,Same Day,,,,
04822503,Avante Health Solutions,Siemens,MCU RTC 0301,Call for Quote,2.5 time exhange cost,Call for Quote,1.5 time exhange cost,Each,Each,Refurbished,Y,7.000000,Same Day,,,,
00.035.015,Avante Health Solutions,ULTRASONIX,Ultrasonix PA4-2/20mm Phased Array Transducer,Call for Quote,2.5 time exhange cost,Call for Quote,1.5 time exhange cost,Each,Each,Refurbished,Y,1.000000,Same Day,,,,
03027190,Avante Health Solutions,Siemens,ECLAP 63V,Call for Quote,2.5 time exhange cost,Call for Quote,1.5 time exhange cost,Each,Each,Refurbished,Y,1.000000,Same Day,,,,
03064433,Avante Health Solutions,Siemens,TEMP SENSOR 0-50 10-90 B302,Call for Quote,2.5 time exhange cost,Call for Quote,1.5 time exhange cost,Each,Each,Refurbished,Y,1.000000,Same Day,,,,
03064748,Avante Health Solutions,Siemens,Spindle Driver Motor,Call for Quote,2.5 time exhange cost,Call for Quote,1.5 time exhange cost,Each,Each,Refurbished,Y,1.000000,Same Day,,,,
03067949,Avante Health Solutions,Siemens,K2 Contactor,Call for Quote,2.5 time exhange cost,Call for Quote,1.5 time exhange cost,Each,Each,Refurbished,Y,1.000000,Same Day,,,,
03084712,Avante Health Solutions,Siemens,FREQ,Call for Quote,2.5 time exhange cost,Call for Quote,1.5 time exhange cost,Each,Each,Refurbished,Y,2.000000,Same Day,,,,
03806515,Avante Health Solutions,Siemens,Control box,Call for Quote,2.5 time exhange cost,Call for Quote,1.5 time exhange cost,Each,Each,Refurbished,Y,2.000000,Same Day,,,,
04682613,Avante Health Solutions,Siemens,AC-DC 230/5/2*15/24V 20/6,Call for Quote,2.5 time exhange cost,Call for Quote,1.5 time exhange cost,Each,Each,Refurbished,Y,11.000000,Same Day,,,,
04691200,Avante Health Solutions,Siemens,DISPLACE SENSOR,Call for Quote,2.5 time exhange cost,Call for Quote,1.5 time exhange cost,Each,Each,Refurbished,Y,3.000000,Same Day,,,,
04775768,Avante Health Solutions,Siemens,TCM-M: TABLE CONTROL MODULE-MAN,Call for Quote,2.5 time exhange cost,Call for Quote,1.5 time exhange cost,Each,Each,Refurbished,Y,5.000000,Same Day,,,,
04787805,Avante Health Solutions,Siemens,wireless biplane footswitch,Call for Quote,2.5 time exhange cost,Call for Quote,1.5 time exhange cost,Each,Each,Refurbished,Y,3.000000,Same Day,,,,
05255315,Avante Health Solutions,Siemens,SCSI Controller Ultra2 Dual,Call for Quote,2.5 time exhange cost,Call for Quote,1.5 time exhange cost,Each,Each,Refurbished,Y,6.000000,Same Day,,,,
00.006.112,Avante Health Solutions,ULTRASONIX,Sonix Touch Utility Tray,Call for Quote,2.5 time exhange cost,Call for Quote,1.5 time exhange cost,Each,Each,Refurbished,Y,1.000000,Same Day,,,,
030401018,Avante Health Solutions,GE,"DC SERVO MOTOR SUPER V MOTOR: MODEL: V850B442E83,  SANYO DENKI",Call for Quote,2.5 time exhange cost,Call for Quote,1.5 time exhange cost,Each,Each,Refurbished,Y,1.000000,Same Day,,,,
03084464,Avante Health Solutions,Siemens,FUNCTION MODUL CAN BUS CM CAN1,Call for Quote,2.5 time exhange cost,Call for Quote,1.5 time exhange cost,Each,Each,Refurbished,Y,6.000000,Same Day,,,,
03084811,Avante Health Solutions,Siemens,NOISE FILTER  480/275V 50/60HZ,Call for Quote,2.5 time exhange cost,Call for Quote,1.5 time exhange cost,Each,Each,Refurbished,Y,1.000000,Same Day,,,,
03085131,Avante Health Solutions,Siemens,OVERCURR RELAY 1U 3-500MA 2-240V,Call for Quote,2.5 time exhange cost,Call for Quote,1.5 time exhange cost,Each,Each,Refurbished,Y,4.000000,Same Day,,,,
03804684,Avante Health Solutions,Siemens,"Carbon Brush Set, Data S",Call for Quote,2.5 time exhange cost,Call for Quote,1.5 time exhange cost,Each,Each,Refurbished,Y,6.000000,Same Day,,,,
04689402,Avante Health Solutions,Siemens,MOTOR 24VDC 3300U/MIN PLG 36:1,Call for Quote,2.5 time exhange cost,Call for Quote,1.5 time exhange cost,Each,Each,Refurbished,Y,2.000000,Same Day,,,,
04787763,Avante Health Solutions,Siemens,Charging Station wireless Xray FSW,Call for Quote,2.5 time exhange cost,Call for Quote,1.5 time exhange cost,Each,Each,Refurbished,Y,1.000000,Same Day,,,,
04807777,Avante Health Solutions,Siemens,TILT SPINDLE,Call for Quote,2.5 time exhange cost,Call for Quote,1.5 time exhange cost,Each,Each,Refurbished,Y,1.000000,Same Day,,,,
04820952,Avante Health Solutions,Siemens,SPIROVENT,Call for Quote,2.5 time exhange cost,Call for Quote,1.5 time exhange cost,Each,Each,Refurbished,Y,1.000000,Same Day,,,,
05659218,Avante Health Solutions,Siemens,SIRC Board,Call for Quote,2.5 time exhange cost,Call for Quote,1.5 time exhange cost,Each,Each,Refurbished,Y,1.000000,Same Day,,,,
05769364,Avante Health Solutions,Siemens,"ACCESSORIES RAIL, LEFT COMPLETE",Call for Quote,2.5 time exhange cost,Call for Quote,1.5 time exhange cost,Each,Each,Refurbished,Y,2.000000,Same Day,,,,
04775925,Avante Health Solutions,Siemens,SIRC Board,Call for Quote,2.5 time exhange cost,Call for Quote,1.5 time exhange cost,Each,Each,Refurbished,Y,1.000000,Same Day,,,,
04805623,Avante Health Solutions,Siemens,Light Marker,Call for Quote,2.5 time exhange cost,Call for Quote,1.5 time exhange cost,Each,Each,Refurbished,Y,1.000000,Same Day,,,,
04806258,Avante Health Solutions,Siemens,Mixer Unit Complete,Call for Quote,2.5 time exhange cost,Call for Quote,1.5 time exhange cost,Each,Each,Refurbished,Y,1.000000,Same Day,,,,
05234435,Avante Health Solutions,Siemens,FAN FOR BSR SYSTEM,Call for Quote,2.5 time exhange cost,Call for Quote,1.5 time exhange cost,Each,Each,Refurbished,Y,5.000000,Same Day,,,,
05771345,Avante Health Solutions,Siemens,Table cover base,Call for Quote,2.5 time exhange cost,Call for Quote,1.5 time exhange cost,Each,Each,Refurbished,Y,1.000000,Same Day,,,,
05800987,Avante Health Solutions,Siemens,"Service Kit, Potentiometer R710 R711",Call for Quote,2.5 time exhange cost,Call for Quote,1.5 time exhange cost,Each,Each,Refurbished,Y,5.000000,Same Day,,,,
05890061,Avante Health Solutions,Siemens,Diamentor K1S,Call for Quote,2.5 time exhange cost,Call for Quote,1.5 time exhange cost,Each,Each,Refurbished,Y,3.000000,Same Day,,,,
06125933,Avante Health Solutions,Siemens,Tilt Sensor,Call for Quote,2.5 time exhange cost,Call for Quote,1.5 time exhange cost,Each,Each,Refurbished,Y,1.000000,Same Day,,,,
06525914,Avante Health Solutions,Siemens,TRANSFORMER FILTER,Call for Quote,2.5 time exhange cost,Call for Quote,1.5 time exhange cost,Each,Each,Refurbished,Y,1.000000,Same Day,,,,
06539840,Avante Health Solutions,Siemens,Manual Rotation,Call for Quote,2.5 time exhange cost,Call for Quote,1.5 time exhange cost,Each,Each,Refurbished,Y,1.000000,Same Day,,,,
06549104,Avante Health Solutions,GE,Receptor cover - Right,Call for Quote,2.5 time exhange cost,Call for Quote,1.5 time exhange cost,Each,Each,Refurbished,Y,1.000000,Same Day,,,,
06549377,Avante Health Solutions,Siemens,Support foot,Call for Quote,2.5 time exhange cost,Call for Quote,1.5 time exhange cost,Each,Each,Refurbished,Y,1.000000,Same Day,,,,
06615368,Avante Health Solutions,GE,Tube Cover - Left,Call for Quote,2.5 time exhange cost,Call for Quote,1.5 time exhange cost,Each,Each,Refurbished,Y,1.000000,Same Day,,,,
066E0362,Avante Health Solutions,GE,"VIVID E9, NIVIDIA QUADRO 410 GRAPHICS BOARD",Call for Quote,2.5 time exhange cost,Call for Quote,1.5 time exhange cost,Each,Each,Refurbished,Y,1.000000,Same Day,,,,
066E0700,Avante Health Solutions,GE,"DVD DRIVE SATA, VIVID E9 LG H20NS15",Call for Quote,2.5 time exhange cost,Call for Quote,1.5 time exhange cost,Each,Each,Refurbished,Y,1.000000,Same Day,,,,
066E3221-2,Avante Health Solutions,GE,"Button Kit, Universal English",Call for Quote,2.5 time exhange cost,Call for Quote,1.5 time exhange cost,Each,Each,Refurbished,Y,1.000000,Same Day,,,,
070D2909,Avante Health Solutions,GE,"Cable, Monitor VGA (Vivid 7)",Call for Quote,2.5 time exhange cost,Call for Quote,1.5 time exhange cost,Each,Each,Refurbished,Y,1.000000,Same Day,,,,
07129120,Avante Health Solutions,,puls power supply,Call for Quote,2.5 time exhange cost,Call for Quote,1.5 time exhange cost,Each,Each,Refurbished,Y,1.000000,Same Day,,,,
07393262,Avante Health Solutions,Siemens,REAR CONTROL PANEL,Call for Quote,2.5 time exhange cost,Call for Quote,1.5 time exhange cost,Each,Each,Refurbished,Y,4.000000,Same Day,,,,
07395143,Avante Health Solutions,Siemens,High Power Carbon Brush Set,Call for Quote,2.5 time exhange cost,Call for Quote,1.5 time exhange cost,Each,Each,Refurbished,Y,2.000000,Same Day,,,,
07396281,Avante Health Solutions,Siemens,GPC Component D311 w/ Daughter Brd,Call for Quote,2.5 time exhange cost,Call for Quote,1.5 time exhange cost,Each,Each,Refurbished,Y,1.000000,Same Day,,,,
07445666,Avante Health Solutions,Siemens,Head Support Rigid,Call for Quote,2.5 time exhange cost,Call for Quote,1.5 time exhange cost,Each,Each,Refurbished,Y,1.000000,Same Day,,,,
07470490,Avante Health Solutions,SIEMENS,"Antares, PWA, Assy, XMIT RCV Board",Call for Quote,2.5 time exhange cost,Call for Quote,1.5 time exhange cost,Each,Each,Refurbished,Y,2.000000,Same Day,,,,
07716900,Avante Health Solutions,Siemens,HIGH TENSION TANK,Call for Quote,2.5 time exhange cost,Call for Quote,1.5 time exhange cost,Each,Each,Refurbished,Y,9.000000,Same Day,,,,
05553594,Avante Health Solutions,Siemens,"Rear Cover, Switch",Call for Quote,2.5 time exhange cost,Call for Quote,1.5 time exhange cost,Each,Each,Refurbished,Y,1.000000,Same Day,,,,
05800979,Avante Health Solutions,Siemens,PUSH BUTTON 10 1S 2A 250V 18.2MM SW,Call for Quote,2.5 time exhange cost,Call for Quote,1.5 time exhange cost,Each,Each,Refurbished,Y,2.000000,Same Day,,,,
06592997,Avante Health Solutions,,SSFD COVER KIT,Call for Quote,2.5 time exhange cost,Call for Quote,1.5 time exhange cost,Each,Each,Refurbished,Y,1.000000,Same Day,,,,
06635283,Avante Health Solutions,Siemens,Longitudinal Potentiometer Unit,Call for Quote,2.5 time exhange cost,Call for Quote,1.5 time exhange cost,Each,Each,Refurbished,Y,1.000000,Same Day,,,,
066E8930,Avante Health Solutions,GE,066E8930 GPU NVIDIA Quadro P4000,Call for Quote,2.5 time exhange cost,Call for Quote,1.5 time exhange cost,Each,Each,Refurbished,Y,2.000000,Same Day,,,,
066E8933S,Avante Health Solutions,GE,Adapter  miniDP to DVI  0.5m,Call for Quote,2.5 time exhange cost,Call for Quote,1.5 time exhange cost,Each,Each,Refurbished,Y,1.000000,Same Day,,,,
07060577,Avante Health Solutions,Siemens,07060577 MOTOR 230/400V 750W 1400U/M (P#07060577,Call for Quote,2.5 time exhange cost,Call for Quote,1.5 time exhange cost,Each,Each,Refurbished,Y,1.000000,Same Day,,,,
07119568,Avante Health Solutions,Siemens,Emergency Stop Module,Call for Quote,2.5 time exhange cost,Call for Quote,1.5 time exhange cost,Each,Each,Refurbished,Y,4.000000,Same Day,,,,
07273043,Avante Health Solutions,Siemens,LEFT MOTHER BOARD,Call for Quote,2.5 time exhange cost,Call for Quote,1.5 time exhange cost,Each,Each,Refurbished,Y,1.000000,Same Day,,,,
07393254,Avante Health Solutions,Siemens,KEYBOARD UPPER DISPLAY W/O CARDIO,Call for Quote,2.5 time exhange cost,Call for Quote,1.5 time exhange cost,Each,Each,Refurbished,Y,2.000000,Same Day,,,,
07394666,Avante Health Solutions,Siemens,IRS 2 REC,Call for Quote,2.5 time exhange cost,Call for Quote,1.5 time exhange cost,Each,Each,Refurbished,Y,1.000000,Same Day,,,,
07395150,Avante Health Solutions,Siemens,BRUSH BLOCK,Call for Quote,2.5 time exhange cost,Call for Quote,1.5 time exhange cost,Each,Each,Refurbished,Y,10.000000,Same Day,,,,
05220087,Avante Health Solutions,Siemens,FLOPPY DISK 3.5,Call for Quote,2.5 time exhange cost,Call for Quote,1.5 time exhange cost,Each,Each,Refurbished,Y,2.000000,Same Day,,,,
05236927,Avante Health Solutions,Siemens,PCA TEMPERATUR SENSOR (TPS) BSR,Call for Quote,2.5 time exhange cost,Call for Quote,1.5 time exhange cost,Each,Each,Refurbished,Y,4.000000,Same Day,,,,
05554915,Avante Health Solutions,Siemens,Copra Bd.,Call for Quote,2.5 time exhange cost,Call for Quote,1.5 time exhange cost,Each,Each,Refurbished,Y,2.000000,Same Day,,,,
05569814,Avante Health Solutions,,Dose Measuring Chamber,Call for Quote,2.5 time exhange cost,Call for Quote,1.5 time exhange cost,Each,Each,Refurbished,Y,1.000000,Same Day,,,,
05891010,Avante Health Solutions,,Collimator Cap,Call for Quote,2.5 time exhange cost,Call for Quote,1.5 time exhange cost,Each,Each,Refurbished,Y,1.000000,Same Day,,,,
05997932,Avante Health Solutions,Siemens,ASM AAQ COPRA BOARD,Call for Quote,2.5 time exhange cost,Call for Quote,1.5 time exhange cost,Each,Each,Refurbished,Y,2.000000,Same Day,,,,
06465640,Avante Health Solutions,Siemens,OPT SENSOR REFLECTIVE BLUE,Call for Quote,2.5 time exhange cost,Call for Quote,1.5 time exhange cost,Each,Each,Refurbished,Y,3.000000,Same Day,,,,
06549096,Avante Health Solutions,GE,Receptor Cover - Left,Call for Quote,2.5 time exhange cost,Call for Quote,1.5 time exhange cost,Each,Each,Refurbished,Y,1.000000,Same Day,,,,
06551803,Avante Health Solutions,Siemens,UL REF SENSOR UNIT,Call for Quote,2.5 time exhange cost,Call for Quote,1.5 time exhange cost,Each,Each,Refurbished,Y,1.000000,Same Day,,,,
06635689,Avante Health Solutions,Siemens,Motor Module,Call for Quote,2.5 time exhange cost,Call for Quote,1.5 time exhange cost,Each,Each,Refurbished,Y,2.000000,Same Day,,,,
066E0338,Avante Health Solutions,GE,"VIVID 7, Graphics card - dual DVI video card",Call for Quote,2.5 time exhange cost,Call for Quote,1.5 time exhange cost,Each,Each,Refurbished,Y,1.000000,Same Day,,,,
07008852,Avante Health Solutions,Siemens,"Lead insert, 20x20 Calibration",Call for Quote,2.5 time exhange cost,Call for Quote,1.5 time exhange cost,Each,Each,Refurbished,Y,1.000000,Same Day,,,,
06465657,Avante Health Solutions,Siemens,OPTICAL SENSOR REFLECTIVE (RED),Call for Quote,2.5 time exhange cost,Call for Quote,1.5 time exhange cost,Each,Each,Refurbished,Y,2.000000,Same Day,,,,
06525435,Avante Health Solutions,Siemens,TRANSFORMER,Call for Quote,2.5 time exhange cost,Call for Quote,1.5 time exhange cost,Each,Each,Refurbished,Y,1.000000,Same Day,,,,
06635572,Avante Health Solutions,Siemens,LUBRICATOR BELT,Call for Quote,2.5 time exhange cost,Call for Quote,1.5 time exhange cost,Each,Each,Refurbished,Y,2.000000,Same Day,,,,
066E0852,Avante Health Solutions,GE,Internal DVD/CD-RW (Vivid 7),Call for Quote,2.5 time exhange cost,Call for Quote,1.5 time exhange cost,Each,Each,Refurbished,Y,1.000000,Same Day,,,,
07034262,Avante Health Solutions,Siemens,Horizontal Drive Support,Call for Quote,2.5 time exhange cost,Call for Quote,1.5 time exhange cost,Each,Each,Refurbished,Y,1.000000,Same Day,,,,
07034270,Avante Health Solutions,Siemens,SP PART HORIZONTAL DRIVE TABLETOP,Call for Quote,2.5 time exhange cost,Call for Quote,1.5 time exhange cost,Each,Each,Refurbished,Y,2.000000,Same Day,,,,
07058303,Avante Health Solutions,Siemens,UHR Weight,Call for Quote,2.5 time exhange cost,Call for Quote,1.5 time exhange cost,Each,Each,Refurbished,Y,1.000000,Same Day,,,,
07059017,Avante Health Solutions,Siemens,SPRG-ACTUA BRAKE,Call for Quote,2.5 time exhange cost,Call for Quote,1.5 time exhange cost,Each,Each,Refurbished,Y,2.000000,Same Day,,,,
07111144,Avante Health Solutions,Siemens,CENTRAL UNIT INTERCOM AX,Call for Quote,2.5 time exhange cost,Call for Quote,1.5 time exhange cost,Each,Each,Refurbished,Y,2.000000,Same Day,,,,
07111656,Avante Health Solutions,Siemens,SUPPORT ARM COVER KIT,Call for Quote,2.5 time exhange cost,Call for Quote,1.5 time exhange cost,Each,Each,Refurbished,Y,2.000000,Same Day,,,,
07111706,Avante Health Solutions,Siemens,Button for Break,Call for Quote,2.5 time exhange cost,Call for Quote,1.5 time exhange cost,Each,Each,Refurbished,Y,1.000000,Same Day,,,,
07128619,Avante Health Solutions,,MCU-RTC COMPONENT,Call for Quote,2.5 time exhange cost,Call for Quote,1.5 time exhange cost,Each,Each,Refurbished,Y,7.000000,Same Day,,,,
06549989,Avante Health Solutions,Siemens,ROTATION MOTOR,Call for Quote,2.5 time exhange cost,Call for Quote,1.5 time exhange cost,Each,Each,Refurbished,Y,1.000000,Same Day,,,,
06614221,Avante Health Solutions,Siemens,Optical sensor W cable and connector,Call for Quote,2.5 time exhange cost,Call for Quote,1.5 time exhange cost,Each,Each,Refurbished,Y,1.000000,Same Day,,,,
06615384,Avante Health Solutions,GE,Front Cover,Call for Quote,2.5 time exhange cost,Call for Quote,1.5 time exhange cost,Each,Each,Refurbished,Y,1.000000,Same Day,,,,
066E2305,Avante Health Solutions,GE,"VIVID 7, OP Trackball Board",Call for Quote,2.5 time exhange cost,Call for Quote,1.5 time exhange cost,Each,Each,Refurbished,Y,1.000000,Same Day,,,,
070396414,Avante Health Solutions,Siemens,Brake Assembly,Call for Quote,2.5 time exhange cost,Call for Quote,1.5 time exhange cost,Each,Each,Refurbished,Y,1.000000,Same Day,,,,
07044899,Avante Health Solutions,Siemens,Stop assembly 3D V kpl,Call for Quote,2.5 time exhange cost,Call for Quote,1.5 time exhange cost,Each,Each,Refurbished,Y,1.000000,Same Day,,,,
07113710,Avante Health Solutions,Siemens,AKG Radiator,Call for Quote,2.5 time exhange cost,Call for Quote,1.5 time exhange cost,Each,Each,Refurbished,Y,2.000000,Same Day,,,,
07129575,Avante Health Solutions,Siemens,PT HORIZONTAL D701,Call for Quote,2.5 time exhange cost,Call for Quote,1.5 time exhange cost,Each,Each,Refurbished,Y,9.000000,Same Day,,,,
07130789,Avante Health Solutions,Siemens,Deflection Control Assembly,Call for Quote,2.5 time exhange cost,Call for Quote,1.5 time exhange cost,Each,Each,Refurbished,Y,1.000000,Same Day,,,,
07145472,Avante Health Solutions,Siemens,GRID 15/80 F105 DETECTOR 20X20,Call for Quote,2.5 time exhange cost,Call for Quote,1.5 time exhange cost,Each,Each,Refurbished,Y,1.000000,Same Day,,,,
07393247,Avante Health Solutions,Siemens,Control Panel Left & Front Left Facelift,Call for Quote,2.5 time exhange cost,Call for Quote,1.5 time exhange cost,Each,Each,Refurbished,Y,1.000000,Same Day,,,,
07393296,Avante Health Solutions,Siemens,Keyboard Upper w/ Cardiac Display Option,Call for Quote,2.5 time exhange cost,Call for Quote,1.5 time exhange cost,Each,Each,Refurbished,Y,3.000000,Same Day,,,,
07729549,Avante Health Solutions,Siemens,Table Control Joystick,Call for Quote,2.5 time exhange cost,Call for Quote,1.5 time exhange cost,Each,Each,Refurbished,Y,2.000000,Same Day,,,,
08377694,Avante Health Solutions,Siemens,IRS3 REC,Call for Quote,2.5 time exhange cost,Call for Quote,1.5 time exhange cost,Each,Each,Refurbished,Y,1.000000,Same Day,,,,
08379310,Avante Health Solutions,Siemens,ETHERNET SWITCH 8 PORT 1GBIT,Call for Quote,2.5 time exhange cost,Call for Quote,1.5 time exhange cost,Each,Each,Refurbished,Y,10.000000,Same Day,,,,
08598885,Avante Health Solutions,,Control Box P15,Call for Quote,2.5 time exhange cost,Call for Quote,1.5 time exhange cost,Each,Each,Refurbished,Y,1.000000,Same Day,,,,
08675402,Avante Health Solutions,Siemens,COLOR MONITOR SW 19'' DSC1904-D,Call for Quote,2.5 time exhange cost,Call for Quote,1.5 time exhange cost,Each,Each,Refurbished,Y,2.000000,Same Day,,,,
08683984,Avante Health Solutions,Siemens,"Monitor 19""Color DSC 1905-DC",Call for Quote,2.5 time exhange cost,Call for Quote,1.5 time exhange cost,Each,Each,Refurbished,Y,2.000000,Same Day,,,,
08684164,Avante Health Solutions,Siemens,Siemens Patch Cable CAT6 15m gy SSTP UL,Call for Quote,2.5 time exhange cost,Call for Quote,1.5 time exhange cost,Each,Each,Refurbished,Y,1.000000,Same Day,,,,
08904935,Avante Health Solutions,Siemens,MCU RTC COMPONENT,Call for Quote,2.5 time exhange cost,Call for Quote,1.5 time exhange cost,Each,Each,Refurbished,Y,1.000000,Same Day,,,,
09BZ6008,Avante Health Solutions,Toshiba,COLLIMATOR,Call for Quote,2.5 time exhange cost,Call for Quote,1.5 time exhange cost,Each,Each,Refurbished,Y,1.000000,Same Day,,,,
0A80AP-22-1TB,Avante Health Solutions,Philips,"AC Fan, 80x38mm, 230VAC, 30CFM, 12W, 36dBA, 3000RPM, Dual Ball Bearing, Terminals",Call for Quote,2.5 time exhange cost,Call for Quote,1.5 time exhange cost,Each,Each,Refurbished,Y,3.000000,Same Day,,,,
10010040,Avante Health Solutions,SIEMENS,"Assembly, DC/DC, G40",Call for Quote,2.5 time exhange cost,Call for Quote,1.5 time exhange cost,Each,Each,Refurbished,Y,1.000000,Same Day,,,,
10023487,Avante Health Solutions,,DMS POWER BACKPLANE RIGHT,Call for Quote,2.5 time exhange cost,Call for Quote,1.5 time exhange cost,Each,Each,Refurbished,Y,6.000000,Same Day,,,,
03077088,Avante Health Solutions,Siemens,AC-DC IN 85-265V OUT,Call for Quote,2.5 time exhange cost,Call for Quote,1.5 time exhange cost,Each,Each,Refurbished,Y,10.000000,Same Day,,,,
03085123,Avante Health Solutions,Siemens,TIME RELAY SET 200-240V 50HZ 1U,Call for Quote,2.5 time exhange cost,Call for Quote,1.5 time exhange cost,Each,Each,Refurbished,Y,3.000000,Same Day,,,,
0326020.HXP-N,Avante Health Solutions,GE,"20a, 250v, 3ab, Slo-Blo Fuse",Call for Quote,2.5 time exhange cost,Call for Quote,1.5 time exhange cost,Each,Each,New OEM Original,Y,23.000000,Same Day,,,,
03804692,Avante Health Solutions,Siemens,"Carbon Brush Set, Data S F",Call for Quote,2.5 time exhange cost,Call for Quote,1.5 time exhange cost,Each,Each,Refurbished,Y,1.000000,Same Day,,,,
03806341,Avante Health Solutions,Siemens,"Carbon Brush Set, Data",Call for Quote,2.5 time exhange cost,Call for Quote,1.5 time exhange cost,Each,Each,Refurbished,Y,4.000000,Same Day,,,,
03813446,Avante Health Solutions,Siemens,ICS TOWER,Call for Quote,2.5 time exhange cost,Call for Quote,1.5 time exhange cost,Each,Each,Refurbished,Y,1.000000,Same Day,,,,
03815003,Avante Health Solutions,Siemens,Tube Collimator Box,Call for Quote,2.5 time exhange cost,Call for Quote,1.5 time exhange cost,Each,Each,Refurbished,Y,1.000000,Same Day,,,,
03848707,Avante Health Solutions,Siemens,DC Power Stat D450 E2 Board,Call for Quote,2.5 time exhange cost,Call for Quote,1.5 time exhange cost,Each,Each,Refurbished,Y,9.000000,Same Day,,,,
03848708,Avante Health Solutions,Siemens,DC POWER STAT BOARD,Call for Quote,2.5 time exhange cost,Call for Quote,1.5 time exhange cost,Each,Each,Refurbished,Y,3.000000,Same Day,,,,
04809617,Avante Health Solutions,Siemens,BRAKE  24V 26NM,Call for Quote,2.5 time exhange cost,Call for Quote,1.5 time exhange cost,Each,Each,Refurbished,Y,2.000000,Same Day,,,,
05650218,Avante Health Solutions,Siemens,SIRC PCI Board,Call for Quote,2.5 time exhange cost,Call for Quote,1.5 time exhange cost,Each,Each,Refurbished,Y,2.000000,Same Day,,,,
05651810,Avante Health Solutions,Siemens,User Location Interface Bd. (ULI),Call for Quote,2.5 time exhange cost,Call for Quote,1.5 time exhange cost,Each,Each,Refurbished,Y,9.000000,Same Day,,,,
07034254,Avante Health Solutions,Siemens,SP PART BALL SCREW INDI SPINDLE DRIVE AND TWO RAILS,Call for Quote,2.5 time exhange cost,Call for Quote,1.5 time exhange cost,Each,Each,Refurbished,Y,2.000000,Same Day,,,,
07068901,Avante Health Solutions,Siemens,Table Motor PHS4,Call for Quote,2.5 time exhange cost,Call for Quote,1.5 time exhange cost,Each,Each,Refurbished,Y,2.000000,Same Day,,,,
07111151,Avante Health Solutions,Siemens,CONTROL CONSOLE INTERCOM AX,Call for Quote,2.5 time exhange cost,Call for Quote,1.5 time exhange cost,Each,Each,Refurbished,Y,2.000000,Same Day,,,,
07325512,Avante Health Solutions,Siemens,PCA Power Control And Monitor,Call for Quote,2.5 time exhange cost,Call for Quote,1.5 time exhange cost,Each,Each,Refurbished,Y,7.000000,Same Day,,,,
07326106,Avante Health Solutions,Siemens,AC ATX Power Inlet Type 2 BSR,Call for Quote,2.5 time exhange cost,Call for Quote,1.5 time exhange cost,Each,Each,Refurbished,Y,4.000000,Same Day,,,,
07393858,Avante Health Solutions,,PCB BALANCING,Call for Quote,2.5 time exhange cost,Call for Quote,1.5 time exhange cost,Each,Each,Refurbished,Y,11.000000,Same Day,,,,
07395234,Avante Health Solutions,Siemens,Flow Sensor,Call for Quote,2.5 time exhange cost,Call for Quote,1.5 time exhange cost,Each,Each,Refurbished,Y,1.000000,Same Day,,,,
07396265,Avante Health Solutions,Siemens,MCU RTC COMPONENT,Call for Quote,2.5 time exhange cost,Call for Quote,1.5 time exhange cost,Each,Each,Refurbished,Y,2.000000,Same Day,,,,
07445872,Avante Health Solutions,,Head Rest,Call for Quote,2.5 time exhange cost,Call for Quote,1.5 time exhange cost,Each,Each,Refurbished,Y,2.000000,Same Day,,,,
07454882,Avante Health Solutions,Siemens,set angle encoder 1000,Call for Quote,2.5 time exhange cost,Call for Quote,1.5 time exhange cost,Each,Each,Refurbished,Y,1.000000,Same Day,,,,
07455319,Avante Health Solutions,Siemens,CABLE HARNESS  VERTICAL,Call for Quote,2.5 time exhange cost,Call for Quote,1.5 time exhange cost,Each,Each,Refurbished,Y,1.000000,Same Day,,,,
07555241,Avante Health Solutions,Siemens,Grid 15/80 30X40,Call for Quote,2.5 time exhange cost,Call for Quote,1.5 time exhange cost,Each,Each,Refurbished,Y,6.000000,Same Day,,,,
07717528,Avante Health Solutions,Siemens,D510 Inverter Bd.,Call for Quote,2.5 time exhange cost,Call for Quote,1.5 time exhange cost,Each,Each,Refurbished,Y,3.000000,Same Day,,,,
07740967,Avante Health Solutions,Siemens,PDS,Call for Quote,2.5 time exhange cost,Call for Quote,1.5 time exhange cost,Each,Each,Refurbished,Y,4.000000,Same Day,,,,
07741700,Avante Health Solutions,,TUBE COLLIMATOR Z40A,Call for Quote,2.5 time exhange cost,Call for Quote,1.5 time exhange cost,Each,Each,Refurbished,Y,2.000000,Same Day,,,,
07741940,Avante Health Solutions,,Tube_Collimator_Z40-B,Call for Quote,2.5 time exhange cost,Call for Quote,1.5 time exhange cost,Each,Each,Refurbished,Y,2.000000,Same Day,,,,
07830230,Avante Health Solutions,Siemens,CDR DRIVE READ/WRITE 40/12/40,Call for Quote,2.5 time exhange cost,Call for Quote,1.5 time exhange cost,Each,Each,Refurbished,Y,1.000000,Same Day,,,,
080X4530,Avante Health Solutions,GE,"LOGIQ 9, Nipple Screw",Call for Quote,2.5 time exhange cost,Call for Quote,1.5 time exhange cost,Each,Each,Refurbished,Y,1.000000,Same Day,,,,
08365962,Avante Health Solutions,,Matrix VCT,Call for Quote,2.5 time exhange cost,Call for Quote,1.5 time exhange cost,Each,Each,Refurbished,Y,2.000000,Same Day,,,,
08366432,Avante Health Solutions,,XGS CONTROL,Call for Quote,2.5 time exhange cost,Call for Quote,1.5 time exhange cost,Each,Each,Refurbished,Y,3.000000,Same Day,,,,
08377801,Avante Health Solutions,Siemens,Collimator P30F,Call for Quote,2.5 time exhange cost,Call for Quote,1.5 time exhange cost,Each,Each,Refurbished,Y,9.000000,Same Day,,,,
08704798,Avante Health Solutions,Siemens,Isolator RJ45 f/f 5kV,Call for Quote,2.5 time exhange cost,Call for Quote,1.5 time exhange cost,Each,Each,Refurbished,Y,1.000000,Same Day,,,,
08874096,Avante Health Solutions,Siemens,CONTROL PANEL,Call for Quote,2.5 time exhange cost,Call for Quote,1.5 time exhange cost,Each,Each,Refurbished,Y,5.000000,Same Day,,,,
08874104,Avante Health Solutions,Siemens,CP FRONT RIGHT FACE LIFT,Call for Quote,2.5 time exhange cost,Call for Quote,1.5 time exhange cost,Each,Each,Refurbished,Y,6.000000,Same Day,,,,
05662155,Avante Health Solutions,Siemens,Collimator,Call for Quote,2.5 time exhange cost,Call for Quote,1.5 time exhange cost,Each,Each,Refurbished,Y,1.000000,Same Day,,,,
05769968,Avante Health Solutions,Siemens,"Cant Potentiometer, Complete",Call for Quote,2.5 time exhange cost,Call for Quote,1.5 time exhange cost,Each,Each,Refurbished,Y,1.000000,Same Day,,,,
06615367,Avante Health Solutions,GE,Tube Cover - Right,Call for Quote,2.5 time exhange cost,Call for Quote,1.5 time exhange cost,Each,Each,Refurbished,Y,1.000000,Same Day,,,,
066E3020,Avante Health Solutions,GE,"19"" LCD Monitor, Vivid 7",Call for Quote,2.5 time exhange cost,Call for Quote,1.5 time exhange cost,Each,Each,Refurbished,Y,1.000000,Same Day,,,,
07129112,Avante Health Solutions,Siemens,AMPLIFIER BOARD D3 COMPLETE,Call for Quote,2.5 time exhange cost,Call for Quote,1.5 time exhange cost,Each,Each,Refurbished,Y,1.000000,Same Day,,,,
07129336,Avante Health Solutions,Siemens,OR Table Interface Bd,Call for Quote,2.5 time exhange cost,Call for Quote,1.5 time exhange cost,Each,Each,Refurbished,Y,1.000000,Same Day,,,,
07303659,Avante Health Solutions,SIEMENS,Siemens Power Supply Digital (PSD),Call for Quote,2.5 time exhange cost,Call for Quote,1.5 time exhange cost,Each,Each,Refurbished,Y,7.000000,Same Day,,,,
07393577,Avante Health Solutions,Siemens,Switch Box P30,Call for Quote,2.5 time exhange cost,Call for Quote,1.5 time exhange cost,Each,Each,Refurbished,Y,1.000000,Same Day,,,,
07395218,Avante Health Solutions,Siemens,PCB BALANCING,Call for Quote,2.5 time exhange cost,Call for Quote,1.5 time exhange cost,Each,Each,Refurbished,Y,2.000000,Same Day,,,,
07395804,Avante Health Solutions,Siemens,DEHUMIDIFIER,Call for Quote,2.5 time exhange cost,Call for Quote,1.5 time exhange cost,Each,Each,Refurbished,Y,3.000000,Same Day,,,,
07413896,Avante Health Solutions,Siemens,HOUSING FOR RADIATION INDICATOR,Call for Quote,2.5 time exhange cost,Call for Quote,1.5 time exhange cost,Each,Each,Refurbished,Y,2.000000,Same Day,,,,
07474484,Avante Health Solutions,SIEMENS,"Antares, User Front Panel",Call for Quote,2.5 time exhange cost,Call for Quote,1.5 time exhange cost,Each,Each,Refurbished,Y,3.000000,Same Day,,,,
07129047,Avante Health Solutions,Siemens,PTV P30 D702 w/MCB2,Call for Quote,2.5 time exhange cost,Call for Quote,1.5 time exhange cost,Each,Each,Refurbished,Y,1.000000,Same Day,,,,
07131191,Avante Health Solutions,Siemens,D301 Board,Call for Quote,2.5 time exhange cost,Call for Quote,1.5 time exhange cost,Each,Each,Refurbished,Y,1.000000,Same Day,,,,
07140218,Avante Health Solutions,Siemens,Auguiation Measurement (1K OHMS Pot),Call for Quote,2.5 time exhange cost,Call for Quote,1.5 time exhange cost,Each,Each,Refurbished,Y,1.000000,Same Day,,,,
07273035,Avante Health Solutions,Siemens,Right Motherboard,Call for Quote,2.5 time exhange cost,Call for Quote,1.5 time exhange cost,Each,Each,Refurbished,Y,1.000000,Same Day,,,,
07393486,Avante Health Solutions,Siemens,Cover Top Left P30,Call for Quote,2.5 time exhange cost,Call for Quote,1.5 time exhange cost,Each,Each,Refurbished,Y,1.000000,Same Day,,,,
07393569,Avante Health Solutions,Siemens,Control Box P30,Call for Quote,2.5 time exhange cost,Call for Quote,1.5 time exhange cost,Each,Each,Refurbished,Y,9.000000,Same Day,,,,
07395168,Avante Health Solutions,Siemens,Set of Carbon Brushes,Call for Quote,2.5 time exhange cost,Call for Quote,1.5 time exhange cost,Each,Each,Refurbished,Y,4.000000,Same Day,,,,
07396356,Avante Health Solutions,Siemens,ECG POWER SUPPLY OPTION,Call for Quote,2.5 time exhange cost,Call for Quote,1.5 time exhange cost,Each,Each,Refurbished,Y,2.000000,Same Day,,,,
07445740,Avante Health Solutions,,Head Rest,Call for Quote,2.5 time exhange cost,Call for Quote,1.5 time exhange cost,Each,Each,Refurbished,Y,2.000000,Same Day,,,,
07455400,Avante Health Solutions,Siemens,Set Angle encoder 2500 IMP,Call for Quote,2.5 time exhange cost,Call for Quote,1.5 time exhange cost,Each,Each,Refurbished,Y,1.000000,Same Day,,,,
07455533,Avante Health Solutions,Siemens,FOOT SWITCH CPL NI FR LE BK,Call for Quote,2.5 time exhange cost,Call for Quote,1.5 time exhange cost,Each,Each,Refurbished,Y,1.000000,Same Day,,,,
07462380,Avante Health Solutions,Siemens,D400 Board,Call for Quote,2.5 time exhange cost,Call for Quote,1.5 time exhange cost,Each,Each,Refurbished,Y,1.000000,Same Day,,,,
10031417,Avante Health Solutions,SIEMENS,"PVI2, SEQUOIA",Call for Quote,2.5 time exhange cost,Call for Quote,1.5 time exhange cost,Each,Each,Refurbished,Y,5.000000,Same Day,,,,
10032069,Avante Health Solutions,SIEMENS,Antares/S2000 Flat Screen Monitor,Call for Quote,2.5 time exhange cost,Call for Quote,1.5 time exhange cost,Each,Each,Refurbished,Y,1.000000,Same Day,,,,
10033617,Avante Health Solutions,SIEMENS,RDP7 - Sequoia,Call for Quote,2.5 time exhange cost,Call for Quote,1.5 time exhange cost,Each,Each,Refurbished,Y,4.000000,Same Day,,,,
10036618,Avante Health Solutions,SIEMENS,New Style Sequoia Trackball (Indigo),Call for Quote,2.5 time exhange cost,Call for Quote,1.5 time exhange cost,Each,Each,Refurbished,Y,1.000000,Same Day,,,,
10040861,Avante Health Solutions,SIEMENS,AC Transformer (S2000),Call for Quote,2.5 time exhange cost,Call for Quote,1.5 time exhange cost,Each,Each,Refurbished,Y,3.000000,Same Day,,,,
10043556,Avante Health Solutions,GE,GE Swiftlink,Call for Quote,2.5 time exhange cost,Call for Quote,1.5 time exhange cost,Each,Each,Refurbished,Y,1.000000,Same Day,,,,
10044096,Avante Health Solutions,SIEMENS,"Siemens S2000, RM Module Assy",Call for Quote,2.5 time exhange cost,Call for Quote,1.5 time exhange cost,Each,Each,Refurbished,Y,1.000000,Same Day,,,,
10052020,Avante Health Solutions,Siemens,ACE MODULE W/O USB EXTENDER,Call for Quote,2.5 time exhange cost,Call for Quote,1.5 time exhange cost,Each,Each,Refurbished,Y,1.000000,Same Day,,,,
10052036,Avante Health Solutions,Siemens,ASM VDX Board,Call for Quote,2.5 time exhange cost,Call for Quote,1.5 time exhange cost,Each,Each,Refurbished,Y,2.000000,Same Day,,,,
10092574,Avante Health Solutions,Siemens,Collimator Tubus 300 AMC CPL.,Call for Quote,2.5 time exhange cost,Call for Quote,1.5 time exhange cost,Each,Each,Refurbished,Y,2.000000,Same Day,,,,
10092650,Avante Health Solutions,,Collimator Angio AL,Call for Quote,2.5 time exhange cost,Call for Quote,1.5 time exhange cost,Each,Each,Refurbished,Y,1.000000,Same Day,,,,
10096666,Avante Health Solutions,Siemens,ECG Interface Component (RoHS),Call for Quote,2.5 time exhange cost,Call for Quote,1.5 time exhange cost,Each,Each,Refurbished,Y,1.000000,Same Day,,,,
07393510,Avante Health Solutions,Siemens,Cover Top Right P30,Call for Quote,2.5 time exhange cost,Call for Quote,1.5 time exhange cost,Each,Each,Refurbished,Y,1.000000,Same Day,,,,
07396901,Avante Health Solutions,Siemens,Alignment Phantom,Call for Quote,2.5 time exhange cost,Call for Quote,1.5 time exhange cost,Each,Each,Refurbished,Y,1.000000,Same Day,,,,
07472421,Avante Health Solutions,SIEMENS,"Siemens, PWA, BE_P2.61",Call for Quote,2.5 time exhange cost,Call for Quote,1.5 time exhange cost,Each,Each,Refurbished,Y,42.000000,Same Day,,,,
07481919,Avante Health Solutions,SIEMENS,C5F1 Curved Array Siemens Ultrasound Transducer for Sonoline Antares,Call for Quote,2.5 time exhange cost,Call for Quote,1.5 time exhange cost,Each,Each,Refurbished,Y,1.000000,Same Day,,,,
07555118,Avante Health Solutions,Siemens,Kluver Detector Chiller,Call for Quote,2.5 time exhange cost,Call for Quote,1.5 time exhange cost,Each,Each,Refurbished,Y,6.000000,Same Day,,,,
07562189,Avante Health Solutions,Siemens,EBOX with D400,Call for Quote,2.5 time exhange cost,Call for Quote,1.5 time exhange cost,Each,Each,Refurbished,Y,2.000000,Same Day,,,,
08269589,Avante Health Solutions,SIEMENS,CD DRIVE (SEQUOIA REV 12),Call for Quote,2.5 time exhange cost,Call for Quote,1.5 time exhange cost,Each,Each,Refurbished,Y,1.000000,Same Day,,,,
08377611,Avante Health Solutions,Siemens,DPU -D540,Call for Quote,2.5 time exhange cost,Call for Quote,1.5 time exhange cost,Each,Each,Refurbished,Y,22.000000,Same Day,,,,
08428851,Avante Health Solutions,Siemens,UHR Control Board,Call for Quote,2.5 time exhange cost,Call for Quote,1.5 time exhange cost,Each,Each,Refurbished,Y,1.000000,Same Day,,,,
08429404,Avante Health Solutions,Siemens,DMS cpl P29Z,Call for Quote,2.5 time exhange cost,Call for Quote,1.5 time exhange cost,Each,Each,Refurbished,Y,1.000000,Same Day,,,,
08612405,Avante Health Solutions,Siemens,LMAS_2 ASSEMBLY,Call for Quote,2.5 time exhange cost,Call for Quote,1.5 time exhange cost,Each,Each,Refurbished,Y,7.000000,Same Day,,,,
08613320,Avante Health Solutions,SIEMENS,Drive unit vertical lift (M711),Call for Quote,2.5 time exhange cost,Call for Quote,1.5 time exhange cost,Each,Each,Refurbished,Y,1.000000,Same Day,,,,
07475028,Avante Health Solutions,SIEMENS,"Siemens, PWA, XMIT, TR PCB",Call for Quote,2.5 time exhange cost,Call for Quote,1.5 time exhange cost,Each,Each,Refurbished,Y,20.000000,Same Day,,,,
07717510,Avante Health Solutions,Siemens,D510 Inverter Bd.,Call for Quote,2.5 time exhange cost,Call for Quote,1.5 time exhange cost,Each,Each,Refurbished,Y,8.000000,Same Day,,,,
08377629,Avante Health Solutions,Siemens,FOC - P30F Component Board D514,Call for Quote,2.5 time exhange cost,Call for Quote,1.5 time exhange cost,Each,Each,Refurbished,Y,13.000000,Same Day,,,,
08378510,Avante Health Solutions,Siemens,RECIEVER UNIT,Call for Quote,2.5 time exhange cost,Call for Quote,1.5 time exhange cost,Each,Each,Refurbished,Y,2.000000,Same Day,,,,
08428018,Avante Health Solutions,Siemens,"DAS-Controller P30F/L, D580",Call for Quote,2.5 time exhange cost,Call for Quote,1.5 time exhange cost,Each,Each,Refurbished,Y,2.000000,Same Day,,,,
08428026,Avante Health Solutions,Siemens,BACKPLANE LEFT LD581,Call for Quote,2.5 time exhange cost,Call for Quote,1.5 time exhange cost,Each,Each,Refurbished,Y,9.000000,Same Day,,,,
08677051,Avante Health Solutions,Siemens,"Monitor 19"" B&W DSB 1906-DC",Call for Quote,2.5 time exhange cost,Call for Quote,1.5 time exhange cost,Each,Each,Refurbished,Y,1.000000,Same Day,,,,
08872900,Avante Health Solutions,Siemens,Tube Collimator P30L,Call for Quote,2.5 time exhange cost,Call for Quote,1.5 time exhange cost,Each,Each,Refurbished,Y,2.000000,Same Day,,,,
08900529,Avante Health Solutions,Siemens,Siemens W007 M electrical conductor,Call for Quote,2.5 time exhange cost,Call for Quote,1.5 time exhange cost,Each,Each,Refurbished,Y,1.000000,Same Day,,,,
10000460,Avante Health Solutions,SIEMENS,Siemens CH4-1,Call for Quote,2.5 time exhange cost,Call for Quote,1.5 time exhange cost,Each,Each,Refurbished,Y,1.000000,Same Day,,,,
10010905,Avante Health Solutions,SIEMENS,TR Board for G40/X150,Call for Quote,2.5 time exhange cost,Call for Quote,1.5 time exhange cost,Each,Each,Refurbished,Y,2.000000,Same Day,,,,
10023185,Avante Health Solutions,Siemens,DMS P09GX ASSY,Call for Quote,2.5 time exhange cost,Call for Quote,1.5 time exhange cost,Each,Each,Refurbished,Y,1.000000,Same Day,,,,
07476810,Avante Health Solutions,SIEMENS,"PWA, Assy, RC Board, RCB/L",Call for Quote,2.5 time exhange cost,Call for Quote,1.5 time exhange cost,Each,Each,Refurbished,Y,32.000000,Same Day,,,,
07478212,Avante Health Solutions,SIEMENS,Antares AC Tray  (new pn: 10439494),Call for Quote,2.5 time exhange cost,Call for Quote,1.5 time exhange cost,Each,Each,Refurbished,Y,18.000000,Same Day,,,,
07478709,Avante Health Solutions,SIEMENS,Upper Control Panel (G60),Call for Quote,2.5 time exhange cost,Call for Quote,1.5 time exhange cost,Each,Each,Refurbished,Y,3.000000,Same Day,,,,
07556421,Avante Health Solutions,Siemens,APC UPS,Call for Quote,2.5 time exhange cost,Call for Quote,1.5 time exhange cost,Each,Each,Refurbished,Y,1.000000,Same Day,,,,
07562593,Avante Health Solutions,Siemens,INTERMEDIATE CIRCUIT CONTROL P30 P1,Call for Quote,2.5 time exhange cost,Call for Quote,1.5 time exhange cost,Each,Each,Refurbished,Y,6.000000,Same Day,,,,
07717601,Avante Health Solutions,Siemens,D601 BOARD FIL/RAC Controller,Call for Quote,2.5 time exhange cost,Call for Quote,1.5 time exhange cost,Each,Each,Refurbished,Y,5.000000,Same Day,,,,
07735082,Avante Health Solutions,Siemens,MAS 2,Call for Quote,2.5 time exhange cost,Call for Quote,1.5 time exhange cost,Each,Each,Refurbished,Y,1.000000,Same Day,,,,
07755531,Avante Health Solutions,Siemens,1K 10% Pot,Call for Quote,2.5 time exhange cost,Call for Quote,1.5 time exhange cost,Each,Each,Refurbished,Y,1.000000,Same Day,,,,
07755531-N,Avante Health Solutions,Siemens,1K 10% Pot,Call for Quote,2.5 time exhange cost,Call for Quote,1.5 time exhange cost,Each,Each,New OEM Original,Y,1.000000,Same Day,,,,
08098621,Avante Health Solutions,Siemens,IRSmx2b Tower,Call for Quote,2.5 time exhange cost,Call for Quote,1.5 time exhange cost,Each,Each,Refurbished,Y,1.000000,Same Day,,,,
08363744,Avante Health Solutions,Siemens,E-Box p30L,Call for Quote,2.5 time exhange cost,Call for Quote,1.5 time exhange cost,Each,Each,Refurbished,Y,3.000000,Same Day,,,,
08363991,Avante Health Solutions,Siemens,Elektronik Box P30F,Call for Quote,2.5 time exhange cost,Call for Quote,1.5 time exhange cost,Each,Each,Refurbished,Y,10.000000,Same Day,,,,
10023320,Avante Health Solutions,,DMS_B_Backplane,Call for Quote,2.5 time exhange cost,Call for Quote,1.5 time exhange cost,Each,Each,Refurbished,Y,5.000000,Same Day,,,,
10023351,Avante Health Solutions,Siemens,DMS-Power supply,Call for Quote,2.5 time exhange cost,Call for Quote,1.5 time exhange cost,Each,Each,Refurbished,Y,4.000000,Same Day,,,,
10023401,Avante Health Solutions,Siemens,DAS Controller P44,Call for Quote,2.5 time exhange cost,Call for Quote,1.5 time exhange cost,Each,Each,Refurbished,Y,8.000000,Same Day,,,,
10023489,Avante Health Solutions,SIEMENS,DMS Signal Backplane left,Call for Quote,2.5 time exhange cost,Call for Quote,1.5 time exhange cost,Each,Each,Refurbished,Y,6.000000,Same Day,,,,
10034086,Avante Health Solutions,SIEMENS,PROSPECTIVE PC (SEQUOIA REV12),Call for Quote,2.5 time exhange cost,Call for Quote,1.5 time exhange cost,Each,Each,Refurbished,Y,1.000000,Same Day,,,,
10037586,Avante Health Solutions,SIEMENS,Antares CD/DVD Drive,Call for Quote,2.5 time exhange cost,Call for Quote,1.5 time exhange cost,Each,Each,Refurbished,Y,5.000000,Same Day,,,,
10038265,Avante Health Solutions,SIEMENS,"19"" Flat Panel LCD-Arm Mount-Sequoia",Call for Quote,2.5 time exhange cost,Call for Quote,1.5 time exhange cost,Each,Each,Refurbished,Y,3.000000,Same Day,,,,
10040949,Avante Health Solutions,SIEMENS,"Siemens S2000, IO Module, Assy, RM200",Call for Quote,2.5 time exhange cost,Call for Quote,1.5 time exhange cost,Each,Each,Refurbished,Y,31.000000,Same Day,,,,
10041671,Avante Health Solutions,SIEMENS,"SC2000, FRONT CASTER - see PN 11151521",Call for Quote,2.5 time exhange cost,Call for Quote,1.5 time exhange cost,Each,Each,Refurbished,Y,1.000000,Same Day,,,,
10043163,Avante Health Solutions,SIEMENS,SC2000 Swiftlink Cable Assembly,Call for Quote,2.5 time exhange cost,Call for Quote,1.5 time exhange cost,Each,Each,Refurbished,Y,1.000000,Same Day,,,,
10046258,Avante Health Solutions,SIEMENS,matrix control,Call for Quote,2.5 time exhange cost,Call for Quote,1.5 time exhange cost,Each,Each,Refurbished,Y,5.000000,Same Day,,,,
10093762-N,Avante Health Solutions,Siemens,"4 Pin Claymount HV Cable, 20m for MP",Call for Quote,2.5 time exhange cost,Call for Quote,1.5 time exhange cost,Each,Each,New OEM Original,Y,1.000000,Same Day,,,,
10132416,Avante Health Solutions,SIEMENS,"Siemens X300, CPU Assy",Call for Quote,2.5 time exhange cost,Call for Quote,1.5 time exhange cost,Each,Each,Refurbished,Y,1.000000,Same Day,,,,
10136143,Avante Health Solutions,SIEMENS,"P4-2 Phased Array Transducer, P500",Call for Quote,2.5 time exhange cost,Call for Quote,1.5 time exhange cost,Each,Each,Refurbished,Y,2.000000,Same Day,,,,
10136459,Avante Health Solutions,SIEMENS,"Siemens X700, TI Module",Call for Quote,2.5 time exhange cost,Call for Quote,1.5 time exhange cost,Each,Each,Refurbished,Y,2.000000,Same Day,,,,
10136465,Avante Health Solutions,SIEMENS,X700 BE PWA ASSY.,Call for Quote,2.5 time exhange cost,Call for Quote,1.5 time exhange cost,Each,Each,Refurbished,Y,3.000000,Same Day,,,,
10141140,Avante Health Solutions,Siemens,D90 ON/OFF ASSEMBLY,Call for Quote,2.5 time exhange cost,Call for Quote,1.5 time exhange cost,Each,Each,Refurbished,Y,6.000000,Same Day,,,,
10141145,Avante Health Solutions,Siemens,D1 (PCB FOR NETWORKDISTRIBUTOR),Call for Quote,2.5 time exhange cost,Call for Quote,1.5 time exhange cost,Each,Each,Refurbished,Y,1.000000,Same Day,,,,
10143732-N,Avante Health Solutions,,"Power Supply - 56"" Display",Call for Quote,2.5 time exhange cost,Call for Quote,1.5 time exhange cost,Each,Each,New OEM Original,Y,1.000000,Same Day,,,,
10144934,Avante Health Solutions,Siemens,D660 E3 Bd.,Call for Quote,2.5 time exhange cost,Call for Quote,1.5 time exhange cost,Each,Each,Refurbished,Y,3.000000,Same Day,,,,
10161682,Avante Health Solutions,SIEMENS,MOTOR OVERL SW 28-40A 690V,Call for Quote,2.5 time exhange cost,Call for Quote,1.5 time exhange cost,Each,Each,Refurbished,Y,2.000000,Same Day,,,,
10161702,Avante Health Solutions,SIEMENS,CONTACT 24VDC 4S 40A 400V,Call for Quote,2.5 time exhange cost,Call for Quote,1.5 time exhange cost,Each,Each,Refurbished,Y,4.000000,Same Day,,,,
10161826,Avante Health Solutions,,"Brake resistance ext. BR080.03, H23",Call for Quote,2.5 time exhange cost,Call for Quote,1.5 time exhange cost,Each,Each,Refurbished,Y,2.000000,Same Day,,,,
10162054,Avante Health Solutions,SIEMENS,control electronics CU10A,Call for Quote,2.5 time exhange cost,Call for Quote,1.5 time exhange cost,Each,Each,Refurbished,Y,2.000000,Same Day,,,,
08614377,Avante Health Solutions,,WIRE SENSOR B732,Call for Quote,2.5 time exhange cost,Call for Quote,1.5 time exhange cost,Each,Each,Refurbished,Y,6.000000,Same Day,,,,
08904950,Avante Health Solutions,Siemens,ADU,Call for Quote,2.5 time exhange cost,Call for Quote,1.5 time exhange cost,Each,Each,Refurbished,Y,1.000000,Same Day,,,,
090608022RA,Avante Health Solutions,GE,MOTOR AND REDUCTION GEARBOX AND CLUTCHTYPE L730-039EL8,Call for Quote,2.5 time exhange cost,Call for Quote,1.5 time exhange cost,Each,Each,Refurbished,Y,1.000000,Same Day,,,,
091015,Avante Health Solutions,SIEMENS,Cypress LCD Kit,Call for Quote,2.5 time exhange cost,Call for Quote,1.5 time exhange cost,Each,Each,Refurbished,Y,2.000000,Same Day,,,,
0FTD1750,Avante Health Solutions,GE / Eizo,"19"" EIZO FlexScan S1921 Color LCD",Call for Quote,2.5 time exhange cost,Call for Quote,1.5 time exhange cost,Each,Each,Refurbished,Y,2.000000,Same Day,,,,
10023182,Avante Health Solutions,Siemens,Module P09GX cpl,Call for Quote,2.5 time exhange cost,Call for Quote,1.5 time exhange cost,Each,Each,Refurbished,Y,1.000000,Same Day,,,,
10023186,Avante Health Solutions,Siemens,Module P09GX cpl,Call for Quote,2.5 time exhange cost,Call for Quote,1.5 time exhange cost,Each,Each,Refurbished,Y,46.000000,Same Day,,,,
10023308,Avante Health Solutions,Siemens,Detector Module M8,Call for Quote,2.5 time exhange cost,Call for Quote,1.5 time exhange cost,Each,Each,Refurbished,Y,214.000000,Same Day,,,,
10023352,Avante Health Solutions,Siemens,DMS-Power supply application 2,Call for Quote,2.5 time exhange cost,Call for Quote,1.5 time exhange cost,Each,Each,Refurbished,Y,5.000000,Same Day,,,,
10023379,Avante Health Solutions,,ID-Dongle_CT32,Call for Quote,2.5 time exhange cost,Call for Quote,1.5 time exhange cost,Each,Each,Refurbished,Y,2.000000,Same Day,,,,
10023488,Avante Health Solutions,,DMS POWER BACKPLANE LEFT,Call for Quote,2.5 time exhange cost,Call for Quote,1.5 time exhange cost,Each,Each,Refurbished,Y,6.000000,Same Day,,,,
10040951,Avante Health Solutions,SIEMENS,"Siemens S2000, TI Module Assembly",Call for Quote,2.5 time exhange cost,Call for Quote,1.5 time exhange cost,Each,Each,Refurbished,Y,11.000000,Same Day,,,,
10010907,Avante Health Solutions,SIEMENS,Siemens X150 RC Board,Call for Quote,2.5 time exhange cost,Call for Quote,1.5 time exhange cost,Each,Each,Refurbished,Y,9.000000,Same Day,,,,
10023321,Avante Health Solutions,Siemens,Phi-Z Control D586,Call for Quote,2.5 time exhange cost,Call for Quote,1.5 time exhange cost,Each,Each,Refurbished,Y,1.000000,Same Day,,,,
10023355,Avante Health Solutions,,UHR M8 cpl.,Call for Quote,2.5 time exhange cost,Call for Quote,1.5 time exhange cost,Each,Each,Refurbished,Y,5.000000,Same Day,,,,
10023450,Avante Health Solutions,SIEMENS,DMS P46B (M6) 128 slice,Call for Quote,2.5 time exhange cost,Call for Quote,1.5 time exhange cost,Each,Each,Refurbished,Y,2.000000,Same Day,,,,
10023482,Avante Health Solutions,SIEMENS,DAS-CON-DATA-Cable,Call for Quote,2.5 time exhange cost,Call for Quote,1.5 time exhange cost,Each,Each,Refurbished,Y,6.000000,Same Day,,,,
10023483,Avante Health Solutions,SIEMENS,DMS Power Supply application 1,Call for Quote,2.5 time exhange cost,Call for Quote,1.5 time exhange cost,Each,Each,Refurbished,Y,4.000000,Same Day,,,,
10028954,Avante Health Solutions,SIEMENS,Antares RM PCB,Call for Quote,2.5 time exhange cost,Call for Quote,1.5 time exhange cost,Each,Each,Refurbished,Y,1.000000,Same Day,,,,
10039639,Avante Health Solutions,SIEMENS,"SIEMENS S2000, PWA VI ASSY",Call for Quote,2.5 time exhange cost,Call for Quote,1.5 time exhange cost,Each,Each,Refurbished,Y,6.000000,Same Day,,,,
10046869,Avante Health Solutions,Siemens,MCM4 Stand,Call for Quote,2.5 time exhange cost,Call for Quote,1.5 time exhange cost,Each,Each,Refurbished,Y,6.000000,Same Day,,,,
10051978,Avante Health Solutions,Siemens,DRIVE DVD/CD R/W (IDE),Call for Quote,2.5 time exhange cost,Call for Quote,1.5 time exhange cost,Each,Each,Refurbished,Y,9.000000,Same Day,,,,
10094366,Avante Health Solutions,SIEMENS,Lightmarker transaxial,Call for Quote,2.5 time exhange cost,Call for Quote,1.5 time exhange cost,Each,Each,Refurbished,Y,7.000000,Same Day,,,,
10106475,Avante Health Solutions,Siemens,MSUP,Call for Quote,2.5 time exhange cost,Call for Quote,1.5 time exhange cost,Each,Each,Refurbished,Y,1.000000,Same Day,,,,
08377678,Avante Health Solutions,Siemens,CPI-2 BD FOR SOFTWARE VB28 OR NEWER,Call for Quote,2.5 time exhange cost,Call for Quote,1.5 time exhange cost,Each,Each,Refurbished,Y,8.000000,Same Day,,,,
08428034,Avante Health Solutions,Siemens,BACKPLANERIGHT P30F LD582,Call for Quote,2.5 time exhange cost,Call for Quote,1.5 time exhange cost,Each,Each,Refurbished,Y,6.000000,Same Day,,,,
08904943,Avante Health Solutions,Siemens,GPC COMPONENT,Call for Quote,2.5 time exhange cost,Call for Quote,1.5 time exhange cost,Each,Each,Refurbished,Y,9.000000,Same Day,,,,
0FTD1351,Avante Health Solutions,SIEMENS,"21"" COLOR MONITOR",Call for Quote,2.5 time exhange cost,Call for Quote,1.5 time exhange cost,Each,Each,Refurbished,Y,1.000000,Same Day,,,,
0FTD1569,Avante Health Solutions,Philips,"19""  Radiforce MX191 Monitor",Call for Quote,2.5 time exhange cost,Call for Quote,1.5 time exhange cost,Each,Each,Refurbished,Y,1.000000,Same Day,,,,
100090,Avante Health Solutions,Siemens,QSC Phantom Holder Assy,Call for Quote,2.5 time exhange cost,Call for Quote,1.5 time exhange cost,Each,Each,Refurbished,Y,1.000000,Same Day,,,,
10021887,Avante Health Solutions,SIEMENS,"Cypress, Front End Board (Rev 12 Cypress)",Call for Quote,2.5 time exhange cost,Call for Quote,1.5 time exhange cost,Each,Each,Refurbished,Y,1.000000,Same Day,,,,
10023353,Avante Health Solutions,Siemens,DAS Controller P43,Call for Quote,2.5 time exhange cost,Call for Quote,1.5 time exhange cost,Each,Each,Refurbished,Y,8.000000,Same Day,,,,
10023388,Avante Health Solutions,,DMS A_T,Call for Quote,2.5 time exhange cost,Call for Quote,1.5 time exhange cost,Each,Each,Refurbished,Y,1.000000,Same Day,,,,
10023391,Avante Health Solutions,,Module M8 TACH,Call for Quote,2.5 time exhange cost,Call for Quote,1.5 time exhange cost,Each,Each,Refurbished,Y,4.000000,Same Day,,,,
10023484,Avante Health Solutions,SIEMENS,DMS Power Supply application 2,Call for Quote,2.5 time exhange cost,Call for Quote,1.5 time exhange cost,Each,Each,Refurbished,Y,9.000000,Same Day,,,,
10023490,Avante Health Solutions,SIEMENS,DMS Signal Backplane right,Call for Quote,2.5 time exhange cost,Call for Quote,1.5 time exhange cost,Each,Each,Refurbished,Y,6.000000,Same Day,,,,
10041823,Avante Health Solutions,SIEMENS,"Needle Guide Kit, Siemens EC9-4",Call for Quote,2.5 time exhange cost,Call for Quote,1.5 time exhange cost,Each,Each,Refurbished,Y,1.000000,Same Day,,,,
10045133,Avante Health Solutions,SIEMENS,"Siemens SC2000, FPD Monitor 2",Call for Quote,2.5 time exhange cost,Call for Quote,1.5 time exhange cost,Each,Each,Refurbished,Y,1.000000,Same Day,,,,
10049945,Avante Health Solutions,Siemens,DVI Splitter,Call for Quote,2.5 time exhange cost,Call for Quote,1.5 time exhange cost,Each,Each,Refurbished,Y,6.000000,Same Day,,,,
10092645,Avante Health Solutions,Siemens,Collimator AMC AL ROT,Call for Quote,2.5 time exhange cost,Call for Quote,1.5 time exhange cost,Each,Each,Refurbished,Y,6.000000,Same Day,,,,
10136467,Avante Health Solutions,SIEMENS,X700 RC PWA ASSY.,Call for Quote,2.5 time exhange cost,Call for Quote,1.5 time exhange cost,Each,Each,Refurbished,Y,3.000000,Same Day,,,,
10141152,Avante Health Solutions,Siemens,AC DC 380-480VAC/24V/20A,Call for Quote,2.5 time exhange cost,Call for Quote,1.5 time exhange cost,Each,Each,Refurbished,Y,2.000000,Same Day,,,,
10144975,Avante Health Solutions,Siemens,D510L,Call for Quote,2.5 time exhange cost,Call for Quote,1.5 time exhange cost,Each,Each,Refurbished,Y,1.000000,Same Day,,,,
10145086-N,Avante Health Solutions,Siemens,Megalix Cat Plus 125/20/40/80-121GW Tube,Call for Quote,2.5 time exhange cost,Call for Quote,1.5 time exhange cost,Each,Each,New OEM Original,Y,1.000000,Same Day,,,,
10161078,Avante Health Solutions,SIEMENS,Wiring Interface PCB,Call for Quote,2.5 time exhange cost,Call for Quote,1.5 time exhange cost,Each,Each,Refurbished,Y,1.000000,Same Day,,,,
10161593,Avante Health Solutions,SIEMENS,ECG Cable US,Call for Quote,2.5 time exhange cost,Call for Quote,1.5 time exhange cost,Each,Each,Refurbished,Y,1.000000,Same Day,,,,
10161663,Avante Health Solutions,Siemens,HV-cablekit B,Call for Quote,2.5 time exhange cost,Call for Quote,1.5 time exhange cost,Each,Each,Refurbished,Y,1.000000,Same Day,,,,
10161687,Avante Health Solutions,SIEMENS,N CUTOUT 32A 440VAC 1pol.Car.C,Call for Quote,2.5 time exhange cost,Call for Quote,1.5 time exhange cost,Each,Each,Refurbished,Y,1.000000,Same Day,,,,
10094353,Avante Health Solutions,,Lightmarker_rot,Call for Quote,2.5 time exhange cost,Call for Quote,1.5 time exhange cost,Each,Each,Refurbished,Y,8.000000,Same Day,,,,
100FTCAT5WH,Avante Health Solutions,Philips,100' White Cat5 Cable,Call for Quote,2.5 time exhange cost,Call for Quote,1.5 time exhange cost,Each,Each,Refurbished,Y,1.000000,Same Day,,,,
10100050-N,Avante Health Solutions,Siemens,High Load Clamp Chain NW40,Call for Quote,2.5 time exhange cost,Call for Quote,1.5 time exhange cost,Each,Each,New OEM Original,Y,2.000000,Same Day,,,,
10131803,Avante Health Solutions,SIEMENS,"Siemens X300, RC Board",Call for Quote,2.5 time exhange cost,Call for Quote,1.5 time exhange cost,Each,Each,Refurbished,Y,2.000000,Same Day,,,,
10136457,Avante Health Solutions,SIEMENS,X700 TI MAIN PWA,Call for Quote,2.5 time exhange cost,Call for Quote,1.5 time exhange cost,Each,Each,Refurbished,Y,1.000000,Same Day,,,,
10141785-N,Avante Health Solutions,Siemens,Straton MX P46 X-ray Tube,Call for Quote,2.5 time exhange cost,Call for Quote,1.5 time exhange cost,Each,Each,New OEM Original,Y,2.000000,Same Day,,,,
10141790,Avante Health Solutions,SIEMENS,Cooling unit P46,Call for Quote,2.5 time exhange cost,Call for Quote,1.5 time exhange cost,Each,Each,Refurbished,Y,2.000000,Same Day,,,,
10144961-N,Avante Health Solutions,Siemens,HVT A100G,Call for Quote,2.5 time exhange cost,Call for Quote,1.5 time exhange cost,Each,Each,New OEM Original,Y,1.000000,Same Day,,,,
10161622,Avante Health Solutions,SIEMENS,Wiring Interface PCB,Call for Quote,2.5 time exhange cost,Call for Quote,1.5 time exhange cost,Each,Each,Refurbished,Y,1.000000,Same Day,,,,
10161671,Avante Health Solutions,SIEMENS,Wireless Interface Gantry,Call for Quote,2.5 time exhange cost,Call for Quote,1.5 time exhange cost,Each,Each,Refurbished,Y,3.000000,Same Day,,,,
10161683,Avante Health Solutions,SIEMENS,MOTOR OVERL SW 22-32A 690V,Call for Quote,2.5 time exhange cost,Call for Quote,1.5 time exhange cost,Each,Each,Refurbished,Y,3.000000,Same Day,,,,
10161688,Avante Health Solutions,SIEMENS,CIRCUIT BREAKER 32A 440VAC 2pol.Car.A,Call for Quote,2.5 time exhange cost,Call for Quote,1.5 time exhange cost,Each,Each,Refurbished,Y,3.000000,Same Day,,,,
10161691,Avante Health Solutions,SIEMENS,CIRCUIT BREAKER 6A 440VAC 1pol.Car.C,Call for Quote,2.5 time exhange cost,Call for Quote,1.5 time exhange cost,Each,Each,Refurbished,Y,2.000000,Same Day,,,,
10161700,Avante Health Solutions,SIEMENS,24V/240V AC/DC 2C/O,Call for Quote,2.5 time exhange cost,Call for Quote,1.5 time exhange cost,Each,Each,Refurbished,Y,5.000000,Same Day,,,,
10161844,Avante Health Solutions,Siemens,Servo Controller,Call for Quote,2.5 time exhange cost,Call for Quote,1.5 time exhange cost,Each,Each,Refurbished,Y,5.000000,Same Day,,,,
10161861,Avante Health Solutions,SIEMENS,W_Reset_Y,Call for Quote,2.5 time exhange cost,Call for Quote,1.5 time exhange cost,Each,Each,Refurbished,Y,2.000000,Same Day,,,,
10162068,Avante Health Solutions,SIEMENS,Transmitter Electronics,Call for Quote,2.5 time exhange cost,Call for Quote,1.5 time exhange cost,Each,Each,Refurbished,Y,3.000000,Same Day,,,,
10183868,Avante Health Solutions,SIEMENS,CU STAT P47,Call for Quote,2.5 time exhange cost,Call for Quote,1.5 time exhange cost,Each,Each,Refurbished,Y,2.000000,Same Day,,,,
10183882,Avante Health Solutions,SIEMENS,CU ROT,Call for Quote,2.5 time exhange cost,Call for Quote,1.5 time exhange cost,Each,Each,Refurbished,Y,6.000000,Same Day,,,,
10187312,Avante Health Solutions,Siemens,PDS P46,Call for Quote,2.5 time exhange cost,Call for Quote,1.5 time exhange cost,Each,Each,Refurbished,Y,3.000000,Same Day,,,,
101966,Avante Health Solutions,Siemens,Small Extremity Coil,Call for Quote,2.5 time exhange cost,Call for Quote,1.5 time exhange cost,Each,Each,Refurbished,Y,1.000000,Same Day,,,,
10272462,Avante Health Solutions,Siemens,Siemens Tube Chiller (Lytron)(QD),Call for Quote,2.5 time exhange cost,Call for Quote,1.5 time exhange cost,Each,Each,Refurbished,Y,1.000000,Same Day,,,,
10280879-AVANTE,Avante Health Solutions,Siemens,Examination Control Console Version 3 Data Cable (ECC v3 Date Cable) AVANTE MADE GREY,Call for Quote,2.5 time exhange cost,Call for Quote,1.5 time exhange cost,Each,Each,Refurbished,Y,4.000000,Same Day,,,,
10304081,Avante Health Solutions,Siemens,Tube Cover-Kit (2 Piece set),Call for Quote,2.5 time exhange cost,Call for Quote,1.5 time exhange cost,Each,Each,Refurbished,Y,1.000000,Same Day,,,,
10031041,Avante Health Solutions,SIEMENS,RDP6 - Sequoia,Call for Quote,2.5 time exhange cost,Call for Quote,1.5 time exhange cost,Each,Each,Refurbished,Y,2.000000,Same Day,,,,
10037506,Avante Health Solutions,SIEMENS,"Antares, Articulating Control Arm",Call for Quote,2.5 time exhange cost,Call for Quote,1.5 time exhange cost,Each,Each,Refurbished,Y,1.000000,Same Day,,,,
10051972,Avante Health Solutions,Siemens,RPAU,Call for Quote,2.5 time exhange cost,Call for Quote,1.5 time exhange cost,Each,Each,Refurbished,Y,1.000000,Same Day,,,,
10052019,Avante Health Solutions,Siemens,ACE Module w/ USB Extender,Call for Quote,2.5 time exhange cost,Call for Quote,1.5 time exhange cost,Each,Each,Refurbished,Y,2.000000,Same Day,,,,
10094352,Avante Health Solutions,SIEMENS,Lightmarker_stat,Call for Quote,2.5 time exhange cost,Call for Quote,1.5 time exhange cost,Each,Each,Refurbished,Y,15.000000,Same Day,,,,
10100151-N,Avante Health Solutions,Siemens,"O-Ring, 44.5mm",Call for Quote,2.5 time exhange cost,Call for Quote,1.5 time exhange cost,Each,Each,New OEM Original,Y,7.000000,Same Day,,,,
10129362-N,Avante Health Solutions,,Burst Disc Graphite 26psi 65mm NB,Call for Quote,2.5 time exhange cost,Call for Quote,1.5 time exhange cost,Each,Each,New OEM Original,Y,1.000000,Same Day,,,,
10133185,Avante Health Solutions,SIEMENS,"Siemens X150, RM Board",Call for Quote,2.5 time exhange cost,Call for Quote,1.5 time exhange cost,Each,Each,Refurbished,Y,1.000000,Same Day,,,,
10140720,Avante Health Solutions,Siemens,Worstation Tower,Call for Quote,2.5 time exhange cost,Call for Quote,1.5 time exhange cost,Each,Each,Refurbished,Y,1.000000,Same Day,,,,
10143560,Avante Health Solutions,Siemens,IES Tower 8 Celsius R640,Call for Quote,2.5 time exhange cost,Call for Quote,1.5 time exhange cost,Each,Each,Refurbished,Y,2.000000,Same Day,,,,
10143654,Avante Health Solutions,Siemens,Robot Fan Backside,Call for Quote,2.5 time exhange cost,Call for Quote,1.5 time exhange cost,Each,Each,Refurbished,Y,1.000000,Same Day,,,,
10144181-N,Avante Health Solutions,Siemens,Megalix Cat Plus 125/40/90-121GW,Call for Quote,2.5 time exhange cost,Call for Quote,1.5 time exhange cost,Each,Each,New OEM Original,Y,1.000000,Same Day,,,,
10162066,Avante Health Solutions,SIEMENS,Receiver Electronics,Call for Quote,2.5 time exhange cost,Call for Quote,1.5 time exhange cost,Each,Each,Refurbished,Y,1.000000,Same Day,,,,
10165914,Avante Health Solutions,Siemens,GPC right,Call for Quote,2.5 time exhange cost,Call for Quote,1.5 time exhange cost,Each,Each,Refurbished,Y,1.000000,Same Day,,,,
10186140,Avante Health Solutions,SIEMENS,Spare part module bridge M4-LC,Call for Quote,2.5 time exhange cost,Call for Quote,1.5 time exhange cost,Each,Each,Refurbished,Y,92.000000,Same Day,,,,
10186141,Avante Health Solutions,SIEMENS,Spare part module bridge M4-LC,Call for Quote,2.5 time exhange cost,Call for Quote,1.5 time exhange cost,Each,Each,Refurbished,Y,92.000000,Same Day,,,,
10186186,Avante Health Solutions,SIEMENS,Comb CPL PHI,Call for Quote,2.5 time exhange cost,Call for Quote,1.5 time exhange cost,Each,Each,Refurbished,Y,1.000000,Same Day,,,,
10187158,Avante Health Solutions,SIEMENS,Brake resistor,Call for Quote,2.5 time exhange cost,Call for Quote,1.5 time exhange cost,Each,Each,Refurbished,Y,7.000000,Same Day,,,,
10187203,Avante Health Solutions,SIEMENS,UMASplus,Call for Quote,2.5 time exhange cost,Call for Quote,1.5 time exhange cost,Each,Each,Refurbished,Y,11.000000,Same Day,,,,
10187302,Avante Health Solutions,SIEMENS,PDR P46,Call for Quote,2.5 time exhange cost,Call for Quote,1.5 time exhange cost,Each,Each,Refurbished,Y,2.000000,Same Day,,,,
102580858,Avante Health Solutions,Siemens,ECC v3,Call for Quote,2.5 time exhange cost,Call for Quote,1.5 time exhange cost,Each,Each,Refurbished,Y,1.000000,Same Day,,,,
10293050,Avante Health Solutions,Siemens,"19"" Monitor DSC 1908-D",Call for Quote,2.5 time exhange cost,Call for Quote,1.5 time exhange cost,Each,Each,Refurbished,Y,8.000000,Same Day,,,,
10348317,Avante Health Solutions,SIEMENS,"Siemens X300, 3.0~6.0 BE PWA",Call for Quote,2.5 time exhange cost,Call for Quote,1.5 time exhange cost,Each,Each,Refurbished,Y,2.000000,Same Day,,,,
10348644,Avante Health Solutions,SIEMENS,"Siemens S2000, Long Probe Holder",Call for Quote,2.5 time exhange cost,Call for Quote,1.5 time exhange cost,Each,Each,Refurbished,Y,3.000000,Same Day,,,,
10121913-N,Avante Health Solutions,Siemens,Burst Disc Metal 1.8 Bar DN40,Call for Quote,2.5 time exhange cost,Call for Quote,1.5 time exhange cost,Each,Each,New OEM Original,Y,1.000000,Same Day,,,,
10132286,Avante Health Solutions,SIEMENS,"Siemens X300, TI PCB",Call for Quote,2.5 time exhange cost,Call for Quote,1.5 time exhange cost,Each,Each,Refurbished,Y,1.000000,Same Day,,,,
10132560,Avante Health Solutions,SIEMENS,"Siemens X300, TR PCB",Call for Quote,2.5 time exhange cost,Call for Quote,1.5 time exhange cost,Each,Each,Refurbished,Y,8.000000,Same Day,,,,
10132867,Avante Health Solutions,SIEMENS,"Siemens X150, Transducer Interface w/ 2 Ports",Call for Quote,2.5 time exhange cost,Call for Quote,1.5 time exhange cost,Each,Each,Refurbished,Y,1.000000,Same Day,,,,
10137492,Avante Health Solutions,SIEMENS,X700 - Speaker Assy.,Call for Quote,2.5 time exhange cost,Call for Quote,1.5 time exhange cost,Each,Each,Refurbished,Y,1.000000,Same Day,,,,
10141781,Avante Health Solutions,Siemens,Siemens OEM Spanner Wrench,Call for Quote,2.5 time exhange cost,Call for Quote,1.5 time exhange cost,Each,Each,Refurbished,Y,1.000000,Same Day,,,,
10141785,Avante Health Solutions,Siemens,Straton MX P46 X-ray Tube,Call for Quote,2.5 time exhange cost,Call for Quote,1.5 time exhange cost,Each,Each,Refurbished,Y,4.000000,Same Day,,,,
10144954,Avante Health Solutions,Siemens,D600G Controller Bd.,Call for Quote,2.5 time exhange cost,Call for Quote,1.5 time exhange cost,Each,Each,Refurbished,Y,6.000000,Same Day,,,,
10161679,Avante Health Solutions,SIEMENS,MOTOR OVERL SW 80-100A 690V,Call for Quote,2.5 time exhange cost,Call for Quote,1.5 time exhange cost,Each,Each,Refurbished,Y,3.000000,Same Day,,,,
10161705,Avante Health Solutions,SIEMENS,CONTACT 24VDC 2NO 2NC 22A 400V,Call for Quote,2.5 time exhange cost,Call for Quote,1.5 time exhange cost,Each,Each,Refurbished,Y,2.000000,Same Day,,,,
10161711,Avante Health Solutions,SIEMENS,CONTACT 24VDC 3S+1S 22A 400V =D=,Call for Quote,2.5 time exhange cost,Call for Quote,1.5 time exhange cost,Each,Each,Refurbished,Y,1.000000,Same Day,,,,
10161715,Avante Health Solutions,SIEMENS,"resistor, R1,R2",Call for Quote,2.5 time exhange cost,Call for Quote,1.5 time exhange cost,Each,Each,Refurbished,Y,4.000000,Same Day,,,,
10161695,Avante Health Solutions,SIEMENS,messurement tra for RCMA474,Call for Quote,2.5 time exhange cost,Call for Quote,1.5 time exhange cost,Each,Each,Refurbished,Y,1.000000,Same Day,,,,
10161698,Avante Health Solutions,SIEMENS,SURGE SUPPRESSOR Typ2 275Vac 350VDC,Call for Quote,2.5 time exhange cost,Call for Quote,1.5 time exhange cost,Each,Each,Refurbished,Y,4.000000,Same Day,,,,
10161704,Avante Health Solutions,SIEMENS,CONTACT 24VDC 3NO+1NC 22A 400V =D=,Call for Quote,2.5 time exhange cost,Call for Quote,1.5 time exhange cost,Each,Each,Refurbished,Y,5.000000,Same Day,,,,
10161707,Avante Health Solutions,SIEMENS,VOLTAGE LIMITAT VARISTOR,Call for Quote,2.5 time exhange cost,Call for Quote,1.5 time exhange cost,Each,Each,Refurbished,Y,1.000000,Same Day,,,,
10161714,Avante Health Solutions,SIEMENS,PUSHBUTTON 1S 1OE 20A 230V,Call for Quote,2.5 time exhange cost,Call for Quote,1.5 time exhange cost,Each,Each,Refurbished,Y,3.000000,Same Day,,,,
10161716,Avante Health Solutions,SIEMENS,AC-DC 230VAC 24V/4.1A 100W,Call for Quote,2.5 time exhange cost,Call for Quote,1.5 time exhange cost,Each,Each,Refurbished,Y,2.000000,Same Day,,,,
10162051,Avante Health Solutions,SIEMENS,Control electronics CU10W,Call for Quote,2.5 time exhange cost,Call for Quote,1.5 time exhange cost,Each,Each,Refurbished,Y,1.000000,Same Day,,,,
10165904,Avante Health Solutions,Siemens,Gantry Display without ECG,Call for Quote,2.5 time exhange cost,Call for Quote,1.5 time exhange cost,Each,Each,Refurbished,Y,1.000000,Same Day,,,,
10165913,Avante Health Solutions,,GPC Left,Call for Quote,2.5 time exhange cost,Call for Quote,1.5 time exhange cost,Each,Each,Refurbished,Y,1.000000,Same Day,,,,
10183855,Avante Health Solutions,SIEMENS,RX STAT 2,Call for Quote,2.5 time exhange cost,Call for Quote,1.5 time exhange cost,Each,Each,Refurbished,Y,2.000000,Same Day,,,,
10183874,Avante Health Solutions,SIEMENS,TX module rotation,Call for Quote,2.5 time exhange cost,Call for Quote,1.5 time exhange cost,Each,Each,Refurbished,Y,11.000000,Same Day,,,,
10183892,Avante Health Solutions,SIEMENS,CU STAT,Call for Quote,2.5 time exhange cost,Call for Quote,1.5 time exhange cost,Each,Each,Refurbished,Y,4.000000,Same Day,,,,
10349046,Avante Health Solutions,SIEMENS,Rear I/O PCB. (X300 Version 2),Call for Quote,2.5 time exhange cost,Call for Quote,1.5 time exhange cost,Each,Each,Refurbished,Y,2.000000,Same Day,,,,
10349089,Avante Health Solutions,SIEMENS,"Wobbler Probe Holder, S2000",Call for Quote,2.5 time exhange cost,Call for Quote,1.5 time exhange cost,Each,Each,Refurbished,Y,1.000000,Same Day,,,,
10354266,Avante Health Solutions,Siemens,UMAS 2A,Call for Quote,2.5 time exhange cost,Call for Quote,1.5 time exhange cost,Each,Each,Refurbished,Y,8.000000,Same Day,,,,
10393028,Avante Health Solutions,Siemens,DMS B Signal Backplane Right,Call for Quote,2.5 time exhange cost,Call for Quote,1.5 time exhange cost,Each,Each,Refurbished,Y,1.000000,Same Day,,,,
10399062,Avante Health Solutions,Siemens,MCM4 TABLE,Call for Quote,2.5 time exhange cost,Call for Quote,1.5 time exhange cost,Each,Each,Refurbished,Y,2.000000,Same Day,,,,
10410754,Avante Health Solutions,Siemens,EIZO MONITOR,Call for Quote,2.5 time exhange cost,Call for Quote,1.5 time exhange cost,Each,Each,Refurbished,Y,2.000000,Same Day,,,,
10414539-N,Avante Health Solutions,Siemens,Straton MX P Tube,Call for Quote,2.5 time exhange cost,Call for Quote,1.5 time exhange cost,Each,Each,New OEM Original,Y,1.000000,Same Day,,,,
10427736,Avante Health Solutions,SIEMENS,"SIEMENS X300, DVD-RW, GH-22NP20",Call for Quote,2.5 time exhange cost,Call for Quote,1.5 time exhange cost,Each,Each,Refurbished,Y,1.000000,Same Day,,,,
10431909,Avante Health Solutions,SIEMENS,Overvoltage protection complete,Call for Quote,2.5 time exhange cost,Call for Quote,1.5 time exhange cost,Each,Each,Refurbished,Y,2.000000,Same Day,,,,
10431913,Avante Health Solutions,Siemens,"Hitachi HUA722010CLA330 1TB 7200rpm 32mb SATA-II 7-Pin 3.5"" Hard Drive",Call for Quote,2.5 time exhange cost,Call for Quote,1.5 time exhange cost,Each,Each,Refurbished,Y,21.000000,Same Day,,,,
10435396,Avante Health Solutions,SIEMENS,Siemens SC2000 RAD9 PCB,Call for Quote,2.5 time exhange cost,Call for Quote,1.5 time exhange cost,Each,Each,Refurbished,Y,1.000000,Same Day,,,,
10436239,Avante Health Solutions,SIEMENS,"Power Supply, Mod 3(PSM3), SC2000",Call for Quote,2.5 time exhange cost,Call for Quote,1.5 time exhange cost,Each,Each,Refurbished,Y,9.000000,Same Day,,,,
10266690,Avante Health Solutions,Siemens,Frequency Converter,Call for Quote,2.5 time exhange cost,Call for Quote,1.5 time exhange cost,Each,Each,Refurbished,Y,2.000000,Same Day,,,,
10280858,Avante Health Solutions,Siemens,Examination Control Console Version 3 (ECC v3),Call for Quote,2.5 time exhange cost,Call for Quote,1.5 time exhange cost,Each,Each,Refurbished,Y,7.000000,Same Day,,,,
10280918,Avante Health Solutions,Siemens,TCM V2,Call for Quote,2.5 time exhange cost,Call for Quote,1.5 time exhange cost,Each,Each,Refurbished,Y,2.000000,Same Day,,,,
10293021,Avante Health Solutions,Siemens,Transceiver DVI-FOC DVI Set,Call for Quote,2.5 time exhange cost,Call for Quote,1.5 time exhange cost,Each,Each,Refurbished,Y,2.000000,Same Day,,,,
10304034,Avante Health Solutions,Siemens,MOTOR UNIT,Call for Quote,2.5 time exhange cost,Call for Quote,1.5 time exhange cost,Each,Each,Refurbished,Y,2.000000,Same Day,,,,
10348311,Avante Health Solutions,SIEMENS,"Siemens X300, R3.0 TR PWA",Call for Quote,2.5 time exhange cost,Call for Quote,1.5 time exhange cost,Each,Each,Refurbished,Y,4.000000,Same Day,,,,
10349224,Avante Health Solutions,SIEMENS,SIEMENS X150 - Keyboard/Control Panel,Call for Quote,2.5 time exhange cost,Call for Quote,1.5 time exhange cost,Each,Each,Refurbished,Y,2.000000,Same Day,,,,
10355350,Avante Health Solutions,Siemens,D352 Board,Call for Quote,2.5 time exhange cost,Call for Quote,1.5 time exhange cost,Each,Each,Refurbished,Y,1.000000,Same Day,,,,
10392268,Avante Health Solutions,Siemens,Rotary Encoder,Call for Quote,2.5 time exhange cost,Call for Quote,1.5 time exhange cost,Each,Each,Refurbished,Y,1.000000,Same Day,,,,
10399064,Avante Health Solutions,Siemens,MCM Stand Complete,Call for Quote,2.5 time exhange cost,Call for Quote,1.5 time exhange cost,Each,Each,Refurbished,Y,2.000000,Same Day,,,,
10427819,Avante Health Solutions,SIEMENS,"X300, GEL WARMER",Call for Quote,2.5 time exhange cost,Call for Quote,1.5 time exhange cost,Each,Each,Refurbished,Y,1.000000,Same Day,,,,
10440948,Avante Health Solutions,SIEMENS,"S2000, BE BOARD",Call for Quote,2.5 time exhange cost,Call for Quote,1.5 time exhange cost,Each,Each,Refurbished,Y,1.000000,Same Day,,,,
10144936,Avante Health Solutions,Siemens,D601-G BOARDC,Call for Quote,2.5 time exhange cost,Call for Quote,1.5 time exhange cost,Each,Each,Refurbished,Y,2.000000,Same Day,,,,
10161599,Avante Health Solutions,,fan assembly,Call for Quote,2.5 time exhange cost,Call for Quote,1.5 time exhange cost,Each,Each,Refurbished,Y,2.000000,Same Day,,,,
10161600,Avante Health Solutions,Siemens,Cooling Control Electronics,Call for Quote,2.5 time exhange cost,Call for Quote,1.5 time exhange cost,Each,Each,Refurbished,Y,2.000000,Same Day,,,,
10161621,Avante Health Solutions,SIEMENS,Antenna carrier,Call for Quote,2.5 time exhange cost,Call for Quote,1.5 time exhange cost,Each,Each,Refurbished,Y,2.000000,Same Day,,,,
10161680,Avante Health Solutions,SIEMENS,MOTOR OVERL SW 7-10A 690V,Call for Quote,2.5 time exhange cost,Call for Quote,1.5 time exhange cost,Each,Each,Refurbished,Y,3.000000,Same Day,,,,
10161681,Avante Health Solutions,SIEMENS,MOTOR OVERL SW 45-63A 690V,Call for Quote,2.5 time exhange cost,Call for Quote,1.5 time exhange cost,Each,Each,Refurbished,Y,2.000000,Same Day,,,,
10161684,Avante Health Solutions,SIEMENS,CIRCUIT BREAKER 10A 440VAC 1pol.Car. C,Call for Quote,2.5 time exhange cost,Call for Quote,1.5 time exhange cost,Each,Each,Refurbished,Y,15.000000,Same Day,,,,
10161689,Avante Health Solutions,SIEMENS,"Circuit Breaker C,16 A ,F11,F15",Call for Quote,2.5 time exhange cost,Call for Quote,1.5 time exhange cost,Each,Each,Refurbished,Y,2.000000,Same Day,,,,
10161703,Avante Health Solutions,SIEMENS,VOLTAGE LIMITAT VARISTOR,Call for Quote,2.5 time exhange cost,Call for Quote,1.5 time exhange cost,Each,Each,Refurbished,Y,1.000000,Same Day,,,,
10161708,Avante Health Solutions,SIEMENS,CONTACT 24VDC 3NO 40A 400V,Call for Quote,2.5 time exhange cost,Call for Quote,1.5 time exhange cost,Each,Each,Refurbished,Y,2.000000,Same Day,,,,
10161713,Avante Health Solutions,SIEMENS,COUPLER 24V AC/DC 1C/O 1W,Call for Quote,2.5 time exhange cost,Call for Quote,1.5 time exhange cost,Each,Each,Refurbished,Y,10.000000,Same Day,,,,
10161732,Avante Health Solutions,Siemens,CONTROL AND REGULATION BOARD,Call for Quote,2.5 time exhange cost,Call for Quote,1.5 time exhange cost,Each,Each,Refurbished,Y,1.000000,Same Day,,,,
10437278,Avante Health Solutions,SIEMENS,Sequoia PIC2,Call for Quote,2.5 time exhange cost,Call for Quote,1.5 time exhange cost,Each,Each,Refurbished,Y,1.000000,Same Day,,,,
10437579,Avante Health Solutions,SIEMENS,"Siemens S2000, Flat Panel Monitor Display",Call for Quote,2.5 time exhange cost,Call for Quote,1.5 time exhange cost,Each,Each,Refurbished,Y,1.000000,Same Day,,,,
10438526,Avante Health Solutions,SIEMENS,"Siemens S2000, RM300, CPU Module (SW VB10E or higher)",Call for Quote,2.5 time exhange cost,Call for Quote,1.5 time exhange cost,Each,Each,Refurbished,Y,2.000000,Same Day,,,,
10439964,Avante Health Solutions,SIEMENS,"Siemens SC2000, Fan Tray Assy",Call for Quote,2.5 time exhange cost,Call for Quote,1.5 time exhange cost,Each,Each,Refurbished,Y,1.000000,Same Day,,,,
10440854,Avante Health Solutions,SIEMENS,"ASSY, TI Module, S2000, TIC /B, ROHS",Call for Quote,2.5 time exhange cost,Call for Quote,1.5 time exhange cost,Each,Each,Refurbished,Y,4.000000,Same Day,,,,
104736,Avante Health Solutions,,Inviv - 8 Channel Foot and Ankle Coil,Call for Quote,2.5 time exhange cost,Call for Quote,1.5 time exhange cost,Each,Each,Refurbished,Y,1.000000,Same Day,,,,
10502018,Avante Health Solutions,,TABLE CONTROL MODULE TCM-S V3,Call for Quote,2.5 time exhange cost,Call for Quote,1.5 time exhange cost,Each,Each,Refurbished,Y,4.000000,Same Day,,,,
10502021,Avante Health Solutions,Siemens,TCM-M V3,Call for Quote,2.5 time exhange cost,Call for Quote,1.5 time exhange cost,Each,Each,Refurbished,Y,3.000000,Same Day,,,,
10502099,Avante Health Solutions,Siemens,RTC,Call for Quote,2.5 time exhange cost,Call for Quote,1.5 time exhange cost,Each,Each,Refurbished,Y,1.000000,Same Day,,,,
10502136,Avante Health Solutions,,COLLIMATOR OPERATION-UNI V3,Call for Quote,2.5 time exhange cost,Call for Quote,1.5 time exhange cost,Each,Each,Refurbished,Y,3.000000,Same Day,,,,
10502375,Avante Health Solutions,Siemens,Pixium 3040CV,Call for Quote,2.5 time exhange cost,Call for Quote,1.5 time exhange cost,Each,Each,Refurbished,Y,1.000000,Same Day,,,,
10520998,Avante Health Solutions,Siemens,VDX Bd Assy.,Call for Quote,2.5 time exhange cost,Call for Quote,1.5 time exhange cost,Each,Each,Refurbished,Y,4.000000,Same Day,,,,
10-44764-01,Avante Health Solutions,Siemens,Converter Board 96CH D574,Call for Quote,2.5 time exhange cost,Call for Quote,1.5 time exhange cost,Each,Each,Refurbished,Y,46.000000,Same Day,,,,
10498295,Avante Health Solutions,Siemens,ICS Tower 10B (Celsius M470),Call for Quote,2.5 time exhange cost,Call for Quote,1.5 time exhange cost,Each,Each,Refurbished,Y,2.000000,Same Day,,,,
10501874,Avante Health Solutions,,Siemens Fan Assembly,Call for Quote,2.5 time exhange cost,Call for Quote,1.5 time exhange cost,Each,Each,Refurbished,Y,1.000000,Same Day,,,,
10502020,Avante Health Solutions,Siemens,Stand Control Module (SCM) V3,Call for Quote,2.5 time exhange cost,Call for Quote,1.5 time exhange cost,Each,Each,Refurbished,Y,6.000000,Same Day,,,,
10502135,Avante Health Solutions,Siemens,USER INTERFACE MODULE,Call for Quote,2.5 time exhange cost,Call for Quote,1.5 time exhange cost,Each,Each,Refurbished,Y,1.000000,Same Day,,,,
10502380,Avante Health Solutions,Siemens,"19"" Display Attachment Set, Long",Call for Quote,2.5 time exhange cost,Call for Quote,1.5 time exhange cost,Each,Each,Refurbished,Y,1.000000,Same Day,,,,
10513371,Avante Health Solutions,Siemens,P-BOX P15 F/G,Call for Quote,2.5 time exhange cost,Call for Quote,1.5 time exhange cost,Each,Each,Refurbished,Y,1.000000,Same Day,,,,
10562560-N,Avante Health Solutions,Siemens,Gigalix 125/40/90 - G Tube,Call for Quote,2.5 time exhange cost,Call for Quote,1.5 time exhange cost,Each,Each,New OEM Original,Y,1.000000,Same Day,,,,
10590112,Avante Health Solutions,Siemens,IRSmx5c Tower,Call for Quote,2.5 time exhange cost,Call for Quote,1.5 time exhange cost,Each,Each,Refurbished,Y,1.000000,Same Day,,,,
10608967,Avante Health Solutions,Siemens,UNIVERSAL ACE2,Call for Quote,2.5 time exhange cost,Call for Quote,1.5 time exhange cost,Each,Each,Refurbished,Y,3.000000,Same Day,,,,
10659391,Avante Health Solutions,SIEMENS,P500 Cover Side Front,Call for Quote,2.5 time exhange cost,Call for Quote,1.5 time exhange cost,Each,Each,Refurbished,Y,1.000000,Same Day,,,,
10659397,Avante Health Solutions,SIEMENS,P500 Cover Side Right,Call for Quote,2.5 time exhange cost,Call for Quote,1.5 time exhange cost,Each,Each,Refurbished,Y,1.000000,Same Day,,,,
10161725,Avante Health Solutions,,Pressure Gauge,Call for Quote,2.5 time exhange cost,Call for Quote,1.5 time exhange cost,Each,Each,Refurbished,Y,4.000000,Same Day,,,,
10161786,Avante Health Solutions,Siemens,HDB Fan,Call for Quote,2.5 time exhange cost,Call for Quote,1.5 time exhange cost,Each,Each,Refurbished,Y,3.000000,Same Day,,,,
10162052,Avante Health Solutions,SIEMENS,fan assembly (cooling unit 10kW wat,Call for Quote,2.5 time exhange cost,Call for Quote,1.5 time exhange cost,Each,Each,Refurbished,Y,1.000000,Same Day,,,,
10162061,Avante Health Solutions,,Brush Block High Power,Call for Quote,2.5 time exhange cost,Call for Quote,1.5 time exhange cost,Each,Each,Refurbished,Y,4.000000,Same Day,,,,
10166442,Avante Health Solutions,,TUBE COLLIMATOR P15F,Call for Quote,2.5 time exhange cost,Call for Quote,1.5 time exhange cost,Each,Each,Refurbished,Y,1.000000,Same Day,,,,
10183876,Avante Health Solutions,SIEMENS,TX module STAT,Call for Quote,2.5 time exhange cost,Call for Quote,1.5 time exhange cost,Each,Each,Refurbished,Y,5.000000,Same Day,,,,
10183878,Avante Health Solutions,,RX Stat Receiver,Call for Quote,2.5 time exhange cost,Call for Quote,1.5 time exhange cost,Each,Each,Refurbished,Y,1.000000,Same Day,,,,
10183880,Avante Health Solutions,SIEMENS,RX module ROT,Call for Quote,2.5 time exhange cost,Call for Quote,1.5 time exhange cost,Each,Each,Refurbished,Y,7.000000,Same Day,,,,
10187472,Avante Health Solutions,Siemens,RING SEGMENT BELOW RAL 9003,Call for Quote,2.5 time exhange cost,Call for Quote,1.5 time exhange cost,Each,Each,Refurbished,Y,1.000000,Same Day,,,,
10280920,Avante Health Solutions,Siemens,TABLE CONTROL MODULE TCM-M V2,Call for Quote,2.5 time exhange cost,Call for Quote,1.5 time exhange cost,Each,Each,Refurbished,Y,5.000000,Same Day,,,,
10280922,Avante Health Solutions,Siemens,CCM V2,Call for Quote,2.5 time exhange cost,Call for Quote,1.5 time exhange cost,Each,Each,Refurbished,Y,3.000000,Same Day,,,,
10280926,Avante Health Solutions,Siemens,Robot Control Module RCM VC13,Call for Quote,2.5 time exhange cost,Call for Quote,1.5 time exhange cost,Each,Each,Refurbished,Y,2.000000,Same Day,,,,
10662342,Avante Health Solutions,Siemens,Stop Button Assembly,Call for Quote,2.5 time exhange cost,Call for Quote,1.5 time exhange cost,Each,Each,Refurbished,Y,3.000000,Same Day,,,,
10746468,Avante Health Solutions,,Fan Graphics Bd. FX1000,Call for Quote,2.5 time exhange cost,Call for Quote,1.5 time exhange cost,Each,Each,Refurbished,Y,2.000000,Same Day,,,,
10848403,Avante Health Solutions,Siemens,CCM-Uni V3 Signal White,Call for Quote,2.5 time exhange cost,Call for Quote,1.5 time exhange cost,Each,Each,Refurbished,Y,5.000000,Same Day,,,,
10848562,Avante Health Solutions,Siemens,VIDEO DPP TO DVI CONVERTER,Call for Quote,2.5 time exhange cost,Call for Quote,1.5 time exhange cost,Each,Each,Refurbished,Y,2.000000,Same Day,,,,
10852416,Avante Health Solutions,Siemens,"Doppler board, P300",Call for Quote,2.5 time exhange cost,Call for Quote,1.5 time exhange cost,Each,Each,Refurbished,Y,1.000000,Same Day,,,,
10854556,Avante Health Solutions,SIEMENS,RAD11 SC2000,Call for Quote,2.5 time exhange cost,Call for Quote,1.5 time exhange cost,Each,Each,Refurbished,Y,2.000000,Same Day,,,,
10856286,Avante Health Solutions,SIEMENS,"Antares, Power Supply Analog (PSA)",Call for Quote,2.5 time exhange cost,Call for Quote,1.5 time exhange cost,Each,Each,Refurbished,Y,1.000000,Same Day,,,,
10864210,Avante Health Solutions,Siemens,IRS Tower 12A,Call for Quote,2.5 time exhange cost,Call for Quote,1.5 time exhange cost,Each,Each,Refurbished,Y,1.000000,Same Day,,,,
11014330,Avante Health Solutions,SIEMENS,P500 H050 RM Module (TC87/i5-4300U),Call for Quote,2.5 time exhange cost,Call for Quote,1.5 time exhange cost,Each,Each,Refurbished,Y,1.000000,Same Day,,,,
11147441,Avante Health Solutions,SIEMENS,Control Panel English Siemens NG,Call for Quote,2.5 time exhange cost,Call for Quote,1.5 time exhange cost,Each,Each,Refurbished,Y,1.000000,Same Day,,,,
11147589,Avante Health Solutions,SIEMENS,"ASSY, I/O MODLUE - SIEMENS S2000 HELIX (TOUCN PANEL)",Call for Quote,2.5 time exhange cost,Call for Quote,1.5 time exhange cost,Each,Each,Refurbished,Y,5.000000,Same Day,,,,
11148332,Avante Health Solutions,SIEMENS,"ASY, CMPS, FANM New Sequoia",Call for Quote,2.5 time exhange cost,Call for Quote,1.5 time exhange cost,Each,Each,Refurbished,Y,1.000000,Same Day,,,,
10547543,Avante Health Solutions,SIEMENS,ETHERNET SWITCH 8x 1G 8508T,Call for Quote,2.5 time exhange cost,Call for Quote,1.5 time exhange cost,Each,Each,Refurbished,Y,2.000000,Same Day,,,,
10547825-N,Avante Health Solutions,Siemens,"Time Relay Set 24/230V 3a, K2",Call for Quote,2.5 time exhange cost,Call for Quote,1.5 time exhange cost,Each,Each,New OEM Original,Y,2.000000,Same Day,,,,
10589553,Avante Health Solutions,Siemens,Graphical Display,Call for Quote,2.5 time exhange cost,Call for Quote,1.5 time exhange cost,Each,Each,Refurbished,Y,6.000000,Same Day,,,,
10589591,Avante Health Solutions,Siemens,Panel Left,Call for Quote,2.5 time exhange cost,Call for Quote,1.5 time exhange cost,Each,Each,Refurbished,Y,4.000000,Same Day,,,,
10589594,Avante Health Solutions,Siemens,Panel Right Tilt (new GPC version),Call for Quote,2.5 time exhange cost,Call for Quote,1.5 time exhange cost,Each,Each,Refurbished,Y,7.000000,Same Day,,,,
10589698,Avante Health Solutions,Siemens,Double Transmitter,Call for Quote,2.5 time exhange cost,Call for Quote,1.5 time exhange cost,Each,Each,Refurbished,Y,1.000000,Same Day,,,,
10590733,Avante Health Solutions,Siemens,Siemens X Syngo WP 3D workstation,Call for Quote,2.5 time exhange cost,Call for Quote,1.5 time exhange cost,Each,Each,Refurbished,Y,1.000000,Same Day,,,,
10656049,Avante Health Solutions,,Monitor Color 19 inchDSC1913-DC,Call for Quote,2.5 time exhange cost,Call for Quote,1.5 time exhange cost,Each,Each,Refurbished,Y,5.000000,Same Day,,,,
10657108,Avante Health Solutions,SIEMENS,Siemens X150 I/O Module,Call for Quote,2.5 time exhange cost,Call for Quote,1.5 time exhange cost,Each,Each,Refurbished,Y,4.000000,Same Day,,,,
10756915,Avante Health Solutions,Siemens,User Location Interface Bd. (ULI) ROHS,Call for Quote,2.5 time exhange cost,Call for Quote,1.5 time exhange cost,Each,Each,Refurbished,Y,5.000000,Same Day,,,,
10787034,Avante Health Solutions,,Acuson P500 INT CONN sets,Call for Quote,2.5 time exhange cost,Call for Quote,1.5 time exhange cost,Each,Each,Refurbished,Y,2.000000,Same Day,,,,
10787425,Avante Health Solutions,SIEMENS,"TI 2 PORT MODULE, X150 2.0_G",Call for Quote,2.5 time exhange cost,Call for Quote,1.5 time exhange cost,Each,Each,Refurbished,Y,1.000000,Same Day,,,,
10162081,Avante Health Solutions,SIEMENS,MOTOR 230V 500W 1500U/M,Call for Quote,2.5 time exhange cost,Call for Quote,1.5 time exhange cost,Each,Each,Refurbished,Y,2.000000,Same Day,,,,
10162450,Avante Health Solutions,,W350 UMAS to LPS,Call for Quote,2.5 time exhange cost,Call for Quote,1.5 time exhange cost,Each,Each,Refurbished,Y,1.000000,Same Day,,,,
10166202,Avante Health Solutions,,W52 Fiber Optical Cable,Call for Quote,2.5 time exhange cost,Call for Quote,1.5 time exhange cost,Each,Each,Refurbished,Y,1.000000,Same Day,,,,
10166443,Avante Health Solutions,Siemens,Tube Collimator P15G,Call for Quote,2.5 time exhange cost,Call for Quote,1.5 time exhange cost,Each,Each,Refurbished,Y,2.000000,Same Day,,,,
10266603,Avante Health Solutions,,IRS MX2 Tower,Call for Quote,2.5 time exhange cost,Call for Quote,1.5 time exhange cost,Each,Each,Refurbished,Y,1.000000,Same Day,,,,
10280879,Avante Health Solutions,Siemens,Examination Control Console Version 3 Data Cable (ECC v3 Date Cable) AVANTE MADE GREY,Call for Quote,2.5 time exhange cost,Call for Quote,1.5 time exhange cost,Each,Each,Refurbished,Y,9.000000,Same Day,,,,
10280925,Avante Health Solutions,Siemens,Robot Control Module LCM VC13,Call for Quote,2.5 time exhange cost,Call for Quote,1.5 time exhange cost,Each,Each,Refurbished,Y,2.000000,Same Day,,,,
10348303,Avante Health Solutions,SIEMENS,"Siemens X300, TI Daughter Board",Call for Quote,2.5 time exhange cost,Call for Quote,1.5 time exhange cost,Each,Each,Refurbished,Y,4.000000,Same Day,,,,
10349431,Avante Health Solutions,SIEMENS,Siemens Smart Cart Rear Caster,Call for Quote,2.5 time exhange cost,Call for Quote,1.5 time exhange cost,Each,Each,Refurbished,Y,1.000000,Same Day,,,,
10349560,Avante Health Solutions,SIEMENS,X150 R2.0 RM_G,Call for Quote,2.5 time exhange cost,Call for Quote,1.5 time exhange cost,Each,Each,Refurbished,Y,1.000000,Same Day,,,,
10359152,Avante Health Solutions,Siemens,SPARE PART D1 FROM MD,Call for Quote,2.5 time exhange cost,Call for Quote,1.5 time exhange cost,Each,Each,Refurbished,Y,1.000000,Same Day,,,,
10393029,Avante Health Solutions,Siemens,DMS B Signal Backplane Left,Call for Quote,2.5 time exhange cost,Call for Quote,1.5 time exhange cost,Each,Each,Refurbished,Y,1.000000,Same Day,,,,
10348315,Avante Health Solutions,SIEMENS,"Siemens X300, RC PCB Assy",Call for Quote,2.5 time exhange cost,Call for Quote,1.5 time exhange cost,Each,Each,Refurbished,Y,4.000000,Same Day,,,,
10427540,Avante Health Solutions,SIEMENS,"Siemens X300, Flat Panel Monitor",Call for Quote,2.5 time exhange cost,Call for Quote,1.5 time exhange cost,Each,Each,Refurbished,Y,2.000000,Same Day,,,,
10430285,Avante Health Solutions,SIEMENS,"MONITOR, FULL HD 21.5IN FPD",Call for Quote,2.5 time exhange cost,Call for Quote,1.5 time exhange cost,Each,Each,Refurbished,Y,9.000000,Same Day,,,,
10430805,Avante Health Solutions,,UMAR,Call for Quote,2.5 time exhange cost,Call for Quote,1.5 time exhange cost,Each,Each,Refurbished,Y,2.000000,Same Day,,,,
10430933,Avante Health Solutions,SIEMENS,Footswitch X-ray,Call for Quote,2.5 time exhange cost,Call for Quote,1.5 time exhange cost,Each,Each,Refurbished,Y,1.000000,Same Day,,,,
10431914,Avante Health Solutions,Siemens,"Hitachi HDS721064CLA332 640gb 7200rpm Sata-300 32mb Cache 3.5"" Hard Drive",Call for Quote,2.5 time exhange cost,Call for Quote,1.5 time exhange cost,Each,Each,Refurbished,Y,4.000000,Same Day,,,,
10435727,Avante Health Solutions,SIEMENS,"Siemens SC2000, Transmit Receiver Board",Call for Quote,2.5 time exhange cost,Call for Quote,1.5 time exhange cost,Each,Each,Refurbished,Y,6.000000,Same Day,,,,
10439476,Avante Health Solutions,SIEMENS,"S2000, RCB BOARD",Call for Quote,2.5 time exhange cost,Call for Quote,1.5 time exhange cost,Each,Each,Refurbished,Y,7.000000,Same Day,,,,
10439478,Avante Health Solutions,SIEMENS,"S2000, RC BOARD",Call for Quote,2.5 time exhange cost,Call for Quote,1.5 time exhange cost,Each,Each,Refurbished,Y,1.000000,Same Day,,,,
10439494,Avante Health Solutions,SIEMENS,S2000/Antares AC Tray,Call for Quote,2.5 time exhange cost,Call for Quote,1.5 time exhange cost,Each,Each,Refurbished,Y,1.000000,Same Day,,,,
104461,Avante Health Solutions,Siemens,1.5T 7 Ch Breast Biopsy Coil,Call for Quote,2.5 time exhange cost,Call for Quote,1.5 time exhange cost,Each,Each,Refurbished,Y,1.000000,Same Day,,,,
10494881,Avante Health Solutions,Siemens,CXT P47 HPT BRUSH BLOCK,Call for Quote,2.5 time exhange cost,Call for Quote,1.5 time exhange cost,Each,Each,Refurbished,Y,1.000000,Same Day,,,,
11253350,Avante Health Solutions,Siemens,Pump Upgrade Kit,Call for Quote,2.5 time exhange cost,Call for Quote,1.5 time exhange cost,Each,Each,Refurbished,Y,3.000000,Same Day,,,,
11286276,Avante Health Solutions,SIEMENS,OEM SPEAKER MODULE,Call for Quote,2.5 time exhange cost,Call for Quote,1.5 time exhange cost,Each,Each,Refurbished,Y,2.000000,Same Day,,,,
11290746,Avante Health Solutions,SIEMENS,"ASY, CMPS, IOM/B",Call for Quote,2.5 time exhange cost,Call for Quote,1.5 time exhange cost,Each,Each,Refurbished,Y,1.000000,Same Day,,,,
115-010085-00,Avante Health Solutions,MINDRAY,Mindray M5 Batteries,Call for Quote,2.5 time exhange cost,Call for Quote,1.5 time exhange cost,Each,Each,Refurbished,Y,1.000000,Same Day,,,,
12253172,Avante Health Solutions,GE,TITAN POWER SUPPLY,Call for Quote,2.5 time exhange cost,Call for Quote,1.5 time exhange cost,Each,Each,Refurbished,Y,1.000000,Same Day,,,,
1P8379468,Avante Health Solutions,Siemens,Plug in Power Supply,Call for Quote,2.5 time exhange cost,Call for Quote,1.5 time exhange cost,Each,Each,Refurbished,Y,1.000000,Same Day,,,,
1P8874112,Avante Health Solutions,Siemens,Gantry Cover with Control Panel,Call for Quote,2.5 time exhange cost,Call for Quote,1.5 time exhange cost,Each,Each,Refurbished,Y,10.000000,Same Day,,,,
2100671,Avante Health Solutions,GE,Gas Spring - CT Table,Call for Quote,2.5 time exhange cost,Call for Quote,1.5 time exhange cost,Each,Each,Refurbished,Y,1.000000,Same Day,,,,
2106390-001-S,Avante Health Solutions,GE,Multi-Link Leadwire Set,Call for Quote,2.5 time exhange cost,Call for Quote,1.5 time exhange cost,Each,Each,Refurbished,Y,3.000000,Same Day,,,,
2108103,Avante Health Solutions,GE,RP GEAR MOTOR ASSEMBLY VERTICAL DRIVE,Call for Quote,2.5 time exhange cost,Call for Quote,1.5 time exhange cost,Each,Each,Refurbished,Y,1.000000,Same Day,,,,
2108-30-65787,Avante Health Solutions,MINDRAY,"Main Unit Topcover Assembly, Mindray",Call for Quote,2.5 time exhange cost,Call for Quote,1.5 time exhange cost,Each,Each,Refurbished,Y,1.000000,Same Day,,,,
2109282,Avante Health Solutions,GE,RP AXIS INTERCONNECT BOARD,Call for Quote,2.5 time exhange cost,Call for Quote,1.5 time exhange cost,Each,Each,Refurbished,Y,2.000000,Same Day,,,,
10414539,Avante Health Solutions,Siemens,Straton MX P Tube,Call for Quote,2.5 time exhange cost,Call for Quote,1.5 time exhange cost,Each,Each,Refurbished,Y,3.000000,Same Day,,,,
10429325,Avante Health Solutions,SIEMENS,"Siemens X300, TI Assy",Call for Quote,2.5 time exhange cost,Call for Quote,1.5 time exhange cost,Each,Each,Refurbished,Y,1.000000,Same Day,,,,
10430700,Avante Health Solutions,Siemens,TUBE COLLIMATOR A Z61,Call for Quote,2.5 time exhange cost,Call for Quote,1.5 time exhange cost,Each,Each,Refurbished,Y,3.000000,Same Day,,,,
10435925,Avante Health Solutions,SIEMENS,"Siemens S2000, Kit, Foot Pedal Assy, ANT/S2K",Call for Quote,2.5 time exhange cost,Call for Quote,1.5 time exhange cost,Each,Each,Refurbished,Y,1.000000,Same Day,,,,
10438694,Avante Health Solutions,SIEMENS,"Siemens S2000, RM3000 Video Interface , PWA",Call for Quote,2.5 time exhange cost,Call for Quote,1.5 time exhange cost,Each,Each,Refurbished,Y,6.000000,Same Day,,,,
10440166,Avante Health Solutions,SIEMENS,"S2000 Assy, AC Transformer",Call for Quote,2.5 time exhange cost,Call for Quote,1.5 time exhange cost,Each,Each,Refurbished,Y,3.000000,Same Day,,,,
10501982,Avante Health Solutions,Siemens,FD Cooling Unit,Call for Quote,2.5 time exhange cost,Call for Quote,1.5 time exhange cost,Each,Each,Refurbished,Y,4.000000,Same Day,,,,
10502048,Avante Health Solutions,Siemens,MULTI DISPLAY MANAGER DP27X,Call for Quote,2.5 time exhange cost,Call for Quote,1.5 time exhange cost,Each,Each,Refurbished,Y,1.000000,Same Day,,,,
10502137,Avante Health Solutions,Siemens,ECC Joystick,Call for Quote,2.5 time exhange cost,Call for Quote,1.5 time exhange cost,Each,Each,Refurbished,Y,3.000000,Same Day,,,,
10502190,Avante Health Solutions,,RTC V8,Call for Quote,2.5 time exhange cost,Call for Quote,1.5 time exhange cost,Each,Each,Refurbished,Y,1.000000,Same Day,,,,
10502365,Avante Health Solutions,Siemens,FD RTC V5,Call for Quote,2.5 time exhange cost,Call for Quote,1.5 time exhange cost,Each,Each,Refurbished,Y,5.000000,Same Day,,,,
10502389,Avante Health Solutions,Siemens,MDM Computer,Call for Quote,2.5 time exhange cost,Call for Quote,1.5 time exhange cost,Each,Each,Refurbished,Y,1.000000,Same Day,,,,
10501546,Avante Health Solutions,Siemens,Real Time Controller Version 5 (RTC v5),Call for Quote,2.5 time exhange cost,Call for Quote,1.5 time exhange cost,Each,Each,Refurbished,Y,2.000000,Same Day,,,,
10501972,Avante Health Solutions,Siemens,Multi Display Manager DP 9X,Call for Quote,2.5 time exhange cost,Call for Quote,1.5 time exhange cost,Each,Each,Refurbished,Y,1.000000,Same Day,,,,
10502354,Avante Health Solutions,Siemens,Complete Intercom System,Call for Quote,2.5 time exhange cost,Call for Quote,1.5 time exhange cost,Each,Each,Refurbished,Y,1.000000,Same Day,,,,
10520172-N,Avante Health Solutions,Siemens,"FOC Cable, Pluggable, 100m for DVI",Call for Quote,2.5 time exhange cost,Call for Quote,1.5 time exhange cost,Each,Each,New OEM Original,Y,1.000000,Same Day,,,,
10521005,Avante Health Solutions,Siemens,IVS BB1 PC,Call for Quote,2.5 time exhange cost,Call for Quote,1.5 time exhange cost,Each,Each,Refurbished,Y,1.000000,Same Day,,,,
10545888,Avante Health Solutions,SIEMENS,SURGE SUPPRESSOR Typ2 275Vac 350VDC,Call for Quote,2.5 time exhange cost,Call for Quote,1.5 time exhange cost,Each,Each,Refurbished,Y,1.000000,Same Day,,,,
10546822,Avante Health Solutions,,"Circuit Breaker C,16 A ,F11,F15",Call for Quote,2.5 time exhange cost,Call for Quote,1.5 time exhange cost,Each,Each,Refurbished,Y,2.000000,Same Day,,,,
10546824,Avante Health Solutions,Siemens,F4 Contactor,Call for Quote,2.5 time exhange cost,Call for Quote,1.5 time exhange cost,Each,Each,Refurbished,Y,1.000000,Same Day,,,,
10547087,Avante Health Solutions,SIEMENS,MICROSWITCH 1S 100mA 250VAC,Call for Quote,2.5 time exhange cost,Call for Quote,1.5 time exhange cost,Each,Each,Refurbished,Y,10.000000,Same Day,,,,
10563366,Avante Health Solutions,Siemens,FD Rotation Motor Unit - Zeego,Call for Quote,2.5 time exhange cost,Call for Quote,1.5 time exhange cost,Each,Each,Refurbished,Y,1.000000,Same Day,,,,
10563501,Avante Health Solutions,SIEMENS,Siemens X300 - Display Arm,Call for Quote,2.5 time exhange cost,Call for Quote,1.5 time exhange cost,Each,Each,Refurbished,Y,1.000000,Same Day,,,,
10589633,Avante Health Solutions,,UMAR2_SX,Call for Quote,2.5 time exhange cost,Call for Quote,1.5 time exhange cost,Each,Each,Refurbished,Y,2.000000,Same Day,,,,
10789372,Avante Health Solutions,SIEMENS,"VF13-5 Linear Array Transducer, P500",Call for Quote,2.5 time exhange cost,Call for Quote,1.5 time exhange cost,Each,Each,Refurbished,Y,1.000000,Same Day,,,,
10830004,Avante Health Solutions,Siemens,MCM4 Stand w/ D307,Call for Quote,2.5 time exhange cost,Call for Quote,1.5 time exhange cost,Each,Each,Refurbished,Y,4.000000,Same Day,,,,
10848400,Avante Health Solutions,Siemens,SCM V3 Signal White,Call for Quote,2.5 time exhange cost,Call for Quote,1.5 time exhange cost,Each,Each,Refurbished,Y,4.000000,Same Day,,,,
10848611,Avante Health Solutions,Siemens,ECC V3,Call for Quote,2.5 time exhange cost,Call for Quote,1.5 time exhange cost,Each,Each,Refurbished,Y,2.000000,Same Day,,,,
10852678,Avante Health Solutions,SIEMENS,SIEMENS LA522E Ultrasound Transducer (P300),Call for Quote,2.5 time exhange cost,Call for Quote,1.5 time exhange cost,Each,Each,Refurbished,Y,1.000000,Same Day,,,,
10853274,Avante Health Solutions,SIEMENS,Bracket Assy Brake,Call for Quote,2.5 time exhange cost,Call for Quote,1.5 time exhange cost,Each,Each,Refurbished,Y,1.000000,Same Day,,,,
10853438,Avante Health Solutions,SIEMENS,"S2000, TRB/K Family PWA",Call for Quote,2.5 time exhange cost,Call for Quote,1.5 time exhange cost,Each,Each,Refurbished,Y,11.000000,Same Day,,,,
10853942,Avante Health Solutions,SIEMENS,"Siemens SC2000, MPI-3 Module Assy.",Call for Quote,2.5 time exhange cost,Call for Quote,1.5 time exhange cost,Each,Each,Refurbished,Y,4.000000,Same Day,,,,
10854247,Avante Health Solutions,Siemens,7CF1 Transducer S2000,Call for Quote,2.5 time exhange cost,Call for Quote,1.5 time exhange cost,Each,Each,Refurbished,Y,1.000000,Same Day,,,,
10864040,Avante Health Solutions,Siemens,CELSIUS M720 3.60GHZ K4000,Call for Quote,2.5 time exhange cost,Call for Quote,1.5 time exhange cost,Each,Each,Refurbished,Y,1.000000,Same Day,,,,
10891097,Avante Health Solutions,Seimens,PDC A Replacement K11,Call for Quote,2.5 time exhange cost,Call for Quote,1.5 time exhange cost,Each,Each,Refurbished,Y,1.000000,Same Day,,,,
10940888,Avante Health Solutions,Siemens,Dura 422-MV Tube,Call for Quote,2.5 time exhange cost,Call for Quote,1.5 time exhange cost,Each,Each,Refurbished,Y,1.000000,Same Day,,,,
10305474-N,Avante Health Solutions,SIEMENS,Brake Assembly,Call for Quote,2.5 time exhange cost,Call for Quote,1.5 time exhange cost,Each,Each,New OEM Original,Y,1.000000,Same Day,,,,
10348618,Avante Health Solutions,SIEMENS,"Siemens S2000, Short Probe Holder",Call for Quote,2.5 time exhange cost,Call for Quote,1.5 time exhange cost,Each,Each,Refurbished,Y,8.000000,Same Day,,,,
10349351,Avante Health Solutions,SIEMENS,"Siemens X150, Monitor Assy.",Call for Quote,2.5 time exhange cost,Call for Quote,1.5 time exhange cost,Each,Each,Refurbished,Y,1.000000,Same Day,,,,
104032,Avante Health Solutions,GE,Head Support Assembly GE,Call for Quote,2.5 time exhange cost,Call for Quote,1.5 time exhange cost,Each,Each,Refurbished,Y,1.000000,Same Day,,,,
10410730,Avante Health Solutions,Siemens,"COLOR MONITOR, 19 IN",Call for Quote,2.5 time exhange cost,Call for Quote,1.5 time exhange cost,Each,Each,Refurbished,Y,2.000000,Same Day,,,,
10429578,Avante Health Solutions,SIEMENS,"Assembly, X300 PE DC/DC",Call for Quote,2.5 time exhange cost,Call for Quote,1.5 time exhange cost,Each,Each,Refurbished,Y,2.000000,Same Day,,,,
10430054,Avante Health Solutions,SIEMENS,"Siemens S2000, Mediana Physio Assembly",Call for Quote,2.5 time exhange cost,Call for Quote,1.5 time exhange cost,Each,Each,Refurbished,Y,8.000000,Same Day,,,,
10430747,Avante Health Solutions,,PDR,Call for Quote,2.5 time exhange cost,Call for Quote,1.5 time exhange cost,Each,Each,Refurbished,Y,6.000000,Same Day,,,,
10430757,Avante Health Solutions,Siemens,Emerson UPS P45,Call for Quote,2.5 time exhange cost,Call for Quote,1.5 time exhange cost,Each,Each,Refurbished,Y,1.000000,Same Day,,,,
10430801,Avante Health Solutions,Siemens,PDS P47 Power Supply,Call for Quote,2.5 time exhange cost,Call for Quote,1.5 time exhange cost,Each,Each,Refurbished,Y,2.000000,Same Day,,,,
10433200,Avante Health Solutions,Siemens,Grundfos Pump,Call for Quote,2.5 time exhange cost,Call for Quote,1.5 time exhange cost,Each,Each,Refurbished,Y,2.000000,Same Day,,,,
10438324,Avante Health Solutions,SIEMENS,"Siemens SC2000, Physio Module 4 Assy",Call for Quote,2.5 time exhange cost,Call for Quote,1.5 time exhange cost,Each,Each,Refurbished,Y,1.000000,Same Day,,,,
10589800,Avante Health Solutions,Siemens,Frequency Converter Rotation Controller,Call for Quote,2.5 time exhange cost,Call for Quote,1.5 time exhange cost,Each,Each,Refurbished,Y,3.000000,Same Day,,,,
10590011,Avante Health Solutions,Siemens,W604 Cable,Call for Quote,2.5 time exhange cost,Call for Quote,1.5 time exhange cost,Each,Each,Refurbished,Y,1.000000,Same Day,,,,
10608989,Avante Health Solutions,Siemens,ACE2 USB Ext Set,Call for Quote,2.5 time exhange cost,Call for Quote,1.5 time exhange cost,Each,Each,Refurbished,Y,1.000000,Same Day,,,,
10656046,Avante Health Solutions,Siemens,"DSC 6012-DC 60"" LARGE FORMAT MONITOR",Call for Quote,2.5 time exhange cost,Call for Quote,1.5 time exhange cost,Each,Each,Refurbished,Y,1.000000,Same Day,,,,
10659379,Avante Health Solutions,SIEMENS,P500 Rear Panel,Call for Quote,2.5 time exhange cost,Call for Quote,1.5 time exhange cost,Each,Each,Refurbished,Y,1.000000,Same Day,,,,
10662810,Avante Health Solutions,Siemens,Matrix PDC Controller,Call for Quote,2.5 time exhange cost,Call for Quote,1.5 time exhange cost,Each,Each,Refurbished,Y,2.000000,Same Day,,,,
10742328,Avante Health Solutions,Siemens,UPS 3kVA GXT4,Call for Quote,2.5 time exhange cost,Call for Quote,1.5 time exhange cost,Each,Each,Refurbished,Y,1.000000,Same Day,,,,
10765509,Avante Health Solutions,Siemens,Micron M500DC SSD 480gb,Call for Quote,2.5 time exhange cost,Call for Quote,1.5 time exhange cost,Each,Each,Refurbished,Y,1.000000,Same Day,,,,
10768322-N,Avante Health Solutions,,Water Coupling Set,Call for Quote,2.5 time exhange cost,Call for Quote,1.5 time exhange cost,Each,Each,New OEM Original,Y,1.000000,Same Day,,,,
10785411,Avante Health Solutions,SIEMENS,Siemens P500 Wifi Adapter,Call for Quote,2.5 time exhange cost,Call for Quote,1.5 time exhange cost,Each,Each,Refurbished,Y,1.000000,Same Day,,,,
10787361,Avante Health Solutions,SIEMENS,P500 H050 BE PWA,Call for Quote,2.5 time exhange cost,Call for Quote,1.5 time exhange cost,Each,Each,Refurbished,Y,1.000000,Same Day,,,,
10787431,Avante Health Solutions,SIEMENS,X300 PE ComExpress,Call for Quote,2.5 time exhange cost,Call for Quote,1.5 time exhange cost,Each,Each,Refurbished,Y,1.000000,Same Day,,,,
10502531,Avante Health Solutions,Siemens,ECC V3,Call for Quote,2.5 time exhange cost,Call for Quote,1.5 time exhange cost,Each,Each,Refurbished,Y,2.000000,Same Day,,,,
10513380,Avante Health Solutions,,Generator P15 F/G  10414587 E-Box,Call for Quote,2.5 time exhange cost,Call for Quote,1.5 time exhange cost,Each,Each,Refurbished,Y,1.000000,Same Day,,,,
10520199,Avante Health Solutions,Siemens,"19"" Color Monitor DSC1910-D",Call for Quote,2.5 time exhange cost,Call for Quote,1.5 time exhange cost,Each,Each,Refurbished,Y,1.000000,Same Day,,,,
10523514,Avante Health Solutions,Siemens,RCU Rack,Call for Quote,2.5 time exhange cost,Call for Quote,1.5 time exhange cost,Each,Each,Refurbished,Y,1.000000,Same Day,,,,
10545310-N,Avante Health Solutions,Siemens,Lithium Coil Cell Battery (CR 1/3N),Call for Quote,2.5 time exhange cost,Call for Quote,1.5 time exhange cost,Each,Each,New OEM Original,Y,12.000000,Same Day,,,,
10563367,Avante Health Solutions,Siemens,"Bending Point, Zeego",Call for Quote,2.5 time exhange cost,Call for Quote,1.5 time exhange cost,Each,Each,Refurbished,Y,1.000000,Same Day,,,,
10563386,Avante Health Solutions,Siemens,D115 Rotor Controller,Call for Quote,2.5 time exhange cost,Call for Quote,1.5 time exhange cost,Each,Each,Refurbished,Y,4.000000,Same Day,,,,
10563394,Avante Health Solutions,Siemens,Connector panel D620-G,Call for Quote,2.5 time exhange cost,Call for Quote,1.5 time exhange cost,Each,Each,Refurbished,Y,1.000000,Same Day,,,,
10589592,Avante Health Solutions,Siemens,Panel Right,Call for Quote,2.5 time exhange cost,Call for Quote,1.5 time exhange cost,Each,Each,Refurbished,Y,4.000000,Same Day,,,,
10589593,Avante Health Solutions,Siemens,Panel Left Tilt (new GPC version),Call for Quote,2.5 time exhange cost,Call for Quote,1.5 time exhange cost,Each,Each,Refurbished,Y,6.000000,Same Day,,,,
10589647,Avante Health Solutions,,CU10WA-2,Call for Quote,2.5 time exhange cost,Call for Quote,1.5 time exhange cost,Each,Each,Refurbished,Y,1.000000,Same Day,,,,
10589693,Avante Health Solutions,,007-Way Brush Block,Call for Quote,2.5 time exhange cost,Call for Quote,1.5 time exhange cost,Each,Each,Refurbished,Y,2.000000,Same Day,,,,
10787435,Avante Health Solutions,SIEMENS,"Assy, Monitor, X150_G",Call for Quote,2.5 time exhange cost,Call for Quote,1.5 time exhange cost,Each,Each,Refurbished,Y,1.000000,Same Day,,,,
10789556,Avante Health Solutions,SIEMENS,Siemens X700 Main CP PCB,Call for Quote,2.5 time exhange cost,Call for Quote,1.5 time exhange cost,Each,Each,Refurbished,Y,2.000000,Same Day,,,,
10852415,Avante Health Solutions,Siemens,"Control III board, P300",Call for Quote,2.5 time exhange cost,Call for Quote,1.5 time exhange cost,Each,Each,Refurbished,Y,1.000000,Same Day,,,,
10852789,Avante Health Solutions,SIEMENS,Audio Speaker P300,Call for Quote,2.5 time exhange cost,Call for Quote,1.5 time exhange cost,Each,Each,Refurbished,Y,1.000000,Same Day,,,,
10854778,Avante Health Solutions,SIEMENS,"S2000, I/O MODULE ASSY",Call for Quote,2.5 time exhange cost,Call for Quote,1.5 time exhange cost,Each,Each,Refurbished,Y,5.000000,Same Day,,,,
10890634,Avante Health Solutions,Siemens,IRSMX4B TOWER,Call for Quote,2.5 time exhange cost,Call for Quote,1.5 time exhange cost,Each,Each,Refurbished,Y,1.000000,Same Day,,,,
10961681,Avante Health Solutions,Siemens,Ethernet Switch,Call for Quote,2.5 time exhange cost,Call for Quote,1.5 time exhange cost,Each,Each,Refurbished,Y,1.000000,Same Day,,,,
11001662,Avante Health Solutions,SIEMENS,ACUSON Freestyle Power Supply Assy,Call for Quote,2.5 time exhange cost,Call for Quote,1.5 time exhange cost,Each,Each,Refurbished,Y,1.000000,Same Day,,,,
11001739,Avante Health Solutions,SIEMENS,"ACUSON Freestyle ""Blower"" fans",Call for Quote,2.5 time exhange cost,Call for Quote,1.5 time exhange cost,Each,Each,Refurbished,Y,1.000000,Same Day,,,,
11003875,Avante Health Solutions,SIEMENS,Siemens C5-2 Freestyle Ultrasound Transducer,Call for Quote,2.5 time exhange cost,Call for Quote,1.5 time exhange cost,Each,Each,Refurbished,Y,2.000000,Same Day,,,,
11014514,Avante Health Solutions,SIEMENS,P500 HCU PhMH Assy,Call for Quote,2.5 time exhange cost,Call for Quote,1.5 time exhange cost,Each,Each,Refurbished,Y,1.000000,Same Day,,,,
11062028,Avante Health Solutions,Siemens,ICS Tower 13E,Call for Quote,2.5 time exhange cost,Call for Quote,1.5 time exhange cost,Each,Each,Refurbished,Y,5.000000,Same Day,,,,
2113491,Avante Health Solutions,GE,Omega V table long dual pot,Call for Quote,2.5 time exhange cost,Call for Quote,1.5 time exhange cost,Each,Each,Refurbished,Y,5.000000,Same Day,,,,
2127280,Avante Health Solutions,GE,Micro Grid Bias Tank,Call for Quote,2.5 time exhange cost,Call for Quote,1.5 time exhange cost,Each,Each,Refurbished,Y,3.000000,Same Day,,,,
21272802,Avante Health Solutions,GE,Micro Grid Bias Tank,Call for Quote,2.5 time exhange cost,Call for Quote,1.5 time exhange cost,Each,Each,Refurbished,Y,1.000000,Same Day,,,,
21292A,Avante Health Solutions,PHILIPS,HP Probe Adaptor,Call for Quote,2.5 time exhange cost,Call for Quote,1.5 time exhange cost,Each,Each,Refurbished,Y,2.000000,Same Day,,,,
21315A,Avante Health Solutions,PHILIPS,HP (X4)  2.0-4.0 MHz 4D Transducer,Call for Quote,2.5 time exhange cost,Call for Quote,1.5 time exhange cost,Each,Each,Refurbished,Y,1.000000,Same Day,,,,
2140002,Avante Health Solutions,,Table Cover,Call for Quote,2.5 time exhange cost,Call for Quote,1.5 time exhange cost,Each,Each,Refurbished,Y,1.000000,Same Day,,,,
21495213,Avante Health Solutions,GE,MX150 RELOAD CASING,Call for Quote,2.5 time exhange cost,Call for Quote,1.5 time exhange cost,Each,Each,Refurbished,Y,2.000000,Same Day,,,,
2153562,Avante Health Solutions,GE,RP Brake Assy.,Call for Quote,2.5 time exhange cost,Call for Quote,1.5 time exhange cost,Each,Each,Refurbished,Y,9.000000,Same Day,,,,
2155496,Avante Health Solutions,GE,Omega IV long pot,Call for Quote,2.5 time exhange cost,Call for Quote,1.5 time exhange cost,Each,Each,Refurbished,Y,2.000000,Same Day,,,,
2155498,Avante Health Solutions,GE,Omega IV long pot P401,Call for Quote,2.5 time exhange cost,Call for Quote,1.5 time exhange cost,Each,Each,Refurbished,Y,1.000000,Same Day,,,,
2160-3504,Avante Health Solutions,Philips / ADAC,AXi Hard Drive,Call for Quote,2.5 time exhange cost,Call for Quote,1.5 time exhange cost,Each,Each,Refurbished,Y,1.000000,Same Day,,,,
2184655,Avante Health Solutions,GE,EMERGENCY STOP ASSEMBLY,Call for Quote,2.5 time exhange cost,Call for Quote,1.5 time exhange cost,Each,Each,Refurbished,Y,1.000000,Same Day,,,,
11002310,Avante Health Solutions,SIEMENS,"L13-5 Needle Guide Kit, Freestyle (11001907)",Call for Quote,2.5 time exhange cost,Call for Quote,1.5 time exhange cost,Each,Each,Refurbished,Y,1.000000,Same Day,,,,
11014284,Avante Health Solutions,SIEMENS,P500 FEB ASSY,Call for Quote,2.5 time exhange cost,Call for Quote,1.5 time exhange cost,Each,Each,Refurbished,Y,1.000000,Same Day,,,,
11147729,Avante Health Solutions,SIEMENS,LONG PROBE HOLDER,Call for Quote,2.5 time exhange cost,Call for Quote,1.5 time exhange cost,Each,Each,Refurbished,Y,1.000000,Same Day,,,,
11235380,Avante Health Solutions,SIEMENS,P500 QWERTY keyboard,Call for Quote,2.5 time exhange cost,Call for Quote,1.5 time exhange cost,Each,Each,Refurbished,Y,1.000000,Same Day,,,,
14416956,Avante Health Solutions,Siemens,Sentinelle Breast Coil,Call for Quote,2.5 time exhange cost,Call for Quote,1.5 time exhange cost,Each,Each,Refurbished,Y,1.000000,Same Day,,,,
1480-1050,Avante Health Solutions,PHILIPS,"Pin, Hinge Cart Top",Call for Quote,2.5 time exhange cost,Call for Quote,1.5 time exhange cost,Each,Each,Refurbished,Y,1.000000,Same Day,,,,
1608558,Avante Health Solutions,Siemens,LASER LIGHT LOCALIZER,Call for Quote,2.5 time exhange cost,Call for Quote,1.5 time exhange cost,Each,Each,Refurbished,Y,3.000000,Same Day,,,,
160GB ATA HDD,Avante Health Solutions,MULTIPLE,160GB IDE/ATA HDD,Call for Quote,2.5 time exhange cost,Call for Quote,1.5 time exhange cost,Each,Each,Refurbished,Y,1.000000,Same Day,,,,
190P5ES,Avante Health Solutions,Philips,BRILLIANCE 190P COLOR MONITOR,Call for Quote,2.5 time exhange cost,Call for Quote,1.5 time exhange cost,Each,Each,Refurbished,Y,2.000000,Same Day,,,,
1P7396463,Avante Health Solutions,Siemens,NISE FILTER D346,Call for Quote,2.5 time exhange cost,Call for Quote,1.5 time exhange cost,Each,Each,Refurbished,Y,3.000000,Same Day,,,,
1P8379443,Avante Health Solutions,Siemens,DVI Distributor,Call for Quote,2.5 time exhange cost,Call for Quote,1.5 time exhange cost,Each,Each,Refurbished,Y,3.000000,Same Day,,,,
2100-1480,Avante Health Solutions,PHILIPS,"ATL, Trackball Assy (HDI 5000)",Call for Quote,2.5 time exhange cost,Call for Quote,1.5 time exhange cost,Each,Each,Refurbished,Y,1.000000,Same Day,,,,
11062029,Avante Health Solutions,Siemens,IES Tower 13E =!=,Call for Quote,2.5 time exhange cost,Call for Quote,1.5 time exhange cost,Each,Each,Refurbished,Y,1.000000,Same Day,,,,
11146740,Avante Health Solutions,SIEMENS,"Siemens, Physio Module",Call for Quote,2.5 time exhange cost,Call for Quote,1.5 time exhange cost,Each,Each,Refurbished,Y,1.000000,Same Day,,,,
11147725,Avante Health Solutions,SIEMENS,S2000 Helix Short Probe Holder,Call for Quote,2.5 time exhange cost,Call for Quote,1.5 time exhange cost,Each,Each,Refurbished,Y,1.000000,Same Day,,,,
11149587,Avante Health Solutions,SIEMENS,Acuson Swiftlink Volume,Call for Quote,2.5 time exhange cost,Call for Quote,1.5 time exhange cost,Each,Each,Refurbished,Y,2.000000,Same Day,,,,
11234954,Avante Health Solutions,Siemens,MCM4 with D307 board,Call for Quote,2.5 time exhange cost,Call for Quote,1.5 time exhange cost,Each,Each,Refurbished,Y,1.000000,Same Day,,,,
11284923,Avante Health Solutions,,Siemens 11M3 Transducer New Sequoia,Call for Quote,2.5 time exhange cost,Call for Quote,1.5 time exhange cost,Each,Each,Refurbished,Y,1.000000,Same Day,,,,
11286597,Avante Health Solutions,SIEMENS,S2000 Helix Evolution Control Panel (see PN 11287361),Call for Quote,2.5 time exhange cost,Call for Quote,1.5 time exhange cost,Each,Each,Refurbished,Y,1.000000,Same Day,,,,
11508055,Avante Health Solutions,SIEMENS,FRU Set Gas Spring ACUSON SEQUOIA NG,Call for Quote,2.5 time exhange cost,Call for Quote,1.5 time exhange cost,Each,Each,Refurbished,Y,1.000000,Same Day,,,,
14R9246,Avante Health Solutions,,82.3GB IDE Hard Drive,Call for Quote,2.5 time exhange cost,Call for Quote,1.5 time exhange cost,Each,Each,Refurbished,Y,6.000000,Same Day,,,,
15701009,Avante Health Solutions,Philips,MECHATRONICS FAN,Call for Quote,2.5 time exhange cost,Call for Quote,1.5 time exhange cost,Each,Each,Refurbished,Y,1.000000,Same Day,,,,
178507,Avante Health Solutions,Philips,Revolution Counter,Call for Quote,2.5 time exhange cost,Call for Quote,1.5 time exhange cost,Each,Each,Refurbished,Y,1.000000,Same Day,,,,
180B2 1802W,Avante Health Solutions,Philips,"18"" LCD Monitor Black",Call for Quote,2.5 time exhange cost,Call for Quote,1.5 time exhange cost,Each,Each,Refurbished,Y,2.000000,Same Day,,,,
2100968-2,Avante Health Solutions,GE,MV ME CPU,Call for Quote,2.5 time exhange cost,Call for Quote,1.5 time exhange cost,Each,Each,Refurbished,Y,1.000000,Same Day,,,,
2105617-5,Avante Health Solutions,GE,Single Terminated Laser Diode,Call for Quote,2.5 time exhange cost,Call for Quote,1.5 time exhange cost,Each,Each,Refurbished,Y,9.000000,Same Day,,,,
2108-20-65857,Avante Health Solutions,MINDRAY,"CPU Fan, Mindray",Call for Quote,2.5 time exhange cost,Call for Quote,1.5 time exhange cost,Each,Each,Refurbished,Y,1.000000,Same Day,,,,
2108-30-65849,Avante Health Solutions,MINDRAY,MINDRAY M5 Transducer Board,Call for Quote,2.5 time exhange cost,Call for Quote,1.5 time exhange cost,Each,Each,Refurbished,Y,1.000000,Same Day,,,,
2108-30-65873,Avante Health Solutions,MINDRAY,Mindray M5 MAIN BOARD,Call for Quote,2.5 time exhange cost,Call for Quote,1.5 time exhange cost,Each,Each,Refurbished,Y,1.000000,Same Day,,,,
2111391,Avante Health Solutions,GE,ARCNET HUB,Call for Quote,2.5 time exhange cost,Call for Quote,1.5 time exhange cost,Each,Each,Refurbished,Y,2.000000,Same Day,,,,
2114067C,Avante Health Solutions,GE,VERTICAL OM4 DRIVE W P6,Call for Quote,2.5 time exhange cost,Call for Quote,1.5 time exhange cost,Each,Each,Refurbished,Y,1.000000,Same Day,,,,
2128554,Avante Health Solutions,GE,1.5T GP Flex Coil,Call for Quote,2.5 time exhange cost,Call for Quote,1.5 time exhange cost,Each,Each,Refurbished,Y,1.000000,Same Day,,,,
2140006,Avante Health Solutions,GE,Rear Cover (Omega Table),Call for Quote,2.5 time exhange cost,Call for Quote,1.5 time exhange cost,Each,Each,Refurbished,Y,1.000000,Same Day,,,,
21495222,Avante Health Solutions,GE,MX150 Tube,Call for Quote,2.5 time exhange cost,Call for Quote,1.5 time exhange cost,Each,Each,Refurbished,Y,4.000000,Same Day,,,,
2158109,Avante Health Solutions,GE,ROTATION,Call for Quote,2.5 time exhange cost,Call for Quote,1.5 time exhange cost,Each,Each,Refurbished,Y,1.000000,Same Day,,,,
2179022,Avante Health Solutions,GE,XDISP BD Assy,Call for Quote,2.5 time exhange cost,Call for Quote,1.5 time exhange cost,Each,Each,Refurbished,Y,3.000000,Same Day,,,,
10440227,Avante Health Solutions,SIEMENS,"S2000, DIGITAL POWER SUPPLY",Call for Quote,2.5 time exhange cost,Call for Quote,1.5 time exhange cost,Each,Each,Refurbished,Y,4.000000,Same Day,,,,
10441347,Avante Health Solutions,SIEMENS,"Siemens S2000, Control Panel 4, English",Call for Quote,2.5 time exhange cost,Call for Quote,1.5 time exhange cost,Each,Each,Refurbished,Y,1.000000,Same Day,,,,
10498290,Avante Health Solutions,Siemens,Syngo ICS Tower 10B,Call for Quote,2.5 time exhange cost,Call for Quote,1.5 time exhange cost,Each,Each,Refurbished,Y,3.000000,Same Day,,,,
10498292,Avante Health Solutions,SIEMENS,IES Tower 10D =!=,Call for Quote,2.5 time exhange cost,Call for Quote,1.5 time exhange cost,Each,Each,Refurbished,Y,1.000000,Same Day,,,,
10520173,Avante Health Solutions,Siemens,CONVERTER ANOLOG TO DVI D,Call for Quote,2.5 time exhange cost,Call for Quote,1.5 time exhange cost,Each,Each,Refurbished,Y,1.000000,Same Day,,,,
10546639,Avante Health Solutions,Siemens,N-Cutout 8A 400VAC 2pol. Car.C,Call for Quote,2.5 time exhange cost,Call for Quote,1.5 time exhange cost,Each,Each,Refurbished,Y,1.000000,Same Day,,,,
10589600,Avante Health Solutions,SIEMENS,Tube collimator Z62,Call for Quote,2.5 time exhange cost,Call for Quote,1.5 time exhange cost,Each,Each,Refurbished,Y,1.000000,Same Day,,,,
10590012,Avante Health Solutions,,W605 Cable,Call for Quote,2.5 time exhange cost,Call for Quote,1.5 time exhange cost,Each,Each,Refurbished,Y,1.000000,Same Day,,,,
10590101-N,Avante Health Solutions,Siemens,Seagate Exos 7E8 2TB 7200RPM SATA 6Gbps 256MB Cache (512e) 3.5-inch Internal Hard Drive,Call for Quote,2.5 time exhange cost,Call for Quote,1.5 time exhange cost,Each,Each,New OEM Original,Y,1.000000,Same Day,,,,
10656012,Avante Health Solutions,Siemens,"monitor 19"" color",Call for Quote,2.5 time exhange cost,Call for Quote,1.5 time exhange cost,Each,Each,Refurbished,Y,1.000000,Same Day,,,,
10656056,Avante Health Solutions,Siemens,"19"" Color Monitor DSC1913-D",Call for Quote,2.5 time exhange cost,Call for Quote,1.5 time exhange cost,Each,Each,Refurbished,Y,10.000000,Same Day,,,,
10657173,Avante Health Solutions,SIEMENS,Siemens X150 Transducer Interface,Call for Quote,2.5 time exhange cost,Call for Quote,1.5 time exhange cost,Each,Each,Refurbished,Y,3.000000,Same Day,,,,
2181814,Avante Health Solutions,GE,RIGHT REAR SOUND PROOFED COVER,Call for Quote,2.5 time exhange cost,Call for Quote,1.5 time exhange cost,Each,Each,Refurbished,Y,2.000000,Same Day,,,,
2194456-3,Avante Health Solutions,GE,P9233PU ESU Assy,Call for Quote,2.5 time exhange cost,Call for Quote,1.5 time exhange cost,Each,Each,Refurbished,Y,1.000000,Same Day,,,,
2204151-4,Avante Health Solutions,,12 PORT 10/100MBIT SWITCH,Call for Quote,2.5 time exhange cost,Call for Quote,1.5 time exhange cost,Each,Each,Refurbished,Y,1.000000,Same Day,,,,
2209840,Avante Health Solutions,GE,EMC FILTER TRI,Call for Quote,2.5 time exhange cost,Call for Quote,1.5 time exhange cost,Each,Each,Refurbished,Y,1.000000,Same Day,,,,
22098402,Avante Health Solutions,GE,EMC Filter TRI V2B Bd.,Call for Quote,2.5 time exhange cost,Call for Quote,1.5 time exhange cost,Each,Each,Refurbished,Y,8.000000,Same Day,,,,
2214768-3,Avante Health Solutions,GE,Helios 3 Colllimator,Call for Quote,2.5 time exhange cost,Call for Quote,1.5 time exhange cost,Each,Each,Refurbished,Y,2.000000,Same Day,,,,
2225217,Avante Health Solutions,GE,POWER SUPPLY 12VDC ASM,Call for Quote,2.5 time exhange cost,Call for Quote,1.5 time exhange cost,Each,Each,Refurbished,Y,5.000000,Same Day,,,,
2225545-6,Avante Health Solutions,GE,4 Ch CTL Coil,Call for Quote,2.5 time exhange cost,Call for Quote,1.5 time exhange cost,Each,Each,Refurbished,Y,1.000000,Same Day,,,,
2233402,Avante Health Solutions,GE,Axial Drive Motor Controller,Call for Quote,2.5 time exhange cost,Call for Quote,1.5 time exhange cost,Each,Each,Refurbished,Y,8.000000,Same Day,,,,
2241999,Avante Health Solutions,GE,Twin Blower Cabinet MG6,Call for Quote,2.5 time exhange cost,Call for Quote,1.5 time exhange cost,Each,Each,Refurbished,Y,1.000000,Same Day,,,,
2253562,Avante Health Solutions,GE,8 SLICE DAS CONTROL BOARD (DCB),Call for Quote,2.5 time exhange cost,Call for Quote,1.5 time exhange cost,Each,Each,Refurbished,Y,1.000000,Same Day,,,,
22564392001,Avante Health Solutions,GE,LC REST POINT BOARD,Call for Quote,2.5 time exhange cost,Call for Quote,1.5 time exhange cost,Each,Each,Refurbished,Y,3.000000,Same Day,,,,
2185723,Avante Health Solutions,GE,RP Omega V Table Limit Switch,Call for Quote,2.5 time exhange cost,Call for Quote,1.5 time exhange cost,Each,Each,Refurbished,Y,1.000000,Same Day,,,,
2188902-11,Avante Health Solutions,GE,"LOGIQ 9, Lower Operator Assy Bezel",Call for Quote,2.5 time exhange cost,Call for Quote,1.5 time exhange cost,Each,Each,Refurbished,Y,1.000000,Same Day,,,,
22003862,Avante Health Solutions,,Breathing Light Asm,Call for Quote,2.5 time exhange cost,Call for Quote,1.5 time exhange cost,Each,Each,Refurbished,Y,9.000000,Same Day,,,,
2200386-2,Avante Health Solutions,GE,Breathing Light Asm,Call for Quote,2.5 time exhange cost,Call for Quote,1.5 time exhange cost,Each,Each,Refurbished,Y,2.000000,Same Day,,,,
2214620,Avante Health Solutions,GE,Table Pan Handle,Call for Quote,2.5 time exhange cost,Call for Quote,1.5 time exhange cost,Each,Each,Refurbished,Y,1.000000,Same Day,,,,
2215261,Avante Health Solutions,GE,1.5T 4 Ch Phased Array Torso Coil,Call for Quote,2.5 time exhange cost,Call for Quote,1.5 time exhange cost,Each,Each,Refurbished,Y,1.000000,Same Day,,,,
2224296-3,Avante Health Solutions,GE,GOLDSEAL VE-GE CPU Board,Call for Quote,2.5 time exhange cost,Call for Quote,1.5 time exhange cost,Each,Each,Refurbished,Y,1.000000,Same Day,,,,
2224559,Avante Health Solutions,GE,Advantx Console,Call for Quote,2.5 time exhange cost,Call for Quote,1.5 time exhange cost,Each,Each,Refurbished,Y,1.000000,Same Day,,,,
2225252-6,Avante Health Solutions,GE,Large Shoulder Coil,Call for Quote,2.5 time exhange cost,Call for Quote,1.5 time exhange cost,Each,Each,Refurbished,Y,3.000000,Same Day,,,,
22370712,Avante Health Solutions,GE,CARDIO COLLIMATOR,Call for Quote,2.5 time exhange cost,Call for Quote,1.5 time exhange cost,Each,Each,Refurbished,Y,2.000000,Same Day,,,,
22374585,Avante Health Solutions,GE,TSSC,Call for Quote,2.5 time exhange cost,Call for Quote,1.5 time exhange cost,Each,Each,Refurbished,Y,1.000000,Same Day,,,,
2237469-9,Avante Health Solutions,GE,TSSC CLASSIC,Call for Quote,2.5 time exhange cost,Call for Quote,1.5 time exhange cost,Each,Each,Refurbished,Y,1.000000,Same Day,,,,
18GB SCSI50 HDD,Avante Health Solutions,MULTIPLE,18GB SCSI HDD (50 PIN),Call for Quote,2.5 time exhange cost,Call for Quote,1.5 time exhange cost,Each,Each,Refurbished,Y,2.000000,Same Day,,,,
190B7CB,Avante Health Solutions,Philips,19in COLOR MONITOR,Call for Quote,2.5 time exhange cost,Call for Quote,1.5 time exhange cost,Each,Each,Refurbished,Y,1.000000,Same Day,,,,
1P10187072,Avante Health Solutions,Siemens,Gantry Tilt Motor,Call for Quote,2.5 time exhange cost,Call for Quote,1.5 time exhange cost,Each,Each,Refurbished,Y,1.000000,Same Day,,,,
1P3077955B3305,Avante Health Solutions,,UNIVERSAL POWER DESTRIBUTER,Call for Quote,2.5 time exhange cost,Call for Quote,1.5 time exhange cost,Each,Each,Refurbished,Y,1.000000,Same Day,,,,
2104799R,Avante Health Solutions,GE,1.5T 4 Ch CTL Coil Teledyne,Call for Quote,2.5 time exhange cost,Call for Quote,1.5 time exhange cost,Each,Each,Refurbished,Y,1.000000,Same Day,,,,
2107822,Avante Health Solutions,GE,REG ASM/NON VAC,Call for Quote,2.5 time exhange cost,Call for Quote,1.5 time exhange cost,Each,Each,Refurbished,Y,7.000000,Same Day,,,,
2108-20-65858,Avante Health Solutions,MINDRAY,"Speaker, Mindray M5",Call for Quote,2.5 time exhange cost,Call for Quote,1.5 time exhange cost,Each,Each,Refurbished,Y,1.000000,Same Day,,,,
2108-30-65790,Avante Health Solutions,MINDRAY,"CPU Board and Radiator Module, Mindray",Call for Quote,2.5 time exhange cost,Call for Quote,1.5 time exhange cost,Each,Each,Refurbished,Y,1.000000,Same Day,,,,
2113411,Avante Health Solutions,GE,170V Power Supply w/ Filters Assy,Call for Quote,2.5 time exhange cost,Call for Quote,1.5 time exhange cost,Each,Each,Refurbished,Y,2.000000,Same Day,,,,
21140672,Avante Health Solutions,GE,VERTICAL LIFT BOARD,Call for Quote,2.5 time exhange cost,Call for Quote,1.5 time exhange cost,Each,Each,Refurbished,Y,2.000000,Same Day,,,,
2117848-2,Avante Health Solutions,GE,Fiber Optic Cable 24384 +/- 150,Call for Quote,2.5 time exhange cost,Call for Quote,1.5 time exhange cost,Each,Each,Refurbished,Y,1.000000,Same Day,,,,
21221A,Avante Health Solutions,PHILIPS,HP 1.9 Mhz CW Doppler Transducer (Sonos),Call for Quote,2.5 time exhange cost,Call for Quote,1.5 time exhange cost,Each,Each,Refurbished,Y,2.000000,Same Day,,,,
21221B,Avante Health Solutions,PHILIPS,HP 1.9 Mhz CW Doppler Transducer,Call for Quote,2.5 time exhange cost,Call for Quote,1.5 time exhange cost,Each,Each,Refurbished,Y,6.000000,Same Day,,,,
21222A,Avante Health Solutions,PHILIPS,HP 1.9 Mhz CW Doppler Transducer,Call for Quote,2.5 time exhange cost,Call for Quote,1.5 time exhange cost,Each,Each,Refurbished,Y,1.000000,Same Day,,,,
2125878,Avante Health Solutions,GE,Quick Release Coupling,Call for Quote,2.5 time exhange cost,Call for Quote,1.5 time exhange cost,Each,Each,Refurbished,Y,2.000000,Same Day,,,,
2127315,Avante Health Solutions,GE,"3"" Round Coil",Call for Quote,2.5 time exhange cost,Call for Quote,1.5 time exhange cost,Each,Each,Refurbished,Y,2.000000,Same Day,,,,
2130920,Avante Health Solutions,GE,AXIS INTERCONNECT BOARD,Call for Quote,2.5 time exhange cost,Call for Quote,1.5 time exhange cost,Each,Each,Refurbished,Y,6.000000,Same Day,,,,
21311A,Avante Health Solutions,PHILIPS,HP (S3) 1.0-3.0 Mhz Phased (HP5500),Call for Quote,2.5 time exhange cost,Call for Quote,1.5 time exhange cost,Each,Each,Refurbished,Y,1.000000,Same Day,,,,
21420363,Avante Health Solutions,GE,MX150 Tube,Call for Quote,2.5 time exhange cost,Call for Quote,1.5 time exhange cost,Each,Each,Refurbished,Y,2.000000,Same Day,,,,
2154834,Avante Health Solutions,GE,MA Control Board,Call for Quote,2.5 time exhange cost,Call for Quote,1.5 time exhange cost,Each,Each,Refurbished,Y,2.000000,Same Day,,,,
2160-3504A,Avante Health Solutions,Philips / ADAC,AXi Hard Drive,Call for Quote,2.5 time exhange cost,Call for Quote,1.5 time exhange cost,Each,Each,Refurbished,Y,1.000000,Same Day,,,,
2161306,Avante Health Solutions,GE,HV Tank Fast (-) Cathode,Call for Quote,2.5 time exhange cost,Call for Quote,1.5 time exhange cost,Each,Each,Refurbished,Y,2.000000,Same Day,,,,
2184798,Avante Health Solutions,GE,SYSTEM INTERFACE BOARD,Call for Quote,2.5 time exhange cost,Call for Quote,1.5 time exhange cost,Each,Each,Refurbished,Y,3.000000,Same Day,,,,
2188902-8,Avante Health Solutions,GE,GE L9 Buttons,Call for Quote,2.5 time exhange cost,Call for Quote,1.5 time exhange cost,Each,Each,Refurbished,Y,2.000000,Same Day,,,,
2245482,Avante Health Solutions,GE,Signal Interface Board,Call for Quote,2.5 time exhange cost,Call for Quote,1.5 time exhange cost,Each,Each,Refurbished,Y,1.000000,Same Day,,,,
2253686,Avante Health Solutions,GE,Signal Brush Tip Cap,Call for Quote,2.5 time exhange cost,Call for Quote,1.5 time exhange cost,Each,Each,Refurbished,Y,17.000000,Same Day,,,,
2260207,Avante Health Solutions,GE,"LOGIQ 9, BMP4",Call for Quote,2.5 time exhange cost,Call for Quote,1.5 time exhange cost,Each,Each,Refurbished,Y,1.000000,Same Day,,,,
2261111,Avante Health Solutions,GE,"RP ELEVATOR MOTOR WIRED, SANYO DENKI",Call for Quote,2.5 time exhange cost,Call for Quote,1.5 time exhange cost,Each,Each,Refurbished,Y,1.000000,Same Day,,,,
2261134,Avante Health Solutions,,TUBE COOLING HOSES,Call for Quote,2.5 time exhange cost,Call for Quote,1.5 time exhange cost,Each,Each,Refurbished,Y,1.000000,Same Day,,,,
2264602-2,Avante Health Solutions,GE,LOGIQ 7 SINANO ASSY,Call for Quote,2.5 time exhange cost,Call for Quote,1.5 time exhange cost,Each,Each,Refurbished,Y,2.000000,Same Day,,,,
2266934-2,Avante Health Solutions,GE,Axial Dynamic Braking Module,Call for Quote,2.5 time exhange cost,Call for Quote,1.5 time exhange cost,Each,Each,Refurbished,Y,1.000000,Same Day,,,,
2269169,Avante Health Solutions,GE,Cradle Drive Assy,Call for Quote,2.5 time exhange cost,Call for Quote,1.5 time exhange cost,Each,Each,Refurbished,Y,2.000000,Same Day,,,,
22704392,Avante Health Solutions,GE,Panning Bd.,Call for Quote,2.5 time exhange cost,Call for Quote,1.5 time exhange cost,Each,Each,Refurbished,Y,1.000000,Same Day,,,,
2271661,Avante Health Solutions,GE,H2 Cover Breathing Light Cable,Call for Quote,2.5 time exhange cost,Call for Quote,1.5 time exhange cost,Each,Each,Refurbished,Y,1.000000,Same Day,,,,
2275758,Avante Health Solutions,GE,Keyboard SCIM,Call for Quote,2.5 time exhange cost,Call for Quote,1.5 time exhange cost,Each,Each,Refurbished,Y,3.000000,Same Day,,,,
2277405,Avante Health Solutions,GE,Small Patient Sensor,Call for Quote,2.5 time exhange cost,Call for Quote,1.5 time exhange cost,Each,Each,Refurbished,Y,6.000000,Same Day,,,,
10613288-N,Avante Health Solutions,Siemens,OR70 Syphon Compression Ring,Call for Quote,2.5 time exhange cost,Call for Quote,1.5 time exhange cost,Each,Each,New OEM Original,Y,2.000000,Same Day,,,,
10656064,Avante Health Solutions,Siemens,55” EIZO Siemens Monitor,Call for Quote,2.5 time exhange cost,Call for Quote,1.5 time exhange cost,Each,Each,Refurbished,Y,1.000000,Same Day,,,,
10661039,Avante Health Solutions,Siemens (Sony),SATA DVD Drive (AD-7250H-BL),Call for Quote,2.5 time exhange cost,Call for Quote,1.5 time exhange cost,Each,Each,Refurbished,Y,8.000000,Same Day,,,,
10662820,Avante Health Solutions,,Service Part Matrix Inverter,Call for Quote,2.5 time exhange cost,Call for Quote,1.5 time exhange cost,Each,Each,Refurbished,Y,1.000000,Same Day,,,,
1070721,Avante Health Solutions,Siemens,Micro Switch 1U 250V 6A,Call for Quote,2.5 time exhange cost,Call for Quote,1.5 time exhange cost,Each,Each,Refurbished,Y,4.000000,Same Day,,,,
10756917,Avante Health Solutions,Siemens,PCB Connector Panel,Call for Quote,2.5 time exhange cost,Call for Quote,1.5 time exhange cost,Each,Each,Refurbished,Y,1.000000,Same Day,,,,
10765458,Avante Health Solutions,Siemens,IAS BB2 PC,Call for Quote,2.5 time exhange cost,Call for Quote,1.5 time exhange cost,Each,Each,Refurbished,Y,3.000000,Same Day,,,,
10786512,Avante Health Solutions,SIEMENS,X300PE BE PWA (MCP PS),Call for Quote,2.5 time exhange cost,Call for Quote,1.5 time exhange cost,Each,Each,Refurbished,Y,1.000000,Same Day,,,,
10851580,Avante Health Solutions,SIEMENS,"Siemens SC2000, CPUI Assembly",Call for Quote,2.5 time exhange cost,Call for Quote,1.5 time exhange cost,Each,Each,Refurbished,Y,1.000000,Same Day,,,,
10852418,Avante Health Solutions,SIEMENS,"Video board, P300",Call for Quote,2.5 time exhange cost,Call for Quote,1.5 time exhange cost,Each,Each,Refurbished,Y,1.000000,Same Day,,,,
10852420,Avante Health Solutions,Siemens,"Keyboard, assy, P300",Call for Quote,2.5 time exhange cost,Call for Quote,1.5 time exhange cost,Each,Each,Refurbished,Y,1.000000,Same Day,,,,
10852422,Avante Health Solutions,Siemens,"LCD Display, P300",Call for Quote,2.5 time exhange cost,Call for Quote,1.5 time exhange cost,Each,Each,Refurbished,Y,1.000000,Same Day,,,,
2283532-2,Avante Health Solutions,GE,HV Regulator (Logiq 7),Call for Quote,2.5 time exhange cost,Call for Quote,1.5 time exhange cost,Each,Each,Refurbished,Y,2.000000,Same Day,,,,
2285870002,Avante Health Solutions,GE,HEATER V4 BOARD,Call for Quote,2.5 time exhange cost,Call for Quote,1.5 time exhange cost,Each,Each,Refurbished,Y,5.000000,Same Day,,,,
2293668-2,Avante Health Solutions,,GE - Neurovascular Array Coil (Receive Only) 1.5T,Call for Quote,2.5 time exhange cost,Call for Quote,1.5 time exhange cost,Each,Each,Refurbished,Y,1.000000,Same Day,,,,
2293674-13,Avante Health Solutions,GE,Knee PA Cable with Coil ID,Call for Quote,2.5 time exhange cost,Call for Quote,1.5 time exhange cost,Each,Each,Refurbished,Y,1.000000,Same Day,,,,
22954672,Avante Health Solutions,GE,GENERIC INTERFACE V2 BOARD,Call for Quote,2.5 time exhange cost,Call for Quote,1.5 time exhange cost,Each,Each,Refurbished,Y,1.000000,Same Day,,,,
2296122,Avante Health Solutions,,Prolong Pos. HiC brd,Call for Quote,2.5 time exhange cost,Call for Quote,1.5 time exhange cost,Each,Each,Refurbished,Y,2.000000,Same Day,,,,
23004752,Avante Health Solutions,GE,Apollo Power Supply,Call for Quote,2.5 time exhange cost,Call for Quote,1.5 time exhange cost,Each,Each,Refurbished,Y,1.000000,Same Day,,,,
2300475-2,Avante Health Solutions,GE,Detector power supply,Call for Quote,2.5 time exhange cost,Call for Quote,1.5 time exhange cost,Each,Each,Refurbished,Y,1.000000,Same Day,,,,
2300875,Avante Health Solutions,GE,COOLIX 4000 DISPLAY CARD,Call for Quote,2.5 time exhange cost,Call for Quote,1.5 time exhange cost,Each,Each,Refurbished,Y,1.000000,Same Day,,,,
23023612,Avante Health Solutions,GE,Apollo Power Supply,Call for Quote,2.5 time exhange cost,Call for Quote,1.5 time exhange cost,Each,Each,Refurbished,Y,1.000000,Same Day,,,,
2302361-2,Avante Health Solutions,GE,Detector Power supply,Call for Quote,2.5 time exhange cost,Call for Quote,1.5 time exhange cost,Each,Each,Refurbished,Y,3.000000,Same Day,,,,
2308694,Avante Health Solutions,GE,CD READER,Call for Quote,2.5 time exhange cost,Call for Quote,1.5 time exhange cost,Each,Each,Refurbished,Y,1.000000,Same Day,,,,
22000141,Avante Health Solutions,GE,Heater V3 board (43),Call for Quote,2.5 time exhange cost,Call for Quote,1.5 time exhange cost,Each,Each,Refurbished,Y,1.000000,Same Day,,,,
2200386-4,Avante Health Solutions,GE,Breathing Light ASM - White N9 and Blue LEDs,Call for Quote,2.5 time exhange cost,Call for Quote,1.5 time exhange cost,Each,Each,Refurbished,Y,2.000000,Same Day,,,,
2216500-2,Avante Health Solutions,GE,Performix 160 Tube,Call for Quote,2.5 time exhange cost,Call for Quote,1.5 time exhange cost,Each,Each,Refurbished,Y,3.000000,Same Day,,,,
2222015,Avante Health Solutions,GE,PIVOT MOTOR DRIVE,Call for Quote,2.5 time exhange cost,Call for Quote,1.5 time exhange cost,Each,Each,Refurbished,Y,2.000000,Same Day,,,,
2225004-5,Avante Health Solutions,GE,Hard Drive 36GB 15KRPM SC,Call for Quote,2.5 time exhange cost,Call for Quote,1.5 time exhange cost,Each,Each,Refurbished,Y,1.000000,Same Day,,,,
2225212-4,Avante Health Solutions,GE,"POWER SUPPLY ASM 24V, F-CASE",Call for Quote,2.5 time exhange cost,Call for Quote,1.5 time exhange cost,Each,Each,Refurbished,Y,2.000000,Same Day,,,,
2233488,Avante Health Solutions,GE,LSCOM Board,Call for Quote,2.5 time exhange cost,Call for Quote,1.5 time exhange cost,Each,Each,Refurbished,Y,2.000000,Same Day,,,,
2235342-3,Avante Health Solutions,GE,AXIAL MOTOR W/ SPROCKET,Call for Quote,2.5 time exhange cost,Call for Quote,1.5 time exhange cost,Each,Each,Refurbished,Y,2.000000,Same Day,,,,
2247677,Avante Health Solutions,GE,ADAPT SINGLE/BIPLANE,Call for Quote,2.5 time exhange cost,Call for Quote,1.5 time exhange cost,Each,Each,Refurbished,Y,2.000000,Same Day,,,,
2248475,Avante Health Solutions,GE,STC Backplane,Call for Quote,2.5 time exhange cost,Call for Quote,1.5 time exhange cost,Each,Each,Refurbished,Y,1.000000,Same Day,,,,
2250064,Avante Health Solutions,GE,Security Bd.,Call for Quote,2.5 time exhange cost,Call for Quote,1.5 time exhange cost,Each,Each,Refurbished,Y,3.000000,Same Day,,,,
2256572,Avante Health Solutions,GE,Quad Splitter,Call for Quote,2.5 time exhange cost,Call for Quote,1.5 time exhange cost,Each,Each,Refurbished,Y,1.000000,Same Day,,,,
10864100,Avante Health Solutions,Siemens,IRS Tower 5S / S5,Call for Quote,2.5 time exhange cost,Call for Quote,1.5 time exhange cost,Each,Each,Refurbished,Y,1.000000,Same Day,,,,
10864102,Avante Health Solutions,Siemens,IRS-S5 Computer,Call for Quote,2.5 time exhange cost,Call for Quote,1.5 time exhange cost,Each,Each,Refurbished,Y,1.000000,Same Day,,,,
10864203,Avante Health Solutions,Siemens,ICS tower 12E,Call for Quote,2.5 time exhange cost,Call for Quote,1.5 time exhange cost,Each,Each,Refurbished,Y,1.000000,Same Day,,,,
10962958,Avante Health Solutions,,AC-DC 230V-AC 24V/4.2A 100W,Call for Quote,2.5 time exhange cost,Call for Quote,1.5 time exhange cost,Each,Each,Refurbished,Y,1.000000,Same Day,,,,
11001653,Avante Health Solutions,SIEMENS,ACUSON Freestyle Rear Cover Assy,Call for Quote,2.5 time exhange cost,Call for Quote,1.5 time exhange cost,Each,Each,Refurbished,Y,1.000000,Same Day,,,,
11002309,Avante Health Solutions,SIEMENS,"L8-3 Needle Guide Kit, Freestyle (11001906)",Call for Quote,2.5 time exhange cost,Call for Quote,1.5 time exhange cost,Each,Each,Refurbished,Y,1.000000,Same Day,,,,
11146910,Avante Health Solutions,SIEMENS,"PWR SUPPLY, SMS3 AC TRAY",Call for Quote,2.5 time exhange cost,Call for Quote,1.5 time exhange cost,Each,Each,Refurbished,Y,1.000000,Same Day,,,,
11147260,Avante Health Solutions,Siemens,P300 PA023 Transducer,Call for Quote,2.5 time exhange cost,Call for Quote,1.5 time exhange cost,Each,Each,Refurbished,Y,1.000000,Same Day,,,,
11147269,Avante Health Solutions,SIEMENS,"Siemens, PWA, BE3_ROHS",Call for Quote,2.5 time exhange cost,Call for Quote,1.5 time exhange cost,Each,Each,Refurbished,Y,8.000000,Same Day,,,,
11147675,Avante Health Solutions,SIEMENS,"Siemens S3000, Touch Panel - see PN 11286599",Call for Quote,2.5 time exhange cost,Call for Quote,1.5 time exhange cost,Each,Each,Refurbished,Y,1.000000,Same Day,,,,
11148317,Avante Health Solutions,SIEMENS,"ASY, CMPS, CARDCAGE",Call for Quote,2.5 time exhange cost,Call for Quote,1.5 time exhange cost,Each,Each,Refurbished,Y,1.000000,Same Day,,,,
11149445,Avante Health Solutions,SIEMENS,EM Fan Tray - 5Touch,Call for Quote,2.5 time exhange cost,Call for Quote,1.5 time exhange cost,Each,Each,Refurbished,Y,1.000000,Same Day,,,,
10658056,Avante Health Solutions,,monitor,Call for Quote,2.5 time exhange cost,Call for Quote,1.5 time exhange cost,Each,Each,Refurbished,Y,2.000000,Same Day,,,,
10658466,Avante Health Solutions,SIEMENS,X700 - Gel Warmer,Call for Quote,2.5 time exhange cost,Call for Quote,1.5 time exhange cost,Each,Each,Refurbished,Y,2.000000,Same Day,,,,
10659395,Avante Health Solutions,SIEMENS,P500 Cover Side Left,Call for Quote,2.5 time exhange cost,Call for Quote,1.5 time exhange cost,Each,Each,Refurbished,Y,1.000000,Same Day,,,,
10662826,Avante Health Solutions,Siemens,Matrix Inverter,Call for Quote,2.5 time exhange cost,Call for Quote,1.5 time exhange cost,Each,Each,Refurbished,Y,3.000000,Same Day,,,,
10663540,Avante Health Solutions,Siemens,DAS Controller A,Call for Quote,2.5 time exhange cost,Call for Quote,1.5 time exhange cost,Each,Each,Refurbished,Y,4.000000,Same Day,,,,
10843369,Avante Health Solutions,Siemens,Top Cover Left Pure White,Call for Quote,2.5 time exhange cost,Call for Quote,1.5 time exhange cost,Each,Each,Refurbished,Y,1.000000,Same Day,,,,
10843370,Avante Health Solutions,Siemens,Top Cover Right Pure White,Call for Quote,2.5 time exhange cost,Call for Quote,1.5 time exhange cost,Each,Each,Refurbished,Y,1.000000,Same Day,,,,
10848492,Avante Health Solutions,,Image Bypass Module 60950,Call for Quote,2.5 time exhange cost,Call for Quote,1.5 time exhange cost,Each,Each,Refurbished,Y,2.000000,Same Day,,,,
10851705,Avante Health Solutions,SIEMENS,TRB200 SC2000,Call for Quote,2.5 time exhange cost,Call for Quote,1.5 time exhange cost,Each,Each,Refurbished,Y,17.000000,Same Day,,,,
10852412,Avante Health Solutions,Siemens,"Input II Board, P300",Call for Quote,2.5 time exhange cost,Call for Quote,1.5 time exhange cost,Each,Each,Refurbished,Y,1.000000,Same Day,,,,
10852414,Avante Health Solutions,SIEMENS,"TRX2 Board, P300",Call for Quote,2.5 time exhange cost,Call for Quote,1.5 time exhange cost,Each,Each,Refurbished,Y,1.000000,Same Day,,,,
10855828,Avante Health Solutions,SIEMENS,"Siemens S2000, TI Module Assembly",Call for Quote,2.5 time exhange cost,Call for Quote,1.5 time exhange cost,Each,Each,Refurbished,Y,2.000000,Same Day,,,,
23201992,Avante Health Solutions,GE,OMEGA RESTPOINT,Call for Quote,2.5 time exhange cost,Call for Quote,1.5 time exhange cost,Each,Each,Refurbished,Y,3.000000,Same Day,,,,
2320719,Avante Health Solutions,GE,Gantry Intercom Board,Call for Quote,2.5 time exhange cost,Call for Quote,1.5 time exhange cost,Each,Each,Refurbished,Y,1.000000,Same Day,,,,
2320792-3,Avante Health Solutions,GE,Grid Sensor,Call for Quote,2.5 time exhange cost,Call for Quote,1.5 time exhange cost,Each,Each,Refurbished,Y,1.000000,Same Day,,,,
2324118-9,Avante Health Solutions,GE,Performix VCT Plus Auxiliary Equipped ( Aux Box ),Call for Quote,2.5 time exhange cost,Call for Quote,1.5 time exhange cost,Each,Each,Refurbished,Y,3.000000,Same Day,,,,
23253606,Avante Health Solutions,GE,Low Voltage Power Supply 400 V3 Bd.,Call for Quote,2.5 time exhange cost,Call for Quote,1.5 time exhange cost,Each,Each,Refurbished,Y,5.000000,Same Day,,,,
2325360-6,Avante Health Solutions,GE,LVPS,Call for Quote,2.5 time exhange cost,Call for Quote,1.5 time exhange cost,Each,Each,Refurbished,Y,2.000000,Same Day,,,,
23302402,Avante Health Solutions,GE,18 inch monitor,Call for Quote,2.5 time exhange cost,Call for Quote,1.5 time exhange cost,Each,Each,Refurbished,Y,1.000000,Same Day,,,,
2333147,Avante Health Solutions,GE,Tili/Tilt Limit Switch,Call for Quote,2.5 time exhange cost,Call for Quote,1.5 time exhange cost,Each,Each,Refurbished,Y,1.000000,Same Day,,,,
2333615,Avante Health Solutions,GE,850 MB Transmitter,Call for Quote,2.5 time exhange cost,Call for Quote,1.5 time exhange cost,Each,Each,Refurbished,Y,6.000000,Same Day,,,,
2337132,Avante Health Solutions,GE,Service Switch Board Assy,Call for Quote,2.5 time exhange cost,Call for Quote,1.5 time exhange cost,Each,Each,Refurbished,Y,9.000000,Same Day,,,,
2343336-2,Avante Health Solutions,GE,"Cable, Inverter to Power Interface Board w/ Ferrite",Call for Quote,2.5 time exhange cost,Call for Quote,1.5 time exhange cost,Each,Each,Refurbished,Y,1.000000,Same Day,,,,
23459642,Avante Health Solutions,GE,Mother Regulation Bd.,Call for Quote,2.5 time exhange cost,Call for Quote,1.5 time exhange cost,Each,Each,Refurbished,Y,4.000000,Same Day,,,,
2256729 B,Avante Health Solutions,GE,Left Control Panel,Call for Quote,2.5 time exhange cost,Call for Quote,1.5 time exhange cost,Each,Each,Refurbished,Y,3.000000,Same Day,,,,
2256730-4,Avante Health Solutions,GE,CT Gantry Display - White Bezel w/ Green LEDs,Call for Quote,2.5 time exhange cost,Call for Quote,1.5 time exhange cost,Each,Each,Refurbished,Y,1.000000,Same Day,,,,
2257518,Avante Health Solutions,GE,Tilt Relay Board,Call for Quote,2.5 time exhange cost,Call for Quote,1.5 time exhange cost,Each,Each,Refurbished,Y,1.000000,Same Day,,,,
2258330,Avante Health Solutions,GE,RP Anti-Collision Spring Digital Detector,Call for Quote,2.5 time exhange cost,Call for Quote,1.5 time exhange cost,Each,Each,Refurbished,Y,2.000000,Same Day,,,,
2262585-2,Avante Health Solutions,GE,DL US Keyboard PS2 Light Grey,Call for Quote,2.5 time exhange cost,Call for Quote,1.5 time exhange cost,Each,Each,Refurbished,Y,1.000000,Same Day,,,,
2264600-04,Avante Health Solutions,GE,DDBF Assy (Logiq 7),Call for Quote,2.5 time exhange cost,Call for Quote,1.5 time exhange cost,Each,Each,Refurbished,Y,2.000000,Same Day,,,,
2269177,Avante Health Solutions,GE,Latch Assembly,Call for Quote,2.5 time exhange cost,Call for Quote,1.5 time exhange cost,Each,Each,Refurbished,Y,3.000000,Same Day,,,,
2273641-4,Avante Health Solutions,GE,GE Logiq 9 FEPS 2.1,Call for Quote,2.5 time exhange cost,Call for Quote,1.5 time exhange cost,Each,Each,Refurbished,Y,1.000000,Same Day,,,,
2274266,Avante Health Solutions,GE,1.5T Body Quadrature T/R Switch & Hybrid Splitter,Call for Quote,2.5 time exhange cost,Call for Quote,1.5 time exhange cost,Each,Each,Refurbished,Y,1.000000,Same Day,,,,
22831202,Avante Health Solutions,GE,SMART AMP MCB,Call for Quote,2.5 time exhange cost,Call for Quote,1.5 time exhange cost,Each,Each,Refurbished,Y,1.000000,Same Day,,,,
2285086-2,Avante Health Solutions,GE,400MB RX HSDCD SLPR,Call for Quote,2.5 time exhange cost,Call for Quote,1.5 time exhange cost,Each,Each,Refurbished,Y,1.000000,Same Day,,,,
2289460,Avante Health Solutions,GE,GANTRY GDAS BP/CHASSIS RIGHT EMC ASSEMBLY,Call for Quote,2.5 time exhange cost,Call for Quote,1.5 time exhange cost,Each,Each,Refurbished,Y,1.000000,Same Day,,,,
2349529,Avante Health Solutions,GE,Rupture Disc,Call for Quote,2.5 time exhange cost,Call for Quote,1.5 time exhange cost,Each,Each,Refurbished,Y,1.000000,Same Day,,,,
2349603,Avante Health Solutions,GE,HP Power Brushtip Set,Call for Quote,2.5 time exhange cost,Call for Quote,1.5 time exhange cost,Each,Each,Refurbished,Y,5.000000,Same Day,,,,
2349697-3,Avante Health Solutions,GE,TGPU Board Assy,Call for Quote,2.5 time exhange cost,Call for Quote,1.5 time exhange cost,Each,Each,Refurbished,Y,5.000000,Same Day,,,,
2354720-2,Avante Health Solutions,GE,Linear Assembly Thomson MS25LXB Module Coupling,Call for Quote,2.5 time exhange cost,Call for Quote,1.5 time exhange cost,Each,Each,Refurbished,Y,1.000000,Same Day,,,,
2357621,Avante Health Solutions,GE,RF AMP2 PCB (Logiq 9),Call for Quote,2.5 time exhange cost,Call for Quote,1.5 time exhange cost,Each,Each,Refurbished,Y,1.000000,Same Day,,,,
2359518-2,Avante Health Solutions,GE,Processor Board EMC Edition,Call for Quote,2.5 time exhange cost,Call for Quote,1.5 time exhange cost,Each,Each,Refurbished,Y,1.000000,Same Day,,,,
2361774,Avante Health Solutions,GE,PDU Power Supply +24V,Call for Quote,2.5 time exhange cost,Call for Quote,1.5 time exhange cost,Each,Each,Refurbished,Y,1.000000,Same Day,,,,
2364354-2,Avante Health Solutions,GE,GDAS Thick Converter Card,Call for Quote,2.5 time exhange cost,Call for Quote,1.5 time exhange cost,Each,Each,Refurbished,Y,91.000000,Same Day,,,,
2370625-4,Avante Health Solutions,GE,115 VAC Tube Pump / Hercules Pump Adapter Hose Assy,Call for Quote,2.5 time exhange cost,Call for Quote,1.5 time exhange cost,Each,Each,Refurbished,Y,1.000000,Same Day,,,,
2371630-2,Avante Health Solutions,GE,Chassis Center EMC ASM - GDAS,Call for Quote,2.5 time exhange cost,Call for Quote,1.5 time exhange cost,Each,Each,Refurbished,Y,2.000000,Same Day,,,,
2385499,Avante Health Solutions,GE,Spring Arm Cover Set,Call for Quote,2.5 time exhange cost,Call for Quote,1.5 time exhange cost,Each,Each,Refurbished,Y,1.000000,Same Day,,,,
23898853,Avante Health Solutions,,ORP2 BD ASSY,Call for Quote,2.5 time exhange cost,Call for Quote,1.5 time exhange cost,Each,Each,Refurbished,Y,1.000000,Same Day,,,,
2256730-3,Avante Health Solutions,GE,CT Gantry Display MIST gray,Call for Quote,2.5 time exhange cost,Call for Quote,1.5 time exhange cost,Each,Each,Refurbished,Y,5.000000,Same Day,,,,
2258712-4,Avante Health Solutions,GE,Power Spply AC-DC Single 150W 24V,Call for Quote,2.5 time exhange cost,Call for Quote,1.5 time exhange cost,Each,Each,Refurbished,Y,3.000000,Same Day,,,,
2260194-2,Avante Health Solutions,GE,"GE, TD4 (Logic 9)",Call for Quote,2.5 time exhange cost,Call for Quote,1.5 time exhange cost,Each,Each,Refurbished,Y,22.000000,Same Day,,,,
2260212,Avante Health Solutions,GE,"Logiq 9, RF AMP",Call for Quote,2.5 time exhange cost,Call for Quote,1.5 time exhange cost,Each,Each,Refurbished,Y,1.000000,Same Day,,,,
2260214-3,Avante Health Solutions,GE,"GE, SCB (Logic 9)",Call for Quote,2.5 time exhange cost,Call for Quote,1.5 time exhange cost,Each,Each,Refurbished,Y,2.000000,Same Day,,,,
2261448,Avante Health Solutions,GE,H1C TILT PLATE,Call for Quote,2.5 time exhange cost,Call for Quote,1.5 time exhange cost,Each,Each,Refurbished,Y,2.000000,Same Day,,,,
2266521-4,Avante Health Solutions,GE,Jedi H4 MPHV TANK W/SHEILDS,Call for Quote,2.5 time exhange cost,Call for Quote,1.5 time exhange cost,Each,Each,Refurbished,Y,1.000000,Same Day,,,,
2269173,Avante Health Solutions,GE,Elevation Encoder Assy For H2 LCC,Call for Quote,2.5 time exhange cost,Call for Quote,1.5 time exhange cost,Each,Each,Refurbished,Y,1.000000,Same Day,,,,
2271179,Avante Health Solutions,,X-ray Beam Accessories,Call for Quote,2.5 time exhange cost,Call for Quote,1.5 time exhange cost,Each,Each,Refurbished,Y,1.000000,Same Day,,,,
2273183,Avante Health Solutions,GE,Elevator Pot Assembly,Call for Quote,2.5 time exhange cost,Call for Quote,1.5 time exhange cost,Each,Each,Refurbished,Y,3.000000,Same Day,,,,
2273295,Avante Health Solutions,GE,MDCON Assembly (Logiq 7),Call for Quote,2.5 time exhange cost,Call for Quote,1.5 time exhange cost,Each,Each,Refurbished,Y,1.000000,Same Day,,,,
2273639-23,Avante Health Solutions,GE,EBM (Logiq 9),Call for Quote,2.5 time exhange cost,Call for Quote,1.5 time exhange cost,Each,Each,Refurbished,Y,1.000000,Same Day,,,,
2289548,Avante Health Solutions,GE,MDAS Backplane Center,Call for Quote,2.5 time exhange cost,Call for Quote,1.5 time exhange cost,Each,Each,Refurbished,Y,1.000000,Same Day,,,,
2291656,Avante Health Solutions,GE,"GE, Top Plane PCB",Call for Quote,2.5 time exhange cost,Call for Quote,1.5 time exhange cost,Each,Each,Refurbished,Y,10.000000,Same Day,,,,
2293409,Avante Health Solutions,GE,Transmitter to Gantry Base Fiber Optic Cable,Call for Quote,2.5 time exhange cost,Call for Quote,1.5 time exhange cost,Each,Each,Refurbished,Y,1.000000,Same Day,,,,
2294856,Avante Health Solutions,GE,Fuse box DHCB,Call for Quote,2.5 time exhange cost,Call for Quote,1.5 time exhange cost,Each,Each,Refurbished,Y,3.000000,Same Day,,,,
2295994,Avante Health Solutions,GE,IR RECEIVER,Call for Quote,2.5 time exhange cost,Call for Quote,1.5 time exhange cost,Each,Each,Refurbished,Y,4.000000,Same Day,,,,
2296902,Avante Health Solutions,GE,FIBER OPS,Call for Quote,2.5 time exhange cost,Call for Quote,1.5 time exhange cost,Each,Each,Refurbished,Y,1.000000,Same Day,,,,
2305572,Avante Health Solutions,GE,10GB System Hard Drive,Call for Quote,2.5 time exhange cost,Call for Quote,1.5 time exhange cost,Each,Each,Refurbished,Y,6.000000,Same Day,,,,
2307323-1,Avante Health Solutions,GE,Quad Snubber V2,Call for Quote,2.5 time exhange cost,Call for Quote,1.5 time exhange cost,Each,Each,Refurbished,Y,1.000000,Same Day,,,,
2316486,Avante Health Solutions,GE,48V Martek Power Supply,Call for Quote,2.5 time exhange cost,Call for Quote,1.5 time exhange cost,Each,Each,Refurbished,Y,3.000000,Same Day,,,,
23164865,Avante Health Solutions,GE,48V Martek Power Supply,Call for Quote,2.5 time exhange cost,Call for Quote,1.5 time exhange cost,Each,Each,Refurbished,Y,1.000000,Same Day,,,,
2317112-3,Avante Health Solutions,GE,Saddle 8 CH HR Brain Coil,Call for Quote,2.5 time exhange cost,Call for Quote,1.5 time exhange cost,Each,Each,Refurbished,Y,1.000000,Same Day,,,,
2322994-3,Avante Health Solutions,GE,MDAS Thick Converter W/ ASIC/Black Beauty Connector,Call for Quote,2.5 time exhange cost,Call for Quote,1.5 time exhange cost,Each,Each,Refurbished,Y,51.000000,Same Day,,,,
11235379,Avante Health Solutions,SIEMENS,P500 CP Main PCB Assembly,Call for Quote,2.5 time exhange cost,Call for Quote,1.5 time exhange cost,Each,Each,Refurbished,Y,1.000000,Same Day,,,,
11321256-N,Avante Health Solutions,Siemens,Tube Cooling One4all,Call for Quote,2.5 time exhange cost,Call for Quote,1.5 time exhange cost,Each,Each,New OEM Original,Y,1.000000,Same Day,,,,
14R9248,Avante Health Solutions,,Hitachi 164.7GB IDE,Call for Quote,2.5 time exhange cost,Call for Quote,1.5 time exhange cost,Each,Each,Refurbished,Y,2.000000,Same Day,,,,
1978451,Avante Health Solutions,SIEMENS,PMM,Call for Quote,2.5 time exhange cost,Call for Quote,1.5 time exhange cost,Each,Each,Refurbished,Y,1.000000,Same Day,,,,
1TB SATA LAPTOP SSD,Avante Health Solutions,,1TB SATA LAPTOP SSD (Solid State Drive),Call for Quote,2.5 time exhange cost,Call for Quote,1.5 time exhange cost,Each,Each,Refurbished,Y,9.000000,Same Day,,,,
2108127,Avante Health Solutions,GE,Lateral Swich 402/404,Call for Quote,2.5 time exhange cost,Call for Quote,1.5 time exhange cost,Each,Each,Refurbished,Y,1.000000,Same Day,,,,
2111390,Avante Health Solutions,GE,EXPOSURE CONTROL MODULE,Call for Quote,2.5 time exhange cost,Call for Quote,1.5 time exhange cost,Each,Each,Refurbished,Y,1.000000,Same Day,,,,
2113281 REV1,Avante Health Solutions,GE,Dynamic Disable Switch Bd. (DDSB),Call for Quote,2.5 time exhange cost,Call for Quote,1.5 time exhange cost,Each,Each,Refurbished,Y,1.000000,Same Day,,,,
2115992-5,Avante Health Solutions,GE,CRADLE,Call for Quote,2.5 time exhange cost,Call for Quote,1.5 time exhange cost,Each,Each,Refurbished,Y,1.000000,Same Day,,,,
2141978-6,Avante Health Solutions,,GE MRI WIM,Call for Quote,2.5 time exhange cost,Call for Quote,1.5 time exhange cost,Each,Each,Refurbished,Y,1.000000,Same Day,,,,
21466272,Avante Health Solutions,GE,Control Bd. (06),Call for Quote,2.5 time exhange cost,Call for Quote,1.5 time exhange cost,Each,Each,Refurbished,Y,3.000000,Same Day,,,,
2148069,Avante Health Solutions,GE,TIRC,Call for Quote,2.5 time exhange cost,Call for Quote,1.5 time exhange cost,Each,Each,Refurbished,Y,1.000000,Same Day,,,,
2323462,Avante Health Solutions,GE,CRT Monitor,Call for Quote,2.5 time exhange cost,Call for Quote,1.5 time exhange cost,Each,Each,Refurbished,Y,1.000000,Same Day,,,,
2324118,Avante Health Solutions,GE,Aux Box JH4 Equipped V2,Call for Quote,2.5 time exhange cost,Call for Quote,1.5 time exhange cost,Each,Each,Refurbished,Y,13.000000,Same Day,,,,
2324741,Avante Health Solutions,GE,"LOGIQ P5, LMT Assy",Call for Quote,2.5 time exhange cost,Call for Quote,1.5 time exhange cost,Each,Each,Refurbished,Y,1.000000,Same Day,,,,
2325947-12,Avante Health Solutions,GE,Minerva AP Board,Call for Quote,2.5 time exhange cost,Call for Quote,1.5 time exhange cost,Each,Each,Refurbished,Y,2.000000,Same Day,,,,
2329615,Avante Health Solutions,GE,3kva UPS POWERWARE,Call for Quote,2.5 time exhange cost,Call for Quote,1.5 time exhange cost,Each,Each,Refurbished,Y,1.000000,Same Day,,,,
2330636,Avante Health Solutions,GE,RTAC2 COMPLETE,Call for Quote,2.5 time exhange cost,Call for Quote,1.5 time exhange cost,Each,Each,Refurbished,Y,1.000000,Same Day,,,,
2330695,Avante Health Solutions,GE,Left Display,Call for Quote,2.5 time exhange cost,Call for Quote,1.5 time exhange cost,Each,Each,Refurbished,Y,6.000000,Same Day,,,,
2331963,Avante Health Solutions,GE,Fuse Box Assy.,Call for Quote,2.5 time exhange cost,Call for Quote,1.5 time exhange cost,Each,Each,Refurbished,Y,2.000000,Same Day,,,,
2331963-3,Avante Health Solutions,GE,Fuse Box Assy - H16 Upgraded,Call for Quote,2.5 time exhange cost,Call for Quote,1.5 time exhange cost,Each,Each,Refurbished,Y,1.000000,Same Day,,,,
2334457,Avante Health Solutions,GE,MDAS 24V Power Supply,Call for Quote,2.5 time exhange cost,Call for Quote,1.5 time exhange cost,Each,Each,Refurbished,Y,1.000000,Same Day,,,,
23364844,Avante Health Solutions,GE,GITANE 7 BOARD,Call for Quote,2.5 time exhange cost,Call for Quote,1.5 time exhange cost,Each,Each,Refurbished,Y,1.000000,Same Day,,,,
2336560,Avante Health Solutions,GE,1.5T Split Head Coil Cable,Call for Quote,2.5 time exhange cost,Call for Quote,1.5 time exhange cost,Each,Each,Refurbished,Y,1.000000,Same Day,,,,
07716447,Avante Health Solutions,Siemens,D115 Board,Call for Quote,2.5 time exhange cost,Call for Quote,1.5 time exhange cost,Each,Each,Refurbished,Y,1.000000,Same Day,,,,
07717700,Avante Health Solutions,Siemens,D600 Bd.,Call for Quote,2.5 time exhange cost,Call for Quote,1.5 time exhange cost,Each,Each,Refurbished,Y,9.000000,Same Day,,,,
07846681,Avante Health Solutions,SIEMENS,"Antares, Power Supply Analog (PSA)",Call for Quote,2.5 time exhange cost,Call for Quote,1.5 time exhange cost,Each,Each,Refurbished,Y,2.000000,Same Day,,,,
08096500,Avante Health Solutions,Siemens,Tube Collimator,Call for Quote,2.5 time exhange cost,Call for Quote,1.5 time exhange cost,Each,Each,Refurbished,Y,9.000000,Same Day,,,,
08363892,Avante Health Solutions,Siemens,Matrix INV,Call for Quote,2.5 time exhange cost,Call for Quote,1.5 time exhange cost,Each,Each,Refurbished,Y,6.000000,Same Day,,,,
08428000,Avante Health Solutions,Siemens,DMS P29F DETECTOR,Call for Quote,2.5 time exhange cost,Call for Quote,1.5 time exhange cost,Each,Each,Refurbished,Y,2.000000,Same Day,,,,
08428190,Avante Health Solutions,Siemens,UHR,Call for Quote,2.5 time exhange cost,Call for Quote,1.5 time exhange cost,Each,Each,Refurbished,Y,1.000000,Same Day,,,,
08428299,Avante Health Solutions,SIEMENS,Module P29F cpl,Call for Quote,2.5 time exhange cost,Call for Quote,1.5 time exhange cost,Each,Each,Refurbished,Y,161.000000,Same Day,,,,
08429206,Avante Health Solutions,Siemens,UHR PLUS COMB KPL,Call for Quote,2.5 time exhange cost,Call for Quote,1.5 time exhange cost,Each,Each,Refurbished,Y,3.000000,Same Day,,,,
08901402,Avante Health Solutions,,Panel Left,Call for Quote,2.5 time exhange cost,Call for Quote,1.5 time exhange cost,Each,Each,Refurbished,Y,2.000000,Same Day,,,,
08904919,Avante Health Solutions,Siemens,PTV component,Call for Quote,2.5 time exhange cost,Call for Quote,1.5 time exhange cost,Each,Each,Refurbished,Y,5.000000,Same Day,,,,
0FTB0020,Avante Health Solutions,,EIZO Flexscan S1901-B,Call for Quote,2.5 time exhange cost,Call for Quote,1.5 time exhange cost,Each,Each,Refurbished,Y,1.000000,Same Day,,,,
2155782,Avante Health Solutions,,Swivel Elbow Covers,Call for Quote,2.5 time exhange cost,Call for Quote,1.5 time exhange cost,Each,Each,Refurbished,Y,1.000000,Same Day,,,,
21595783,Avante Health Solutions,GE,Collimator Control Bd.,Call for Quote,2.5 time exhange cost,Call for Quote,1.5 time exhange cost,Each,Each,Refurbished,Y,1.000000,Same Day,,,,
2194456-4,Avante Health Solutions,GE,E-Stop Asm - White N9,Call for Quote,2.5 time exhange cost,Call for Quote,1.5 time exhange cost,Each,Each,Refurbished,Y,8.000000,Same Day,,,,
2198999-3,Avante Health Solutions,,Octane 1 SGA LX Computer,Call for Quote,2.5 time exhange cost,Call for Quote,1.5 time exhange cost,Each,Each,Refurbished,Y,1.000000,Same Day,,,,
2199806-8,Avante Health Solutions,,Memory 2X256MB Low Profile,Call for Quote,2.5 time exhange cost,Call for Quote,1.5 time exhange cost,Each,Each,Refurbished,Y,2.000000,Same Day,,,,
2208852,Avante Health Solutions,GE,HP Inverter Rhapsode,Call for Quote,2.5 time exhange cost,Call for Quote,1.5 time exhange cost,Each,Each,Refurbished,Y,1.000000,Same Day,,,,
221040515,Avante Health Solutions,GE,THERMOTEK DETECTOR CHILLER,Call for Quote,2.5 time exhange cost,Call for Quote,1.5 time exhange cost,Each,Each,Refurbished,Y,1.000000,Same Day,,,,
2216500,Avante Health Solutions,GE,Performix 160 Tube,Call for Quote,2.5 time exhange cost,Call for Quote,1.5 time exhange cost,Each,Each,Refurbished,Y,2.000000,Same Day,,,,
2216500-3,Avante Health Solutions,GE,Performix 160 Tube,Call for Quote,2.5 time exhange cost,Call for Quote,1.5 time exhange cost,Each,Each,Refurbished,Y,1.000000,Same Day,,,,
22252527,Avante Health Solutions,,GE Small Shoulder Array Coil,Call for Quote,2.5 time exhange cost,Call for Quote,1.5 time exhange cost,Each,Each,Refurbished,Y,1.000000,Same Day,,,,
2225252-7,Avante Health Solutions,GE,Small Shoulder Coil,Call for Quote,2.5 time exhange cost,Call for Quote,1.5 time exhange cost,Each,Each,Refurbished,Y,3.000000,Same Day,,,,
22564392,Avante Health Solutions,GE,LC REST POINT BOARD,Call for Quote,2.5 time exhange cost,Call for Quote,1.5 time exhange cost,Each,Each,Refurbished,Y,7.000000,Same Day,,,,
2275608,Avante Health Solutions,GE,Gantry HV Power Pan 120/440/550V,Call for Quote,2.5 time exhange cost,Call for Quote,1.5 time exhange cost,Each,Each,Refurbished,Y,1.000000,Same Day,,,,
22819504,Avante Health Solutions,,Inverter,Call for Quote,2.5 time exhange cost,Call for Quote,1.5 time exhange cost,Each,Each,Refurbished,Y,1.000000,Same Day,,,,
2281950-4,Avante Health Solutions,GE,Jedi H4 Inverter W/SHEILDS,Call for Quote,2.5 time exhange cost,Call for Quote,1.5 time exhange cost,Each,Each,Refurbished,Y,7.000000,Same Day,,,,
2285085-2,Avante Health Solutions,GE,Transmitter Reduced Heat HSDCD SLPR,Call for Quote,2.5 time exhange cost,Call for Quote,1.5 time exhange cost,Each,Each,Refurbished,Y,1.000000,Same Day,,,,
2285870B,Avante Health Solutions,GE,HEATER V4 BOARD,Call for Quote,2.5 time exhange cost,Call for Quote,1.5 time exhange cost,Each,Each,Refurbished,Y,1.000000,Same Day,,,,
2293670-2,Avante Health Solutions,GE,1.5T HR Wrist Coil,Call for Quote,2.5 time exhange cost,Call for Quote,1.5 time exhange cost,Each,Each,Refurbished,Y,1.000000,Same Day,,,,
2294300-2,Avante Health Solutions,GE,SCP1 board,Call for Quote,2.5 time exhange cost,Call for Quote,1.5 time exhange cost,Each,Each,Refurbished,Y,1.000000,Same Day,,,,
2300021-3,Avante Health Solutions,GE,Logiq 3/5 Front Caster,Call for Quote,2.5 time exhange cost,Call for Quote,1.5 time exhange cost,Each,Each,Refurbished,Y,1.000000,Same Day,,,,
2300401,Avante Health Solutions,GE,AC/DC TRI BOARD,Call for Quote,2.5 time exhange cost,Call for Quote,1.5 time exhange cost,Each,Each,Refurbished,Y,4.000000,Same Day,,,,
2300401-3,Avante Health Solutions,GE,AC/DC Tri Bd,Call for Quote,2.5 time exhange cost,Call for Quote,1.5 time exhange cost,Each,Each,Refurbished,Y,1.000000,Same Day,,,,
2301104,Avante Health Solutions,GE,Main Controller Coolix 2 Processor,Call for Quote,2.5 time exhange cost,Call for Quote,1.5 time exhange cost,Each,Each,Refurbished,Y,1.000000,Same Day,,,,
2306387,Avante Health Solutions,GE,Hercules Heat Exchanger Fan,Call for Quote,2.5 time exhange cost,Call for Quote,1.5 time exhange cost,Each,Each,Refurbished,Y,1.000000,Same Day,,,,
2389885-3,Avante Health Solutions,GE,ORP2 BD ASSY,Call for Quote,2.5 time exhange cost,Call for Quote,1.5 time exhange cost,Each,Each,Refurbished,Y,4.000000,Same Day,,,,
2394529,Avante Health Solutions,GE,ETHERNET HUBCORE,Call for Quote,2.5 time exhange cost,Call for Quote,1.5 time exhange cost,Each,Each,Refurbished,Y,4.000000,Same Day,,,,
2398639,Avante Health Solutions,GE,Detector Cover with bumper,Call for Quote,2.5 time exhange cost,Call for Quote,1.5 time exhange cost,Each,Each,Refurbished,Y,1.000000,Same Day,,,,
2404652-103,Avante Health Solutions,GE,"LOGIQ 9, UPPER CONTROL PANEL-only compatible with BEP 4.0 (DVI)",Call for Quote,2.5 time exhange cost,Call for Quote,1.5 time exhange cost,Each,Each,Refurbished,Y,1.000000,Same Day,,,,
2404652-5,Avante Health Solutions,GE,Trackball (Vivid 7),Call for Quote,2.5 time exhange cost,Call for Quote,1.5 time exhange cost,Each,Each,Refurbished,Y,1.000000,Same Day,,,,
2405427-2,Avante Health Solutions,GE,VCT Power IF,Call for Quote,2.5 time exhange cost,Call for Quote,1.5 time exhange cost,Each,Each,Refurbished,Y,2.000000,Same Day,,,,
2411689,Avante Health Solutions,GE,"GE, P2D-RS Transducer (Vivid i or Vivid Q) (5729435)",Call for Quote,2.5 time exhange cost,Call for Quote,1.5 time exhange cost,Each,Each,Refurbished,Y,1.000000,Same Day,,,,
242213206571,Avante Health Solutions,Philips,Contactor,Call for Quote,2.5 time exhange cost,Call for Quote,1.5 time exhange cost,Each,Each,Refurbished,Y,1.000000,Same Day,,,,
2423193,Avante Health Solutions,GE,HNS Neck Chest Unit,Call for Quote,2.5 time exhange cost,Call for Quote,1.5 time exhange cost,Each,Each,Refurbished,Y,1.000000,Same Day,,,,
3086825,Avante Health Solutions,,NOISE FILTER 3X25A 550VAC LC,Call for Quote,2.5 time exhange cost,Call for Quote,1.5 time exhange cost,Each,Each,Refurbished,Y,1.000000,Same Day,,,,
3100351-00,Avante Health Solutions,Siemens,LSO ECat Bucket Controller,Call for Quote,2.5 time exhange cost,Call for Quote,1.5 time exhange cost,Each,Each,Refurbished,Y,1.000000,Same Day,,,,
313811872701-N,Avante Health Solutions,Philips,Video Cable VGA[1]5*BNC L=1.8m,Call for Quote,2.5 time exhange cost,Call for Quote,1.5 time exhange cost,Each,Each,New OEM Original,Y,1.000000,Same Day,,,,
2338654,Avante Health Solutions,GE,CPU BOARD,Call for Quote,2.5 time exhange cost,Call for Quote,1.5 time exhange cost,Each,Each,Refurbished,Y,1.000000,Same Day,,,,
2342473,Avante Health Solutions,GE,PDU BACKPLANE04090339REV. A,Call for Quote,2.5 time exhange cost,Call for Quote,1.5 time exhange cost,Each,Each,Refurbished,Y,1.000000,Same Day,,,,
2343361-2,Avante Health Solutions,GE,ORPV Board Assembly,Call for Quote,2.5 time exhange cost,Call for Quote,1.5 time exhange cost,Each,Each,Refurbished,Y,5.000000,Same Day,,,,
2345962-2,Avante Health Solutions,GE,ON/OFF BOARD,Call for Quote,2.5 time exhange cost,Call for Quote,1.5 time exhange cost,Each,Each,Refurbished,Y,5.000000,Same Day,,,,
2345962-4,Avante Health Solutions,GE,ON/OFF BOARD,Call for Quote,2.5 time exhange cost,Call for Quote,1.5 time exhange cost,Each,Each,Refurbished,Y,2.000000,Same Day,,,,
23459707,Avante Health Solutions,GE,Smart Amplifier Board,Call for Quote,2.5 time exhange cost,Call for Quote,1.5 time exhange cost,Each,Each,Refurbished,Y,1.000000,Same Day,,,,
2347076,Avante Health Solutions,GE,Exxon Polyrex Grease Kit (Gantry Grease),Call for Quote,2.5 time exhange cost,Call for Quote,1.5 time exhange cost,Each,Each,Refurbished,Y,1.000000,Same Day,,,,
2349870201,Avante Health Solutions,GE,LIFT INTERCONNECT SENSOR BOARD,Call for Quote,2.5 time exhange cost,Call for Quote,1.5 time exhange cost,Each,Each,Refurbished,Y,5.000000,Same Day,,,,
2354056,Avante Health Solutions,GE,DVI Loopback Cable (Logiq 9),Call for Quote,2.5 time exhange cost,Call for Quote,1.5 time exhange cost,Each,Each,Refurbished,Y,4.000000,Same Day,,,,
2355844,Avante Health Solutions,GE,LCD Assembly for the Logiqbook,Call for Quote,2.5 time exhange cost,Call for Quote,1.5 time exhange cost,Each,Each,Refurbished,Y,1.000000,Same Day,,,,
2355847,Avante Health Solutions,GE,D2 Keyboard PCB Kit (LBook XP),Call for Quote,2.5 time exhange cost,Call for Quote,1.5 time exhange cost,Each,Each,Refurbished,Y,1.000000,Same Day,,,,
23566244,Avante Health Solutions,GE,VCIM Control Module,Call for Quote,2.5 time exhange cost,Call for Quote,1.5 time exhange cost,Each,Each,Refurbished,Y,1.000000,Same Day,,,,
10856507,Avante Health Solutions,SIEMENS,SIEMENS DVD ASSY.,Call for Quote,2.5 time exhange cost,Call for Quote,1.5 time exhange cost,Each,Each,Refurbished,Y,3.000000,Same Day,,,,
10890323,Avante Health Solutions,,Mattress UNI 70 Grey,Call for Quote,2.5 time exhange cost,Call for Quote,1.5 time exhange cost,Each,Each,Refurbished,Y,1.000000,Same Day,,,,
10890960,Avante Health Solutions,,Service part MVT w/o oil,Call for Quote,2.5 time exhange cost,Call for Quote,1.5 time exhange cost,Each,Each,Refurbished,Y,7.000000,Same Day,,,,
11147151,Avante Health Solutions,,"Install Kit, PRIME Medallion Jewel",Call for Quote,2.5 time exhange cost,Call for Quote,1.5 time exhange cost,Each,Each,Refurbished,Y,1.000000,Same Day,,,,
11270281,Avante Health Solutions,Siemens,Siemens Tube Chiller FILTER EXT,Call for Quote,2.5 time exhange cost,Call for Quote,1.5 time exhange cost,Each,Each,Refurbished,Y,4.000000,Same Day,,,,
11289869,Avante Health Solutions,SIEMENS,Sequoia NG OLED Monitor,Call for Quote,2.5 time exhange cost,Call for Quote,1.5 time exhange cost,Each,Each,Refurbished,Y,1.000000,Same Day,,,,
11321256,Avante Health Solutions,Siemens,Tube Cooling One4all,Call for Quote,2.5 time exhange cost,Call for Quote,1.5 time exhange cost,Each,Each,Refurbished,Y,6.000000,Same Day,,,,
11369954,Avante Health Solutions,Siemens,Gigalix D1 Board,Call for Quote,2.5 time exhange cost,Call for Quote,1.5 time exhange cost,Each,Each,Refurbished,Y,1.000000,Same Day,,,,
150038,Avante Health Solutions,GE,1.5T CTL Adapter Block,Call for Quote,2.5 time exhange cost,Call for Quote,1.5 time exhange cost,Each,Each,Refurbished,Y,1.000000,Same Day,,,,
1TB SATA HDD,Avante Health Solutions,MULTIPLE,1TB SATA HDD (Hard Disk Drive),Call for Quote,2.5 time exhange cost,Call for Quote,1.5 time exhange cost,Each,Each,Refurbished,Y,7.000000,Same Day,,,,
2003809,Avante Health Solutions,GE,MAC LAB KEYBOARD,Call for Quote,2.5 time exhange cost,Call for Quote,1.5 time exhange cost,Each,Each,Refurbished,Y,4.000000,Same Day,,,,
2106305-001-S,Avante Health Solutions,GE,"ECG TRUNK CABLE, 3/5-LEAD, AHA, 3.6 M/12 FT",Call for Quote,2.5 time exhange cost,Call for Quote,1.5 time exhange cost,Each,Each,Refurbished,Y,1.000000,Same Day,,,,
2258710,Avante Health Solutions,GE,Power Supply AC-DC Single 100W 5V,Call for Quote,2.5 time exhange cost,Call for Quote,1.5 time exhange cost,Each,Each,Refurbished,Y,2.000000,Same Day,,,,
2264598,Avante Health Solutions,GE,TRAP PCB for Logiq 7,Call for Quote,2.5 time exhange cost,Call for Quote,1.5 time exhange cost,Each,Each,Refurbished,Y,1.000000,Same Day,,,,
2267612,Avante Health Solutions,GE,SYSTEM INTERFACE BOARD,Call for Quote,2.5 time exhange cost,Call for Quote,1.5 time exhange cost,Each,Each,Refurbished,Y,1.000000,Same Day,,,,
2269175,Avante Health Solutions,GE,Longitudinal Encoder Assy,Call for Quote,2.5 time exhange cost,Call for Quote,1.5 time exhange cost,Each,Each,Refurbished,Y,2.000000,Same Day,,,,
2271483,Avante Health Solutions,GE,C81 Board,Call for Quote,2.5 time exhange cost,Call for Quote,1.5 time exhange cost,Each,Each,Refurbished,Y,3.000000,Same Day,,,,
2271702,Avante Health Solutions,GE,EBUS Assy (Logiq 7),Call for Quote,2.5 time exhange cost,Call for Quote,1.5 time exhange cost,Each,Each,Refurbished,Y,2.000000,Same Day,,,,
2277362,Avante Health Solutions,GE,DAS Filter/Frame Center - H3,Call for Quote,2.5 time exhange cost,Call for Quote,1.5 time exhange cost,Each,Each,Refurbished,Y,1.000000,Same Day,,,,
2280788,Avante Health Solutions,GE,MDAS Left Backplane,Call for Quote,2.5 time exhange cost,Call for Quote,1.5 time exhange cost,Each,Each,Refurbished,Y,2.000000,Same Day,,,,
2280792,Avante Health Solutions,GE,MDAS Right Backplane,Call for Quote,2.5 time exhange cost,Call for Quote,1.5 time exhange cost,Each,Each,Refurbished,Y,2.000000,Same Day,,,,
22831205,Avante Health Solutions,GE,SMART AMP,Call for Quote,2.5 time exhange cost,Call for Quote,1.5 time exhange cost,Each,Each,Refurbished,Y,1.000000,Same Day,,,,
22831207,Avante Health Solutions,GE,SMART AMP BOARD,Call for Quote,2.5 time exhange cost,Call for Quote,1.5 time exhange cost,Each,Each,Refurbished,Y,3.000000,Same Day,,,,
2285870,Avante Health Solutions,GE,HEATER V4 BOARD,Call for Quote,2.5 time exhange cost,Call for Quote,1.5 time exhange cost,Each,Each,Refurbished,Y,3.000000,Same Day,,,,
3146466,Avante Health Solutions,Siemens,1.5T CP Large Extremity Coil,Call for Quote,2.5 time exhange cost,Call for Quote,1.5 time exhange cost,Each,Each,Refurbished,Y,2.000000,Same Day,,,,
3146540,Avante Health Solutions,Siemens,CP Neck Array,Call for Quote,2.5 time exhange cost,Call for Quote,1.5 time exhange cost,Each,Each,Refurbished,Y,1.000000,Same Day,,,,
3368391,Avante Health Solutions,Siemens,Siemens OEM Multi-Link ECG Trunk Cable (Avante P/N NESM6253),Call for Quote,2.5 time exhange cost,Call for Quote,1.5 time exhange cost,Each,Each,Refurbished,Y,1.000000,Same Day,,,,
3500-1720,Avante Health Solutions,PHILIPS,ATL HDI 5000 Motherboard,Call for Quote,2.5 time exhange cost,Call for Quote,1.5 time exhange cost,Each,Each,Refurbished,Y,1.000000,Same Day,,,,
3500-2636,Avante Health Solutions,PHILIPS,"ATL, Lower UIM (HDI 5000)",Call for Quote,2.5 time exhange cost,Call for Quote,1.5 time exhange cost,Each,Each,Refurbished,Y,1.000000,Same Day,,,,
3500-3431-01,Avante Health Solutions,PHILIPS,PMS5000 Upper UI Assy,Call for Quote,2.5 time exhange cost,Call for Quote,1.5 time exhange cost,Each,Each,Refurbished,Y,1.000000,Same Day,,,,
3815334,Avante Health Solutions,,Connect D553,Call for Quote,2.5 time exhange cost,Call for Quote,1.5 time exhange cost,Each,Each,Refurbished,Y,1.000000,Same Day,,,,
39132,Avante Health Solutions,SIEMENS,MX3-R BOARD (SEQUOIA),Call for Quote,2.5 time exhange cost,Call for Quote,1.5 time exhange cost,Each,Each,Refurbished,Y,1.000000,Same Day,,,,
39142,Avante Health Solutions,SIEMENS,"Acuson, TX3 Pcb.",Call for Quote,2.5 time exhange cost,Call for Quote,1.5 time exhange cost,Each,Each,Refurbished,Y,3.000000,Same Day,,,,
391993003,Avante Health Solutions,GE,MAC LAB DVD OPTICAL DISK DRIVE,Call for Quote,2.5 time exhange cost,Call for Quote,1.5 time exhange cost,Each,Each,Refurbished,Y,5.000000,Same Day,,,,
3RT1044-1F,Avante Health Solutions,Siemens,Contactor,Call for Quote,2.5 time exhange cost,Call for Quote,1.5 time exhange cost,Each,Each,Refurbished,Y,1.000000,Same Day,,,,
4000220-51,Avante Health Solutions,,PORTABLE HEADREST FOR SIEMENS 1.5T SENTINELLE BREAST COIL,Call for Quote,2.5 time exhange cost,Call for Quote,1.5 time exhange cost,Each,Each,Refurbished,Y,1.000000,Same Day,,,,
2108-20-65855,Avante Health Solutions,MINDRAY,"Fan and Connection Wire, Mindray M5",Call for Quote,2.5 time exhange cost,Call for Quote,1.5 time exhange cost,Each,Each,Refurbished,Y,1.000000,Same Day,,,,
2108-30-65791,Avante Health Solutions,MINDRAY,"Power Module, Mindray",Call for Quote,2.5 time exhange cost,Call for Quote,1.5 time exhange cost,Each,Each,Refurbished,Y,1.000000,Same Day,,,,
2111146,Avante Health Solutions,GE,DLX Keypad,Call for Quote,2.5 time exhange cost,Call for Quote,1.5 time exhange cost,Each,Each,Refurbished,Y,3.000000,Same Day,,,,
21113902,Avante Health Solutions,GE,Exposure Control Module,Call for Quote,2.5 time exhange cost,Call for Quote,1.5 time exhange cost,Each,Each,Refurbished,Y,6.000000,Same Day,,,,
2114067,Avante Health Solutions,GE,Vertical Drive lift board,Call for Quote,2.5 time exhange cost,Call for Quote,1.5 time exhange cost,Each,Each,Refurbished,Y,3.000000,Same Day,,,,
2115985-N,Avante Health Solutions,GE,Cradle Pad,Call for Quote,2.5 time exhange cost,Call for Quote,1.5 time exhange cost,Each,Each,New OEM Original,Y,1.000000,Same Day,,,,
2121225,Avante Health Solutions,GE,RP ENCODER WIRED ASSEMBLY,Call for Quote,2.5 time exhange cost,Call for Quote,1.5 time exhange cost,Each,Each,Refurbished,Y,1.000000,Same Day,,,,
2122204,Avante Health Solutions,,FUS FF CTX BLOC 160A 660V 180KA ULR,Call for Quote,2.5 time exhange cost,Call for Quote,1.5 time exhange cost,Each,Each,Refurbished,Y,1.000000,Same Day,,,,
21231A,Avante Health Solutions,HP,HP CW 5.0 MHz Pencil Probe,Call for Quote,2.5 time exhange cost,Call for Quote,1.5 time exhange cost,Each,Each,Refurbished,Y,1.000000,Same Day,,,,
21240354,Avante Health Solutions,GE,COOLIX 2200A TUBE CHILLER,Call for Quote,2.5 time exhange cost,Call for Quote,1.5 time exhange cost,Each,Each,Refurbished,Y,1.000000,Same Day,,,,
2129190-12,Avante Health Solutions,GE,INTERFACE BOARD,Call for Quote,2.5 time exhange cost,Call for Quote,1.5 time exhange cost,Each,Each,Refurbished,Y,1.000000,Same Day,,,,
2139880,Avante Health Solutions,GE,PANNING BOARD,Call for Quote,2.5 time exhange cost,Call for Quote,1.5 time exhange cost,Each,Each,Refurbished,Y,1.000000,Same Day,,,,
2289343,Avante Health Solutions,GE,MDAS BACKPLANE/CHASSIS LEFT ASSEMBLY,Call for Quote,2.5 time exhange cost,Call for Quote,1.5 time exhange cost,Each,Each,Refurbished,Y,1.000000,Same Day,,,,
2294300-3,Avante Health Solutions,GE,AGP Board,Call for Quote,2.5 time exhange cost,Call for Quote,1.5 time exhange cost,Each,Each,Refurbished,Y,1.000000,Same Day,,,,
2296818,Avante Health Solutions,,6x6 Detector Module Assy.,Call for Quote,2.5 time exhange cost,Call for Quote,1.5 time exhange cost,Each,Each,Refurbished,Y,3.000000,Same Day,,,,
2297882,Avante Health Solutions,GE,Compatible: Logiq 9 BT02-BT04,Call for Quote,2.5 time exhange cost,Call for Quote,1.5 time exhange cost,Each,Each,Refurbished,Y,1.000000,Same Day,,,,
23044612,Avante Health Solutions,GE,STEPPER CONTROLLER BOARD,Call for Quote,2.5 time exhange cost,Call for Quote,1.5 time exhange cost,Each,Each,Refurbished,Y,1.000000,Same Day,,,,
2304617,Avante Health Solutions,GE,QCON Assembly (Logiq 7),Call for Quote,2.5 time exhange cost,Call for Quote,1.5 time exhange cost,Each,Each,Refurbished,Y,1.000000,Same Day,,,,
23164857,Avante Health Solutions,GE,180V Martek Power Supply,Call for Quote,2.5 time exhange cost,Call for Quote,1.5 time exhange cost,Each,Each,Refurbished,Y,10.000000,Same Day,,,,
23164875,Avante Health Solutions,GE,230V Martek Power Supply,Call for Quote,2.5 time exhange cost,Call for Quote,1.5 time exhange cost,Each,Each,Refurbished,Y,1.000000,Same Day,,,,
2317115-2,Avante Health Solutions,GE,1.5T 8 Ch NV Coil,Call for Quote,2.5 time exhange cost,Call for Quote,1.5 time exhange cost,Each,Each,Refurbished,Y,1.000000,Same Day,,,,
23177416,Avante Health Solutions,GE,Angio Collimator,Call for Quote,2.5 time exhange cost,Call for Quote,1.5 time exhange cost,Each,Each,Refurbished,Y,1.000000,Same Day,,,,
2322994-2,Avante Health Solutions,GE,MDAS Thin Converter Board 304A5,Call for Quote,2.5 time exhange cost,Call for Quote,1.5 time exhange cost,Each,Each,Refurbished,Y,97.000000,Same Day,,,,
2323353-04,Avante Health Solutions,GE,"GE, TRAP 2 (logiq 7)",Call for Quote,2.5 time exhange cost,Call for Quote,1.5 time exhange cost,Each,Each,Refurbished,Y,2.000000,Same Day,,,,
2315618,Avante Health Solutions,GE,Fan Assembly- Gantry H3 Right Hand,Call for Quote,2.5 time exhange cost,Call for Quote,1.5 time exhange cost,Each,Each,Refurbished,Y,2.000000,Same Day,,,,
2319046,Avante Health Solutions,GE,DVDRAM Player,Call for Quote,2.5 time exhange cost,Call for Quote,1.5 time exhange cost,Each,Each,Refurbished,Y,10.000000,Same Day,,,,
2319549-2,Avante Health Solutions,GE,Logiq 3 Keyboard Assembly,Call for Quote,2.5 time exhange cost,Call for Quote,1.5 time exhange cost,Each,Each,Refurbished,Y,2.000000,Same Day,,,,
2322994,Avante Health Solutions,GE,M-Das Thin Converter Bd.,Call for Quote,2.5 time exhange cost,Call for Quote,1.5 time exhange cost,Each,Each,Refurbished,Y,126.000000,Same Day,,,,
2328759-2,Avante Health Solutions,GE,"Cable, Inverter J13 to Auxiliary J13",Call for Quote,2.5 time exhange cost,Call for Quote,1.5 time exhange cost,Each,Each,Refurbished,Y,1.000000,Same Day,,,,
2333146,Avante Health Solutions,GE,MSUB-J20 to Balance Sensors,Call for Quote,2.5 time exhange cost,Call for Quote,1.5 time exhange cost,Each,Each,Refurbished,Y,1.000000,Same Day,,,,
2333314-2,Avante Health Solutions,GE,ORP to DAS Cable,Call for Quote,2.5 time exhange cost,Call for Quote,1.5 time exhange cost,Each,Each,Refurbished,Y,1.000000,Same Day,,,,
2333613,Avante Health Solutions,GE,Receiver Antenna,Call for Quote,2.5 time exhange cost,Call for Quote,1.5 time exhange cost,Each,Each,Refurbished,Y,1.000000,Same Day,,,,
2334197,Avante Health Solutions,GE,Logiq 7 LV2 Unit (Alpha 600),Call for Quote,2.5 time exhange cost,Call for Quote,1.5 time exhange cost,Each,Each,Refurbished,Y,1.000000,Same Day,,,,
2335552,Avante Health Solutions,GE,MDAS16 Converter Board,Call for Quote,2.5 time exhange cost,Call for Quote,1.5 time exhange cost,Each,Each,Refurbished,Y,1.000000,Same Day,,,,
2337252-10,Avante Health Solutions,GE,Data Cable,Call for Quote,2.5 time exhange cost,Call for Quote,1.5 time exhange cost,Each,Each,Refurbished,Y,1.000000,Same Day,,,,
2338299,Avante Health Solutions,GE,SWITCH RING,Call for Quote,2.5 time exhange cost,Call for Quote,1.5 time exhange cost,Each,Each,Refurbished,Y,2.000000,Same Day,,,,
432202888204,Avante Health Solutions,Philips,DOMINIO SHIFTER COVER,Call for Quote,2.5 time exhange cost,Call for Quote,1.5 time exhange cost,Each,Each,Refurbished,Y,1.000000,Same Day,,,,
4352816,Avante Health Solutions,Siemens,PHS I/O ENCODER W/POT,Call for Quote,2.5 time exhange cost,Call for Quote,1.5 time exhange cost,Each,Each,Refurbished,Y,1.000000,Same Day,,,,
451210472327,Avante Health Solutions,Philips,Converter 8E,Call for Quote,2.5 time exhange cost,Call for Quote,1.5 time exhange cost,Each,Each,Refurbished,Y,3.000000,Same Day,,,,
451210774208,Avante Health Solutions,Philips,PCB REGISTRATION DEVICE INTER.SCP*PL216146*Z119,Call for Quote,2.5 time exhange cost,Call for Quote,1.5 time exhange cost,Each,Each,Refurbished,Y,1.000000,Same Day,,,,
451210803584,Avante Health Solutions,Philips,Z225 PCB CPU 8086,Call for Quote,2.5 time exhange cost,Call for Quote,1.5 time exhange cost,Each,Each,Refurbished,Y,1.000000,Same Day,,,,
451220400241,Avante Health Solutions,Philips,Cube,Call for Quote,2.5 time exhange cost,Call for Quote,1.5 time exhange cost,Each,Each,Refurbished,Y,1.000000,Same Day,,,,
451220400242,Avante Health Solutions,Philips,CUBE CVFD,Call for Quote,2.5 time exhange cost,Call for Quote,1.5 time exhange cost,Each,Each,Refurbished,Y,1.000000,Same Day,,,,
451220400245,Avante Health Solutions,Philips,Cube,Call for Quote,2.5 time exhange cost,Call for Quote,1.5 time exhange cost,Each,Each,Refurbished,Y,2.000000,Same Day,,,,
452209000821,Avante Health Solutions,Philips,Cooling Fan for Integris VISUB Cabinet,Call for Quote,2.5 time exhange cost,Call for Quote,1.5 time exhange cost,Each,Each,Refurbished,Y,2.000000,Same Day,,,,
452209012111,Avante Health Solutions,Philips,MULTIVISION UNIT,Call for Quote,2.5 time exhange cost,Call for Quote,1.5 time exhange cost,Each,Each,Refurbished,Y,1.000000,Same Day,,,,
452209013665,Avante Health Solutions,Philips,Fire-X Bd.,Call for Quote,2.5 time exhange cost,Call for Quote,1.5 time exhange cost,Each,Each,Refurbished,Y,3.000000,Same Day,,,,
452209017164,Avante Health Solutions,Philips,EXTENDED PROCESSING BOARD (XPB),Call for Quote,2.5 time exhange cost,Call for Quote,1.5 time exhange cost,Each,Each,Refurbished,Y,15.000000,Same Day,,,,
2143147,Avante Health Solutions,GE,KV Control Board,Call for Quote,2.5 time exhange cost,Call for Quote,1.5 time exhange cost,Each,Each,Refurbished,Y,2.000000,Same Day,,,,
214539712,Avante Health Solutions,GE,Interface 2 Bd.,Call for Quote,2.5 time exhange cost,Call for Quote,1.5 time exhange cost,Each,Each,Refurbished,Y,2.000000,Same Day,,,,
2146224,Avante Health Solutions,GE,Regulation Bd.,Call for Quote,2.5 time exhange cost,Call for Quote,1.5 time exhange cost,Each,Each,Refurbished,Y,3.000000,Same Day,,,,
2153836,Avante Health Solutions,GE,Quartz Battery,Call for Quote,2.5 time exhange cost,Call for Quote,1.5 time exhange cost,Each,Each,Refurbished,Y,1.000000,Same Day,,,,
2156122,Avante Health Solutions,GE,Omega IV long pot P401,Call for Quote,2.5 time exhange cost,Call for Quote,1.5 time exhange cost,Each,Each,Refurbished,Y,1.000000,Same Day,,,,
2172341,Avante Health Solutions,GE,MINI BRIDGE,Call for Quote,2.5 time exhange cost,Call for Quote,1.5 time exhange cost,Each,Each,Refurbished,Y,1.000000,Same Day,,,,
2179748,Avante Health Solutions,GE,Cardiac Controller Bd.,Call for Quote,2.5 time exhange cost,Call for Quote,1.5 time exhange cost,Each,Each,Refurbished,Y,1.000000,Same Day,,,,
2181590,Avante Health Solutions,GE,VAMP GENERATOR CPU BOARD,Call for Quote,2.5 time exhange cost,Call for Quote,1.5 time exhange cost,Each,Each,Refurbished,Y,1.000000,Same Day,,,,
2194474-2,Avante Health Solutions,GE,XRAY-Display ASM - White N9,Call for Quote,2.5 time exhange cost,Call for Quote,1.5 time exhange cost,Each,Each,Refurbished,Y,2.000000,Same Day,,,,
2214768,Avante Health Solutions,GE,Helios Collimator,Call for Quote,2.5 time exhange cost,Call for Quote,1.5 time exhange cost,Each,Each,Refurbished,Y,1.000000,Same Day,,,,
22364844,Avante Health Solutions,GE,GITANE V-5 V-7S,Call for Quote,2.5 time exhange cost,Call for Quote,1.5 time exhange cost,Each,Each,Refurbished,Y,1.000000,Same Day,,,,
22370713,Avante Health Solutions,GE,Card Collimator,Call for Quote,2.5 time exhange cost,Call for Quote,1.5 time exhange cost,Each,Each,Refurbished,Y,4.000000,Same Day,,,,
2358122-2,Avante Health Solutions,GE,IRF2,Call for Quote,2.5 time exhange cost,Call for Quote,1.5 time exhange cost,Each,Each,Refurbished,Y,1.000000,Same Day,,,,
2360960-2,Avante Health Solutions,,Switch Ring Cover,Call for Quote,2.5 time exhange cost,Call for Quote,1.5 time exhange cost,Each,Each,Refurbished,Y,1.000000,Same Day,,,,
2364354,Avante Health Solutions,GE,GDAS Thin Convertor Card FRU,Call for Quote,2.5 time exhange cost,Call for Quote,1.5 time exhange cost,Each,Each,Refurbished,Y,113.000000,Same Day,,,,
2365739-5,Avante Health Solutions,GE,GE SCB2 (Logiq 9),Call for Quote,2.5 time exhange cost,Call for Quote,1.5 time exhange cost,Each,Each,Refurbished,Y,5.000000,Same Day,,,,
2371628-2,Avante Health Solutions,GE,Chassis Left EMC ASM - GDAS,Call for Quote,2.5 time exhange cost,Call for Quote,1.5 time exhange cost,Each,Each,Refurbished,Y,2.000000,Same Day,,,,
23742882,Avante Health Solutions,GE,Switch Ring Assy,Call for Quote,2.5 time exhange cost,Call for Quote,1.5 time exhange cost,Each,Each,Refurbished,Y,2.000000,Same Day,,,,
2375136-2,Avante Health Solutions,GE,Array Shoulder Coil,Call for Quote,2.5 time exhange cost,Call for Quote,1.5 time exhange cost,Each,Each,Refurbished,Y,1.000000,Same Day,,,,
2376114,Avante Health Solutions,GE,3T Quad/Split Head,Call for Quote,2.5 time exhange cost,Call for Quote,1.5 time exhange cost,Each,Each,Refurbished,Y,1.000000,Same Day,,,,
2377217,Avante Health Solutions,GE,Front Tilt Sensor Assy SG,Call for Quote,2.5 time exhange cost,Call for Quote,1.5 time exhange cost,Each,Each,Refurbished,Y,1.000000,Same Day,,,,
2381086,Avante Health Solutions,GE,FUSE BOX ASSY,Call for Quote,2.5 time exhange cost,Call for Quote,1.5 time exhange cost,Each,Each,Refurbished,Y,2.000000,Same Day,,,,
2383952-2,Avante Health Solutions,GE,HEAT EXCHANGER FOR MCS7079,Call for Quote,2.5 time exhange cost,Call for Quote,1.5 time exhange cost,Each,Each,Refurbished,Y,6.000000,Same Day,,,,
23856923,Avante Health Solutions,GE,Smart Amp MCB,Call for Quote,2.5 time exhange cost,Call for Quote,1.5 time exhange cost,Each,Each,Refurbished,Y,18.000000,Same Day,,,,
2339120,Avante Health Solutions,GE,Cradle Drive Assy (H Power Table),Call for Quote,2.5 time exhange cost,Call for Quote,1.5 time exhange cost,Each,Each,Refurbished,Y,2.000000,Same Day,,,,
2339285,Avante Health Solutions,GE,SCSI Control Card,Call for Quote,2.5 time exhange cost,Call for Quote,1.5 time exhange cost,Each,Each,Refurbished,Y,1.000000,Same Day,,,,
2342184,Avante Health Solutions,GE,DETECTOR COVER,Call for Quote,2.5 time exhange cost,Call for Quote,1.5 time exhange cost,Each,Each,Refurbished,Y,2.000000,Same Day,,,,
2342727-2,Avante Health Solutions,GE,FRABA OCD H-POWER STRING ENCODER,Call for Quote,2.5 time exhange cost,Call for Quote,1.5 time exhange cost,Each,Each,Refurbished,Y,3.000000,Same Day,,,,
234596410,Avante Health Solutions,GE,Mother Regulation Bd.,Call for Quote,2.5 time exhange cost,Call for Quote,1.5 time exhange cost,Each,Each,Refurbished,Y,3.000000,Same Day,,,,
2347302,Avante Health Solutions,GE,"80 AMP, 48 VOLT RELAY",Call for Quote,2.5 time exhange cost,Call for Quote,1.5 time exhange cost,Each,Each,Refurbished,Y,2.000000,Same Day,,,,
2349224,Avante Health Solutions,GE,"VIVID 7 Dimension, DCPCIO Assy",Call for Quote,2.5 time exhange cost,Call for Quote,1.5 time exhange cost,Each,Each,Refurbished,Y,1.000000,Same Day,,,,
23512007,Avante Health Solutions,GE,PPC KV CTRL V2E,Call for Quote,2.5 time exhange cost,Call for Quote,1.5 time exhange cost,Each,Each,Refurbished,Y,1.000000,Same Day,,,,
2351200-7,Avante Health Solutions,GE,PPC KV CTRL V2B,Call for Quote,2.5 time exhange cost,Call for Quote,1.5 time exhange cost,Each,Each,Refurbished,Y,1.000000,Same Day,,,,
23566246,Avante Health Solutions,GE,VCIM Control Module,Call for Quote,2.5 time exhange cost,Call for Quote,1.5 time exhange cost,Each,Each,Refurbished,Y,1.000000,Same Day,,,,
2356863-2,Avante Health Solutions,GE,"GANTRY TILT FEEDBACK, EMC ED2",Call for Quote,2.5 time exhange cost,Call for Quote,1.5 time exhange cost,Each,Each,Refurbished,Y,3.000000,Same Day,,,,
2360911,Avante Health Solutions,GE,FOGALE CAPACITIVE SENSOR BOARD,Call for Quote,2.5 time exhange cost,Call for Quote,1.5 time exhange cost,Each,Each,Refurbished,Y,2.000000,Same Day,,,,
2237071-3,Avante Health Solutions,Siemens,CARDIAC COLLIMATOR,Call for Quote,2.5 time exhange cost,Call for Quote,1.5 time exhange cost,Each,Each,Refurbished,Y,1.000000,Same Day,,,,
2258704,Avante Health Solutions,GE,5v Table Power Supply,Call for Quote,2.5 time exhange cost,Call for Quote,1.5 time exhange cost,Each,Each,Refurbished,Y,1.000000,Same Day,,,,
2259862-2,Avante Health Solutions,GE,"SIDE PANEL, LEFT REAR",Call for Quote,2.5 time exhange cost,Call for Quote,1.5 time exhange cost,Each,Each,Refurbished,Y,1.000000,Same Day,,,,
2260221,Avante Health Solutions,GE,"X GE, XDIF (Logic 9)",Call for Quote,2.5 time exhange cost,Call for Quote,1.5 time exhange cost,Each,Each,Refurbished,Y,10.000000,Same Day,,,,
2268093,Avante Health Solutions,GE,DAS Ribbon Cable,Call for Quote,2.5 time exhange cost,Call for Quote,1.5 time exhange cost,Each,Each,Refurbished,Y,1.000000,Same Day,,,,
2270460,Avante Health Solutions,,Gantry Rear Cover Cable Harness,Call for Quote,2.5 time exhange cost,Call for Quote,1.5 time exhange cost,Each,Each,Refurbished,Y,1.000000,Same Day,,,,
2275056,Avante Health Solutions,GE,Micro Grid Bias Tank V2,Call for Quote,2.5 time exhange cost,Call for Quote,1.5 time exhange cost,Each,Each,Refurbished,Y,3.000000,Same Day,,,,
2277404-2,Avante Health Solutions,GE,"Sensor Asm, Rear Cover",Call for Quote,2.5 time exhange cost,Call for Quote,1.5 time exhange cost,Each,Each,Refurbished,Y,12.000000,Same Day,,,,
2280784,Avante Health Solutions,GE,"Detector Assembly, Single Zone Heater",Call for Quote,2.5 time exhange cost,Call for Quote,1.5 time exhange cost,Each,Each,Refurbished,Y,1.000000,Same Day,,,,
2280790,Avante Health Solutions,GE,H3 CENTER BACKPLANE,Call for Quote,2.5 time exhange cost,Call for Quote,1.5 time exhange cost,Each,Each,Refurbished,Y,2.000000,Same Day,,,,
2280952,Avante Health Solutions,GE,STIF Board,Call for Quote,2.5 time exhange cost,Call for Quote,1.5 time exhange cost,Each,Each,Refurbished,Y,1.000000,Same Day,,,,
2293674-2,Avante Health Solutions,GE,1.5T Knee/Foot Phased Array Coil,Call for Quote,2.5 time exhange cost,Call for Quote,1.5 time exhange cost,Each,Each,Refurbished,Y,2.000000,Same Day,,,,
2323355,Avante Health Solutions,GE,"GE, TXCW Board (Logiq 7)",Call for Quote,2.5 time exhange cost,Call for Quote,1.5 time exhange cost,Each,Each,Refurbished,Y,1.000000,Same Day,,,,
2324118-3,Avante Health Solutions,GE,Aux Box,Call for Quote,2.5 time exhange cost,Call for Quote,1.5 time exhange cost,Each,Each,Refurbished,Y,1.000000,Same Day,,,,
2326480,Avante Health Solutions,GE,Jedi 100 Vascular IT,Call for Quote,2.5 time exhange cost,Call for Quote,1.5 time exhange cost,Each,Each,Refurbished,Y,7.000000,Same Day,,,,
2329766,Avante Health Solutions,GE,41cm Digital Detector,Call for Quote,2.5 time exhange cost,Call for Quote,1.5 time exhange cost,Each,Each,Refurbished,Y,1.000000,Same Day,,,,
2333308-2,Avante Health Solutions,GE,"Cable, ORP to Slip Ring Comms",Call for Quote,2.5 time exhange cost,Call for Quote,1.5 time exhange cost,Each,Each,Refurbished,Y,1.000000,Same Day,,,,
2333609,Avante Health Solutions,GE,H-Power Reciever Antenna Assy,Call for Quote,2.5 time exhange cost,Call for Quote,1.5 time exhange cost,Each,Each,Refurbished,Y,1.000000,Same Day,,,,
2333611,Avante Health Solutions,GE,850 MB Receiver,Call for Quote,2.5 time exhange cost,Call for Quote,1.5 time exhange cost,Each,Each,Refurbished,Y,8.000000,Same Day,,,,
2334456,Avante Health Solutions,GE,MDAS 12v Analog DC Power Supply,Call for Quote,2.5 time exhange cost,Call for Quote,1.5 time exhange cost,Each,Each,Refurbished,Y,5.000000,Same Day,,,,
2334458-N,Avante Health Solutions,GE,MDAS +5V Logic Power Supply,Call for Quote,2.5 time exhange cost,Call for Quote,1.5 time exhange cost,Each,Each,New OEM Original,Y,5.000000,Same Day,,,,
2334820-3,Avante Health Solutions,GE,NGPDU CONTROL BOARD,Call for Quote,2.5 time exhange cost,Call for Quote,1.5 time exhange cost,Each,Each,Refurbished,Y,5.000000,Same Day,,,,
2341071-N,Avante Health Solutions,GE,REAL TIME BUS CABLE - NEW,Call for Quote,2.5 time exhange cost,Call for Quote,1.5 time exhange cost,Each,Each,New OEM Original,Y,1.000000,Same Day,,,,
2341985-2,Avante Health Solutions,GE,"GE, RF Amp (LOGIC9)",Call for Quote,2.5 time exhange cost,Call for Quote,1.5 time exhange cost,Each,Each,Refurbished,Y,2.000000,Same Day,,,,
2294856-2,Avante Health Solutions,GE,Detector Heater Control Board DHCB,Call for Quote,2.5 time exhange cost,Call for Quote,1.5 time exhange cost,Each,Each,Refurbished,Y,4.000000,Same Day,,,,
2299215,Avante Health Solutions,GE,Gradient Fan Assembly,Call for Quote,2.5 time exhange cost,Call for Quote,1.5 time exhange cost,Each,Each,Refurbished,Y,1.000000,Same Day,,,,
2300401-2,Avante Health Solutions,GE,AC/DC TRI BOARD,Call for Quote,2.5 time exhange cost,Call for Quote,1.5 time exhange cost,Each,Each,Refurbished,Y,3.000000,Same Day,,,,
2300475,Avante Health Solutions,GE,Apollo Detector Power Supply,Call for Quote,2.5 time exhange cost,Call for Quote,1.5 time exhange cost,Each,Each,Refurbished,Y,5.000000,Same Day,,,,
2305020-2,Avante Health Solutions,GE,Jedi High Voltage Tank for GE Cath/Angio,Call for Quote,2.5 time exhange cost,Call for Quote,1.5 time exhange cost,Each,Each,Refurbished,Y,2.000000,Same Day,,,,
2305956-3,Avante Health Solutions,GE,Heroic PDU 4KVA Assembly for GE Cath/Angio,Call for Quote,2.5 time exhange cost,Call for Quote,1.5 time exhange cost,Each,Each,Refurbished,Y,1.000000,Same Day,,,,
23164866,Avante Health Solutions,GE,48V Martek Power Supply,Call for Quote,2.5 time exhange cost,Call for Quote,1.5 time exhange cost,Each,Each,Refurbished,Y,5.000000,Same Day,,,,
2316486-6,Avante Health Solutions,GE,48 V MARTEK POWER SUPPLY,Call for Quote,2.5 time exhange cost,Call for Quote,1.5 time exhange cost,Each,Each,Refurbished,Y,5.000000,Same Day,,,,
2318713-2,Avante Health Solutions,GE,Fiber Optic Cable J52 to DIP Fiber Port-RX,Call for Quote,2.5 time exhange cost,Call for Quote,1.5 time exhange cost,Each,Each,Refurbished,Y,1.000000,Same Day,,,,
2320288,Avante Health Solutions,GE,1.5T GP Flex Coil,Call for Quote,2.5 time exhange cost,Call for Quote,1.5 time exhange cost,Each,Each,Refurbished,Y,2.000000,Same Day,,,,
2326492-6,Avante Health Solutions,GE,Power Distribution Unit,Call for Quote,2.5 time exhange cost,Call for Quote,1.5 time exhange cost,Each,Each,Refurbished,Y,1.000000,Same Day,,,,
2333613-2,Avante Health Solutions,GE,H POWER - 400 RECEIVER ANTENNA,Call for Quote,2.5 time exhange cost,Call for Quote,1.5 time exhange cost,Each,Each,Refurbished,Y,1.000000,Same Day,,,,
2342729-3,Avante Health Solutions,GE,Servo Amp,Call for Quote,2.5 time exhange cost,Call for Quote,1.5 time exhange cost,Each,Each,Refurbished,Y,10.000000,Same Day,,,,
2347942-2,Avante Health Solutions,GE,IGS Detector Cover (4100),Call for Quote,2.5 time exhange cost,Call for Quote,1.5 time exhange cost,Each,Each,Refurbished,Y,1.000000,Same Day,,,,
23498702,Avante Health Solutions,GE,LIFT INTERCONNECT BOARD,Call for Quote,2.5 time exhange cost,Call for Quote,1.5 time exhange cost,Each,Each,Refurbished,Y,2.000000,Same Day,,,,
2352342-4,Avante Health Solutions,GE,Hosepipe Equipped 24m,Call for Quote,2.5 time exhange cost,Call for Quote,1.5 time exhange cost,Each,Each,Refurbished,Y,1.000000,Same Day,,,,
2354258-7,Avante Health Solutions,GE,TR32 Board (Vivid I / Q),Call for Quote,2.5 time exhange cost,Call for Quote,1.5 time exhange cost,Each,Each,Refurbished,Y,2.000000,Same Day,,,,
23566247,Avante Health Solutions,GE,VCIM Control Module,Call for Quote,2.5 time exhange cost,Call for Quote,1.5 time exhange cost,Each,Each,Refurbished,Y,5.000000,Same Day,,,,
2359114,Avante Health Solutions,GE,High Power Gantry Fan,Call for Quote,2.5 time exhange cost,Call for Quote,1.5 time exhange cost,Each,Each,Refurbished,Y,1.000000,Same Day,,,,
23609593,Avante Health Solutions,GE,SILICON COVER,Call for Quote,2.5 time exhange cost,Call for Quote,1.5 time exhange cost,Each,Each,Refurbished,Y,2.000000,Same Day,,,,
2367074,Avante Health Solutions,GE,X-RAY HAND SWITCH,Call for Quote,2.5 time exhange cost,Call for Quote,1.5 time exhange cost,Each,Each,Refurbished,Y,3.000000,Same Day,,,,
2368697-2,Avante Health Solutions,,"White, 3 button (No Scroll Wheel) PS2 Mouse",Call for Quote,2.5 time exhange cost,Call for Quote,1.5 time exhange cost,Each,Each,Refurbished,Y,1.000000,Same Day,,,,
2371374,Avante Health Solutions,GE,MAIN VOLTAGE INDICATOR REV. B,Call for Quote,2.5 time exhange cost,Call for Quote,1.5 time exhange cost,Each,Each,Refurbished,Y,3.000000,Same Day,,,,
2374744,Avante Health Solutions,GE,"LOGIQ 7, SINANO",Call for Quote,2.5 time exhange cost,Call for Quote,1.5 time exhange cost,Each,Each,Refurbished,Y,2.000000,Same Day,,,,
2360960,Avante Health Solutions,GE,SPARE PART SWITCH RING,Call for Quote,2.5 time exhange cost,Call for Quote,1.5 time exhange cost,Each,Each,Refurbished,Y,1.000000,Same Day,,,,
2361853-3,Avante Health Solutions,GE,GDAS 16 Slice DCB,Call for Quote,2.5 time exhange cost,Call for Quote,1.5 time exhange cost,Each,Each,Refurbished,Y,2.000000,Same Day,,,,
2362872,Avante Health Solutions,GE,Image Generator,Call for Quote,2.5 time exhange cost,Call for Quote,1.5 time exhange cost,Each,Each,Refurbished,Y,10.000000,Same Day,,,,
2366645,Avante Health Solutions,GE,"Extron SVGA Switch, White, 6ft.",Call for Quote,2.5 time exhange cost,Call for Quote,1.5 time exhange cost,Each,Each,Refurbished,Y,2.000000,Same Day,,,,
2368205,Avante Health Solutions,,Servo Node,Call for Quote,2.5 time exhange cost,Call for Quote,1.5 time exhange cost,Each,Each,Refurbished,Y,1.000000,Same Day,,,,
2371631-2,Avante Health Solutions,GE,Chassis Right EMC ASM - GDAS,Call for Quote,2.5 time exhange cost,Call for Quote,1.5 time exhange cost,Each,Each,Refurbished,Y,2.000000,Same Day,,,,
2384268,Avante Health Solutions,GE,1.5T Classic Head Coil Cable ASM with Coil ID,Call for Quote,2.5 time exhange cost,Call for Quote,1.5 time exhange cost,Each,Each,Refurbished,Y,2.000000,Same Day,,,,
2385507,Avante Health Solutions,GE,COMPLETE HEAD COVER SET,Call for Quote,2.5 time exhange cost,Call for Quote,1.5 time exhange cost,Each,Each,Refurbished,Y,1.000000,Same Day,,,,
2387923,Avante Health Solutions,GE,Titan ASC Upgrade Kit,Call for Quote,2.5 time exhange cost,Call for Quote,1.5 time exhange cost,Each,Each,Refurbished,Y,1.000000,Same Day,,,,
2389885-2,Avante Health Solutions,GE,ORP Board,Call for Quote,2.5 time exhange cost,Call for Quote,1.5 time exhange cost,Each,Each,Refurbished,Y,3.000000,Same Day,,,,
2390458-2-N,Avante Health Solutions,GE,"Collimator Window, Secondary",Call for Quote,2.5 time exhange cost,Call for Quote,1.5 time exhange cost,Each,Each,New OEM Original,Y,8.000000,Same Day,,,,
2391429,Avante Health Solutions,GE,POWER SUPPLY ASSEMBLY SG 5V,Call for Quote,2.5 time exhange cost,Call for Quote,1.5 time exhange cost,Each,Each,Refurbished,Y,4.000000,Same Day,,,,
2334455,Avante Health Solutions,GE,Power One - MDAS 5v Analog DC Power Supply,Call for Quote,2.5 time exhange cost,Call for Quote,1.5 time exhange cost,Each,Each,Refurbished,Y,1.000000,Same Day,,,,
2336836,Avante Health Solutions,GE,FUSES BRACKET ASSEMBLY,Call for Quote,2.5 time exhange cost,Call for Quote,1.5 time exhange cost,Each,Each,Refurbished,Y,1.000000,Same Day,,,,
2337252-8,Avante Health Solutions,,100 PIN DATA CABLE,Call for Quote,2.5 time exhange cost,Call for Quote,1.5 time exhange cost,Each,Each,Refurbished,Y,1.000000,Same Day,,,,
2338280,Avante Health Solutions,GE,Antenna Cover Assy.,Call for Quote,2.5 time exhange cost,Call for Quote,1.5 time exhange cost,Each,Each,Refurbished,Y,2.000000,Same Day,,,,
2338654004,Avante Health Solutions,GE,ROADRUNNER CPU BOARD,Call for Quote,2.5 time exhange cost,Call for Quote,1.5 time exhange cost,Each,Each,Refurbished,Y,1.000000,Same Day,,,,
2341973,Avante Health Solutions,GE,1.5T Split Head Coil,Call for Quote,2.5 time exhange cost,Call for Quote,1.5 time exhange cost,Each,Each,Refurbished,Y,1.000000,Same Day,,,,
2342475,Avante Health Solutions,GE,Regulation Interco Bd.,Call for Quote,2.5 time exhange cost,Call for Quote,1.5 time exhange cost,Each,Each,Refurbished,Y,3.000000,Same Day,,,,
23424754,Avante Health Solutions,GE,REGULATION INTERCONNECT BOARD,Call for Quote,2.5 time exhange cost,Call for Quote,1.5 time exhange cost,Each,Each,Refurbished,Y,1.000000,Same Day,,,,
23479474,Avante Health Solutions,,IGS lift cover,Call for Quote,2.5 time exhange cost,Call for Quote,1.5 time exhange cost,Each,Each,Refurbished,Y,2.000000,Same Day,,,,
2349257,Avante Health Solutions,GE,Service Outlet / Estop Assy,Call for Quote,2.5 time exhange cost,Call for Quote,1.5 time exhange cost,Each,Each,Refurbished,Y,2.000000,Same Day,,,,
2349543,Avante Health Solutions,GE,MTCB Board,Call for Quote,2.5 time exhange cost,Call for Quote,1.5 time exhange cost,Each,Each,Refurbished,Y,1.000000,Same Day,,,,
2349697,Avante Health Solutions,GE,TGPU BD ASSY,Call for Quote,2.5 time exhange cost,Call for Quote,1.5 time exhange cost,Each,Each,Refurbished,Y,6.000000,Same Day,,,,
2386031,Avante Health Solutions,GE,TD5 - Logiq 9 Transmit Delay PCB,Call for Quote,2.5 time exhange cost,Call for Quote,1.5 time exhange cost,Each,Each,Refurbished,Y,6.000000,Same Day,,,,
2386104-4,Avante Health Solutions,GE,Smart Amplifier,Call for Quote,2.5 time exhange cost,Call for Quote,1.5 time exhange cost,Each,Each,Refurbished,Y,3.000000,Same Day,,,,
23972672,Avante Health Solutions,GE,Lift Cover,Call for Quote,2.5 time exhange cost,Call for Quote,1.5 time exhange cost,Each,Each,Refurbished,Y,1.000000,Same Day,,,,
23972752,Avante Health Solutions,GE,SWITCH RING DETECTOR COVER,Call for Quote,2.5 time exhange cost,Call for Quote,1.5 time exhange cost,Each,Each,Refurbished,Y,1.000000,Same Day,,,,
2404232,Avante Health Solutions,GE,Power Pan Assy,Call for Quote,2.5 time exhange cost,Call for Quote,1.5 time exhange cost,Each,Each,Refurbished,Y,2.000000,Same Day,,,,
2404652-13,Avante Health Solutions,GE,Upper Control Panel (Logiq 9),Call for Quote,2.5 time exhange cost,Call for Quote,1.5 time exhange cost,Each,Each,Refurbished,Y,2.000000,Same Day,,,,
242254941698,Avante Health Solutions,,Mains Filter (YGL1),Call for Quote,2.5 time exhange cost,Call for Quote,1.5 time exhange cost,Each,Each,Refurbished,Y,1.000000,Same Day,,,,
2795792,Avante Health Solutions,Siemens,D21 Filament Inverter Bd.,Call for Quote,2.5 time exhange cost,Call for Quote,1.5 time exhange cost,Each,Each,Refurbished,Y,1.000000,Same Day,,,,
2TB SATA HDD,Avante Health Solutions,MULTIPLE,2TB SATA HDD,Call for Quote,2.5 time exhange cost,Call for Quote,1.5 time exhange cost,Each,Each,Refurbished,Y,1.000000,Same Day,,,,
3058575,Avante Health Solutions,Siemens,Siemens Symphony Transmitter,Call for Quote,2.5 time exhange cost,Call for Quote,1.5 time exhange cost,Each,Each,Refurbished,Y,1.000000,Same Day,,,,
3077054,Avante Health Solutions,Siemens,AC-DC CS250,Call for Quote,2.5 time exhange cost,Call for Quote,1.5 time exhange cost,Each,Each,Refurbished,Y,1.000000,Same Day,,,,
3084449,Avante Health Solutions,Siemens,Frequency Inverter Lust Controller -E301,Call for Quote,2.5 time exhange cost,Call for Quote,1.5 time exhange cost,Each,Each,Refurbished,Y,2.000000,Same Day,,,,
2399127,Avante Health Solutions,GE,OMEGA RESTPOINT BOARD,Call for Quote,2.5 time exhange cost,Call for Quote,1.5 time exhange cost,Each,Each,Refurbished,Y,5.000000,Same Day,,,,
24039492,Avante Health Solutions,GE,"18"" Monochrome LCD Monitor",Call for Quote,2.5 time exhange cost,Call for Quote,1.5 time exhange cost,Each,Each,Refurbished,Y,1.000000,Same Day,,,,
2405426,Avante Health Solutions,GE,VCT Power IF,Call for Quote,2.5 time exhange cost,Call for Quote,1.5 time exhange cost,Each,Each,Refurbished,Y,3.000000,Same Day,,,,
2415375,Avante Health Solutions,GE,1.5T HD 8 Ch CTL Coil,Call for Quote,2.5 time exhange cost,Call for Quote,1.5 time exhange cost,Each,Each,Refurbished,Y,1.000000,Same Day,,,,
242213207383,Avante Health Solutions,,Power Contactor K1,Call for Quote,2.5 time exhange cost,Call for Quote,1.5 time exhange cost,Each,Each,Refurbished,Y,3.000000,Same Day,,,,
2423192,Avante Health Solutions,GE,1.5T  HNS Coil with P-Connector,Call for Quote,2.5 time exhange cost,Call for Quote,1.5 time exhange cost,Each,Each,Refurbished,Y,1.000000,Same Day,,,,
250GB SATA HDD,Avante Health Solutions,MULTIPLE,250GB SATA HDD,Call for Quote,2.5 time exhange cost,Call for Quote,1.5 time exhange cost,Each,Each,Refurbished,Y,2.000000,Same Day,,,,
282206502307,Avante Health Solutions,Philips,VGA to DVI Converter,Call for Quote,2.5 time exhange cost,Call for Quote,1.5 time exhange cost,Each,Each,Refurbished,Y,9.000000,Same Day,,,,
3086824,Avante Health Solutions,Siemens,NOISE FILTER 2302,Call for Quote,2.5 time exhange cost,Call for Quote,1.5 time exhange cost,Each,Each,Refurbished,Y,9.000000,Same Day,,,,
3089828,Avante Health Solutions,Siemens,Lust Frequency Inverter 1600HZ 2.3KVA,Call for Quote,2.5 time exhange cost,Call for Quote,1.5 time exhange cost,Each,Each,Refurbished,Y,1.000000,Same Day,,,,
3108094-N,Avante Health Solutions,Siemens,Syphon Seal (Copper),Call for Quote,2.5 time exhange cost,Call for Quote,1.5 time exhange cost,Each,Each,New OEM Original,Y,2.000000,Same Day,,,,
3146979,Avante Health Solutions,Siemens,CP Breast Array Coil,Call for Quote,2.5 time exhange cost,Call for Quote,1.5 time exhange cost,Each,Each,Refurbished,Y,1.000000,Same Day,,,,
2376273,Avante Health Solutions,GE,PPC7410 BOARD WITH SCSIDL 6S,Call for Quote,2.5 time exhange cost,Call for Quote,1.5 time exhange cost,Each,Each,Refurbished,Y,1.000000,Same Day,,,,
2377425-2,Avante Health Solutions,GE,GE 1.5T anterior/posterior Body coil,Call for Quote,2.5 time exhange cost,Call for Quote,1.5 time exhange cost,Each,Each,Refurbished,Y,1.000000,Same Day,,,,
2377654,Avante Health Solutions,GE,DETECTOR COVER,Call for Quote,2.5 time exhange cost,Call for Quote,1.5 time exhange cost,Each,Each,Refurbished,Y,1.000000,Same Day,,,,
2383950,Avante Health Solutions,GE,MCS 7079 Pump,Call for Quote,2.5 time exhange cost,Call for Quote,1.5 time exhange cost,Each,Each,Refurbished,Y,6.000000,Same Day,,,,
2383950-N,Avante Health Solutions,GE,New - MCS 7079 Pump,Call for Quote,2.5 time exhange cost,Call for Quote,1.5 time exhange cost,Each,Each,New OEM Original,Y,1.000000,Same Day,,,,
2384933,Avante Health Solutions,GE,Right Speaker (Logiq 9),Call for Quote,2.5 time exhange cost,Call for Quote,1.5 time exhange cost,Each,Each,Refurbished,Y,1.000000,Same Day,,,,
23856924,Avante Health Solutions,GE,Smart Amp MCB,Call for Quote,2.5 time exhange cost,Call for Quote,1.5 time exhange cost,Each,Each,Refurbished,Y,4.000000,Same Day,,,,
2387385,Avante Health Solutions,GE,Power Pan Assembly 550 Volts,Call for Quote,2.5 time exhange cost,Call for Quote,1.5 time exhange cost,Each,Each,Refurbished,Y,1.000000,Same Day,,,,
2387548,Avante Health Solutions,GE,DETECTOR CHILLER,Call for Quote,2.5 time exhange cost,Call for Quote,1.5 time exhange cost,Each,Each,Refurbished,Y,1.000000,Same Day,,,,
2394952,Avante Health Solutions,GE,Magnet Monitor 3 (LCC),Call for Quote,2.5 time exhange cost,Call for Quote,1.5 time exhange cost,Each,Each,Refurbished,Y,1.000000,Same Day,,,,
2397275,Avante Health Solutions,GE,SWITCH RING COVER ASSY,Call for Quote,2.5 time exhange cost,Call for Quote,1.5 time exhange cost,Each,Each,Refurbished,Y,2.000000,Same Day,,,,
23991273,Avante Health Solutions,GE,OMEGA RESTPOINT BOARD,Call for Quote,2.5 time exhange cost,Call for Quote,1.5 time exhange cost,Each,Each,Refurbished,Y,2.000000,Same Day,,,,
2350375,Avante Health Solutions,GE,"Card Cage Fan Assy, GE Logiq 3",Call for Quote,2.5 time exhange cost,Call for Quote,1.5 time exhange cost,Each,Each,Refurbished,Y,2.000000,Same Day,,,,
2350823,Avante Health Solutions,GE,"Linear Power Supply, 15V 1.5A",Call for Quote,2.5 time exhange cost,Call for Quote,1.5 time exhange cost,Each,Each,Refurbished,Y,1.000000,Same Day,,,,
2351394,Avante Health Solutions,GE,PROXI CAPACITIVE DETECTOR,Call for Quote,2.5 time exhange cost,Call for Quote,1.5 time exhange cost,Each,Each,Refurbished,Y,1.000000,Same Day,,,,
2351494,Avante Health Solutions,GE,Capacitor,Call for Quote,2.5 time exhange cost,Call for Quote,1.5 time exhange cost,Each,Each,Refurbished,Y,1.000000,Same Day,,,,
2352905,Avante Health Solutions,GE,Tube Collision Sensor,Call for Quote,2.5 time exhange cost,Call for Quote,1.5 time exhange cost,Each,Each,Refurbished,Y,1.000000,Same Day,,,,
2354053,Avante Health Solutions,GE,Watson16 Detector Assembly w/ Diode,Call for Quote,2.5 time exhange cost,Call for Quote,1.5 time exhange cost,Each,Each,Refurbished,Y,1.000000,Same Day,,,,
2355880-4,Avante Health Solutions,GE,"VIVIDi, RFI",Call for Quote,2.5 time exhange cost,Call for Quote,1.5 time exhange cost,Each,Each,Refurbished,Y,1.000000,Same Day,,,,
2356861,Avante Health Solutions,GE,Lift Cover,Call for Quote,2.5 time exhange cost,Call for Quote,1.5 time exhange cost,Each,Each,Refurbished,Y,2.000000,Same Day,,,,
2358627,Avante Health Solutions,GE,PIB for Innova 2000,Call for Quote,2.5 time exhange cost,Call for Quote,1.5 time exhange cost,Each,Each,Refurbished,Y,1.000000,Same Day,,,,
2358627-002,Avante Health Solutions,GE,PIB for Innova 2000,Call for Quote,2.5 time exhange cost,Call for Quote,1.5 time exhange cost,Each,Each,Refurbished,Y,3.000000,Same Day,,,,
2360959,Avante Health Solutions,GE,SPARE PART SILICON COVER,Call for Quote,2.5 time exhange cost,Call for Quote,1.5 time exhange cost,Each,Each,Refurbished,Y,1.000000,Same Day,,,,
2360981,Avante Health Solutions,GE,DETECTOR COLLISION DETECTOR,Call for Quote,2.5 time exhange cost,Call for Quote,1.5 time exhange cost,Each,Each,Refurbished,Y,1.000000,Same Day,,,,
314901-001,Avante Health Solutions,,Network Interface Card NIC Card,Call for Quote,2.5 time exhange cost,Call for Quote,1.5 time exhange cost,Each,Each,Refurbished,Y,1.000000,Same Day,,,,
3201966-00,Avante Health Solutions,Siemens,Accel LSO Detector,Call for Quote,2.5 time exhange cost,Call for Quote,1.5 time exhange cost,Each,Each,Refurbished,Y,1.000000,Same Day,,,,
34156,Avante Health Solutions,,Videologic GrafixStar 410,Call for Quote,2.5 time exhange cost,Call for Quote,1.5 time exhange cost,Each,Each,Refurbished,Y,1.000000,Same Day,,,,
3500-2757,Avante Health Solutions,PHILIPS,ATL IMAGE MEMORY MODULE,Call for Quote,2.5 time exhange cost,Call for Quote,1.5 time exhange cost,Each,Each,Refurbished,Y,2.000000,Same Day,,,,
3500-3044,Avante Health Solutions,PHILIPS,"ATL, Upper UI",Call for Quote,2.5 time exhange cost,Call for Quote,1.5 time exhange cost,Each,Each,Refurbished,Y,2.000000,Same Day,,,,
3500-3481,Avante Health Solutions,PHILIPS,DVS Module,Call for Quote,2.5 time exhange cost,Call for Quote,1.5 time exhange cost,Each,Each,Refurbished,Y,1.000000,Same Day,,,,
3500-3700-01,Avante Health Solutions,PHILIPS,IU/IE FILTER TRAY,Call for Quote,2.5 time exhange cost,Call for Quote,1.5 time exhange cost,Each,Each,Refurbished,Y,4.000000,Same Day,,,,
3500-3701-01,Avante Health Solutions,PHILIPS,Rear Cooling Fan IU/IE,Call for Quote,2.5 time exhange cost,Call for Quote,1.5 time exhange cost,Each,Each,Refurbished,Y,3.000000,Same Day,,,,
3815722,Avante Health Solutions,Siemens,Gantry Display with ECG,Call for Quote,2.5 time exhange cost,Call for Quote,1.5 time exhange cost,Each,Each,Refurbished,Y,1.000000,Same Day,,,,
4000-0271,Avante Health Solutions,PHILIPS,ATL 5.0/7.5 Mhz MFI IVT,Call for Quote,2.5 time exhange cost,Call for Quote,1.5 time exhange cost,Each,Each,Refurbished,Y,1.000000,Same Day,,,,
4000-0301,Avante Health Solutions,PHILIPS,ATL C7-4 40mm Convex Transducer (3/5000),Call for Quote,2.5 time exhange cost,Call for Quote,1.5 time exhange cost,Each,Each,Refurbished,Y,2.000000,Same Day,,,,
4000-0762,Avante Health Solutions,PHILIPS,ATL L12-5 Mhz 50mm Linear Transducer(3/5000),Call for Quote,2.5 time exhange cost,Call for Quote,1.5 time exhange cost,Each,Each,Refurbished,Y,1.000000,Same Day,,,,
4015970,Avante Health Solutions,Siemens,UPS 230V Rack 3000VA,Call for Quote,2.5 time exhange cost,Call for Quote,1.5 time exhange cost,Each,Each,Refurbished,Y,3.000000,Same Day,,,,
41472,Avante Health Solutions,SIEMENS,"Acuson, BDM2",Call for Quote,2.5 time exhange cost,Call for Quote,1.5 time exhange cost,Each,Each,Refurbished,Y,1.000000,Same Day,,,,
451210183771,Avante Health Solutions,Philips,24V Power Supply,Call for Quote,2.5 time exhange cost,Call for Quote,1.5 time exhange cost,Each,Each,Refurbished,Y,11.000000,Same Day,,,,
451210473514,Avante Health Solutions,Philips,High Speed Rotor Control,Call for Quote,2.5 time exhange cost,Call for Quote,1.5 time exhange cost,Each,Each,Refurbished,Y,2.000000,Same Day,,,,
451210509023,Avante Health Solutions,Philips,Grid Switch Supervisor Control,Call for Quote,2.5 time exhange cost,Call for Quote,1.5 time exhange cost,Each,Each,Refurbished,Y,3.000000,Same Day,,,,
451210511826,Avante Health Solutions,Philips,High Voltage Unit (Certeray Generator),Call for Quote,2.5 time exhange cost,Call for Quote,1.5 time exhange cost,Each,Each,Refurbished,Y,1.000000,Same Day,,,,
451210511827,Avante Health Solutions,Philips,High Voltage Unit (Certeray Generator),Call for Quote,2.5 time exhange cost,Call for Quote,1.5 time exhange cost,Each,Each,Refurbished,Y,1.000000,Same Day,,,,
451210512809,Avante Health Solutions,Philips,Anode Drive Unit (ADU),Call for Quote,2.5 time exhange cost,Call for Quote,1.5 time exhange cost,Each,Each,Refurbished,Y,5.000000,Same Day,,,,
451210513073,Avante Health Solutions,Philips,Converter 8E,Call for Quote,2.5 time exhange cost,Call for Quote,1.5 time exhange cost,Each,Each,Refurbished,Y,3.000000,Same Day,,,,
451210783303,Avante Health Solutions,Philips,PCB CINE EXPOSURE AND DOSE CONTROL*PL262022*W143,Call for Quote,2.5 time exhange cost,Call for Quote,1.5 time exhange cost,Each,Each,Refurbished,Y,2.000000,Same Day,,,,
451210803583,Avante Health Solutions,Philips,Desig: W110*IA017327*,Call for Quote,2.5 time exhange cost,Call for Quote,1.5 time exhange cost,Each,Each,Refurbished,Y,1.000000,Same Day,,,,
451210805641,Avante Health Solutions,Philips,SDL Bd.,Call for Quote,2.5 time exhange cost,Call for Quote,1.5 time exhange cost,Each,Each,Refurbished,Y,1.000000,Same Day,,,,
3100267,Avante Health Solutions,Siemens,HV Resistor Bank,Call for Quote,2.5 time exhange cost,Call for Quote,1.5 time exhange cost,Each,Each,Refurbished,Y,4.000000,Same Day,,,,
3146037,Avante Health Solutions,Siemens,CP Head Array,Call for Quote,2.5 time exhange cost,Call for Quote,1.5 time exhange cost,Each,Each,Refurbished,Y,1.000000,Same Day,,,,
320GB SATA HDD,Avante Health Solutions,MULTIPLE,320GB SATA HDD,Call for Quote,2.5 time exhange cost,Call for Quote,1.5 time exhange cost,Each,Each,Refurbished,Y,1.000000,Same Day,,,,
3500-1560,Avante Health Solutions,PHILIPS,DDEA ASSY,Call for Quote,2.5 time exhange cost,Call for Quote,1.5 time exhange cost,Each,Each,Refurbished,Y,1.000000,Same Day,,,,
3500-3115,Avante Health Solutions,PHILIPS,"ATL, DDEA Mod. w/Drive",Call for Quote,2.5 time exhange cost,Call for Quote,1.5 time exhange cost,Each,Each,Refurbished,Y,2.000000,Same Day,,,,
3500-3319,Avante Health Solutions,PHILIPS,HDI 5000 Upper Control Panel (Rev 190+),Call for Quote,2.5 time exhange cost,Call for Quote,1.5 time exhange cost,Each,Each,Refurbished,Y,1.000000,Same Day,,,,
3500-3731-01,Avante Health Solutions,PHILIPS,IE33 Speaker Module Assembly,Call for Quote,2.5 time exhange cost,Call for Quote,1.5 time exhange cost,Each,Each,Refurbished,Y,1.000000,Same Day,,,,
3784498,Avante Health Solutions,Siemens,CP Spine Array,Call for Quote,2.5 time exhange cost,Call for Quote,1.5 time exhange cost,Each,Each,Refurbished,Y,2.000000,Same Day,,,,
38282,Avante Health Solutions,SIEMENS,"Acuson, RDP2",Call for Quote,2.5 time exhange cost,Call for Quote,1.5 time exhange cost,Each,Each,Refurbished,Y,1.000000,Same Day,,,,
3848707,Avante Health Solutions,Siemens,DC Power Stat Bd.,Call for Quote,2.5 time exhange cost,Call for Quote,1.5 time exhange cost,Each,Each,Refurbished,Y,1.000000,Same Day,,,,
39052,Avante Health Solutions,SIEMENS,"Acuson, MX2-C",Call for Quote,2.5 time exhange cost,Call for Quote,1.5 time exhange cost,Each,Each,Refurbished,Y,2.000000,Same Day,,,,
3GB ATA HDD,Avante Health Solutions,MULTIPLE,3GB ATA HDD,Call for Quote,2.5 time exhange cost,Call for Quote,1.5 time exhange cost,Each,Each,Refurbished,Y,1.000000,Same Day,,,,
452209021632,Avante Health Solutions,Philips,IMAGE DISK MFJNSB18.BIN,Call for Quote,2.5 time exhange cost,Call for Quote,1.5 time exhange cost,Each,Each,Refurbished,Y,1.000000,Same Day,,,,
452209045541,Avante Health Solutions,Philips,Fast Ethernet Switch 16-Port,Call for Quote,2.5 time exhange cost,Call for Quote,1.5 time exhange cost,Each,Each,Refurbished,Y,1.000000,Same Day,,,,
452209500163,Avante Health Solutions,Philips,Unit Power Supply Multivision,Call for Quote,2.5 time exhange cost,Call for Quote,1.5 time exhange cost,Each,Each,Refurbished,Y,2.000000,Same Day,,,,
452210607221-N,Avante Health Solutions,Philips,SCSI Cable DAQ PCB,Call for Quote,2.5 time exhange cost,Call for Quote,1.5 time exhange cost,Each,Each,New OEM Original,Y,1.000000,Same Day,,,,
452210607261,Avante Health Solutions,Philips,MDY,Call for Quote,2.5 time exhange cost,Call for Quote,1.5 time exhange cost,Each,Each,Refurbished,Y,1.000000,Same Day,,,,
452210776302,Avante Health Solutions,Philips,PCB Protection,Call for Quote,2.5 time exhange cost,Call for Quote,1.5 time exhange cost,Each,Each,Refurbished,Y,1.000000,Same Day,,,,
452210816558,Avante Health Solutions,Philips,VISUB Power On/Off Bd.,Call for Quote,2.5 time exhange cost,Call for Quote,1.5 time exhange cost,Each,Each,Refurbished,Y,1.000000,Same Day,,,,
452210820337,Avante Health Solutions,Philips,DFFD BOARD RP308957,Call for Quote,2.5 time exhange cost,Call for Quote,1.5 time exhange cost,Each,Each,Refurbished,Y,2.000000,Same Day,,,,
452210822432,Avante Health Solutions,Philips,DFFD Bd.,Call for Quote,2.5 time exhange cost,Call for Quote,1.5 time exhange cost,Each,Each,Refurbished,Y,1.000000,Same Day,,,,
452212701578,Avante Health Solutions,Philips,AD5G Ext. Bd.,Call for Quote,2.5 time exhange cost,Call for Quote,1.5 time exhange cost,Each,Each,Refurbished,Y,1.000000,Same Day,,,,
452212703077,Avante Health Solutions,Philips,IPC ADAPTER BOARD RELEASE 2,Call for Quote,2.5 time exhange cost,Call for Quote,1.5 time exhange cost,Each,Each,Refurbished,Y,1.000000,Same Day,,,,
452212703286,Avante Health Solutions,Philips,Clea Ext. 1 Bd.,Call for Quote,2.5 time exhange cost,Call for Quote,1.5 time exhange cost,Each,Each,Refurbished,Y,2.000000,Same Day,,,,
451214872142,Avante Health Solutions,Philips,CU 6100 cooling unit for X-Ray Tube,Call for Quote,2.5 time exhange cost,Call for Quote,1.5 time exhange cost,Each,Each,Refurbished,Y,1.000000,Same Day,,,,
451217800087,Avante Health Solutions,Philips,CUBE LOADED WITH SW R5.11.3 2-20-14,Call for Quote,2.5 time exhange cost,Call for Quote,1.5 time exhange cost,Each,Each,Refurbished,Y,9.000000,Same Day,,,,
451217800877,Avante Health Solutions,Philips,KVMA Control Bd.,Call for Quote,2.5 time exhange cost,Call for Quote,1.5 time exhange cost,Each,Each,Refurbished,Y,1.000000,Same Day,,,,
452209022781,Avante Health Solutions,Philips,FRU Single Link DVI Ext. Transm. Str.,Call for Quote,2.5 time exhange cost,Call for Quote,1.5 time exhange cost,Each,Each,Refurbished,Y,32.000000,Same Day,,,,
452209023161,Avante Health Solutions,Philips,"Philips Cat7, 40ft.",Call for Quote,2.5 time exhange cost,Call for Quote,1.5 time exhange cost,Each,Each,Refurbished,Y,1.000000,Same Day,,,,
452210607262,Avante Health Solutions,Philips,CODING FIELD BOARD SIB(CFSIB),Call for Quote,2.5 time exhange cost,Call for Quote,1.5 time exhange cost,Each,Each,Refurbished,Y,1.000000,Same Day,,,,
452210821469,Avante Health Solutions,Philips,VCCOM 2 BOARD,Call for Quote,2.5 time exhange cost,Call for Quote,1.5 time exhange cost,Each,Each,Refurbished,Y,1.000000,Same Day,,,,
452210822192,Avante Health Solutions,Philips,BOARD XRB-N VISUB,Call for Quote,2.5 time exhange cost,Call for Quote,1.5 time exhange cost,Each,Each,Refurbished,Y,1.000000,Same Day,,,,
452210822304,Avante Health Solutions,Philips,VCIS USCSI,Call for Quote,2.5 time exhange cost,Call for Quote,1.5 time exhange cost,Each,Each,Refurbished,Y,1.000000,Same Day,,,,
452212701804,Avante Health Solutions,Philips,Lan Ext. Bd.,Call for Quote,2.5 time exhange cost,Call for Quote,1.5 time exhange cost,Each,Each,Refurbished,Y,1.000000,Same Day,,,,
452212702647,Avante Health Solutions,Philips,Clea Ext. 2 Bd.,Call for Quote,2.5 time exhange cost,Call for Quote,1.5 time exhange cost,Each,Each,Refurbished,Y,8.000000,Same Day,,,,
452212702665,Avante Health Solutions,Philips,MVR Twin Low Power Bd.,Call for Quote,2.5 time exhange cost,Call for Quote,1.5 time exhange cost,Each,Each,Refurbished,Y,16.000000,Same Day,,,,
2365772-4,Avante Health Solutions,,FAN TRAY ASSEMBLY,Call for Quote,2.5 time exhange cost,Call for Quote,1.5 time exhange cost,Each,Each,Refurbished,Y,1.000000,Same Day,,,,
23670742,Avante Health Solutions,GE,X-RAY HAND SWITCH,Call for Quote,2.5 time exhange cost,Call for Quote,1.5 time exhange cost,Each,Each,Refurbished,Y,2.000000,Same Day,,,,
2372904,Avante Health Solutions,GE,4D Motor Controller (Logiq 9) BT06 or Earlier,Call for Quote,2.5 time exhange cost,Call for Quote,1.5 time exhange cost,Each,Each,Refurbished,Y,3.000000,Same Day,,,,
2373331-2,Avante Health Solutions,GE,Main Transformer (Logiq 7),Call for Quote,2.5 time exhange cost,Call for Quote,1.5 time exhange cost,Each,Each,Refurbished,Y,1.000000,Same Day,,,,
2376283,Avante Health Solutions,GE,PPC7410 BOARD WITHOUT SCSIDL 6,Call for Quote,2.5 time exhange cost,Call for Quote,1.5 time exhange cost,Each,Each,Refurbished,Y,1.000000,Same Day,,,,
2377426-2,Avante Health Solutions,GE,1.5T 8 Ch CTL Coil,Call for Quote,2.5 time exhange cost,Call for Quote,1.5 time exhange cost,Each,Each,Refurbished,Y,2.000000,Same Day,,,,
2379704,Avante Health Solutions,GE,"GE, CWD Logic 3",Call for Quote,2.5 time exhange cost,Call for Quote,1.5 time exhange cost,Each,Each,Refurbished,Y,1.000000,Same Day,,,,
2380188-13,Avante Health Solutions,GE,CW Doppler Cable (Logiq 9),Call for Quote,2.5 time exhange cost,Call for Quote,1.5 time exhange cost,Each,Each,Refurbished,Y,1.000000,Same Day,,,,
2380223-2,Avante Health Solutions,GE,ECG Input Flex - Vivid I,Call for Quote,2.5 time exhange cost,Call for Quote,1.5 time exhange cost,Each,Each,Refurbished,Y,4.000000,Same Day,,,,
2386417,Avante Health Solutions,GE,DL4 Processor Assy.,Call for Quote,2.5 time exhange cost,Call for Quote,1.5 time exhange cost,Each,Each,Refurbished,Y,3.000000,Same Day,,,,
2390873,Avante Health Solutions,,Collimator Control Board,Call for Quote,2.5 time exhange cost,Call for Quote,1.5 time exhange cost,Each,Each,Refurbished,Y,2.000000,Same Day,,,,
2393853,Avante Health Solutions,GE,"LOGIQ 7, PREA2H ASSY",Call for Quote,2.5 time exhange cost,Call for Quote,1.5 time exhange cost,Each,Each,Refurbished,Y,1.000000,Same Day,,,,
2401500,Avante Health Solutions,GE,1.5T Liberty 9000 8 Ch HD Breast Array Coil,Call for Quote,2.5 time exhange cost,Call for Quote,1.5 time exhange cost,Each,Each,Refurbished,Y,1.000000,Same Day,,,,
2404906,Avante Health Solutions,GE,RX64 PCB (Logiq E),Call for Quote,2.5 time exhange cost,Call for Quote,1.5 time exhange cost,Each,Each,Refurbished,Y,1.000000,Same Day,,,,
2407019,Avante Health Solutions,"Claymont REF 11017, Dummy Plug","DUMMY PLUG, CA1, ANODE",Call for Quote,2.5 time exhange cost,Call for Quote,1.5 time exhange cost,Each,Each,Refurbished,Y,2.000000,Same Day,,,,
2413451,Avante Health Solutions,GE,"GE Vivid Q, I, E, Ext ECG Physio Cable",Call for Quote,2.5 time exhange cost,Call for Quote,1.5 time exhange cost,Each,Each,Refurbished,Y,1.000000,Same Day,,,,
2415376,Avante Health Solutions,,8 CH Cardiac Array Coil (Receive Only),Call for Quote,2.5 time exhange cost,Call for Quote,1.5 time exhange cost,Each,Each,Refurbished,Y,2.000000,Same Day,,,,
2415544,Avante Health Solutions,GE,3T HD 8 Ch Vibrant Breast Coil,Call for Quote,2.5 time exhange cost,Call for Quote,1.5 time exhange cost,Each,Each,Refurbished,Y,1.000000,Same Day,,,,
250GB ATA HDD,Avante Health Solutions,MULTIPLE,250GB IDE/ATA HDD,Call for Quote,2.5 time exhange cost,Call for Quote,1.5 time exhange cost,Each,Each,Refurbished,Y,7.000000,Same Day,,,,
30-00700-004,Avante Health Solutions,GE,3T 16 Ch Head Coil (Receive Only),Call for Quote,2.5 time exhange cost,Call for Quote,1.5 time exhange cost,Each,Each,Refurbished,Y,1.000000,Same Day,,,,
3039828,Avante Health Solutions,,Freq. Inverter 1600HZ 2.3 KVA,Call for Quote,2.5 time exhange cost,Call for Quote,1.5 time exhange cost,Each,Each,Refurbished,Y,1.000000,Same Day,,,,
30613005,Avante Health Solutions,GE,L-ARM MOTOR ASSEMBLY,Call for Quote,2.5 time exhange cost,Call for Quote,1.5 time exhange cost,Each,Each,Refurbished,Y,1.000000,Same Day,,,,
3064474,Avante Health Solutions,Siemens,RND LOUDSPEAKER 3W 8OHM,Call for Quote,2.5 time exhange cost,Call for Quote,1.5 time exhange cost,Each,Each,Refurbished,Y,3.000000,Same Day,,,,
3079050,Avante Health Solutions,Siemens,Fujitsu Keyboard Black,Call for Quote,2.5 time exhange cost,Call for Quote,1.5 time exhange cost,Each,Each,Refurbished,Y,1.000000,Same Day,,,,
4000079-51,Avante Health Solutions,,VANGUARD FOR  SIEMENS BREAST MRI AUXILLARY TABLE,Call for Quote,2.5 time exhange cost,Call for Quote,1.5 time exhange cost,Each,Each,Refurbished,Y,1.000000,Same Day,,,,
41462,Avante Health Solutions,SIEMENS,Acuson CSD2 Pcb.,Call for Quote,2.5 time exhange cost,Call for Quote,1.5 time exhange cost,Each,Each,Refurbished,Y,2.000000,Same Day,,,,
42526,Avante Health Solutions,SIEMENS,"Acuson, PPS3",Call for Quote,2.5 time exhange cost,Call for Quote,1.5 time exhange cost,Each,Each,Refurbished,Y,1.000000,Same Day,,,,
451000049234,Avante Health Solutions,Philips,ST Shoulder Coil,Call for Quote,2.5 time exhange cost,Call for Quote,1.5 time exhange cost,Each,Each,Refurbished,Y,1.000000,Same Day,,,,
451205000671,Avante Health Solutions,,Automatic Circuit Breaker F2,Call for Quote,2.5 time exhange cost,Call for Quote,1.5 time exhange cost,Each,Each,Refurbished,Y,1.000000,Same Day,,,,
451210045441,Avante Health Solutions,Philips,Green Safety Resistor,Call for Quote,2.5 time exhange cost,Call for Quote,1.5 time exhange cost,Each,Each,Refurbished,Y,2.000000,Same Day,,,,
451210045442,Avante Health Solutions,Philips,Green Safety Resistor,Call for Quote,2.5 time exhange cost,Call for Quote,1.5 time exhange cost,Each,Each,Refurbished,Y,63.000000,Same Day,,,,
451210805921,Avante Health Solutions,Philips,PCB OFF-PULS CONTROL*OL161035*W147,Call for Quote,2.5 time exhange cost,Call for Quote,1.5 time exhange cost,Each,Each,Refurbished,Y,1.000000,Same Day,,,,
451217800876,Avante Health Solutions,Philips,KVMA Control Bd.,Call for Quote,2.5 time exhange cost,Call for Quote,1.5 time exhange cost,Each,Each,Refurbished,Y,1.000000,Same Day,,,,
451220400039,Avante Health Solutions,,PS UNIT,Call for Quote,2.5 time exhange cost,Call for Quote,1.5 time exhange cost,Each,Each,Refurbished,Y,1.000000,Same Day,,,,
452209009244,Avante Health Solutions,,video scan converter FD,Call for Quote,2.5 time exhange cost,Call for Quote,1.5 time exhange cost,Each,Each,Refurbished,Y,1.000000,Same Day,,,,
452209010701,Avante Health Solutions,Philips,POTENTIOMETER 5K 10 TURN,Call for Quote,2.5 time exhange cost,Call for Quote,1.5 time exhange cost,Each,Each,Refurbished,Y,5.000000,Same Day,,,,
452212703383,Avante Health Solutions,Philips,BOARD MVR BIPLANE,Call for Quote,2.5 time exhange cost,Call for Quote,1.5 time exhange cost,Each,Each,Refurbished,Y,1.000000,Same Day,,,,
452212805623,Avante Health Solutions,Philips,AD5 Measuring Switch Unit (Height),Call for Quote,2.5 time exhange cost,Call for Quote,1.5 time exhange cost,Each,Each,Refurbished,Y,3.000000,Same Day,,,,
452212806614,Avante Health Solutions,Philips,Motor Drive L -arm/ base,Call for Quote,2.5 time exhange cost,Call for Quote,1.5 time exhange cost,Each,Each,Refurbished,Y,4.000000,Same Day,,,,
452212869981,Avante Health Solutions,Philips,Remote Cardio Viewpad,Call for Quote,2.5 time exhange cost,Call for Quote,1.5 time exhange cost,Each,Each,Refurbished,Y,4.000000,Same Day,,,,
452212877993,Avante Health Solutions,PHILIPS,HOSE CARRIER SLEVE RIGHT,Call for Quote,2.5 time exhange cost,Call for Quote,1.5 time exhange cost,Each,Each,Refurbished,Y,1.000000,Same Day,,,,
452212883515,Avante Health Solutions,,C-arc Cover,Call for Quote,2.5 time exhange cost,Call for Quote,1.5 time exhange cost,Each,Each,Refurbished,Y,1.000000,Same Day,,,,
452212886291,Avante Health Solutions,,power supply tray,Call for Quote,2.5 time exhange cost,Call for Quote,1.5 time exhange cost,Each,Each,Refurbished,Y,1.000000,Same Day,,,,
452212887918,Avante Health Solutions,Philips,Power and Control Unit (PCU),Call for Quote,2.5 time exhange cost,Call for Quote,1.5 time exhange cost,Each,Each,Refurbished,Y,9.000000,Same Day,,,,
452212895394,Avante Health Solutions,Philips,POWER SUPPLY UNIT 24V-5.5A,Call for Quote,2.5 time exhange cost,Call for Quote,1.5 time exhange cost,Each,Each,Refurbished,Y,2.000000,Same Day,,,,
452212910961,Avante Health Solutions,philips,HOSE SUPPORT RING HINGED,Call for Quote,2.5 time exhange cost,Call for Quote,1.5 time exhange cost,Each,Each,Refurbished,Y,2.000000,Same Day,,,,
452212911151,Avante Health Solutions,Philips,LARC Balancing Unit,Call for Quote,2.5 time exhange cost,Call for Quote,1.5 time exhange cost,Each,Each,Refurbished,Y,3.000000,Same Day,,,,
452212915606,Avante Health Solutions,Philips,LARC Ext Board,Call for Quote,2.5 time exhange cost,Call for Quote,1.5 time exhange cost,Each,Each,Refurbished,Y,2.000000,Same Day,,,,
452209012054,Avante Health Solutions,Philips,HIGH SPEED DATA INTERFACE BOARD,Call for Quote,2.5 time exhange cost,Call for Quote,1.5 time exhange cost,Each,Each,Refurbished,Y,2.000000,Same Day,,,,
452209012057,Avante Health Solutions,Philips,HIGH SPEED DATA INTERFACE BOARD,Call for Quote,2.5 time exhange cost,Call for Quote,1.5 time exhange cost,Each,Each,Refurbished,Y,1.000000,Same Day,,,,
452209015221,Avante Health Solutions,Philips,FDC FIRE_RD BOARD,Call for Quote,2.5 time exhange cost,Call for Quote,1.5 time exhange cost,Each,Each,Refurbished,Y,1.000000,Same Day,,,,
452209017163,Avante Health Solutions,Philips,EXTENDED PROCESSING BOARD XPB SN#0719000779,Call for Quote,2.5 time exhange cost,Call for Quote,1.5 time exhange cost,Each,Each,Refurbished,Y,1.000000,Same Day,,,,
452209020301,Avante Health Solutions,,"Network Switch, 10/100Mb 24 Port JFS524",Call for Quote,2.5 time exhange cost,Call for Quote,1.5 time exhange cost,Each,Each,Refurbished,Y,3.000000,Same Day,,,,
452209022791,Avante Health Solutions,SIEMENS,Single Link DVI Extension Receiver,Call for Quote,2.5 time exhange cost,Call for Quote,1.5 time exhange cost,Each,Each,Refurbished,Y,10.000000,Same Day,,,,
452209024731,Avante Health Solutions,Philips,Displayport SL DVI ext. TX str 310mm,Call for Quote,2.5 time exhange cost,Call for Quote,1.5 time exhange cost,Each,Each,Refurbished,Y,3.000000,Same Day,,,,
452209500162,Avante Health Solutions,Philips,Unit Power Supply Multivision,Call for Quote,2.5 time exhange cost,Call for Quote,1.5 time exhange cost,Each,Each,Refurbished,Y,1.000000,Same Day,,,,
452210748104,Avante Health Solutions,Philips,PCB Input/Output,Call for Quote,2.5 time exhange cost,Call for Quote,1.5 time exhange cost,Each,Each,Refurbished,Y,1.000000,Same Day,,,,
452210770253,Avante Health Solutions,Philips,B Selection Aut/Manual,Call for Quote,2.5 time exhange cost,Call for Quote,1.5 time exhange cost,Each,Each,Refurbished,Y,1.000000,Same Day,,,,
452210770314,Avante Health Solutions,Philips,LB2 Conditions Automatic/Manual Bd.,Call for Quote,2.5 time exhange cost,Call for Quote,1.5 time exhange cost,Each,Each,Refurbished,Y,1.000000,Same Day,,,,
452210820192,Avante Health Solutions,Philips,LVLE Bd.,Call for Quote,2.5 time exhange cost,Call for Quote,1.5 time exhange cost,Each,Each,Refurbished,Y,4.000000,Same Day,,,,
452210822021,Avante Health Solutions,Philips,SPB Bd.,Call for Quote,2.5 time exhange cost,Call for Quote,1.5 time exhange cost,Each,Each,Refurbished,Y,1.000000,Same Day,,,,
452210822224,Avante Health Solutions,Philips,VCISC SCIPI Bd.,Call for Quote,2.5 time exhange cost,Call for Quote,1.5 time exhange cost,Each,Each,Refurbished,Y,1.000000,Same Day,,,,
452212701806,Avante Health Solutions,Philips,LAN Ext. Bd.,Call for Quote,2.5 time exhange cost,Call for Quote,1.5 time exhange cost,Each,Each,Refurbished,Y,1.000000,Same Day,,,,
452212702655,Avante Health Solutions,Philips,MVR High Power Bd.,Call for Quote,2.5 time exhange cost,Call for Quote,1.5 time exhange cost,Each,Each,Refurbished,Y,6.000000,Same Day,,,,
452212702656,Avante Health Solutions,Philips,MVR High Power Bd.,Call for Quote,2.5 time exhange cost,Call for Quote,1.5 time exhange cost,Each,Each,Refurbished,Y,9.000000,Same Day,,,,
452212702667,Avante Health Solutions,Philips,MVR Low Power Bd.,Call for Quote,2.5 time exhange cost,Call for Quote,1.5 time exhange cost,Each,Each,Refurbished,Y,6.000000,Same Day,,,,
452212703033,Avante Health Solutions,Philips,FTF TTCB Bd.,Call for Quote,2.5 time exhange cost,Call for Quote,1.5 time exhange cost,Each,Each,Refurbished,Y,5.000000,Same Day,,,,
452212703285,Avante Health Solutions,Philips,Clea Ext. 1 Bd.,Call for Quote,2.5 time exhange cost,Call for Quote,1.5 time exhange cost,Each,Each,Refurbished,Y,1.000000,Same Day,,,,
452212703311,Avante Health Solutions,Philips,AD5T Ext. Bd.,Call for Quote,2.5 time exhange cost,Call for Quote,1.5 time exhange cost,Each,Each,Refurbished,Y,4.000000,Same Day,,,,
452212703322,Avante Health Solutions,Philips,LUC V4 Bd.,Call for Quote,2.5 time exhange cost,Call for Quote,1.5 time exhange cost,Each,Each,Refurbished,Y,5.000000,Same Day,,,,
452212703335,Avante Health Solutions,Philips,IPC Adapter SCC1 Bd.,Call for Quote,2.5 time exhange cost,Call for Quote,1.5 time exhange cost,Each,Each,Refurbished,Y,2.000000,Same Day,,,,
452212702666,Avante Health Solutions,Philips,MVR Low Power Bd.,Call for Quote,2.5 time exhange cost,Call for Quote,1.5 time exhange cost,Each,Each,Refurbished,Y,21.000000,Same Day,,,,
452212703224,Avante Health Solutions,Philips,PEDESTAL WALL CONNECTION BOX,Call for Quote,2.5 time exhange cost,Call for Quote,1.5 time exhange cost,Each,Each,Refurbished,Y,1.000000,Same Day,,,,
452212703288,Avante Health Solutions,Philips,Clea Ext. 1 Bd.,Call for Quote,2.5 time exhange cost,Call for Quote,1.5 time exhange cost,Each,Each,Refurbished,Y,2.000000,Same Day,,,,
452212703323,Avante Health Solutions,Philips,LUC V4 Bd.,Call for Quote,2.5 time exhange cost,Call for Quote,1.5 time exhange cost,Each,Each,Refurbished,Y,11.000000,Same Day,,,,
452212703325,Avante Health Solutions,Philips,LUC Bd. V4,Call for Quote,2.5 time exhange cost,Call for Quote,1.5 time exhange cost,Each,Each,Refurbished,Y,12.000000,Same Day,,,,
452212703363,Avante Health Solutions,Philips,Clea Card Cage w/ Backplane,Call for Quote,2.5 time exhange cost,Call for Quote,1.5 time exhange cost,Each,Each,Refurbished,Y,2.000000,Same Day,,,,
452212805634,Avante Health Solutions,Philips,Measuring Switch Unit (Tilt),Call for Quote,2.5 time exhange cost,Call for Quote,1.5 time exhange cost,Each,Each,Refurbished,Y,3.000000,Same Day,,,,
452212806612,Avante Health Solutions,PHILIPS,MOTOR DRIVE L-ARM/BASE,Call for Quote,2.5 time exhange cost,Call for Quote,1.5 time exhange cost,Each,Each,Refurbished,Y,3.000000,Same Day,,,,
452212835581,Avante Health Solutions,Philips,Power Unit AD5,Call for Quote,2.5 time exhange cost,Call for Quote,1.5 time exhange cost,Each,Each,Refurbished,Y,3.000000,Same Day,,,,
452212850655,Avante Health Solutions,Philips,ANGULATION MOTOR ASSY LARC,Call for Quote,2.5 time exhange cost,Call for Quote,1.5 time exhange cost,Each,Each,Refurbished,Y,1.000000,Same Day,,,,
452212869133,Avante Health Solutions,Philips,STOP MCC/SYSTEM,Call for Quote,2.5 time exhange cost,Call for Quote,1.5 time exhange cost,Each,Each,Refurbished,Y,1.000000,Same Day,,,,
452212869802,Avante Health Solutions,Philips,UNDER TABLE MODULE  SN#4769600/001172,Call for Quote,2.5 time exhange cost,Call for Quote,1.5 time exhange cost,Each,Each,Refurbished,Y,1.000000,Same Day,,,,
0FTD1460,Avante Health Solutions,Eizo / Siemens,"Radiforce MX300W Color LCD Monitor, 29.8""",Call for Quote,2.5 time exhange cost,Call for Quote,1.5 time exhange cost,Each,Each,Refurbished,Y,1.000000,Same Day,,,,
100204,Avante Health Solutions,Siemens,PIXIUM 4600 DETECTOR REV.GB,Call for Quote,2.5 time exhange cost,Call for Quote,1.5 time exhange cost,Each,Each,Refurbished,Y,1.000000,Same Day,,,,
10023181,Avante Health Solutions,Siemens,P09GX Controller,Call for Quote,2.5 time exhange cost,Call for Quote,1.5 time exhange cost,Each,Each,Refurbished,Y,1.000000,Same Day,,,,
10023451,Avante Health Solutions,SIEMENS,Comb cpl M6 (PhiZ),Call for Quote,2.5 time exhange cost,Call for Quote,1.5 time exhange cost,Each,Each,Refurbished,Y,2.000000,Same Day,,,,
10032864,Avante Health Solutions,SIEMENS,"Cypress Trackball Kit, FRU",Call for Quote,2.5 time exhange cost,Call for Quote,1.5 time exhange cost,Each,Each,Refurbished,Y,1.000000,Same Day,,,,
10039429,Avante Health Solutions,SIEMENS,"Siemens SC2000, MPE BOARD",Call for Quote,2.5 time exhange cost,Call for Quote,1.5 time exhange cost,Each,Each,Refurbished,Y,4.000000,Same Day,,,,
10051913,Avante Health Solutions,Siemens,ICRON LEX USB EXTENDER,Call for Quote,2.5 time exhange cost,Call for Quote,1.5 time exhange cost,Each,Each,Refurbished,Y,1.000000,Same Day,,,,
10100171-N,Avante Health Solutions,Siemens,NW40 Helicoflex Seal,Call for Quote,2.5 time exhange cost,Call for Quote,1.5 time exhange cost,Each,Each,New OEM Original,Y,6.000000,Same Day,,,,
10131990,Avante Health Solutions,SIEMENS,"Siemens X300, Back End PCB",Call for Quote,2.5 time exhange cost,Call for Quote,1.5 time exhange cost,Each,Each,Refurbished,Y,2.000000,Same Day,,,,
10132401,Avante Health Solutions,SIEMENS,"Siemens, Assembly, X300 DC Power Supply",Call for Quote,2.5 time exhange cost,Call for Quote,1.5 time exhange cost,Each,Each,Refurbished,Y,1.000000,Same Day,,,,
10133396,Avante Health Solutions,SIEMENS,"Siemens X300, Control Panel",Call for Quote,2.5 time exhange cost,Call for Quote,1.5 time exhange cost,Each,Each,Refurbished,Y,3.000000,Same Day,,,,
10136469,Avante Health Solutions,SIEMENS,X700 TR PWA ASSY.,Call for Quote,2.5 time exhange cost,Call for Quote,1.5 time exhange cost,Each,Each,Refurbished,Y,7.000000,Same Day,,,,
452212887991,Avante Health Solutions,Philips,DETECTOR BODYGAURD,Call for Quote,2.5 time exhange cost,Call for Quote,1.5 time exhange cost,Each,Each,Refurbished,Y,1.000000,Same Day,,,,
452212888566,Avante Health Solutions,Philips,Swing arm,Call for Quote,2.5 time exhange cost,Call for Quote,1.5 time exhange cost,Each,Each,Refurbished,Y,1.000000,Same Day,,,,
452212914093,Avante Health Solutions,,Clea Card Cage w/ Backplane,Call for Quote,2.5 time exhange cost,Call for Quote,1.5 time exhange cost,Each,Each,Refurbished,Y,1.000000,Same Day,,,,
452212914094,Avante Health Solutions,Philips,Clea Card Card w/ Backplane,Call for Quote,2.5 time exhange cost,Call for Quote,1.5 time exhange cost,Each,Each,Refurbished,Y,1.000000,Same Day,,,,
452212915471,Avante Health Solutions,Philips,GEO IPC / WO XMP CARD,Call for Quote,2.5 time exhange cost,Call for Quote,1.5 time exhange cost,Each,Each,Refurbished,Y,1.000000,Same Day,,,,
452212916911,Avante Health Solutions,Philips,HANDGRIP ASSY,Call for Quote,2.5 time exhange cost,Call for Quote,1.5 time exhange cost,Each,Each,Refurbished,Y,2.000000,Same Day,,,,
452212916933,Avante Health Solutions,Philips,ID shift drive,Call for Quote,2.5 time exhange cost,Call for Quote,1.5 time exhange cost,Each,Each,Refurbished,Y,1.000000,Same Day,,,,
452212916952,Avante Health Solutions,Philips,POTENTIOMETER,Call for Quote,2.5 time exhange cost,Call for Quote,1.5 time exhange cost,Each,Each,Refurbished,Y,2.000000,Same Day,,,,
452212917854,Avante Health Solutions,Philips,Drive Identification Board,Call for Quote,2.5 time exhange cost,Call for Quote,1.5 time exhange cost,Each,Each,Refurbished,Y,2.000000,Same Day,,,,
452212917874,Avante Health Solutions,,PIU Board,Call for Quote,2.5 time exhange cost,Call for Quote,1.5 time exhange cost,Each,Each,Refurbished,Y,3.000000,Same Day,,,,
452212919621,Avante Health Solutions,Philips,POT,Call for Quote,2.5 time exhange cost,Call for Quote,1.5 time exhange cost,Each,Each,Refurbished,Y,2.000000,Same Day,,,,
452212920292,Avante Health Solutions,Philips,PUB,Call for Quote,2.5 time exhange cost,Call for Quote,1.5 time exhange cost,Each,Each,Refurbished,Y,2.000000,Same Day,,,,
452212703371,Avante Health Solutions,Philips,LARC Connection Bd. Xper,Call for Quote,2.5 time exhange cost,Call for Quote,1.5 time exhange cost,Each,Each,Refurbished,Y,6.000000,Same Day,,,,
452212703382,Avante Health Solutions,Philips,BOARD MVR BIPLANE,Call for Quote,2.5 time exhange cost,Call for Quote,1.5 time exhange cost,Each,Each,Refurbished,Y,12.000000,Same Day,,,,
452212703392,Avante Health Solutions,Philips,MVR Biplane,Call for Quote,2.5 time exhange cost,Call for Quote,1.5 time exhange cost,Each,Each,Refurbished,Y,3.000000,Same Day,,,,
452212703483,Avante Health Solutions,Philips,AD7 Table Base Connection Bd (TBCB),Call for Quote,2.5 time exhange cost,Call for Quote,1.5 time exhange cost,Each,Each,Refurbished,Y,2.000000,Same Day,,,,
452212804221,Avante Health Solutions,Philips,ARRET ASSY (PIVOT),Call for Quote,2.5 time exhange cost,Call for Quote,1.5 time exhange cost,Each,Each,Refurbished,Y,1.000000,Same Day,,,,
452212804401,Avante Health Solutions,Philips,SPEED CONTROLLER ASSEMBLY,Call for Quote,2.5 time exhange cost,Call for Quote,1.5 time exhange cost,Each,Each,Refurbished,Y,10.000000,Same Day,,,,
452212806101,Avante Health Solutions,Philips,Switch Bd. Assy.,Call for Quote,2.5 time exhange cost,Call for Quote,1.5 time exhange cost,Each,Each,Refurbished,Y,1.000000,Same Day,,,,
452212835582,Avante Health Solutions,Philips,SAP1 AD5 Table Power Supply,Call for Quote,2.5 time exhange cost,Call for Quote,1.5 time exhange cost,Each,Each,Refurbished,Y,2.000000,Same Day,,,,
452212854802,Avante Health Solutions,Philips,TRANSVERSAL BEAM,Call for Quote,2.5 time exhange cost,Call for Quote,1.5 time exhange cost,Each,Each,Refurbished,Y,2.000000,Same Day,,,,
452212881532,Avante Health Solutions,Philips,CEILING INLET ASSY MONITOR,Call for Quote,2.5 time exhange cost,Call for Quote,1.5 time exhange cost,Each,Each,Refurbished,Y,2.000000,Same Day,,,,
452212883453,Avante Health Solutions,Philips,Balancing Unit,Call for Quote,2.5 time exhange cost,Call for Quote,1.5 time exhange cost,Each,Each,Refurbished,Y,11.000000,Same Day,,,,
452212883482,Avante Health Solutions,Philips,COVER C-ARC DRIVE,Call for Quote,2.5 time exhange cost,Call for Quote,1.5 time exhange cost,Each,Each,Refurbished,Y,2.000000,Same Day,,,,
452212921891,Avante Health Solutions,Philips,SAP1 POWER SUPPLY,Call for Quote,2.5 time exhange cost,Call for Quote,1.5 time exhange cost,Each,Each,Refurbished,Y,9.000000,Same Day,,,,
452212922158,Avante Health Solutions,Philips,GEO IPC with XMP,Call for Quote,2.5 time exhange cost,Call for Quote,1.5 time exhange cost,Each,Each,Refurbished,Y,1.000000,Same Day,,,,
452212923161,Avante Health Solutions,Philips,FD10 Tube Cover w/ Sensor,Call for Quote,2.5 time exhange cost,Call for Quote,1.5 time exhange cost,Each,Each,Refurbished,Y,2.000000,Same Day,,,,
452213096104,Avante Health Solutions,,Phantom Bottle 5000CC,Call for Quote,2.5 time exhange cost,Call for Quote,1.5 time exhange cost,Each,Each,Refurbished,Y,1.000000,Same Day,,,,
45221313900,Avante Health Solutions,Philips,1.5T Quad Head Coil,Call for Quote,2.5 time exhange cost,Call for Quote,1.5 time exhange cost,Each,Each,Refurbished,Y,1.000000,Same Day,,,,
452213214022,Avante Health Solutions,Philips,1.5T Quad Knee/Foot Coil,Call for Quote,2.5 time exhange cost,Call for Quote,1.5 time exhange cost,Each,Each,Refurbished,Y,1.000000,Same Day,,,,
452214233013,Avante Health Solutions,PHILIPS,CTUCI_DTOP (Desktop unit complete),Call for Quote,2.5 time exhange cost,Call for Quote,1.5 time exhange cost,Each,Each,Refurbished,Y,1.000000,Same Day,,,,
452216327843,Avante Health Solutions,Philips,Chameleon Power Supply,Call for Quote,2.5 time exhange cost,Call for Quote,1.5 time exhange cost,Each,Each,Refurbished,Y,3.000000,Same Day,,,,
452216332098,Avante Health Solutions,Philips,SIB Box Unit,Call for Quote,2.5 time exhange cost,Call for Quote,1.5 time exhange cost,Each,Each,Refurbished,Y,1.000000,Same Day,,,,
452216332434,Avante Health Solutions,Philips,Fan Unit,Call for Quote,2.5 time exhange cost,Call for Quote,1.5 time exhange cost,Each,Each,Refurbished,Y,4.000000,Same Day,,,,
452216333283,Avante Health Solutions,Philips,UNIT PHYSIO,Call for Quote,2.5 time exhange cost,Call for Quote,1.5 time exhange cost,Each,Each,Refurbished,Y,6.000000,Same Day,,,,
452216333322,Avante Health Solutions,Philips,M Rack Chassis w/ Backplane,Call for Quote,2.5 time exhange cost,Call for Quote,1.5 time exhange cost,Each,Each,Refurbished,Y,1.000000,Same Day,,,,
452216703754,Avante Health Solutions,Philips,System Interface Bd. (SIB),Call for Quote,2.5 time exhange cost,Call for Quote,1.5 time exhange cost,Each,Each,Refurbished,Y,1.000000,Same Day,,,,
452216703811,Avante Health Solutions,Philips,CODING FIELD BOARD,Call for Quote,2.5 time exhange cost,Call for Quote,1.5 time exhange cost,Each,Each,Refurbished,Y,3.000000,Same Day,,,,
452216703812,Avante Health Solutions,,Coding Field board SIB (CFSIB) - HB,Call for Quote,2.5 time exhange cost,Call for Quote,1.5 time exhange cost,Each,Each,Refurbished,Y,3.000000,Same Day,,,,
452216801371,Avante Health Solutions,PHILIPS,Sensor Chiller,Call for Quote,2.5 time exhange cost,Call for Quote,1.5 time exhange cost,Each,Each,Refurbished,Y,2.000000,Same Day,,,,
452230007793,Avante Health Solutions,Philips,"Cover, Rotation L-Arm",Call for Quote,2.5 time exhange cost,Call for Quote,1.5 time exhange cost,Each,Each,Refurbished,Y,2.000000,Same Day,,,,
452230008911,Avante Health Solutions,Philips,Powerbox Rev.1,Call for Quote,2.5 time exhange cost,Call for Quote,1.5 time exhange cost,Each,Each,Refurbished,Y,1.000000,Same Day,,,,
452230008921,Avante Health Solutions,Philips,Fan PBX,Call for Quote,2.5 time exhange cost,Call for Quote,1.5 time exhange cost,Each,Each,Refurbished,Y,1.000000,Same Day,,,,
452230009631,Avante Health Solutions,Philips,Halogen 22.8v/50W,Call for Quote,2.5 time exhange cost,Call for Quote,1.5 time exhange cost,Each,Each,Refurbished,Y,3.000000,Same Day,,,,
452230010911,Avante Health Solutions,Philips,Hose Carrier,Call for Quote,2.5 time exhange cost,Call for Quote,1.5 time exhange cost,Each,Each,Refurbished,Y,8.000000,Same Day,,,,
452230012521,Avante Health Solutions,Philips,Tensioner Assy,Call for Quote,2.5 time exhange cost,Call for Quote,1.5 time exhange cost,Each,Each,Refurbished,Y,1.000000,Same Day,,,,
452230016023,Avante Health Solutions,Philips,MPDU Control Unit,Call for Quote,2.5 time exhange cost,Call for Quote,1.5 time exhange cost,Each,Each,Refurbished,Y,3.000000,Same Day,,,,
452230016025,Avante Health Solutions,Philips,MPDU Control Unit,Call for Quote,2.5 time exhange cost,Call for Quote,1.5 time exhange cost,Each,Each,Refurbished,Y,1.000000,Same Day,,,,
452212915607,Avante Health Solutions,Philips,LARC Ext Board,Call for Quote,2.5 time exhange cost,Call for Quote,1.5 time exhange cost,Each,Each,Refurbished,Y,1.000000,Same Day,,,,
452212917155,Avante Health Solutions,Philips,LARC Power Supply,Call for Quote,2.5 time exhange cost,Call for Quote,1.5 time exhange cost,Each,Each,Refurbished,Y,1.000000,Same Day,,,,
452212917156,Avante Health Solutions,Philips,LARC Power Supply,Call for Quote,2.5 time exhange cost,Call for Quote,1.5 time exhange cost,Each,Each,Refurbished,Y,1.000000,Same Day,,,,
452212922491,Avante Health Solutions,Philips,Cable Holder Set (5ea),Call for Quote,2.5 time exhange cost,Call for Quote,1.5 time exhange cost,Each,Each,Refurbished,Y,1.000000,Same Day,,,,
452212922801,Avante Health Solutions,Philips,AD7 Table Base Connection Bd (TBCB),Call for Quote,2.5 time exhange cost,Call for Quote,1.5 time exhange cost,Each,Each,Refurbished,Y,7.000000,Same Day,,,,
452212923782,Avante Health Solutions,Philips,Node Interface Unit (NIU),Call for Quote,2.5 time exhange cost,Call for Quote,1.5 time exhange cost,Each,Each,Refurbished,Y,5.000000,Same Day,,,,
45221310927,Avante Health Solutions,PHILIPS,POWER SUPPLY GRAD INTERF,Call for Quote,2.5 time exhange cost,Call for Quote,1.5 time exhange cost,Each,Each,Refurbished,Y,1.000000,Same Day,,,,
452213234594,Avante Health Solutions,Philips,"19"" OCD Monitor Set STD",Call for Quote,2.5 time exhange cost,Call for Quote,1.5 time exhange cost,Each,Each,Refurbished,Y,2.000000,Same Day,,,,
452213300932,Avante Health Solutions,Philips,Nurse Call IRF/DStream,Call for Quote,2.5 time exhange cost,Call for Quote,1.5 time exhange cost,Each,Each,Refurbished,Y,1.000000,Same Day,,,,
452216311304,Avante Health Solutions,Philips,FLD/IGC Unit,Call for Quote,2.5 time exhange cost,Call for Quote,1.5 time exhange cost,Each,Each,Refurbished,Y,1.000000,Same Day,,,,
452216329021,Avante Health Solutions,Philips,PSU Box,Call for Quote,2.5 time exhange cost,Call for Quote,1.5 time exhange cost,Each,Each,Refurbished,Y,1.000000,Same Day,,,,
452216701131,Avante Health Solutions,Philips,BH-SBI Bd.,Call for Quote,2.5 time exhange cost,Call for Quote,1.5 time exhange cost,Each,Each,Refurbished,Y,3.000000,Same Day,,,,
452230016402,Avante Health Solutions,Philips,Philips Cath Chameleon Power Tray (Back Piece),Call for Quote,2.5 time exhange cost,Call for Quote,1.5 time exhange cost,Each,Each,Refurbished,Y,1.000000,Same Day,,,,
452230016822-N,Avante Health Solutions,Philips,KVM Extender/Receiver Kit,Call for Quote,2.5 time exhange cost,Call for Quote,1.5 time exhange cost,Each,Each,New OEM Original,Y,7.000000,Same Day,,,,
452230017064,Avante Health Solutions,Philips,Junction Rotation Unit,Call for Quote,2.5 time exhange cost,Call for Quote,1.5 time exhange cost,Each,Each,Refurbished,Y,1.000000,Same Day,,,,
452230017092,Avante Health Solutions,Philips,"motor assy, rotation drive",Call for Quote,2.5 time exhange cost,Call for Quote,1.5 time exhange cost,Each,Each,Refurbished,Y,3.000000,Same Day,,,,
452230018721,Avante Health Solutions,Philips,FD10 Cable Slab Cover,Call for Quote,2.5 time exhange cost,Call for Quote,1.5 time exhange cost,Each,Each,Refurbished,Y,1.000000,Same Day,,,,
452230020966,Avante Health Solutions,Philips,Rotation Unit,Call for Quote,2.5 time exhange cost,Call for Quote,1.5 time exhange cost,Each,Each,Refurbished,Y,4.000000,Same Day,,,,
452230020971,Avante Health Solutions,Philips,TOOTHBELT Rotation Unit,Call for Quote,2.5 time exhange cost,Call for Quote,1.5 time exhange cost,Each,Each,Refurbished,Y,6.000000,Same Day,,,,
452230022112,Avante Health Solutions,Philips,POTENTIOMETER UNIT L-ARM SPL R1 SPL-X3,Call for Quote,2.5 time exhange cost,Call for Quote,1.5 time exhange cost,Each,Each,Refurbished,Y,18.000000,Same Day,,,,
452230023012,Avante Health Solutions,Philips,Potentiometer,Call for Quote,2.5 time exhange cost,Call for Quote,1.5 time exhange cost,Each,Each,Refurbished,Y,6.000000,Same Day,,,,
452230023084,Avante Health Solutions,,TOP COVER FDXD SET,Call for Quote,2.5 time exhange cost,Call for Quote,1.5 time exhange cost,Each,Each,Refurbished,Y,2.000000,Same Day,,,,
452230023702,Avante Health Solutions,Philips,L-Arc Long Drive Assy.,Call for Quote,2.5 time exhange cost,Call for Quote,1.5 time exhange cost,Each,Each,Refurbished,Y,1.000000,Same Day,,,,
452230025812,Avante Health Solutions,Philips,AD7 Smart Drive,Call for Quote,2.5 time exhange cost,Call for Quote,1.5 time exhange cost,Each,Each,Refurbished,Y,27.000000,Same Day,,,,
2405241,Avante Health Solutions,GE,RR CVC,Call for Quote,2.5 time exhange cost,Call for Quote,1.5 time exhange cost,Each,Each,Refurbished,Y,1.000000,Same Day,,,,
2407345,Avante Health Solutions,GE,POWER SUPPLY AC-DC SINGLE 24V,Call for Quote,2.5 time exhange cost,Call for Quote,1.5 time exhange cost,Each,Each,Refurbished,Y,1.000000,Same Day,,,,
242212000247,Avante Health Solutions,Philips,Micro Switch,Call for Quote,2.5 time exhange cost,Call for Quote,1.5 time exhange cost,Each,Each,Refurbished,Y,10.000000,Same Day,,,,
242212916293,Avante Health Solutions,Philips,ENF1 Breaker,Call for Quote,2.5 time exhange cost,Call for Quote,1.5 time exhange cost,Each,Each,Refurbished,Y,9.000000,Same Day,,,,
27663A,Avante Health Solutions,GE,Ingrid Cable set,Call for Quote,2.5 time exhange cost,Call for Quote,1.5 time exhange cost,Each,Each,Refurbished,Y,1.000000,Same Day,,,,
300006935661-N,Avante Health Solutions,,19'' Monochrome Monitor ER (MML1953-PER),Call for Quote,2.5 time exhange cost,Call for Quote,1.5 time exhange cost,Each,Each,New OEM Original,Y,1.000000,Same Day,,,,
30132,Avante Health Solutions,SIEMENS,"Acuson, PIC PCB",Call for Quote,2.5 time exhange cost,Call for Quote,1.5 time exhange cost,Each,Each,Refurbished,Y,1.000000,Same Day,,,,
3072378,Avante Health Solutions,Siemens,Contactor 24V AC,Call for Quote,2.5 time exhange cost,Call for Quote,1.5 time exhange cost,Each,Each,Refurbished,Y,1.000000,Same Day,,,,
3078557-N,Avante Health Solutions,Siemens,NH FUSE 80A gG 500V,Call for Quote,2.5 time exhange cost,Call for Quote,1.5 time exhange cost,Each,Each,New OEM Original,Y,11.000000,Same Day,,,,
3084456,Avante Health Solutions,Siemens,Lust Frequency Inverter 1600Hx 1.7kva with Function Module Can Bus,Call for Quote,2.5 time exhange cost,Call for Quote,1.5 time exhange cost,Each,Each,Refurbished,Y,14.000000,Same Day,,,,
3100359,Avante Health Solutions,Siemens,EXACT LSO Analog Processor,Call for Quote,2.5 time exhange cost,Call for Quote,1.5 time exhange cost,Each,Each,Refurbished,Y,4.000000,Same Day,,,,
3108078-N,Avante Health Solutions,Siemens,Syphon Ferrule,Call for Quote,2.5 time exhange cost,Call for Quote,1.5 time exhange cost,Each,Each,New OEM Original,Y,2.000000,Same Day,,,,
3500-1578,Avante Health Solutions,PHILIPS,ATL AC INPUT MODULE,Call for Quote,2.5 time exhange cost,Call for Quote,1.5 time exhange cost,Each,Each,Refurbished,Y,1.000000,Same Day,,,,
362192,Avante Health Solutions,Siemens,PATIENT SUPPORT POWER PCB,Call for Quote,2.5 time exhange cost,Call for Quote,1.5 time exhange cost,Each,Each,Refurbished,Y,1.000000,Same Day,,,,
3758534,Avante Health Solutions,Siemens,Distributor D2 (Location E584),Call for Quote,2.5 time exhange cost,Call for Quote,1.5 time exhange cost,Each,Each,Refurbished,Y,4.000000,Same Day,,,,
3815383,Avante Health Solutions,Siemens,D352 Power Supply Assy,Call for Quote,2.5 time exhange cost,Call for Quote,1.5 time exhange cost,Each,Each,Refurbished,Y,1.000000,Same Day,,,,
4000566,Avante Health Solutions,GE,Inverter Fan Group,Call for Quote,2.5 time exhange cost,Call for Quote,1.5 time exhange cost,Each,Each,Refurbished,Y,1.000000,Same Day,,,,
4085618,Avante Health Solutions,Philips,Thermally Protected Fan,Call for Quote,2.5 time exhange cost,Call for Quote,1.5 time exhange cost,Each,Each,Refurbished,Y,1.000000,Same Day,,,,
43242,Avante Health Solutions,SIEMENS,PIC2,Call for Quote,2.5 time exhange cost,Call for Quote,1.5 time exhange cost,Each,Each,Refurbished,Y,1.000000,Same Day,,,,
451000041516,Avante Health Solutions,Philips,1.0T ST Sense Head Coil,Call for Quote,2.5 time exhange cost,Call for Quote,1.5 time exhange cost,Each,Each,Refurbished,Y,1.000000,Same Day,,,,
451210470827,Avante Health Solutions,,Valera Power Chassis Assy,Call for Quote,2.5 time exhange cost,Call for Quote,1.5 time exhange cost,Each,Each,Refurbished,Y,1.000000,Same Day,,,,
451210473515,Avante Health Solutions,Philips,Rotor Control HS,Call for Quote,2.5 time exhange cost,Call for Quote,1.5 time exhange cost,Each,Each,Refurbished,Y,3.000000,Same Day,,,,
451210493493,Avante Health Solutions,Philips,FAN ASSEMBLY FOR VALERA GENERATOR 2 FANS,Call for Quote,2.5 time exhange cost,Call for Quote,1.5 time exhange cost,Each,Each,Refurbished,Y,8.000000,Same Day,,,,
451210494543,Avante Health Solutions,Philips,HT Tank,Call for Quote,2.5 time exhange cost,Call for Quote,1.5 time exhange cost,Each,Each,Refurbished,Y,2.000000,Same Day,,,,
452230025982,Avante Health Solutions,Philips,Longitudinal Potentiometer Assy.,Call for Quote,2.5 time exhange cost,Call for Quote,1.5 time exhange cost,Each,Each,Refurbished,Y,9.000000,Same Day,,,,
452230027083,Avante Health Solutions,Philips,Brake Assy Lateral Movement,Call for Quote,2.5 time exhange cost,Call for Quote,1.5 time exhange cost,Each,Each,Refurbished,Y,3.000000,Same Day,,,,
452230027142,Avante Health Solutions,Philips,ARRET ASSY,Call for Quote,2.5 time exhange cost,Call for Quote,1.5 time exhange cost,Each,Each,Refurbished,Y,3.000000,Same Day,,,,
452230027381,Avante Health Solutions,Philips,"Hose Carrier, Ring (Cable Carriage included)",Call for Quote,2.5 time exhange cost,Call for Quote,1.5 time exhange cost,Each,Each,Refurbished,Y,6.000000,Same Day,,,,
452230028523,Avante Health Solutions,Philips,PFS272 Power Tray,Call for Quote,2.5 time exhange cost,Call for Quote,1.5 time exhange cost,Each,Each,Refurbished,Y,6.000000,Same Day,,,,
452230032691,Avante Health Solutions,Philips,Set Tilt Top Covers,Call for Quote,2.5 time exhange cost,Call for Quote,1.5 time exhange cost,Each,Each,Refurbished,Y,2.000000,Same Day,,,,
452230035303,Avante Health Solutions,Philips,AD7 Force Sensor,Call for Quote,2.5 time exhange cost,Call for Quote,1.5 time exhange cost,Each,Each,Refurbished,Y,12.000000,Same Day,,,,
452293859676-SPL-Y1,Avante Health Solutions,philips,DUAL BRAKE L-ARM,Call for Quote,2.5 time exhange cost,Call for Quote,1.5 time exhange cost,Each,Each,Refurbished,Y,9.000000,Same Day,,,,
45258933,Avante Health Solutions,GE,TABLE HEIGHT POT W/ CONNECTOR XP300,Call for Quote,2.5 time exhange cost,Call for Quote,1.5 time exhange cost,Each,Each,Refurbished,Y,2.000000,Same Day,,,,
453561151171,Avante Health Solutions,PHILIPS,IU/IE Acquisition Power Supply (A Cart),Call for Quote,2.5 time exhange cost,Call for Quote,1.5 time exhange cost,Each,Each,Refurbished,Y,1.000000,Same Day,,,,
453561151172,Avante Health Solutions,PHILIPS,IU/IE Acquisition Power Supply (A Cart),Call for Quote,2.5 time exhange cost,Call for Quote,1.5 time exhange cost,Each,Each,Refurbished,Y,1.000000,Same Day,,,,
453561153751,Avante Health Solutions,PHILIPS,IU22 FEC (ABC),Call for Quote,2.5 time exhange cost,Call for Quote,1.5 time exhange cost,Each,Each,Refurbished,Y,5.000000,Same Day,,,,
31218293,Avante Health Solutions,GE,KVM SET VOYAGER 100 DAXTENREV: 2.1A2V,Call for Quote,2.5 time exhange cost,Call for Quote,1.5 time exhange cost,Each,Each,Refurbished,Y,1.000000,Same Day,,,,
32062,Avante Health Solutions,SIEMENS,"Acuson, BDM",Call for Quote,2.5 time exhange cost,Call for Quote,1.5 time exhange cost,Each,Each,Refurbished,Y,1.000000,Same Day,,,,
3500-2635,Avante Health Solutions,PHILIPS,ATL Upper User Interface (5000),Call for Quote,2.5 time exhange cost,Call for Quote,1.5 time exhange cost,Each,Each,Refurbished,Y,1.000000,Same Day,,,,
3500-3432,Avante Health Solutions,PHILIPS,"ATL, DDEA Assy.",Call for Quote,2.5 time exhange cost,Call for Quote,1.5 time exhange cost,Each,Each,Refurbished,Y,1.000000,Same Day,,,,
3554552,Avante Health Solutions,Siemens,Exact LSO Analog Processor,Call for Quote,2.5 time exhange cost,Call for Quote,1.5 time exhange cost,Each,Each,Refurbished,Y,2.000000,Same Day,,,,
3805913,Avante Health Solutions,Siemens,D503 Bd.,Call for Quote,2.5 time exhange cost,Call for Quote,1.5 time exhange cost,Each,Each,Refurbished,Y,1.000000,Same Day,,,,
39522,Avante Health Solutions,SIEMENS,Acuson CN3,Call for Quote,2.5 time exhange cost,Call for Quote,1.5 time exhange cost,Each,Each,Refurbished,Y,4.000000,Same Day,,,,
4000-0287,Avante Health Solutions,PHILIPS,ATL P3-2 Mhz 20mm Phased X'dcr.(3/5000),Call for Quote,2.5 time exhange cost,Call for Quote,1.5 time exhange cost,Each,Each,Refurbished,Y,1.000000,Same Day,,,,
4000-0320,Avante Health Solutions,PHILIPS,ATL C4-2 4-2 Mhz Curved Transducer (3/5000),Call for Quote,2.5 time exhange cost,Call for Quote,1.5 time exhange cost,Each,Each,Refurbished,Y,2.000000,Same Day,,,,
4000048-51,Avante Health Solutions,,VANGUARD BREAST INTERFACE BOX FOR SIEMENS 1.5T,Call for Quote,2.5 time exhange cost,Call for Quote,1.5 time exhange cost,Each,Each,Refurbished,Y,1.000000,Same Day,,,,
4000-0647,Avante Health Solutions,PHILIPS,Philips P6-3 Mhz Phased Transducer (3/5000),Call for Quote,2.5 time exhange cost,Call for Quote,1.5 time exhange cost,Each,Each,Refurbished,Y,2.000000,Same Day,,,,
4000-0955,Avante Health Solutions,PHILIPS,ATL C8-4v Endo-Cavity Transducer (3/5000),Call for Quote,2.5 time exhange cost,Call for Quote,1.5 time exhange cost,Each,Each,Refurbished,Y,1.000000,Same Day,,,,
451210512808,Avante Health Solutions,Philips,Anode Drive Unit (ADU),Call for Quote,2.5 time exhange cost,Call for Quote,1.5 time exhange cost,Each,Each,Refurbished,Y,2.000000,Same Day,,,,
451210516291,Avante Health Solutions,PHILIPS,CONVERTER 8E,Call for Quote,2.5 time exhange cost,Call for Quote,1.5 time exhange cost,Each,Each,Refurbished,Y,2.000000,Same Day,,,,
451210519971,Avante Health Solutions,Philips,Mains Interface Unit  (MIU) Certeray,Call for Quote,2.5 time exhange cost,Call for Quote,1.5 time exhange cost,Each,Each,Refurbished,Y,1.000000,Same Day,,,,
451210767604,Avante Health Solutions,Philips,PCB EXTERNAL APRT INTERFACE *OG002879*W155,Call for Quote,2.5 time exhange cost,Call for Quote,1.5 time exhange cost,Each,Each,Refurbished,Y,1.000000,Same Day,,,,
451210808003,Avante Health Solutions,,PCB Power ON Circuit,Call for Quote,2.5 time exhange cost,Call for Quote,1.5 time exhange cost,Each,Each,Refurbished,Y,6.000000,Same Day,,,,
451210808725,Avante Health Solutions,Philips,PCB MRC INTERFACE HS BOARD,Call for Quote,2.5 time exhange cost,Call for Quote,1.5 time exhange cost,Each,Each,Refurbished,Y,1.000000,Same Day,,,,
451211322343,Avante Health Solutions,Philips,High Speed Rotor Control,Call for Quote,2.5 time exhange cost,Call for Quote,1.5 time exhange cost,Each,Each,Refurbished,Y,4.000000,Same Day,,,,
451212800087,Avante Health Solutions,Philips,Cube Assy.,Call for Quote,2.5 time exhange cost,Call for Quote,1.5 time exhange cost,Each,Each,Refurbished,Y,1.000000,Same Day,,,,
451217800873,Avante Health Solutions,Philips,KVMA Control Bd.,Call for Quote,2.5 time exhange cost,Call for Quote,1.5 time exhange cost,Each,Each,Refurbished,Y,1.000000,Same Day,,,,
452209003454,Avante Health Solutions,Philips,SBC,Call for Quote,2.5 time exhange cost,Call for Quote,1.5 time exhange cost,Each,Each,Refurbished,Y,1.000000,Same Day,,,,
452209010701-SPR R2,Avante Health Solutions,Phillps,POTENTIOMETER 5K 10 TURN,Call for Quote,2.5 time exhange cost,Call for Quote,1.5 time exhange cost,Each,Each,Refurbished,Y,5.000000,Same Day,,,,
452209012059,Avante Health Solutions,Philips,HIB AM3,Call for Quote,2.5 time exhange cost,Call for Quote,1.5 time exhange cost,Each,Each,Refurbished,Y,5.000000,Same Day,,,,
40GB SATA HDD,Avante Health Solutions,MULTIPLE,40GB SATA HDD,Call for Quote,2.5 time exhange cost,Call for Quote,1.5 time exhange cost,Each,Each,Refurbished,Y,2.000000,Same Day,,,,
41482,Avante Health Solutions,SIEMENS,"Acuson, IOV II Pcb.",Call for Quote,2.5 time exhange cost,Call for Quote,1.5 time exhange cost,Each,Each,Refurbished,Y,4.000000,Same Day,,,,
451210473502,Avante Health Solutions,,High Speed Rotor Control,Call for Quote,2.5 time exhange cost,Call for Quote,1.5 time exhange cost,Each,Each,Refurbished,Y,1.000000,Same Day,,,,
451210513072,Avante Health Solutions,Philips,Converter 8E,Call for Quote,2.5 time exhange cost,Call for Quote,1.5 time exhange cost,Each,Each,Refurbished,Y,1.000000,Same Day,,,,
451210514022,Avante Health Solutions,Philips,X-Segment Controller,Call for Quote,2.5 time exhange cost,Call for Quote,1.5 time exhange cost,Each,Each,Refurbished,Y,4.000000,Same Day,,,,
451210515282,Avante Health Solutions,Philips,Power On Circuit,Call for Quote,2.5 time exhange cost,Call for Quote,1.5 time exhange cost,Each,Each,Refurbished,Y,1.000000,Same Day,,,,
451211322332,Avante Health Solutions,Philips,ROCO HS VELARA,Call for Quote,2.5 time exhange cost,Call for Quote,1.5 time exhange cost,Each,Each,Refurbished,Y,1.000000,Same Day,,,,
451213365531,Avante Health Solutions,Philips,M-SHIELD,Call for Quote,2.5 time exhange cost,Call for Quote,1.5 time exhange cost,Each,Each,Refurbished,Y,1.000000,Same Day,,,,
451217800088,Avante Health Solutions,Philips,CUBE,Call for Quote,2.5 time exhange cost,Call for Quote,1.5 time exhange cost,Each,Each,Refurbished,Y,3.000000,Same Day,,,,
451217800878,Avante Health Solutions,Philips,KVMA Control Bd.,Call for Quote,2.5 time exhange cost,Call for Quote,1.5 time exhange cost,Each,Each,Refurbished,Y,1.000000,Same Day,,,,
451220400382,Avante Health Solutions,Philips,CU3101 Tube Chiller,Call for Quote,2.5 time exhange cost,Call for Quote,1.5 time exhange cost,Each,Each,Refurbished,Y,1.000000,Same Day,,,,
451259003212,Avante Health Solutions,Philips,Set of Cooling Hose,Call for Quote,2.5 time exhange cost,Call for Quote,1.5 time exhange cost,Each,Each,Refurbished,Y,1.000000,Same Day,,,,
452212883563,Avante Health Solutions,Philips,Cable Ring,Call for Quote,2.5 time exhange cost,Call for Quote,1.5 time exhange cost,Each,Each,Refurbished,Y,2.000000,Same Day,,,,
452212883876,Avante Health Solutions,Philips,Motor C-Arc Rotation Assy.,Call for Quote,2.5 time exhange cost,Call for Quote,1.5 time exhange cost,Each,Each,Refurbished,Y,2.000000,Same Day,,,,
45221288388,Avante Health Solutions,Philips,JUNCTION ROTATION UNIT,Call for Quote,2.5 time exhange cost,Call for Quote,1.5 time exhange cost,Each,Each,Refurbished,Y,1.000000,Same Day,,,,
452212885052,Avante Health Solutions,Philips,VIEWPAD CARDIO R7,Call for Quote,2.5 time exhange cost,Call for Quote,1.5 time exhange cost,Each,Each,Refurbished,Y,4.000000,Same Day,,,,
452212888311,Avante Health Solutions,Philips,VIEWPAD CARDIO R7 REMOTE,Call for Quote,2.5 time exhange cost,Call for Quote,1.5 time exhange cost,Each,Each,Refurbished,Y,1.000000,Same Day,,,,
452212902223,Avante Health Solutions,Philips,SAM ACTUATOR SHORT THC 8AWDS-121,Call for Quote,2.5 time exhange cost,Call for Quote,1.5 time exhange cost,Each,Each,Refurbished,Y,1.000000,Same Day,,,,
452212902444,Avante Health Solutions,Philips,FD20 Detector Cover w/ Sensor,Call for Quote,2.5 time exhange cost,Call for Quote,1.5 time exhange cost,Each,Each,Refurbished,Y,9.000000,Same Day,,,,
452212917014,Avante Health Solutions,Philips,L-Arc Long Drive Assy.,Call for Quote,2.5 time exhange cost,Call for Quote,1.5 time exhange cost,Each,Each,Refurbished,Y,1.000000,Same Day,,,,
452212917157,Avante Health Solutions,Philips,LARC Power Supply,Call for Quote,2.5 time exhange cost,Call for Quote,1.5 time exhange cost,Each,Each,Refurbished,Y,6.000000,Same Day,,,,
452212917873,Avante Health Solutions,Philips,PIU BOARD,Call for Quote,2.5 time exhange cost,Call for Quote,1.5 time exhange cost,Each,Each,Refurbished,Y,4.000000,Same Day,,,,
452212918633,Avante Health Solutions,Philips,Table Top Connection Bd. (TTCB),Call for Quote,2.5 time exhange cost,Call for Quote,1.5 time exhange cost,Each,Each,Refurbished,Y,7.000000,Same Day,,,,
452212918671,Avante Health Solutions,Philips,ELECTROMAGNETIC BRAKE (PAIR) 24V,Call for Quote,2.5 time exhange cost,Call for Quote,1.5 time exhange cost,Each,Each,Refurbished,Y,4.000000,Same Day,,,,
453561156011,Avante Health Solutions,PHILIPS,IU/IE Channel PCB (ABCDER Cart),Call for Quote,2.5 time exhange cost,Call for Quote,1.5 time exhange cost,Each,Each,Refurbished,Y,21.000000,Same Day,,,,
453561157002,Avante Health Solutions,PHILIPS,"Power cable assembly, CPM to CP Board",Call for Quote,2.5 time exhange cost,Call for Quote,1.5 time exhange cost,Each,Each,Refurbished,Y,2.000000,Same Day,,,,
453561157132,Avante Health Solutions,PHILIPS,IU22 FEC w/ 3D Motor Controller PCB,Call for Quote,2.5 time exhange cost,Call for Quote,1.5 time exhange cost,Each,Each,Refurbished,Y,2.000000,Same Day,,,,
453561163903,Avante Health Solutions,PHILIPS,"IU22, Mounting, Control Panel",Call for Quote,2.5 time exhange cost,Call for Quote,1.5 time exhange cost,Each,Each,Refurbished,Y,1.000000,Same Day,,,,
453561166872,Avante Health Solutions,PHILIPS,IE33 Wrist Rest Assembly,Call for Quote,2.5 time exhange cost,Call for Quote,1.5 time exhange cost,Each,Each,Refurbished,Y,5.000000,Same Day,,,,
453561167391,Avante Health Solutions,PHILIPS,"IU/IE AVIO, Rear Interface Panel",Call for Quote,2.5 time exhange cost,Call for Quote,1.5 time exhange cost,Each,Each,Refurbished,Y,2.000000,Same Day,,,,
453561168092,Avante Health Solutions,PHILIPS,"IU/IE AVIO, Control and Display",Call for Quote,2.5 time exhange cost,Call for Quote,1.5 time exhange cost,Each,Each,Refurbished,Y,1.000000,Same Day,,,,
453561168371,Avante Health Solutions,PHILIPS,"IU/IE 17"" LCD (AB Cart)",Call for Quote,2.5 time exhange cost,Call for Quote,1.5 time exhange cost,Each,Each,Refurbished,Y,5.000000,Same Day,,,,
453561176611,Avante Health Solutions,PHILIPS,Philips X31 xMatrix (4D) Transducer (21715A),Call for Quote,2.5 time exhange cost,Call for Quote,1.5 time exhange cost,Each,Each,Refurbished,Y,1.000000,Same Day,,,,
453561182351,Avante Health Solutions,PHILIPS,"IU22, Cable Assy QWERTY LED",Call for Quote,2.5 time exhange cost,Call for Quote,1.5 time exhange cost,Each,Each,Refurbished,Y,1.000000,Same Day,,,,
453561194501,Avante Health Solutions,PHILIPS,"IU/IE Power Supply, Platform",Call for Quote,2.5 time exhange cost,Call for Quote,1.5 time exhange cost,Each,Each,Refurbished,Y,1.000000,Same Day,,,,
452212918851,Avante Health Solutions,Philips,Guiding Roller,Call for Quote,2.5 time exhange cost,Call for Quote,1.5 time exhange cost,Each,Each,Refurbished,Y,2.000000,Same Day,,,,
452212919622,Avante Health Solutions,Philips,Pivot Pot Assy,Call for Quote,2.5 time exhange cost,Call for Quote,1.5 time exhange cost,Each,Each,Refurbished,Y,4.000000,Same Day,,,,
452212919632,Avante Health Solutions,Philips,ARRET ASSY,Call for Quote,2.5 time exhange cost,Call for Quote,1.5 time exhange cost,Each,Each,Refurbished,Y,4.000000,Same Day,,,,
452212919652,Avante Health Solutions,,Pivot Brake Assy,Call for Quote,2.5 time exhange cost,Call for Quote,1.5 time exhange cost,Each,Each,Refurbished,Y,6.000000,Same Day,,,,
452212919922,Avante Health Solutions,Philips,SMART DRIVE,Call for Quote,2.5 time exhange cost,Call for Quote,1.5 time exhange cost,Each,Each,Refurbished,Y,4.000000,Same Day,,,,
452212920012,Avante Health Solutions,philips,Lateral Drive Assy Motor,Call for Quote,2.5 time exhange cost,Call for Quote,1.5 time exhange cost,Each,Each,Refurbished,Y,1.000000,Same Day,,,,
452212920762,Avante Health Solutions,Philips,Tilt Pot Assy. AD7,Call for Quote,2.5 time exhange cost,Call for Quote,1.5 time exhange cost,Each,Each,Refurbished,Y,3.000000,Same Day,,,,
452212922802,Avante Health Solutions,Philips,AD7 Table Base Connection Bd (TBCB),Call for Quote,2.5 time exhange cost,Call for Quote,1.5 time exhange cost,Each,Each,Refurbished,Y,2.000000,Same Day,,,,
452212923784,Avante Health Solutions,Philips,Node Interface Unit (NIU),Call for Quote,2.5 time exhange cost,Call for Quote,1.5 time exhange cost,Each,Each,Refurbished,Y,3.000000,Same Day,,,,
452213700393,Avante Health Solutions,,PFEI. MRX4 MMB/MME,Call for Quote,2.5 time exhange cost,Call for Quote,1.5 time exhange cost,Each,Each,Refurbished,Y,1.000000,Same Day,,,,
452216319134,Avante Health Solutions,Philips,MPDU 11KVA,Call for Quote,2.5 time exhange cost,Call for Quote,1.5 time exhange cost,Each,Each,Refurbished,Y,1.000000,Same Day,,,,
452216324761,Avante Health Solutions,Philips,Empty PC Box w/ Backpanel,Call for Quote,2.5 time exhange cost,Call for Quote,1.5 time exhange cost,Each,Each,Refurbished,Y,1.000000,Same Day,,,,
452209003451,Avante Health Solutions,Philips,SBC 486-166SE016 Bd.,Call for Quote,2.5 time exhange cost,Call for Quote,1.5 time exhange cost,Each,Each,Refurbished,Y,2.000000,Same Day,,,,
452209009161,Avante Health Solutions,Philips,PHYSIO INTERFACE BOARD,Call for Quote,2.5 time exhange cost,Call for Quote,1.5 time exhange cost,Each,Each,Refurbished,Y,2.000000,Same Day,,,,
452209010741,Avante Health Solutions,Philips,TUBE LIGHT 24V 5W,Call for Quote,2.5 time exhange cost,Call for Quote,1.5 time exhange cost,Each,Each,Refurbished,Y,3.000000,Same Day,,,,
452209014092,Avante Health Solutions,Philips,XRES1 PC,Call for Quote,2.5 time exhange cost,Call for Quote,1.5 time exhange cost,Each,Each,Refurbished,Y,4.000000,Same Day,,,,
452209019271,Avante Health Solutions,Philips,1000BASE-T KGC-300-SX Media Conv,Call for Quote,2.5 time exhange cost,Call for Quote,1.5 time exhange cost,Each,Each,Refurbished,Y,3.000000,Same Day,,,,
452209024531,Avante Health Solutions,Philips,Prodrive Flexvision PC,Call for Quote,2.5 time exhange cost,Call for Quote,1.5 time exhange cost,Each,Each,Refurbished,Y,1.000000,Same Day,,,,
452210459611,Avante Health Solutions,Philips,TSO GEO Cable,Call for Quote,2.5 time exhange cost,Call for Quote,1.5 time exhange cost,Each,Each,Refurbished,Y,1.000000,Same Day,,,,
452210770463,Avante Health Solutions,Philips,Iris Control Bd,Call for Quote,2.5 time exhange cost,Call for Quote,1.5 time exhange cost,Each,Each,Refurbished,Y,1.000000,Same Day,,,,
452210820785,Avante Health Solutions,Philips,XRB Bd.,Call for Quote,2.5 time exhange cost,Call for Quote,1.5 time exhange cost,Each,Each,Refurbished,Y,1.000000,Same Day,,,,
452210820972,Avante Health Solutions,Philips,SCSI Combo Bd.,Call for Quote,2.5 time exhange cost,Call for Quote,1.5 time exhange cost,Each,Each,Refurbished,Y,1.000000,Same Day,,,,
452210821786,Avante Health Solutions,Philips,VCIS SCSI Bd.,Call for Quote,2.5 time exhange cost,Call for Quote,1.5 time exhange cost,Each,Each,Refurbished,Y,1.000000,Same Day,,,,
452210821984,Avante Health Solutions,Philips,CCBN 1 BOARD  RP 305625,Call for Quote,2.5 time exhange cost,Call for Quote,1.5 time exhange cost,Each,Each,Refurbished,Y,1.000000,Same Day,,,,
453561195282,Avante Health Solutions,PHILIPS,IU/IE Power Supply Assembly (BCD Cart),Call for Quote,2.5 time exhange cost,Call for Quote,1.5 time exhange cost,Each,Each,Refurbished,Y,1.000000,Same Day,,,,
453561208343,Avante Health Solutions,PHILIPS,IU/IE AFP (BCDEFGR Cart),Call for Quote,2.5 time exhange cost,Call for Quote,1.5 time exhange cost,Each,Each,Refurbished,Y,1.000000,Same Day,,,,
453561210231,Avante Health Solutions,PHILIPS,IU/IE NAIM (ABC Cart),Call for Quote,2.5 time exhange cost,Call for Quote,1.5 time exhange cost,Each,Each,Refurbished,Y,1.000000,Same Day,,,,
453561210234,Avante Health Solutions,PHILIPS,IU/IE NAIM (ABC Cart),Call for Quote,2.5 time exhange cost,Call for Quote,1.5 time exhange cost,Each,Each,Refurbished,Y,1.000000,Same Day,,,,
453561220671,Avante Health Solutions,PHILIPS,"IU/IE AVIO, Rear Interface Panel",Call for Quote,2.5 time exhange cost,Call for Quote,1.5 time exhange cost,Each,Each,Refurbished,Y,6.000000,Same Day,,,,
453561221371,Avante Health Solutions,PHILIPS,"IU/IE Cable Assy, DVI, 1st Segment",Call for Quote,2.5 time exhange cost,Call for Quote,1.5 time exhange cost,Each,Each,Refurbished,Y,1.000000,Same Day,,,,
453561228061,Avante Health Solutions,PHILIPS,IU/IE MSI AGP Video,Call for Quote,2.5 time exhange cost,Call for Quote,1.5 time exhange cost,Each,Each,Refurbished,Y,1.000000,Same Day,,,,
453561234151,Avante Health Solutions,PHILIPS,"HD11, Rear I/O",Call for Quote,2.5 time exhange cost,Call for Quote,1.5 time exhange cost,Each,Each,Refurbished,Y,2.000000,Same Day,,,,
453561239104,Avante Health Solutions,PHILIPS,"PHILIPS CX50, Motherboard PCB",Call for Quote,2.5 time exhange cost,Call for Quote,1.5 time exhange cost,Each,Each,Refurbished,Y,1.000000,Same Day,,,,
453561241611,Avante Health Solutions,PHILIPS,"IU/IE Articulation Assembly, Control Panel",Call for Quote,2.5 time exhange cost,Call for Quote,1.5 time exhange cost,Each,Each,Refurbished,Y,1.000000,Same Day,,,,
453561259291,Avante Health Solutions,PHILIPS,"Fan Assy, Platform",Call for Quote,2.5 time exhange cost,Call for Quote,1.5 time exhange cost,Each,Each,Refurbished,Y,2.000000,Same Day,,,,
453561274822,Avante Health Solutions,PHILIPS,IU/IE Trackball Assembly,Call for Quote,2.5 time exhange cost,Call for Quote,1.5 time exhange cost,Each,Each,Refurbished,Y,1.000000,Same Day,,,,
10140941,Avante Health Solutions,Siemens,RECEPTOR MOTOR,Call for Quote,2.5 time exhange cost,Call for Quote,1.5 time exhange cost,Each,Each,Refurbished,Y,1.000000,Same Day,,,,
10143772,Avante Health Solutions,Siemens,Set of Fans MLC/MDM Controller,Call for Quote,2.5 time exhange cost,Call for Quote,1.5 time exhange cost,Each,Each,Refurbished,Y,1.000000,Same Day,,,,
10144181,Avante Health Solutions,Siemens,Megalix Cat Plus 125/40/90-121GW,Call for Quote,2.5 time exhange cost,Call for Quote,1.5 time exhange cost,Each,Each,Refurbished,Y,1.000000,Same Day,,,,
10161662,Avante Health Solutions,,HV-cablekit A,Call for Quote,2.5 time exhange cost,Call for Quote,1.5 time exhange cost,Each,Each,Refurbished,Y,2.000000,Same Day,,,,
10161676,Avante Health Solutions,SIEMENS,"Circuit Breaker 100 A, F1",Call for Quote,2.5 time exhange cost,Call for Quote,1.5 time exhange cost,Each,Each,Refurbished,Y,1.000000,Same Day,,,,
10161690,Avante Health Solutions,SIEMENS,CIRCUIT BREAKER 4A 440VAC 1pol.Car.C,Call for Quote,2.5 time exhange cost,Call for Quote,1.5 time exhange cost,Each,Each,Refurbished,Y,2.000000,Same Day,,,,
10161692,Avante Health Solutions,SIEMENS,RCD CIRC.BREAKER 30MA 25A 230V 2PO,Call for Quote,2.5 time exhange cost,Call for Quote,1.5 time exhange cost,Each,Each,Refurbished,Y,2.000000,Same Day,,,,
10161694,Avante Health Solutions,SIEMENS,CURR MONIT: REL. RCMA474,Call for Quote,2.5 time exhange cost,Call for Quote,1.5 time exhange cost,Each,Each,Refurbished,Y,3.000000,Same Day,,,,
10162055,Avante Health Solutions,SIEMENS,fan assembly CU10A,Call for Quote,2.5 time exhange cost,Call for Quote,1.5 time exhange cost,Each,Each,Refurbished,Y,2.000000,Same Day,,,,
10162079,Avante Health Solutions,SIEMENS,Transmitter Electronics M4,Call for Quote,2.5 time exhange cost,Call for Quote,1.5 time exhange cost,Each,Each,Refurbished,Y,1.000000,Same Day,,,,
10162080,Avante Health Solutions,SIEMENS,Wiring Interface PCB M4,Call for Quote,2.5 time exhange cost,Call for Quote,1.5 time exhange cost,Each,Each,Refurbished,Y,2.000000,Same Day,,,,
10166686,Avante Health Solutions,,Mas 2 Redesign,Call for Quote,2.5 time exhange cost,Call for Quote,1.5 time exhange cost,Each,Each,Refurbished,Y,1.000000,Same Day,,,,
453561275123,Avante Health Solutions,PHILIPS,"Side I/O, CX50",Call for Quote,2.5 time exhange cost,Call for Quote,1.5 time exhange cost,Each,Each,Refurbished,Y,2.000000,Same Day,,,,
453561278504,Avante Health Solutions,PHILIPS,IU22 Keyboard,Call for Quote,2.5 time exhange cost,Call for Quote,1.5 time exhange cost,Each,Each,Refurbished,Y,1.000000,Same Day,,,,
453561279282,Avante Health Solutions,PHILIPS,"IU/IE MOLEX, CPM to Keyboard For iE33",Call for Quote,2.5 time exhange cost,Call for Quote,1.5 time exhange cost,Each,Each,Refurbished,Y,2.000000,Same Day,,,,
453561279499,Avante Health Solutions,PHILIPS,IU/IE NAIM (DEFGR Cart),Call for Quote,2.5 time exhange cost,Call for Quote,1.5 time exhange cost,Each,Each,Refurbished,Y,1.000000,Same Day,,,,
453561300011,Avante Health Solutions,PHILIPS,Philips HD11 PC Assembly,Call for Quote,2.5 time exhange cost,Call for Quote,1.5 time exhange cost,Each,Each,Refurbished,Y,1.000000,Same Day,,,,
453561318624,Avante Health Solutions,PHILIPS,"Soft Panel Display, HD15",Call for Quote,2.5 time exhange cost,Call for Quote,1.5 time exhange cost,Each,Each,Refurbished,Y,1.000000,Same Day,,,,
453561325291,Avante Health Solutions,PHILIPS,"IE33/IU22, Unified Avio",Call for Quote,2.5 time exhange cost,Call for Quote,1.5 time exhange cost,Each,Each,Refurbished,Y,2.000000,Same Day,,,,
453561326941,Avante Health Solutions,PHILIPS,"COVER, HANDLE, LEFT IU/IE",Call for Quote,2.5 time exhange cost,Call for Quote,1.5 time exhange cost,Each,Each,Refurbished,Y,1.000000,Same Day,,,,
453561361901,Avante Health Solutions,PHILIPS,"CA ASSY,PWR,4572MM L,North America",Call for Quote,2.5 time exhange cost,Call for Quote,1.5 time exhange cost,Each,Each,Refurbished,Y,3.000000,Same Day,,,,
453561435763,Avante Health Solutions,PHILIPS,Power Module Epiq/Affiniti,Call for Quote,2.5 time exhange cost,Call for Quote,1.5 time exhange cost,Each,Each,Refurbished,Y,2.000000,Same Day,,,,
453561464291,Avante Health Solutions,PHILIPS,IU/IE FEC (ABCDEFGR Cart),Call for Quote,2.5 time exhange cost,Call for Quote,1.5 time exhange cost,Each,Each,Refurbished,Y,1.000000,Same Day,,,,
453561471011,Avante Health Solutions,PHILIPS,"Assy, PWM Converter PCBA and Cable, iU22",Call for Quote,2.5 time exhange cost,Call for Quote,1.5 time exhange cost,Each,Each,Refurbished,Y,1.000000,Same Day,,,,
452209013669,Avante Health Solutions,Philips,Fire-X Bd.,Call for Quote,2.5 time exhange cost,Call for Quote,1.5 time exhange cost,Each,Each,Refurbished,Y,1.000000,Same Day,,,,
452209016361,Avante Health Solutions,Philips,LONGITUDINAL POTMETER ASSY.,Call for Quote,2.5 time exhange cost,Call for Quote,1.5 time exhange cost,Each,Each,Refurbished,Y,3.000000,Same Day,,,,
452209022801,Avante Health Solutions,Philips,"Single Link DVI Ext. Receiver, Right Angle",Call for Quote,2.5 time exhange cost,Call for Quote,1.5 time exhange cost,Each,Each,Refurbished,Y,11.000000,Same Day,,,,
452209023131,Avante Health Solutions,Philips,IP PC Image Drive 300GB WD,Call for Quote,2.5 time exhange cost,Call for Quote,1.5 time exhange cost,Each,Each,Refurbished,Y,1.000000,Same Day,,,,
452210821163,Avante Health Solutions,Philips,BOARD SB B3,Call for Quote,2.5 time exhange cost,Call for Quote,1.5 time exhange cost,Each,Each,Refurbished,Y,3.000000,Same Day,,,,
452210822032,Avante Health Solutions,Philips,DHCU BOARD,Call for Quote,2.5 time exhange cost,Call for Quote,1.5 time exhange cost,Each,Each,Refurbished,Y,1.000000,Same Day,,,,
452212701873,Avante Health Solutions,Philips,AD5 Ext. Bd.,Call for Quote,2.5 time exhange cost,Call for Quote,1.5 time exhange cost,Each,Each,Refurbished,Y,2.000000,Same Day,,,,
452212702648,Avante Health Solutions,Philips,Clea Ext. 2 Bd.,Call for Quote,2.5 time exhange cost,Call for Quote,1.5 time exhange cost,Each,Each,Refurbished,Y,6.000000,Same Day,,,,
452212703287,Avante Health Solutions,Philips,Clea Ext. 1 Bd.,Call for Quote,2.5 time exhange cost,Call for Quote,1.5 time exhange cost,Each,Each,Refurbished,Y,10.000000,Same Day,,,,
452212703326,Avante Health Solutions,Philips,LUC V4 Bd,Call for Quote,2.5 time exhange cost,Call for Quote,1.5 time exhange cost,Each,Each,Refurbished,Y,6.000000,Same Day,,,,
452212806602,Avante Health Solutions,Philips,Longitudinal Drive Motor,Call for Quote,2.5 time exhange cost,Call for Quote,1.5 time exhange cost,Each,Each,Refurbished,Y,11.000000,Same Day,,,,
452212839483,Avante Health Solutions,Philips,Power Unit AD5 Tilt,Call for Quote,2.5 time exhange cost,Call for Quote,1.5 time exhange cost,Each,Each,Refurbished,Y,6.000000,Same Day,,,,
452216333273,Avante Health Solutions,Philips,UNIT KM EXTENDER,Call for Quote,2.5 time exhange cost,Call for Quote,1.5 time exhange cost,Each,Each,Refurbished,Y,2.000000,Same Day,,,,
452216333275,Avante Health Solutions,Philips,UNIT KM EXTENDER,Call for Quote,2.5 time exhange cost,Call for Quote,1.5 time exhange cost,Each,Each,Refurbished,Y,4.000000,Same Day,,,,
452216604135,Avante Health Solutions,Philips,IDSC Combo PCU,Call for Quote,2.5 time exhange cost,Call for Quote,1.5 time exhange cost,Each,Each,Refurbished,Y,2.000000,Same Day,,,,
452216700175,Avante Health Solutions,Philips,IN CHASSIS 3390 LH1 LH11,Call for Quote,2.5 time exhange cost,Call for Quote,1.5 time exhange cost,Each,Each,Refurbished,Y,1.000000,Same Day,,,,
452216701023,Avante Health Solutions,Philips,BH GSB Bd.,Call for Quote,2.5 time exhange cost,Call for Quote,1.5 time exhange cost,Each,Each,Refurbished,Y,1.000000,Same Day,,,,
452216701041,Avante Health Solutions,Philips,BH DAI Bd.,Call for Quote,2.5 time exhange cost,Call for Quote,1.5 time exhange cost,Each,Each,Refurbished,Y,1.000000,Same Day,,,,
452216702464,Avante Health Solutions,Philips,Coding Field,Call for Quote,2.5 time exhange cost,Call for Quote,1.5 time exhange cost,Each,Each,Refurbished,Y,2.000000,Same Day,,,,
452216702485,Avante Health Solutions,Philips,IPB Board,Call for Quote,2.5 time exhange cost,Call for Quote,1.5 time exhange cost,Each,Each,Refurbished,Y,1.000000,Same Day,,,,
452216702901,Avante Health Solutions,,ANALOG BOARD XTV-17,Call for Quote,2.5 time exhange cost,Call for Quote,1.5 time exhange cost,Each,Each,Refurbished,Y,1.000000,Same Day,,,,
452216702914,Avante Health Solutions,Philips,BH-TVI Bd.,Call for Quote,2.5 time exhange cost,Call for Quote,1.5 time exhange cost,Each,Each,Refurbished,Y,1.000000,Same Day,,,,
452216703124,Avante Health Solutions,Philips,IR RECIEVER BOARD,Call for Quote,2.5 time exhange cost,Call for Quote,1.5 time exhange cost,Each,Each,Refurbished,Y,2.000000,Same Day,,,,
452216703171,Avante Health Solutions,Philips,CABLE ADAPTER BOARD,Call for Quote,2.5 time exhange cost,Call for Quote,1.5 time exhange cost,Each,Each,Refurbished,Y,3.000000,Same Day,,,,
453561495821,Avante Health Solutions,PHILIPS,"Philips CX50, Main PCB",Call for Quote,2.5 time exhange cost,Call for Quote,1.5 time exhange cost,Each,Each,Refurbished,Y,1.000000,Same Day,,,,
453561553181,Avante Health Solutions,0,AMD Firepro V4900 Graphics Card 1GB PCI-E 2.1 X16 Video Card,Call for Quote,2.5 time exhange cost,Call for Quote,1.5 time exhange cost,Each,Each,Refurbished,Y,2.000000,Same Day,,,,
453561624622,Avante Health Solutions,PHILIPS,MP FINAL ASSY. - CX50,Call for Quote,2.5 time exhange cost,Call for Quote,1.5 time exhange cost,Each,Each,Refurbished,Y,1.000000,Same Day,,,,
453561639041,Avante Health Solutions,PHILIPS,"IE33, DISPLAY,TOUCH PNL,LCD,LED,8.4,SVGA, 97G0 ""G.1 and higher""",Call for Quote,2.5 time exhange cost,Call for Quote,1.5 time exhange cost,Each,Each,Refurbished,Y,2.000000,Same Day,,,,
453561641081,Avante Health Solutions,PHILIPS,Philips CX50 LCD A/B Cart,Call for Quote,2.5 time exhange cost,Call for Quote,1.5 time exhange cost,Each,Each,Refurbished,Y,1.000000,Same Day,,,,
453561650871,Avante Health Solutions,PHILIPS,"Cable, DisplayPort Extender EPIQ CVX",Call for Quote,2.5 time exhange cost,Call for Quote,1.5 time exhange cost,Each,Each,Refurbished,Y,3.000000,Same Day,,,,
45356165495X,Avante Health Solutions,PHILIPS,Philips L12-4 Ultrasound Transducer (AFFINITI),Call for Quote,2.5 time exhange cost,Call for Quote,1.5 time exhange cost,Each,Each,Refurbished,Y,1.000000,Same Day,,,,
453561655751,Avante Health Solutions,PHILIPS,"IU/IE 20"" LCD **NOTE** (VISION 2012) requires ver. 6.3.1.71 or higher (VISION 2011) requires ver. 6.0.6.40 or higher (VISION 2010) requires ver. 5.2.2.44 or higher",Call for Quote,2.5 time exhange cost,Call for Quote,1.5 time exhange cost,Each,Each,Refurbished,Y,5.000000,Same Day,,,,
453561656182,Avante Health Solutions,PHILIPS,"Cable Assy, MCM to Rear I/O, LAN",Call for Quote,2.5 time exhange cost,Call for Quote,1.5 time exhange cost,Each,Each,Refurbished,Y,1.000000,Same Day,,,,
453561678961,Avante Health Solutions,PHILIPS,Philips EPIQ 5G Housing Cp Bottom Alpine white,Call for Quote,2.5 time exhange cost,Call for Quote,1.5 time exhange cost,Each,Each,Refurbished,Y,2.000000,Same Day,,,,
453561679151,Avante Health Solutions,PHILIPS,"EPIQ 5C ASSY, REAR PANEL, MID GRAY",Call for Quote,2.5 time exhange cost,Call for Quote,1.5 time exhange cost,Each,Each,Refurbished,Y,2.000000,Same Day,,,,
452212852663,Avante Health Solutions,Philips,C-ARC DRIVE C0VER,Call for Quote,2.5 time exhange cost,Call for Quote,1.5 time exhange cost,Each,Each,Refurbished,Y,1.000000,Same Day,,,,
452212880581,Avante Health Solutions,,STOP BAR CLIP-RAILS W/RUBBER BUFFERS,Call for Quote,2.5 time exhange cost,Call for Quote,1.5 time exhange cost,Each,Each,Refurbished,Y,1.000000,Same Day,,,,
452212883875,Avante Health Solutions,Philips,Motor C-Arc Rotation Assy.,Call for Quote,2.5 time exhange cost,Call for Quote,1.5 time exhange cost,Each,Each,Refurbished,Y,3.000000,Same Day,,,,
452212883881,Avante Health Solutions,Philips,CLEA STAND MOTOR DRIVE,Call for Quote,2.5 time exhange cost,Call for Quote,1.5 time exhange cost,Each,Each,Refurbished,Y,2.000000,Same Day,,,,
452212885101,Avante Health Solutions,Philips,REMOTE,Call for Quote,2.5 time exhange cost,Call for Quote,1.5 time exhange cost,Each,Each,Refurbished,Y,1.000000,Same Day,,,,
452212887982,Avante Health Solutions,Philips,FD SHIFT COVER,Call for Quote,2.5 time exhange cost,Call for Quote,1.5 time exhange cost,Each,Each,Refurbished,Y,2.000000,Same Day,,,,
452212896335,Avante Health Solutions,Philips,II-SHIFT UNIT,Call for Quote,2.5 time exhange cost,Call for Quote,1.5 time exhange cost,Each,Each,Refurbished,Y,4.000000,Same Day,,,,
452212901533,Avante Health Solutions,Philips,PUB,Call for Quote,2.5 time exhange cost,Call for Quote,1.5 time exhange cost,Each,Each,Refurbished,Y,1.000000,Same Day,,,,
452212902443,Avante Health Solutions,Philips,FD20 Detector Cover w/ Sensor,Call for Quote,2.5 time exhange cost,Call for Quote,1.5 time exhange cost,Each,Each,Refurbished,Y,1.000000,Same Day,,,,
452212913842,Avante Health Solutions,Philips,Balancing Unit,Call for Quote,2.5 time exhange cost,Call for Quote,1.5 time exhange cost,Each,Each,Refurbished,Y,7.000000,Same Day,,,,
452212914098,Avante Health Solutions,Philips,Clea Card Cage w/ Backplane,Call for Quote,2.5 time exhange cost,Call for Quote,1.5 time exhange cost,Each,Each,Refurbished,Y,3.000000,Same Day,,,,
452212917153,Avante Health Solutions,Philips,LARC Power Supply,Call for Quote,2.5 time exhange cost,Call for Quote,1.5 time exhange cost,Each,Each,Refurbished,Y,1.000000,Same Day,,,,
452210822024,Avante Health Solutions,Philips,SPB BOARD RP290160 WDM13,Call for Quote,2.5 time exhange cost,Call for Quote,1.5 time exhange cost,Each,Each,Refurbished,Y,1.000000,Same Day,,,,
452212701777,Avante Health Solutions,Philips,LUC Bd. V2,Call for Quote,2.5 time exhange cost,Call for Quote,1.5 time exhange cost,Each,Each,Refurbished,Y,4.000000,Same Day,,,,
452212702146,Avante Health Solutions,Philips,LUC BOARD VERSION 3 SN 288346 SCC8,Call for Quote,2.5 time exhange cost,Call for Quote,1.5 time exhange cost,Each,Each,Refurbished,Y,2.000000,Same Day,,,,
452212702645,Avante Health Solutions,Philips,Clea Ext. 2 Bd.,Call for Quote,2.5 time exhange cost,Call for Quote,1.5 time exhange cost,Each,Each,Refurbished,Y,2.000000,Same Day,,,,
452212702646,Avante Health Solutions,Philips,Clea Ext. 2 Bd.,Call for Quote,2.5 time exhange cost,Call for Quote,1.5 time exhange cost,Each,Each,Refurbished,Y,11.000000,Same Day,,,,
452212702657,Avante Health Solutions,Philips,MVR High Power Bd.,Call for Quote,2.5 time exhange cost,Call for Quote,1.5 time exhange cost,Each,Each,Refurbished,Y,5.000000,Same Day,,,,
452212702734,Avante Health Solutions,PHILIPS,CONNECTION BOARD,Call for Quote,2.5 time exhange cost,Call for Quote,1.5 time exhange cost,Each,Each,Refurbished,Y,3.000000,Same Day,,,,
452212703238,Avante Health Solutions,Philips,CLEA EXTENSION 1,Call for Quote,2.5 time exhange cost,Call for Quote,1.5 time exhange cost,Each,Each,Refurbished,Y,1.000000,Same Day,,,,
452212703273,Avante Health Solutions,Philips,MVR,Call for Quote,2.5 time exhange cost,Call for Quote,1.5 time exhange cost,Each,Each,Refurbished,Y,6.000000,Same Day,,,,
452212703327,Avante Health Solutions,Philips,LUC V4 Bd.,Call for Quote,2.5 time exhange cost,Call for Quote,1.5 time exhange cost,Each,Each,Refurbished,Y,2.000000,Same Day,,,,
452212703344,Avante Health Solutions,Philips,Larc Ext. Bd.,Call for Quote,2.5 time exhange cost,Call for Quote,1.5 time exhange cost,Each,Each,Refurbished,Y,2.000000,Same Day,,,,
452212703391,Avante Health Solutions,Philips,MVR Biplane,Call for Quote,2.5 time exhange cost,Call for Quote,1.5 time exhange cost,Each,Each,Refurbished,Y,12.000000,Same Day,,,,
102532,Avante Health Solutions,Siemens,1.5T Symphony Breast Coil,Call for Quote,2.5 time exhange cost,Call for Quote,1.5 time exhange cost,Each,Each,Refurbished,Y,1.000000,Same Day,,,,
10267580,Avante Health Solutions,Siemens,Right Silicone Button Cover Set for 8098092,Call for Quote,2.5 time exhange cost,Call for Quote,1.5 time exhange cost,Each,Each,Refurbished,Y,1.000000,Same Day,,,,
10280905,Avante Health Solutions,Siemens,ECC Joystick,Call for Quote,2.5 time exhange cost,Call for Quote,1.5 time exhange cost,Each,Each,Refurbished,Y,1.000000,Same Day,,,,
10293047,Avante Health Solutions,Siemens,"19"" Monitor SW",Call for Quote,2.5 time exhange cost,Call for Quote,1.5 time exhange cost,Each,Each,Refurbished,Y,2.000000,Same Day,,,,
10348961,Avante Health Solutions,SIEMENS,"Siemens X300, TI Module 3.0",Call for Quote,2.5 time exhange cost,Call for Quote,1.5 time exhange cost,Each,Each,Refurbished,Y,2.000000,Same Day,,,,
10349439,Avante Health Solutions,SIEMENS,"Siemens X150, BE Board",Call for Quote,2.5 time exhange cost,Call for Quote,1.5 time exhange cost,Each,Each,Refurbished,Y,3.000000,Same Day,,,,
10392252,Avante Health Solutions,Siemens,KLUVER TEMPERATURE SENSOR,Call for Quote,2.5 time exhange cost,Call for Quote,1.5 time exhange cost,Each,Each,Refurbished,Y,1.000000,Same Day,,,,
10392254,Avante Health Solutions,Siemens,PIF-C,Call for Quote,2.5 time exhange cost,Call for Quote,1.5 time exhange cost,Each,Each,Refurbished,Y,2.000000,Same Day,,,,
10393060,Avante Health Solutions,Siemens,"Spare Part Module Kit, Complete",Call for Quote,2.5 time exhange cost,Call for Quote,1.5 time exhange cost,Each,Each,Refurbished,Y,6.000000,Same Day,,,,
10397138,Avante Health Solutions,SIEMENS,"Siemens S2000, Rear Caster - SEE PN: 11150711",Call for Quote,2.5 time exhange cost,Call for Quote,1.5 time exhange cost,Each,Each,Refurbished,Y,6.000000,Same Day,,,,
10397139,Avante Health Solutions,SIEMENS,"Siemens S2000, Front Caster - see PN 11150710",Call for Quote,2.5 time exhange cost,Call for Quote,1.5 time exhange cost,Each,Each,Refurbished,Y,1.000000,Same Day,,,,
10414582,Avante Health Solutions,,DTC P15 FG PDS Assy.,Call for Quote,2.5 time exhange cost,Call for Quote,1.5 time exhange cost,Each,Each,Refurbished,Y,1.000000,Same Day,,,,
453561688434,Avante Health Solutions,PHILIPS,Voyager VIO2 PCBA EPIQ 7,Call for Quote,2.5 time exhange cost,Call for Quote,1.5 time exhange cost,Each,Each,Refurbished,Y,1.000000,Same Day,,,,
453561690042,Avante Health Solutions,PHILIPS,"EPIQ 7, COMPUTER ASSEMBLY (E7CA)",Call for Quote,2.5 time exhange cost,Call for Quote,1.5 time exhange cost,Each,Each,Refurbished,Y,3.000000,Same Day,,,,
453561698122,Avante Health Solutions,PHILIPS,"Enclosure Assembly, Front  Affiniti 70G",Call for Quote,2.5 time exhange cost,Call for Quote,1.5 time exhange cost,Each,Each,Refurbished,Y,2.000000,Same Day,,,,
453561702791,Avante Health Solutions,PHILIPS,"BRAKE ASSEMBLY, MID GRAY",Call for Quote,2.5 time exhange cost,Call for Quote,1.5 time exhange cost,Each,Each,Refurbished,Y,3.000000,Same Day,,,,
453561702991,Avante Health Solutions,PHILIPS,"PC, HD15",Call for Quote,2.5 time exhange cost,Call for Quote,1.5 time exhange cost,Each,Each,Refurbished,Y,1.000000,Same Day,,,,
453561727061,Avante Health Solutions,PHILIPS,"Cable, Strut Release Affiniti 70C",Call for Quote,2.5 time exhange cost,Call for Quote,1.5 time exhange cost,Each,Each,Refurbished,Y,1.000000,Same Day,,,,
453561736951,Avante Health Solutions,PHILIPS,"Cable Assy, MCM to B/W Printer, Power",Call for Quote,2.5 time exhange cost,Call for Quote,1.5 time exhange cost,Each,Each,Refurbished,Y,2.000000,Same Day,,,,
453561749152,Avante Health Solutions,PHILIPS,AC-DC Module for CLEARVUE,Call for Quote,2.5 time exhange cost,Call for Quote,1.5 time exhange cost,Each,Each,Refurbished,Y,1.000000,Same Day,,,,
453561754741,Avante Health Solutions,PHILIPS,Philips Epiq 5 Elite Keyboard Interposer,Call for Quote,2.5 time exhange cost,Call for Quote,1.5 time exhange cost,Each,Each,Refurbished,Y,2.000000,Same Day,,,,
453561818141,Avante Health Solutions,PHILIPS,"EPIQ 7, COMPUTER ASSEMBLY (E7CA)",Call for Quote,2.5 time exhange cost,Call for Quote,1.5 time exhange cost,Each,Each,Refurbished,Y,7.000000,Same Day,,,,
453561818401,Avante Health Solutions,PHILIPS,Philips Epiq 7 E-box,Call for Quote,2.5 time exhange cost,Call for Quote,1.5 time exhange cost,Each,Each,Refurbished,Y,2.000000,Same Day,,,,
453561824341,Avante Health Solutions,PHILIPS,Philips SPARQ E-box,Call for Quote,2.5 time exhange cost,Call for Quote,1.5 time exhange cost,Each,Each,Refurbished,Y,1.000000,Same Day,,,,
452216703573,Avante Health Solutions,Philips,Image Storage Bd. ISB,Call for Quote,2.5 time exhange cost,Call for Quote,1.5 time exhange cost,Each,Each,Refurbished,Y,7.000000,Same Day,,,,
452216703921,Avante Health Solutions,Philips,BH-TVI Bd.,Call for Quote,2.5 time exhange cost,Call for Quote,1.5 time exhange cost,Each,Each,Refurbished,Y,1.000000,Same Day,,,,
452230012731,Avante Health Solutions,Philips,"Cable Hose Inlet, L-Arm",Call for Quote,2.5 time exhange cost,Call for Quote,1.5 time exhange cost,Each,Each,Refurbished,Y,2.000000,Same Day,,,,
452230013152,Avante Health Solutions,Philips,Potentiometer Assy. w/ Bracket and Pulley,Call for Quote,2.5 time exhange cost,Call for Quote,1.5 time exhange cost,Each,Each,Refurbished,Y,2.000000,Same Day,,,,
452230016024,Avante Health Solutions,Philips,MPDU Control Unit,Call for Quote,2.5 time exhange cost,Call for Quote,1.5 time exhange cost,Each,Each,Refurbished,Y,1.000000,Same Day,,,,
452230020541,Avante Health Solutions,,COVER CARRIAGE,Call for Quote,2.5 time exhange cost,Call for Quote,1.5 time exhange cost,Each,Each,Refurbished,Y,3.000000,Same Day,,,,
452230023073,Avante Health Solutions,Philips,Cable Banana,Call for Quote,2.5 time exhange cost,Call for Quote,1.5 time exhange cost,Each,Each,Refurbished,Y,3.000000,Same Day,,,,
452230025081,Avante Health Solutions,Philips,Linear Actuator AD-5G,Call for Quote,2.5 time exhange cost,Call for Quote,1.5 time exhange cost,Each,Each,Refurbished,Y,1.000000,Same Day,,,,
452230025861,Avante Health Solutions,,Node Interface Unit (Not for Height),Call for Quote,2.5 time exhange cost,Call for Quote,1.5 time exhange cost,Each,Each,Refurbished,Y,1.000000,Same Day,,,,
452230025892,Avante Health Solutions,Philips,Height/Tilt Motor Assy.,Call for Quote,2.5 time exhange cost,Call for Quote,1.5 time exhange cost,Each,Each,Refurbished,Y,3.000000,Same Day,,,,
452230027053,Avante Health Solutions,Philips,AD7 Longitudinal Movement Brake Assy.,Call for Quote,2.5 time exhange cost,Call for Quote,1.5 time exhange cost,Each,Each,Refurbished,Y,3.000000,Same Day,,,,
452230027121,Avante Health Solutions,Philips,Pivot Potmeter Assy,Call for Quote,2.5 time exhange cost,Call for Quote,1.5 time exhange cost,Each,Each,Refurbished,Y,3.000000,Same Day,,,,
453561829432,Avante Health Solutions,Philips,"FAN BOX, EPIQ",Call for Quote,2.5 time exhange cost,Call for Quote,1.5 time exhange cost,Each,Each,Refurbished,Y,2.000000,Same Day,,,,
453561926711,Avante Health Solutions,PHILIPS,Philips SPARQ EBOX Assy- without HD,Call for Quote,2.5 time exhange cost,Call for Quote,1.5 time exhange cost,Each,Each,Refurbished,Y,2.000000,Same Day,,,,
453561990892,Avante Health Solutions,PHILIPS,"EPIQ Service Kit, Dual-battery, Malaysian Cell",Call for Quote,2.5 time exhange cost,Call for Quote,1.5 time exhange cost,Each,Each,Refurbished,Y,2.000000,Same Day,,,,
453561998651,Avante Health Solutions,PHILIPS,"Assy, Affiniti IMB Computer, B",Call for Quote,2.5 time exhange cost,Call for Quote,1.5 time exhange cost,Each,Each,Refurbished,Y,1.000000,Same Day,,,,
453562084981,Avante Health Solutions,Philips,"EPIQ CASTER KIT, ULTRA DARK GRAY - INCLUDES FULL 4 CASTER KIT",Call for Quote,2.5 time exhange cost,Call for Quote,1.5 time exhange cost,Each,Each,Refurbished,Y,5.000000,Same Day,,,,
453566310671,Avante Health Solutions,PHILIPS,DETECTOR COLLIMATOR ENCODER,Call for Quote,2.5 time exhange cost,Call for Quote,1.5 time exhange cost,Each,Each,Refurbished,Y,1.000000,Same Day,,,,
453566491441,Avante Health Solutions,Philips,"CBL, GHOST TO PATIENT SPRT.CAN",Call for Quote,2.5 time exhange cost,Call for Quote,1.5 time exhange cost,Each,Each,Refurbished,Y,1.000000,Same Day,,,,
453566494823,Avante Health Solutions,Philips,Clutch,Call for Quote,2.5 time exhange cost,Call for Quote,1.5 time exhange cost,Each,Each,Refurbished,Y,3.000000,Same Day,,,,
453566496941,Avante Health Solutions,Philips,"Relay, 24VDC plugin with cover",Call for Quote,2.5 time exhange cost,Call for Quote,1.5 time exhange cost,Each,Each,Refurbished,Y,2.000000,Same Day,,,,
453566497101,Avante Health Solutions,PHILIPS,"POWER SUPPLY 150W, 24V, 6.5A",Call for Quote,2.5 time exhange cost,Call for Quote,1.5 time exhange cost,Each,Each,Refurbished,Y,1.000000,Same Day,,,,
453566502391,Avante Health Solutions,,Tilt Drive Processor Assy,Call for Quote,2.5 time exhange cost,Call for Quote,1.5 time exhange cost,Each,Each,Refurbished,Y,3.000000,Same Day,,,,
452216703681,Avante Health Solutions,Philips,Image Processing Bd. (IPB),Call for Quote,2.5 time exhange cost,Call for Quote,1.5 time exhange cost,Each,Each,Refurbished,Y,1.000000,Same Day,,,,
452216703857,Avante Health Solutions,Philips,X IMAGE STORAGE BOARD,Call for Quote,2.5 time exhange cost,Call for Quote,1.5 time exhange cost,Each,Each,Refurbished,Y,4.000000,Same Day,,,,
452216703906,Avante Health Solutions,Philips,IPB Fox Bd.,Call for Quote,2.5 time exhange cost,Call for Quote,1.5 time exhange cost,Each,Each,Refurbished,Y,5.000000,Same Day,,,,
452216801354,Avante Health Solutions,Philips,TBCB WIRE BUNDLE,Call for Quote,2.5 time exhange cost,Call for Quote,1.5 time exhange cost,Each,Each,Refurbished,Y,2.000000,Same Day,,,,
452216802821,Avante Health Solutions,Philips,CONN CORD XPER,Call for Quote,2.5 time exhange cost,Call for Quote,1.5 time exhange cost,Each,Each,Refurbished,Y,2.000000,Same Day,,,,
452230007811,Avante Health Solutions,Philips,Left Side L-Arm Cover,Call for Quote,2.5 time exhange cost,Call for Quote,1.5 time exhange cost,Each,Each,Refurbished,Y,1.000000,Same Day,,,,
452230008902,Avante Health Solutions,,Power Supply Image Disk,Call for Quote,2.5 time exhange cost,Call for Quote,1.5 time exhange cost,Each,Each,Refurbished,Y,2.000000,Same Day,,,,
452230010592,Avante Health Solutions,Philips,Stop block for j-profile,Call for Quote,2.5 time exhange cost,Call for Quote,1.5 time exhange cost,Each,Each,Refurbished,Y,1.000000,Same Day,,,,
452230012481,Avante Health Solutions,,Handgrip Assy,Call for Quote,2.5 time exhange cost,Call for Quote,1.5 time exhange cost,Each,Each,Refurbished,Y,1.000000,Same Day,,,,
452230016404,Avante Health Solutions,Philips,Chameleon Power Tray (Back Piece),Call for Quote,2.5 time exhange cost,Call for Quote,1.5 time exhange cost,Each,Each,Refurbished,Y,1.000000,Same Day,,,,
452230017066,Avante Health Solutions,Philips,Junction Rotation Unit,Call for Quote,2.5 time exhange cost,Call for Quote,1.5 time exhange cost,Each,Each,Refurbished,Y,3.000000,Same Day,,,,
452230020481,Avante Health Solutions,Philips,MOTOR GROSCHOPP,Call for Quote,2.5 time exhange cost,Call for Quote,1.5 time exhange cost,Each,Each,Refurbished,Y,1.000000,Same Day,,,,
10427940,Avante Health Solutions,SIEMENS,"X300, I/O MODULE",Call for Quote,2.5 time exhange cost,Call for Quote,1.5 time exhange cost,Each,Each,Refurbished,Y,2.000000,Same Day,,,,
10430600,Avante Health Solutions,,PUD,Call for Quote,2.5 time exhange cost,Call for Quote,1.5 time exhange cost,Each,Each,Refurbished,Y,3.000000,Same Day,,,,
10430701,Avante Health Solutions,Siemens,Tube Collimator B Z61,Call for Quote,2.5 time exhange cost,Call for Quote,1.5 time exhange cost,Each,Each,Refurbished,Y,2.000000,Same Day,,,,
10435209,Avante Health Solutions,SIEMENS,"Siemens SC2000, TRB BOARD",Call for Quote,2.5 time exhange cost,Call for Quote,1.5 time exhange cost,Each,Each,Refurbished,Y,5.000000,Same Day,,,,
10435338,Avante Health Solutions,SIEMENS,"PWA,S2000,RM200 vid. interf., VI/F2",Call for Quote,2.5 time exhange cost,Call for Quote,1.5 time exhange cost,Each,Each,Refurbished,Y,22.000000,Same Day,,,,
10437274,Avante Health Solutions,SIEMENS,"Acuson, IOV II Pcb.",Call for Quote,2.5 time exhange cost,Call for Quote,1.5 time exhange cost,Each,Each,Refurbished,Y,1.000000,Same Day,,,,
10439482,Avante Health Solutions,SIEMENS,Siemens S2000 CP Board,Call for Quote,2.5 time exhange cost,Call for Quote,1.5 time exhange cost,Each,Each,Refurbished,Y,6.000000,Same Day,,,,
10494871,Avante Health Solutions,Siemens,CPT Brushblock,Call for Quote,2.5 time exhange cost,Call for Quote,1.5 time exhange cost,Each,Each,Refurbished,Y,2.000000,Same Day,,,,
10498293,Avante Health Solutions,Siemens,Syngo IES Tower 10E,Call for Quote,2.5 time exhange cost,Call for Quote,1.5 time exhange cost,Each,Each,Refurbished,Y,1.000000,Same Day,,,,
10502338,Avante Health Solutions,,FD 30x40 IF RoHs / 4700,Call for Quote,2.5 time exhange cost,Call for Quote,1.5 time exhange cost,Each,Each,Refurbished,Y,2.000000,Same Day,,,,
10548117,Avante Health Solutions,Siemens,Schuetz 24VDC 3P 1NO 4Kw S00 SCR,Call for Quote,2.5 time exhange cost,Call for Quote,1.5 time exhange cost,Each,Each,Refurbished,Y,2.000000,Same Day,,,,
10548976,Avante Health Solutions,,CONTACT 24VDC 3NO+1NC 22A 400V,Call for Quote,2.5 time exhange cost,Call for Quote,1.5 time exhange cost,Each,Each,Refurbished,Y,1.000000,Same Day,,,,
105603100047,Avante Health Solutions,Philips,Stearns Motor / Brake,Call for Quote,2.5 time exhange cost,Call for Quote,1.5 time exhange cost,Each,Each,Refurbished,Y,1.000000,Same Day,,,,
10589646,Avante Health Solutions,Siemens,Cooling Unit CU10A-2,Call for Quote,2.5 time exhange cost,Call for Quote,1.5 time exhange cost,Each,Each,Refurbished,Y,1.000000,Same Day,,,,
10589690,Avante Health Solutions,Siemens,Transmitter Electronics,Call for Quote,2.5 time exhange cost,Call for Quote,1.5 time exhange cost,Each,Each,Refurbished,Y,4.000000,Same Day,,,,
10591900,Avante Health Solutions,,LMAS 2 Assembly,Call for Quote,2.5 time exhange cost,Call for Quote,1.5 time exhange cost,Each,Each,Refurbished,Y,2.000000,Same Day,,,,
10609568,Avante Health Solutions,Siemens,VDX 8,Call for Quote,2.5 time exhange cost,Call for Quote,1.5 time exhange cost,Each,Each,Refurbished,Y,2.000000,Same Day,,,,
10659356,Avante Health Solutions,SIEMENS,P500 FSK HANDLE ASSEMBLY,Call for Quote,2.5 time exhange cost,Call for Quote,1.5 time exhange cost,Each,Each,Refurbished,Y,1.000000,Same Day,,,,
10662288,Avante Health Solutions,Siemens,Tube Filter Gasket,Call for Quote,2.5 time exhange cost,Call for Quote,1.5 time exhange cost,Each,Each,Refurbished,Y,1.000000,Same Day,,,,
10662811,Avante Health Solutions,SIEMENS,PDC Control MCI E.T.,Call for Quote,2.5 time exhange cost,Call for Quote,1.5 time exhange cost,Each,Each,Refurbished,Y,2.000000,Same Day,,,,
10662821,Avante Health Solutions,Siemens,Service Part Matrix Inverter,Call for Quote,2.5 time exhange cost,Call for Quote,1.5 time exhange cost,Each,Each,Refurbished,Y,1.000000,Same Day,,,,
10757220,Avante Health Solutions,Siemens,Matrix MVT w/o oil,Call for Quote,2.5 time exhange cost,Call for Quote,1.5 time exhange cost,Each,Each,Refurbished,Y,5.000000,Same Day,,,,
10785603,Avante Health Solutions,SIEMENS,"Barcode Reader, P500",Call for Quote,2.5 time exhange cost,Call for Quote,1.5 time exhange cost,Each,Each,Refurbished,Y,1.000000,Same Day,,,,
10848405,Avante Health Solutions,,ECM signal white,Call for Quote,2.5 time exhange cost,Call for Quote,1.5 time exhange cost,Each,Each,Refurbished,Y,1.000000,Same Day,,,,
452230022313,Avante Health Solutions,Philips,Service SAM Actuator Short,Call for Quote,2.5 time exhange cost,Call for Quote,1.5 time exhange cost,Each,Each,Refurbished,Y,1.000000,Same Day,,,,
452230023054,Avante Health Solutions,Philips,Front Cover,Call for Quote,2.5 time exhange cost,Call for Quote,1.5 time exhange cost,Each,Each,Refurbished,Y,3.000000,Same Day,,,,
452230024181,Avante Health Solutions,Philips,Nicol Plug & Play Disc,Call for Quote,2.5 time exhange cost,Call for Quote,1.5 time exhange cost,Each,Each,Refurbished,Y,1.000000,Same Day,,,,
452230025875,Avante Health Solutions,Philips,Drive Identification Bd.,Call for Quote,2.5 time exhange cost,Call for Quote,1.5 time exhange cost,Each,Each,Refurbished,Y,1.000000,Same Day,,,,
452230025953,Avante Health Solutions,Philips,Cradle Drive Assembly,Call for Quote,2.5 time exhange cost,Call for Quote,1.5 time exhange cost,Each,Each,Refurbished,Y,2.000000,Same Day,,,,
452230025963,Avante Health Solutions,Philips,Height Potentiometer Assy.,Call for Quote,2.5 time exhange cost,Call for Quote,1.5 time exhange cost,Each,Each,Refurbished,Y,10.000000,Same Day,,,,
452230032671,Avante Health Solutions,Philips,Cradle Cover set,Call for Quote,2.5 time exhange cost,Call for Quote,1.5 time exhange cost,Each,Each,Refurbished,Y,2.000000,Same Day,,,,
452270000144,Avante Health Solutions,Philips,Footswitch CV 3P 4M,Call for Quote,2.5 time exhange cost,Call for Quote,1.5 time exhange cost,Each,Each,Refurbished,Y,3.000000,Same Day,,,,
452293859676,Avante Health Solutions,Philips,Electromagnetic Brake 24V,Call for Quote,2.5 time exhange cost,Call for Quote,1.5 time exhange cost,Each,Each,Refurbished,Y,4.000000,Same Day,,,,
452293859677-SPR Y2,Avante Health Solutions,philips,Electromagnetic Brake 24V (4 brake  L-ARM/CARRIAGE),Call for Quote,2.5 time exhange cost,Call for Quote,1.5 time exhange cost,Each,Each,Refurbished,Y,4.000000,Same Day,,,,
453312918731-N,Avante Health Solutions,Philips,Brake Assy. AD5,Call for Quote,2.5 time exhange cost,Call for Quote,1.5 time exhange cost,Each,Each,New OEM Original,Y,1.000000,Same Day,,,,
453501000101,Avante Health Solutions,Philips,MEU Battery Set (8 pieces),Call for Quote,2.5 time exhange cost,Call for Quote,1.5 time exhange cost,Each,Each,Refurbished,Y,3.000000,Same Day,,,,
452230027442,Avante Health Solutions,Philips,AD7 Table Swivel Drive,Call for Quote,2.5 time exhange cost,Call for Quote,1.5 time exhange cost,Each,Each,Refurbished,Y,1.000000,Same Day,,,,
452230027471,Avante Health Solutions,Philips,Potentiometer Swivel Assy. Complete (AD7),Call for Quote,2.5 time exhange cost,Call for Quote,1.5 time exhange cost,Each,Each,Refurbished,Y,5.000000,Same Day,,,,
452230027811,Avante Health Solutions,Philips,SAP 2 Power Supply,Call for Quote,2.5 time exhange cost,Call for Quote,1.5 time exhange cost,Each,Each,Refurbished,Y,18.000000,Same Day,,,,
452230028203,Avante Health Solutions,Philips,GIGABIT SWITCH,Call for Quote,2.5 time exhange cost,Call for Quote,1.5 time exhange cost,Each,Each,Refurbished,Y,1.000000,Same Day,,,,
452230030272,Avante Health Solutions,PHILIPS,STOP/UP/DOWN BUTTON & CABLING,Call for Quote,2.5 time exhange cost,Call for Quote,1.5 time exhange cost,Each,Each,Refurbished,Y,1.000000,Same Day,,,,
452230032712,Avante Health Solutions,Philips,Ring Cover,Call for Quote,2.5 time exhange cost,Call for Quote,1.5 time exhange cost,Each,Each,Refurbished,Y,1.000000,Same Day,,,,
452230032721,Avante Health Solutions,Philips,HEIGHT COVER SET,Call for Quote,2.5 time exhange cost,Call for Quote,1.5 time exhange cost,Each,Each,Refurbished,Y,2.000000,Same Day,,,,
452230033483,Avante Health Solutions,Philips,Cradle Pot Assembly,Call for Quote,2.5 time exhange cost,Call for Quote,1.5 time exhange cost,Each,Each,Refurbished,Y,1.000000,Same Day,,,,
452230033485,Avante Health Solutions,PHILIPS,CRADLE POTMETER ASSY,Call for Quote,2.5 time exhange cost,Call for Quote,1.5 time exhange cost,Each,Each,Refurbished,Y,2.000000,Same Day,,,,
452270000143,Avante Health Solutions,Philips,Footswitch CV 3p 4m,Call for Quote,2.5 time exhange cost,Call for Quote,1.5 time exhange cost,Each,Each,Refurbished,Y,6.000000,Same Day,,,,
453530384342,Avante Health Solutions,,Full Riser for Siemens 1.5T Sentinelle Breast Coil,Call for Quote,2.5 time exhange cost,Call for Quote,1.5 time exhange cost,Each,Each,Refurbished,Y,1.000000,Same Day,,,,
453561003641,Avante Health Solutions,PHILIPS,"Strap, Universal OEM",Call for Quote,2.5 time exhange cost,Call for Quote,1.5 time exhange cost,Each,Each,Refurbished,Y,2.000000,Same Day,,,,
453566502761,Avante Health Solutions,Philips,Variable Speed Motor Controller,Call for Quote,2.5 time exhange cost,Call for Quote,1.5 time exhange cost,Each,Each,Refurbished,Y,1.000000,Same Day,,,,
453566502901,Avante Health Solutions,PHILIPS,Temperature Control Unit,Call for Quote,2.5 time exhange cost,Call for Quote,1.5 time exhange cost,Each,Each,Refurbished,Y,2.000000,Same Day,,,,
453566503741,Avante Health Solutions,Philips,Table Power Supply 4 Output DC,Call for Quote,2.5 time exhange cost,Call for Quote,1.5 time exhange cost,Each,Each,Refurbished,Y,2.000000,Same Day,,,,
453567010281,Avante Health Solutions,Siemens,Gantry Motion Power Bd. Assy.,Call for Quote,2.5 time exhange cost,Call for Quote,1.5 time exhange cost,Each,Each,Refurbished,Y,22.000000,Same Day,,,,
453567011201,Avante Health Solutions,Philips,4 Channel Gantry Audio Board,Call for Quote,2.5 time exhange cost,Call for Quote,1.5 time exhange cost,Each,Each,Refurbished,Y,10.000000,Same Day,,,,
453567012851,Avante Health Solutions,Philips,Optical RX Stator Module,Call for Quote,2.5 time exhange cost,Call for Quote,1.5 time exhange cost,Each,Each,Refurbished,Y,1.000000,Same Day,,,,
453567013371,Avante Health Solutions,Philips,R2D Board Assembly,Call for Quote,2.5 time exhange cost,Call for Quote,1.5 time exhange cost,Each,Each,Refurbished,Y,7.000000,Same Day,,,,
453567019101,Avante Health Solutions,Philips,Left Hand Operator Panel & Display Assy,Call for Quote,2.5 time exhange cost,Call for Quote,1.5 time exhange cost,Each,Each,Refurbished,Y,1.000000,Same Day,,,,
453567020521,Avante Health Solutions,Philips,Fuse and Switch Locator Assy.,Call for Quote,2.5 time exhange cost,Call for Quote,1.5 time exhange cost,Each,Each,Refurbished,Y,2.000000,Same Day,,,,
453567030081,Avante Health Solutions,Philips,Module Stator Optical Receiver Box Assy,Call for Quote,2.5 time exhange cost,Call for Quote,1.5 time exhange cost,Each,Each,Refurbished,Y,19.000000,Same Day,,,,
453567032661,Avante Health Solutions,Philips,Transformer Powertronix,Call for Quote,2.5 time exhange cost,Call for Quote,1.5 time exhange cost,Each,Each,Refurbished,Y,6.000000,Same Day,,,,
453567047631,Avante Health Solutions,Philips,F/O Cable Optical TX to RCOM-XMT,Call for Quote,2.5 time exhange cost,Call for Quote,1.5 time exhange cost,Each,Each,Refurbished,Y,1.000000,Same Day,,,,
10852413,Avante Health Solutions,SIEMENS,P300 TRX1 Board,Call for Quote,2.5 time exhange cost,Call for Quote,1.5 time exhange cost,Each,Each,Refurbished,Y,1.000000,Same Day,,,,
10852417,Avante Health Solutions,Siemens,"Processor Assy, w/CPU & HD, P300",Call for Quote,2.5 time exhange cost,Call for Quote,1.5 time exhange cost,Each,Each,Refurbished,Y,1.000000,Same Day,,,,
10854278,Avante Health Solutions,SIEMENS,Siemens S2000 Control Panel (Rev 5),Call for Quote,2.5 time exhange cost,Call for Quote,1.5 time exhange cost,Each,Each,Refurbished,Y,2.000000,Same Day,,,,
10854749,Avante Health Solutions,SIEMENS,"RM301, CPU Module, w/o HDD, HD, S Family  Notes: Widescreen system only. Does not include HDD. Minimum SW – VC30A",Call for Quote,2.5 time exhange cost,Call for Quote,1.5 time exhange cost,Each,Each,Refurbished,Y,3.000000,Same Day,,,,
10856335,Avante Health Solutions,SIEMENS,SC2000 Motherboard - MBM201 Board,Call for Quote,2.5 time exhange cost,Call for Quote,1.5 time exhange cost,Each,Each,Refurbished,Y,2.000000,Same Day,,,,
10890635,Avante Health Solutions,,IRS-VHE PC (Siemens CT),Call for Quote,2.5 time exhange cost,Call for Quote,1.5 time exhange cost,Each,Each,Refurbished,Y,1.000000,Same Day,,,,
11001692,Avante Health Solutions,SIEMENS,ACUSON Freestyle Probe Holder,Call for Quote,2.5 time exhange cost,Call for Quote,1.5 time exhange cost,Each,Each,Refurbished,Y,1.000000,Same Day,,,,
11015188,Avante Health Solutions,SIEMENS,"VF13-5 Linear Array Transducer, P500 (10789372)",Call for Quote,2.5 time exhange cost,Call for Quote,1.5 time exhange cost,Each,Each,Refurbished,Y,1.000000,Same Day,,,,
11147250,Avante Health Solutions,Siemens,P300 2MHz CW Transducer,Call for Quote,2.5 time exhange cost,Call for Quote,1.5 time exhange cost,Each,Each,Refurbished,Y,2.000000,Same Day,,,,
11147443,Avante Health Solutions,SIEMENS,3 LEAD DIRECT-CONNECT ECG CABLE,Call for Quote,2.5 time exhange cost,Call for Quote,1.5 time exhange cost,Each,Each,Refurbished,Y,1.000000,Same Day,,,,
11149345,Avante Health Solutions,SIEMENS,"PWA, CMPS, TRAM/F (ST) New Sequoia",Call for Quote,2.5 time exhange cost,Call for Quote,1.5 time exhange cost,Each,Each,Refurbished,Y,3.000000,Same Day,,,,
4535611489421,Avante Health Solutions,PHILIPS,"Front Casters, ClearVue 650",Call for Quote,2.5 time exhange cost,Call for Quote,1.5 time exhange cost,Each,Each,Refurbished,Y,2.000000,Same Day,,,,
453561150895,Avante Health Solutions,PHILIPS,IU/IE FEC (ABC Cart),Call for Quote,2.5 time exhange cost,Call for Quote,1.5 time exhange cost,Each,Each,Refurbished,Y,3.000000,Same Day,,,,
453561153361,Avante Health Solutions,PHILIPS,"HD11, Monitor Front Support",Call for Quote,2.5 time exhange cost,Call for Quote,1.5 time exhange cost,Each,Each,Refurbished,Y,1.000000,Same Day,,,,
453561153752,Avante Health Solutions,PHILIPS,IU22 FEC (ABC),Call for Quote,2.5 time exhange cost,Call for Quote,1.5 time exhange cost,Each,Each,Refurbished,Y,1.000000,Same Day,,,,
453561153812,Avante Health Solutions,PHILIPS,"IU/IE Cable Assy, USB, CPM to Keyboard",Call for Quote,2.5 time exhange cost,Call for Quote,1.5 time exhange cost,Each,Each,Refurbished,Y,1.000000,Same Day,,,,
453561156373,Avante Health Solutions,PHILIPS,IU22 Pan Enclosure,Call for Quote,2.5 time exhange cost,Call for Quote,1.5 time exhange cost,Each,Each,Refurbished,Y,1.000000,Same Day,,,,
453561158391,Avante Health Solutions,PHILIPS,"IU/IE SCI Adapter, PCI (dolphin)",Call for Quote,2.5 time exhange cost,Call for Quote,1.5 time exhange cost,Each,Each,Refurbished,Y,2.000000,Same Day,,,,
453561166851,Avante Health Solutions,PHILIPS,"Enclosure, Touch Screen Bezel, Rear",Call for Quote,2.5 time exhange cost,Call for Quote,1.5 time exhange cost,Each,Each,Refurbished,Y,1.000000,Same Day,,,,
453561167792,Avante Health Solutions,PHILIPS,IU/IE Scanhead Select (ABCDEFGR Cart),Call for Quote,2.5 time exhange cost,Call for Quote,1.5 time exhange cost,Each,Each,Refurbished,Y,24.000000,Same Day,,,,
453561169243,Avante Health Solutions,PHILIPS,IU/IE NAIM (ABC Cart),Call for Quote,2.5 time exhange cost,Call for Quote,1.5 time exhange cost,Each,Each,Refurbished,Y,1.000000,Same Day,,,,
453561170151,Avante Health Solutions,PHILIPS,Philips DVD Drive Assy,Call for Quote,2.5 time exhange cost,Call for Quote,1.5 time exhange cost,Each,Each,Refurbished,Y,3.000000,Same Day,,,,
453561174922,Avante Health Solutions,PHILIPS,Cable from AC Try to Power Supply,Call for Quote,2.5 time exhange cost,Call for Quote,1.5 time exhange cost,Each,Each,Refurbished,Y,1.000000,Same Day,,,,
452212800066,Avante Health Solutions,Philips,CABLE SET PLUG SOCKET SN:125541,Call for Quote,2.5 time exhange cost,Call for Quote,1.5 time exhange cost,Each,Each,Refurbished,Y,1.000000,Same Day,,,,
452212805642,Avante Health Solutions,Philips,LINEAR ACTUATOR (HEIGHT MOVEMENT),Call for Quote,2.5 time exhange cost,Call for Quote,1.5 time exhange cost,Each,Each,Refurbished,Y,2.000000,Same Day,,,,
452212805651,Avante Health Solutions,Philips,Linear Actuator Tilt,Call for Quote,2.5 time exhange cost,Call for Quote,1.5 time exhange cost,Each,Each,Refurbished,Y,1.000000,Same Day,,,,
452212883455,Avante Health Solutions,Philips,Balancing Unit,Call for Quote,2.5 time exhange cost,Call for Quote,1.5 time exhange cost,Each,Each,Refurbished,Y,2.000000,Same Day,,,,
45221288451,Avante Health Solutions,Philips,TSO/CABLE HOOKS,Call for Quote,2.5 time exhange cost,Call for Quote,1.5 time exhange cost,Each,Each,Refurbished,Y,1.000000,Same Day,,,,
452212887983,Avante Health Solutions,Philips,FD SHIFT COVER,Call for Quote,2.5 time exhange cost,Call for Quote,1.5 time exhange cost,Each,Each,Refurbished,Y,3.000000,Same Day,,,,
452212887993,Avante Health Solutions,,FD10 Detector Cover w/ Sensor,Call for Quote,2.5 time exhange cost,Call for Quote,1.5 time exhange cost,Each,Each,Refurbished,Y,1.000000,Same Day,,,,
452212895843,Avante Health Solutions,Philips,HOSE CARRIER SLEVE LEFT,Call for Quote,2.5 time exhange cost,Call for Quote,1.5 time exhange cost,Each,Each,Refurbished,Y,1.000000,Same Day,,,,
452212910163,Avante Health Solutions,PHILIPS,COVER SKEWROTATION (LARC N) SET 3 PCS,Call for Quote,2.5 time exhange cost,Call for Quote,1.5 time exhange cost,Each,Each,Refurbished,Y,1.000000,Same Day,,,,
452212914123,Avante Health Solutions,Philips,PUB,Call for Quote,2.5 time exhange cost,Call for Quote,1.5 time exhange cost,Each,Each,Refurbished,Y,1.000000,Same Day,,,,
452212916403,Avante Health Solutions,Philips,POSITION UNIT,Call for Quote,2.5 time exhange cost,Call for Quote,1.5 time exhange cost,Each,Each,Refurbished,Y,6.000000,Same Day,,,,
452212917002,Avante Health Solutions,Philips,ROTATION MOTOR ASSEMBLY,Call for Quote,2.5 time exhange cost,Call for Quote,1.5 time exhange cost,Each,Each,Refurbished,Y,1.000000,Same Day,,,,
453561185612,Avante Health Solutions,PHILIPS,"IU/IE AVIO, Rear Interface Panel",Call for Quote,2.5 time exhange cost,Call for Quote,1.5 time exhange cost,Each,Each,Refurbished,Y,4.000000,Same Day,,,,
453561186941,Avante Health Solutions,PHILIPS,"IE33, FEC to DSC & AVIO to FEC Cable Ass",Call for Quote,2.5 time exhange cost,Call for Quote,1.5 time exhange cost,Each,Each,Refurbished,Y,3.000000,Same Day,,,,
453561195831,Avante Health Solutions,PHILIPS,IU/IE USB Hub,Call for Quote,2.5 time exhange cost,Call for Quote,1.5 time exhange cost,Each,Each,Refurbished,Y,1.000000,Same Day,,,,
453561197305,Avante Health Solutions,PHILIPS,"Analog Interface Module, HD15",Call for Quote,2.5 time exhange cost,Call for Quote,1.5 time exhange cost,Each,Each,Refurbished,Y,1.000000,Same Day,,,,
453561203281,Avante Health Solutions,PHILIPS,"Cable Assy, USB, Host Bulkhead to HUB PCB",Call for Quote,2.5 time exhange cost,Call for Quote,1.5 time exhange cost,Each,Each,Refurbished,Y,1.000000,Same Day,,,,
453561210225,Avante Health Solutions,PHILIPS,IU/IE NAIM (ABC Cart),Call for Quote,2.5 time exhange cost,Call for Quote,1.5 time exhange cost,Each,Each,Refurbished,Y,2.000000,Same Day,,,,
453561219221,Avante Health Solutions,PHILIPS,"IU/IE, Cable, DVI, M-M 4arm",Call for Quote,2.5 time exhange cost,Call for Quote,1.5 time exhange cost,Each,Each,Refurbished,Y,1.000000,Same Day,,,,
453561234401,Avante Health Solutions,PHILIPS,"HD11 XE Panel, Drives Blank Off",Call for Quote,2.5 time exhange cost,Call for Quote,1.5 time exhange cost,Each,Each,Refurbished,Y,3.000000,Same Day,,,,
453561273321,Avante Health Solutions,PHILIPS,"Tandem Distribution, HD15",Call for Quote,2.5 time exhange cost,Call for Quote,1.5 time exhange cost,Each,Each,Refurbished,Y,2.000000,Same Day,,,,
453561278263,Avante Health Solutions,PHILIPS,IU/IE FEC (ABCDEFGR Cart),Call for Quote,2.5 time exhange cost,Call for Quote,1.5 time exhange cost,Each,Each,Refurbished,Y,1.000000,Same Day,,,,
453561278267,Avante Health Solutions,PHILIPS,IU/IE FEC (ABCDEFGR Cart),Call for Quote,2.5 time exhange cost,Call for Quote,1.5 time exhange cost,Each,Each,Refurbished,Y,9.000000,Same Day,,,,
453561284965,Avante Health Solutions,PHILIPS,"Rear Caster, IU22 / IE33 E&F Cart",Call for Quote,2.5 time exhange cost,Call for Quote,1.5 time exhange cost,Each,Each,Refurbished,Y,10.000000,Same Day,,,,
452212917011,Avante Health Solutions,Philips,L-Arc Long Drive Assy.,Call for Quote,2.5 time exhange cost,Call for Quote,1.5 time exhange cost,Each,Each,Refurbished,Y,2.000000,Same Day,,,,
452212918635,Avante Health Solutions,Philips,TTCB,Call for Quote,2.5 time exhange cost,Call for Quote,1.5 time exhange cost,Each,Each,Refurbished,Y,1.000000,Same Day,,,,
452212918841,Avante Health Solutions,Philips,Guiding Track,Call for Quote,2.5 time exhange cost,Call for Quote,1.5 time exhange cost,Each,Each,Refurbished,Y,2.000000,Same Day,,,,
452212919702,Avante Health Solutions,Philips,Tilt Actuator Assy.,Call for Quote,2.5 time exhange cost,Call for Quote,1.5 time exhange cost,Each,Each,Refurbished,Y,2.000000,Same Day,,,,
452212923783,Avante Health Solutions,Philips,Node Interface Unit (NIU),Call for Quote,2.5 time exhange cost,Call for Quote,1.5 time exhange cost,Each,Each,Refurbished,Y,7.000000,Same Day,,,,
452212925181,Avante Health Solutions,Philips,VA Brake Lateral,Call for Quote,2.5 time exhange cost,Call for Quote,1.5 time exhange cost,Each,Each,Refurbished,Y,1.000000,Same Day,,,,
452213096105,Avante Health Solutions,,Phantom Bottle 5000CC,Call for Quote,2.5 time exhange cost,Call for Quote,1.5 time exhange cost,Each,Each,Refurbished,Y,1.000000,Same Day,,,,
452213181346,Avante Health Solutions,Philips,1.5T Sense Flex Large,Call for Quote,2.5 time exhange cost,Call for Quote,1.5 time exhange cost,Each,Each,Refurbished,Y,1.000000,Same Day,,,,
452215020702,Avante Health Solutions,Philips,Power Module 274 (Quarter Bridge),Call for Quote,2.5 time exhange cost,Call for Quote,1.5 time exhange cost,Each,Each,Refurbished,Y,1.000000,Same Day,,,,
452215043372,Avante Health Solutions,Philips,Hold Back Actuator,Call for Quote,2.5 time exhange cost,Call for Quote,1.5 time exhange cost,Each,Each,Refurbished,Y,1.000000,Same Day,,,,
452216332095,Avante Health Solutions,Philips,SIB Box Unit,Call for Quote,2.5 time exhange cost,Call for Quote,1.5 time exhange cost,Each,Each,Refurbished,Y,4.000000,Same Day,,,,
452216332432,Avante Health Solutions,Philips,Fan Unit,Call for Quote,2.5 time exhange cost,Call for Quote,1.5 time exhange cost,Each,Each,Refurbished,Y,4.000000,Same Day,,,,
453561130161,Avante Health Solutions,PHILIPS,"ENCLOSURE ASSY,FRONT,MONITOR",Call for Quote,2.5 time exhange cost,Call for Quote,1.5 time exhange cost,Each,Each,Refurbished,Y,7.000000,Same Day,,,,
453561153484,Avante Health Solutions,PHILIPS,"IU22, CABLE ASSY, USB, CPM TO KEYBOARD",Call for Quote,2.5 time exhange cost,Call for Quote,1.5 time exhange cost,Each,Each,Refurbished,Y,1.000000,Same Day,,,,
453561153591,Avante Health Solutions,PHILIPS,"HD11 XE Panel,Small Drive Blank Off",Call for Quote,2.5 time exhange cost,Call for Quote,1.5 time exhange cost,Each,Each,Refurbished,Y,3.000000,Same Day,,,,
453561154401,Avante Health Solutions,PHILIPS,IU/IE Scanhead Select (ABC Cart),Call for Quote,2.5 time exhange cost,Call for Quote,1.5 time exhange cost,Each,Each,Refurbished,Y,8.000000,Same Day,,,,
453561156421,Avante Health Solutions,PHILIPS,"IUIE, GAS SPRINGS",Call for Quote,2.5 time exhange cost,Call for Quote,1.5 time exhange cost,Each,Each,Refurbished,Y,10.000000,Same Day,,,,
453561157123,Avante Health Solutions,PHILIPS,IU22 3D Motor Controller w/ Shield,Call for Quote,2.5 time exhange cost,Call for Quote,1.5 time exhange cost,Each,Each,Refurbished,Y,6.000000,Same Day,,,,
453561160673,Avante Health Solutions,PHILIPS,IU22 AIM (A Cart),Call for Quote,2.5 time exhange cost,Call for Quote,1.5 time exhange cost,Each,Each,Refurbished,Y,1.000000,Same Day,,,,
453561167392,Avante Health Solutions,PHILIPS,"IU/IE AVIO, Rear Interface Panel",Call for Quote,2.5 time exhange cost,Call for Quote,1.5 time exhange cost,Each,Each,Refurbished,Y,1.000000,Same Day,,,,
453561173851,Avante Health Solutions,PHILIPS,"IE33, Knob, Large, Push Rotate",Call for Quote,2.5 time exhange cost,Call for Quote,1.5 time exhange cost,Each,Each,Refurbished,Y,9.000000,Same Day,,,,
453561182791,Avante Health Solutions,PHILIPS,ATL POWER SUPPLY MODULE,Call for Quote,2.5 time exhange cost,Call for Quote,1.5 time exhange cost,Each,Each,Refurbished,Y,1.000000,Same Day,,,,
453561185593,Avante Health Solutions,PHILIPS,AC TRAY IU/IE,Call for Quote,2.5 time exhange cost,Call for Quote,1.5 time exhange cost,Each,Each,Refurbished,Y,16.000000,Same Day,,,,
453561197362,Avante Health Solutions,PHILIPS,"Backplane, HD15",Call for Quote,2.5 time exhange cost,Call for Quote,1.5 time exhange cost,Each,Each,Refurbished,Y,2.000000,Same Day,,,,
453567050091,Avante Health Solutions,Philips,F/O Cable Optical Bracket to Optical RX1 & RX2,Call for Quote,2.5 time exhange cost,Call for Quote,1.5 time exhange cost,Each,Each,Refurbished,Y,1.000000,Same Day,,,,
453567053781,Avante Health Solutions,Philips,Couch Control Board,Call for Quote,2.5 time exhange cost,Call for Quote,1.5 time exhange cost,Each,Each,Refurbished,Y,5.000000,Same Day,,,,
453567057163,Avante Health Solutions,Philips,FRC Assy.,Call for Quote,2.5 time exhange cost,Call for Quote,1.5 time exhange cost,Each,Each,Refurbished,Y,2.000000,Same Day,,,,
453567058051,Avante Health Solutions,Philips,FOOTSWITCH,Call for Quote,2.5 time exhange cost,Call for Quote,1.5 time exhange cost,Each,Each,Refurbished,Y,6.000000,Same Day,,,,
453567062861,Avante Health Solutions,Siemens,PC BD,Call for Quote,2.5 time exhange cost,Call for Quote,1.5 time exhange cost,Each,Each,Refurbished,Y,6.000000,Same Day,,,,
45356706891,Avante Health Solutions,,5V POWER SUPPLY ASSY,Call for Quote,2.5 time exhange cost,Call for Quote,1.5 time exhange cost,Each,Each,Refurbished,Y,1.000000,Same Day,,,,
453567080282,Avante Health Solutions,,Power Supply,Call for Quote,2.5 time exhange cost,Call for Quote,1.5 time exhange cost,Each,Each,Refurbished,Y,9.000000,Same Day,,,,
453567091121,Avante Health Solutions,Philips,"Fiber Assy. Source, Rotor, Transmit",Call for Quote,2.5 time exhange cost,Call for Quote,1.5 time exhange cost,Each,Each,Refurbished,Y,13.000000,Same Day,,,,
453567098181,Avante Health Solutions,,"Fiber Assy., Data, Receive Starton, 4 fibers",Call for Quote,2.5 time exhange cost,Call for Quote,1.5 time exhange cost,Each,Each,Refurbished,Y,1.000000,Same Day,,,,
453567098192,Avante Health Solutions,Philips,Bi-Directional Transceiver,Call for Quote,2.5 time exhange cost,Call for Quote,1.5 time exhange cost,Each,Each,Refurbished,Y,1.000000,Same Day,,,,
453567110311,Avante Health Solutions,Philips,Ghost Board,Call for Quote,2.5 time exhange cost,Call for Quote,1.5 time exhange cost,Each,Each,Refurbished,Y,4.000000,Same Day,,,,
453567110341,Avante Health Solutions,,GHOAST ASSY,Call for Quote,2.5 time exhange cost,Call for Quote,1.5 time exhange cost,Each,Each,Refurbished,Y,1.000000,Same Day,,,,
452216703691,Avante Health Solutions,Philips,Image Storage Board RD (ISB_RD),Call for Quote,2.5 time exhange cost,Call for Quote,1.5 time exhange cost,Each,Each,Refurbished,Y,1.000000,Same Day,,,,
45221670385,Avante Health Solutions,Philips,IPB BOARD,Call for Quote,2.5 time exhange cost,Call for Quote,1.5 time exhange cost,Each,Each,Refurbished,Y,4.000000,Same Day,,,,
452230007831,Avante Health Solutions,,TOP COVER L-ARM,Call for Quote,2.5 time exhange cost,Call for Quote,1.5 time exhange cost,Each,Each,Refurbished,Y,1.000000,Same Day,,,,
452230012551,Avante Health Solutions,Philips,Yellow Handgrip Assy.,Call for Quote,2.5 time exhange cost,Call for Quote,1.5 time exhange cost,Each,Each,Refurbished,Y,2.000000,Same Day,,,,
452230016822,Avante Health Solutions,Philips,KVM Extender/Receiver,Call for Quote,2.5 time exhange cost,Call for Quote,1.5 time exhange cost,Each,Each,Refurbished,Y,4.000000,Same Day,,,,
452230017931,Avante Health Solutions,Philips,Handle and Collar,Call for Quote,2.5 time exhange cost,Call for Quote,1.5 time exhange cost,Each,Each,Refurbished,Y,1.000000,Same Day,,,,
452230022871,Avante Health Solutions,,FD10 Front Larc C FD Cover,Call for Quote,2.5 time exhange cost,Call for Quote,1.5 time exhange cost,Each,Each,Refurbished,Y,1.000000,Same Day,,,,
452230023021,Avante Health Solutions,Philips,Drive Unit Assy,Call for Quote,2.5 time exhange cost,Call for Quote,1.5 time exhange cost,Each,Each,Refurbished,Y,8.000000,Same Day,,,,
452230025926,Avante Health Solutions,Philips,Longitudinal Drive Assy.,Call for Quote,2.5 time exhange cost,Call for Quote,1.5 time exhange cost,Each,Each,Refurbished,Y,1.000000,Same Day,,,,
452230025943,Avante Health Solutions,Philips,Lateral Drive Assy,Call for Quote,2.5 time exhange cost,Call for Quote,1.5 time exhange cost,Each,Each,Refurbished,Y,1.000000,Same Day,,,,
452230027123,Avante Health Solutions,Philips,PIVOT POTMETER ASSY,Call for Quote,2.5 time exhange cost,Call for Quote,1.5 time exhange cost,Each,Each,Refurbished,Y,6.000000,Same Day,,,,
452230027791,Avante Health Solutions,Philips,AD5 Cable Set,Call for Quote,2.5 time exhange cost,Call for Quote,1.5 time exhange cost,Each,Each,Refurbished,Y,1.000000,Same Day,,,,
452212917855,Avante Health Solutions,Philips,Drive Identification Board,Call for Quote,2.5 time exhange cost,Call for Quote,1.5 time exhange cost,Each,Each,Refurbished,Y,2.000000,Same Day,,,,
452212917866,Avante Health Solutions,Philips,Node Interface Unit NIU,Call for Quote,2.5 time exhange cost,Call for Quote,1.5 time exhange cost,Each,Each,Refurbished,Y,4.000000,Same Day,,,,
452212918731,Avante Health Solutions,Philips,Brake Assy. AD5,Call for Quote,2.5 time exhange cost,Call for Quote,1.5 time exhange cost,Each,Each,Refurbished,Y,2.000000,Same Day,,,,
452212919653,Avante Health Solutions,Philips,Pivot Brake Assy,Call for Quote,2.5 time exhange cost,Call for Quote,1.5 time exhange cost,Each,Each,Refurbished,Y,8.000000,Same Day,,,,
452212919674,Avante Health Solutions,Philips,Longitudinal Drive Assy.,Call for Quote,2.5 time exhange cost,Call for Quote,1.5 time exhange cost,Each,Each,Refurbished,Y,2.000000,Same Day,,,,
452212919675,Avante Health Solutions,Philips,Longitudinal Drive Assy.,Call for Quote,2.5 time exhange cost,Call for Quote,1.5 time exhange cost,Each,Each,Refurbished,Y,1.000000,Same Day,,,,
452212922152,Avante Health Solutions,Philips,GEO IPC w/ XMP,Call for Quote,2.5 time exhange cost,Call for Quote,1.5 time exhange cost,Each,Each,Refurbished,Y,1.000000,Same Day,,,,
452213081925,Avante Health Solutions,,Phantom Bottle 3000CC,Call for Quote,2.5 time exhange cost,Call for Quote,1.5 time exhange cost,Each,Each,Refurbished,Y,2.000000,Same Day,,,,
45221315286,Avante Health Solutions,Philips,1.5T Phillips SHNL Anterior Coil,Call for Quote,2.5 time exhange cost,Call for Quote,1.5 time exhange cost,Each,Each,Refurbished,Y,1.000000,Same Day,,,,
452216319934,Avante Health Solutions,Philips,XRAY INDICATOR LIGHT,Call for Quote,2.5 time exhange cost,Call for Quote,1.5 time exhange cost,Each,Each,Refurbished,Y,13.000000,Same Day,,,,
452216327831,Avante Health Solutions,Philips,CHAMELEON POWER SUPPLY CHASSIS,Call for Quote,2.5 time exhange cost,Call for Quote,1.5 time exhange cost,Each,Each,Refurbished,Y,1.000000,Same Day,,,,
452216332097,Avante Health Solutions,Philips,SIB Box Unit,Call for Quote,2.5 time exhange cost,Call for Quote,1.5 time exhange cost,Each,Each,Refurbished,Y,4.000000,Same Day,,,,
453567114551,Avante Health Solutions,,Linear Actuator (RH),Call for Quote,2.5 time exhange cost,Call for Quote,1.5 time exhange cost,Each,Each,Refurbished,Y,8.000000,Same Day,,,,
453567116911,Avante Health Solutions,Philips,GMP to slipring tx cable,Call for Quote,2.5 time exhange cost,Call for Quote,1.5 time exhange cost,Each,Each,Refurbished,Y,1.000000,Same Day,,,,
453567129651,Avante Health Solutions,Philips,"Cable, Optical RX to CIRS Fiber",Call for Quote,2.5 time exhange cost,Call for Quote,1.5 time exhange cost,Each,Each,Refurbished,Y,1.000000,Same Day,,,,
453567139462,Avante Health Solutions,Philips,ACS Assy.,Call for Quote,2.5 time exhange cost,Call for Quote,1.5 time exhange cost,Each,Each,Refurbished,Y,2.000000,Same Day,,,,
453567321491,Avante Health Solutions,Philips,Dualt Tilt Pot Assy,Call for Quote,2.5 time exhange cost,Call for Quote,1.5 time exhange cost,Each,Each,Refurbished,Y,6.000000,Same Day,,,,
453567379021,Avante Health Solutions,Philips,Data Receiver Electronics,Call for Quote,2.5 time exhange cost,Call for Quote,1.5 time exhange cost,Each,Each,Refurbished,Y,5.000000,Same Day,,,,
453567396162-N,Avante Health Solutions,,Slip Ring Transceiver Interface PCB Assy,Call for Quote,2.5 time exhange cost,Call for Quote,1.5 time exhange cost,Each,Each,New OEM Original,Y,1.000000,Same Day,,,,
453567411986,Avante Health Solutions,Philips,"CIRS 3U Server Quad Core 3UQ8, V3",Call for Quote,2.5 time exhange cost,Call for Quote,1.5 time exhange cost,Each,Each,Refurbished,Y,1.000000,Same Day,,,,
453567457091,Avante Health Solutions,,Rear Controls Assy.,Call for Quote,2.5 time exhange cost,Call for Quote,1.5 time exhange cost,Each,Each,Refurbished,Y,1.000000,Same Day,,,,
453567457102,Avante Health Solutions,,Rear Controls Assy.,Call for Quote,2.5 time exhange cost,Call for Quote,1.5 time exhange cost,Each,Each,Refurbished,Y,1.000000,Same Day,,,,
453567488921,Avante Health Solutions,Philips,Power Supply Assy Single,Call for Quote,2.5 time exhange cost,Call for Quote,1.5 time exhange cost,Each,Each,Refurbished,Y,3.000000,Same Day,,,,
453567535031,Avante Health Solutions,PHILIPS,ENCODER BELTS,Call for Quote,2.5 time exhange cost,Call for Quote,1.5 time exhange cost,Each,Each,Refurbished,Y,1.000000,Same Day,,,,
453561208342,Avante Health Solutions,PHILIPS,IU/IE AFP (BCDEFGR Cart),Call for Quote,2.5 time exhange cost,Call for Quote,1.5 time exhange cost,Each,Each,Refurbished,Y,3.000000,Same Day,,,,
453561208344,Avante Health Solutions,PHILIPS,IU/IE AFP (BCDEFGR Cart),Call for Quote,2.5 time exhange cost,Call for Quote,1.5 time exhange cost,Each,Each,Refurbished,Y,10.000000,Same Day,,,,
453561210411,Avante Health Solutions,PHILIPS,"HD11, Keyboard Assy, Control Panel",Call for Quote,2.5 time exhange cost,Call for Quote,1.5 time exhange cost,Each,Each,Refurbished,Y,1.000000,Same Day,,,,
453561218621,Avante Health Solutions,PHILIPS,Philips HD11 rear i/o,Call for Quote,2.5 time exhange cost,Call for Quote,1.5 time exhange cost,Each,Each,Refurbished,Y,1.000000,Same Day,,,,
453561221432,Avante Health Solutions,PHILIPS,IU/IE Video Cable,Call for Quote,2.5 time exhange cost,Call for Quote,1.5 time exhange cost,Each,Each,Refurbished,Y,1.000000,Same Day,,,,
453561232493,Avante Health Solutions,PHILIPS,"Platform, OEM, Printer",Call for Quote,2.5 time exhange cost,Call for Quote,1.5 time exhange cost,Each,Each,Refurbished,Y,1.000000,Same Day,,,,
453561258552,Avante Health Solutions,PHILIPS,PHILIPS ENCLOSURE POWER SUPPLY,Call for Quote,2.5 time exhange cost,Call for Quote,1.5 time exhange cost,Each,Each,Refurbished,Y,2.000000,Same Day,,,,
453561258691,Avante Health Solutions,PHILIPS,Philips IU22/1E33 Rolling Cart Right Rear Enclosure (Refurbished),Call for Quote,2.5 time exhange cost,Call for Quote,1.5 time exhange cost,Each,Each,Refurbished,Y,1.000000,Same Day,,,,
453561259363,Avante Health Solutions,PHILIPS,"IE33, AFP Cable Assembly, Segment 1",Call for Quote,2.5 time exhange cost,Call for Quote,1.5 time exhange cost,Each,Each,Refurbished,Y,1.000000,Same Day,,,,
453561274712,Avante Health Solutions,PHILIPS,IU/IE DVD Drive w/ Label,Call for Quote,2.5 time exhange cost,Call for Quote,1.5 time exhange cost,Each,Each,Refurbished,Y,3.000000,Same Day,,,,
453561278265,Avante Health Solutions,PHILIPS,IU/IE FEC (ABCDEFGR Cart),Call for Quote,2.5 time exhange cost,Call for Quote,1.5 time exhange cost,Each,Each,Refurbished,Y,3.000000,Same Day,,,,
452230028782,Avante Health Solutions,Philips,Single Board Computer,Call for Quote,2.5 time exhange cost,Call for Quote,1.5 time exhange cost,Each,Each,Refurbished,Y,8.000000,Same Day,,,,
452230030282,Avante Health Solutions,Philips,UTILITY BOX,Call for Quote,2.5 time exhange cost,Call for Quote,1.5 time exhange cost,Each,Each,Refurbished,Y,1.000000,Same Day,,,,
452230035461,Avante Health Solutions,Philips,Height Cover Support,Call for Quote,2.5 time exhange cost,Call for Quote,1.5 time exhange cost,Each,Each,Refurbished,Y,1.000000,Same Day,,,,
452293859677,Avante Health Solutions,Philips,Electromagnetic Brake 24V,Call for Quote,2.5 time exhange cost,Call for Quote,1.5 time exhange cost,Each,Each,Refurbished,Y,11.000000,Same Day,,,,
453530248076,Avante Health Solutions,,1.5T 32 CH Cardiac Coil Anterior,Call for Quote,2.5 time exhange cost,Call for Quote,1.5 time exhange cost,Each,Each,Refurbished,Y,1.000000,Same Day,,,,
453530248086,Avante Health Solutions,,1.5T 32 CH Cardiac Coil Posterior,Call for Quote,2.5 time exhange cost,Call for Quote,1.5 time exhange cost,Each,Each,Refurbished,Y,1.000000,Same Day,,,,
453561127621,Avante Health Solutions,PHILIPS,"Battery Tray Assembly, IE33/IU22",Call for Quote,2.5 time exhange cost,Call for Quote,1.5 time exhange cost,Each,Each,Refurbished,Y,2.000000,Same Day,,,,
453561129171,Avante Health Solutions,PHILIPS,IU22/IE33 TGC Knobs,Call for Quote,2.5 time exhange cost,Call for Quote,1.5 time exhange cost,Each,Each,Refurbished,Y,1.000000,Same Day,,,,
453561150561,Avante Health Solutions,PHILIPS,"Cushion, Wrist Rest, CP",Call for Quote,2.5 time exhange cost,Call for Quote,1.5 time exhange cost,Each,Each,Refurbished,Y,1.000000,Same Day,,,,
453561153391,Avante Health Solutions,PHILIPS,"Bezel, Soft Key Assembly (HD11)",Call for Quote,2.5 time exhange cost,Call for Quote,1.5 time exhange cost,Each,Each,Refurbished,Y,1.000000,Same Day,,,,
453561153681,Avante Health Solutions,PHILIPS,"IU22, Cable Assy, DVD",Call for Quote,2.5 time exhange cost,Call for Quote,1.5 time exhange cost,Each,Each,Refurbished,Y,1.000000,Same Day,,,,
453561160674,Avante Health Solutions,PHILIPS,IU22 AIM (A Cart),Call for Quote,2.5 time exhange cost,Call for Quote,1.5 time exhange cost,Each,Each,Refurbished,Y,3.000000,Same Day,,,,
453561320614,Avante Health Solutions,PHILIPS,"Enclosure, CP Bezel",Call for Quote,2.5 time exhange cost,Call for Quote,1.5 time exhange cost,Each,Each,Refurbished,Y,2.000000,Same Day,,,,
453561343282,Avante Health Solutions,PHILIPS,"Signal Processor Board, HD11",Call for Quote,2.5 time exhange cost,Call for Quote,1.5 time exhange cost,Each,Each,Refurbished,Y,1.000000,Same Day,,,,
453561358324,Avante Health Solutions,PHILIPS,"20"" Flat Panel LCD (**NOTE** 6.0.2.144 AND HIGHER)",Call for Quote,2.5 time exhange cost,Call for Quote,1.5 time exhange cost,Each,Each,Refurbished,Y,1.000000,Same Day,,,,
453561402151,Avante Health Solutions,PHILIPS,"Explora Connector, HD15",Call for Quote,2.5 time exhange cost,Call for Quote,1.5 time exhange cost,Each,Each,Refurbished,Y,3.000000,Same Day,,,,
453561427731,Avante Health Solutions,PHILIPS,"Cable Assy, Control Panel (Segment 2)",Call for Quote,2.5 time exhange cost,Call for Quote,1.5 time exhange cost,Each,Each,Refurbished,Y,1.000000,Same Day,,,,
453561438771,Avante Health Solutions,PHILIPS,IUIE Cable Assy,Call for Quote,2.5 time exhange cost,Call for Quote,1.5 time exhange cost,Each,Each,Refurbished,Y,1.000000,Same Day,,,,
453561439112,Avante Health Solutions,PHILIPS,"Motherboard PCB, SPARQ",Call for Quote,2.5 time exhange cost,Call for Quote,1.5 time exhange cost,Each,Each,Refurbished,Y,4.000000,Same Day,,,,
453561439242,Avante Health Solutions,PHILIPS,"Extender Board PCB, SPARQ",Call for Quote,2.5 time exhange cost,Call for Quote,1.5 time exhange cost,Each,Each,Refurbished,Y,3.000000,Same Day,,,,
453561446197,Avante Health Solutions,PHILIPS,"CX50 System Battery, 14.4V, 84.24WH, Li-",Call for Quote,2.5 time exhange cost,Call for Quote,1.5 time exhange cost,Each,Each,Refurbished,Y,9.000000,Same Day,,,,
453561456521,Avante Health Solutions,PHILIPS,"Cover, Arm, Left Philips EPIQ CVx",Call for Quote,2.5 time exhange cost,Call for Quote,1.5 time exhange cost,Each,Each,Refurbished,Y,1.000000,Same Day,,,,
453561456531,Avante Health Solutions,PHILIPS,"Cover, Arm, Right Philips EPIQ CVx",Call for Quote,2.5 time exhange cost,Call for Quote,1.5 time exhange cost,Each,Each,Refurbished,Y,2.000000,Same Day,,,,
453561167822,Avante Health Solutions,PHILIPS,"IU/IE, Cable Guide - Control Panel",Call for Quote,2.5 time exhange cost,Call for Quote,1.5 time exhange cost,Each,Each,Refurbished,Y,10.000000,Same Day,,,,
453561170191,Avante Health Solutions,PHILIPS,Cable for FEC debug port,Call for Quote,2.5 time exhange cost,Call for Quote,1.5 time exhange cost,Each,Each,Refurbished,Y,4.000000,Same Day,,,,
453561170531,Avante Health Solutions,PHILIPS,HD11 XE Top-Keyboard Surround,Call for Quote,2.5 time exhange cost,Call for Quote,1.5 time exhange cost,Each,Each,Refurbished,Y,4.000000,Same Day,,,,
453561176671,Avante Health Solutions,PHILIPS,IE33 Keyboard,Call for Quote,2.5 time exhange cost,Call for Quote,1.5 time exhange cost,Each,Each,Refurbished,Y,1.000000,Same Day,,,,
453561182481,Avante Health Solutions,PHILIPS,Ethernet Cable Assembly,Call for Quote,2.5 time exhange cost,Call for Quote,1.5 time exhange cost,Each,Each,Refurbished,Y,1.000000,Same Day,,,,
453561182581,Avante Health Solutions,PHILIPS,"IE33, Cable Assy, CPM to Connector PCB1",Call for Quote,2.5 time exhange cost,Call for Quote,1.5 time exhange cost,Each,Each,Refurbished,Y,1.000000,Same Day,,,,
453561182601,Avante Health Solutions,PHILIPS,"Cable Assy, Host Power",Call for Quote,2.5 time exhange cost,Call for Quote,1.5 time exhange cost,Each,Each,Refurbished,Y,1.000000,Same Day,,,,
453561183051,Avante Health Solutions,PHILIPS,"Control Panel Assembly, Envisor",Call for Quote,2.5 time exhange cost,Call for Quote,1.5 time exhange cost,Each,Each,Refurbished,Y,2.000000,Same Day,,,,
453561189671,Avante Health Solutions,PHILIPS,IU22 Scanhead Select (ABC Cart),Call for Quote,2.5 time exhange cost,Call for Quote,1.5 time exhange cost,Each,Each,Refurbished,Y,4.000000,Same Day,,,,
453561194851,Avante Health Solutions,PHILIPS,Explora connector module for the HD11,Call for Quote,2.5 time exhange cost,Call for Quote,1.5 time exhange cost,Each,Each,Refurbished,Y,10.000000,Same Day,,,,
453561195102,Avante Health Solutions,PHILIPS,Filter Tray Cooling Fans IU/IE,Call for Quote,2.5 time exhange cost,Call for Quote,1.5 time exhange cost,Each,Each,Refurbished,Y,2.000000,Same Day,,,,
453561210152,Avante Health Solutions,PHILIPS,"HD11, Signal Processing Board",Call for Quote,2.5 time exhange cost,Call for Quote,1.5 time exhange cost,Each,Each,Refurbished,Y,1.000000,Same Day,,,,
453567538341,Avante Health Solutions,,STATOR OPTICS ASSEMBLY,Call for Quote,2.5 time exhange cost,Call for Quote,1.5 time exhange cost,Each,Each,Refurbished,Y,7.000000,Same Day,,,,
455011508961,Avante Health Solutions,,DMS Fan Assembly,Call for Quote,2.5 time exhange cost,Call for Quote,1.5 time exhange cost,Each,Each,Refurbished,Y,4.000000,Same Day,,,,
455012003873,Avante Health Solutions,PHILIPS,RCOM 2 FRU Kit,Call for Quote,2.5 time exhange cost,Call for Quote,1.5 time exhange cost,Each,Each,Refurbished,Y,1.000000,Same Day,,,,
455012004036,Avante Health Solutions,Philips,Detector Module BR-40 APDM-S FRU,Call for Quote,2.5 time exhange cost,Call for Quote,1.5 time exhange cost,Each,Each,Refurbished,Y,143.000000,Same Day,,,,
455012004172,Avante Health Solutions,Philips,BR 40 DMS Left Motherboard,Call for Quote,2.5 time exhange cost,Call for Quote,1.5 time exhange cost,Each,Each,Refurbished,Y,4.000000,Same Day,,,,
455012004196,Avante Health Solutions,Philips,DPU ASSY,Call for Quote,2.5 time exhange cost,Call for Quote,1.5 time exhange cost,Each,Each,Refurbished,Y,4.000000,Same Day,,,,
455012005711,Avante Health Solutions,Philips,LCC CRC RACK DVI 690/7400/5500,Call for Quote,2.5 time exhange cost,Call for Quote,1.5 time exhange cost,Each,Each,Refurbished,Y,1.000000,Same Day,,,,
455012009231,Avante Health Solutions,Philips,UHR Assy.,Call for Quote,2.5 time exhange cost,Call for Quote,1.5 time exhange cost,Each,Each,Refurbished,Y,5.000000,Same Day,,,,
455012110721,Avante Health Solutions,Philips,FP-746 Board,Call for Quote,2.5 time exhange cost,Call for Quote,1.5 time exhange cost,Each,Each,Refurbished,Y,1.000000,Same Day,,,,
455012305841,Avante Health Solutions,Philips,Console Fan Rack,Call for Quote,2.5 time exhange cost,Call for Quote,1.5 time exhange cost,Each,Each,Refurbished,Y,1.000000,Same Day,,,,
455012610111,Avante Health Solutions,Philips,iCT 256 DMS Module Class A,Call for Quote,2.5 time exhange cost,Call for Quote,1.5 time exhange cost,Each,Each,Refurbished,Y,6.000000,Same Day,,,,
455012610311,Avante Health Solutions,Philips,iCT 256 DMS Module Class B,Call for Quote,2.5 time exhange cost,Call for Quote,1.5 time exhange cost,Each,Each,Refurbished,Y,25.000000,Same Day,,,,
452216332433,Avante Health Solutions,Philips,Fan Unit,Call for Quote,2.5 time exhange cost,Call for Quote,1.5 time exhange cost,Each,Each,Refurbished,Y,2.000000,Same Day,,,,
452216702465,Avante Health Solutions,Philips,CODING FIELD BOARD SIB (CFSIB),Call for Quote,2.5 time exhange cost,Call for Quote,1.5 time exhange cost,Each,Each,Refurbished,Y,3.000000,Same Day,,,,
452216703431,Avante Health Solutions,Philips,BH-IDM Bd.,Call for Quote,2.5 time exhange cost,Call for Quote,1.5 time exhange cost,Each,Each,Refurbished,Y,2.000000,Same Day,,,,
452216703574,Avante Health Solutions,Philips,Image Storage Bd.  (ISB)-X,Call for Quote,2.5 time exhange cost,Call for Quote,1.5 time exhange cost,Each,Each,Refurbished,Y,4.000000,Same Day,,,,
452216703612,Avante Health Solutions,Philips,HSLCON Bd.,Call for Quote,2.5 time exhange cost,Call for Quote,1.5 time exhange cost,Each,Each,Refurbished,Y,1.000000,Same Day,,,,
452216703755,Avante Health Solutions,Philips,System Interface Bd. (SIB),Call for Quote,2.5 time exhange cost,Call for Quote,1.5 time exhange cost,Each,Each,Refurbished,Y,1.000000,Same Day,,,,
452216800071,Avante Health Solutions,Philips,"Cable Set, AD5 Tilt, MVR Unit",Call for Quote,2.5 time exhange cost,Call for Quote,1.5 time exhange cost,Each,Each,Refurbished,Y,1.000000,Same Day,,,,
452230007801,Avante Health Solutions,,SIDE COVER L-ARM,Call for Quote,2.5 time exhange cost,Call for Quote,1.5 time exhange cost,Each,Each,Refurbished,Y,2.000000,Same Day,,,,
452230008804,Avante Health Solutions,Philips,PFS272 Power Tray,Call for Quote,2.5 time exhange cost,Call for Quote,1.5 time exhange cost,Each,Each,Refurbished,Y,1.000000,Same Day,,,,
452230010501,Avante Health Solutions,Philips,Cable Carriage,Call for Quote,2.5 time exhange cost,Call for Quote,1.5 time exhange cost,Each,Each,Refurbished,Y,1.000000,Same Day,,,,
452230012531,Avante Health Solutions,Philips,Stand Rotation Transmission,Call for Quote,2.5 time exhange cost,Call for Quote,1.5 time exhange cost,Each,Each,Refurbished,Y,1.000000,Same Day,,,,
452230016403,Avante Health Solutions,Philips,Chameleon Power Tray (Back Piece),Call for Quote,2.5 time exhange cost,Call for Quote,1.5 time exhange cost,Each,Each,Refurbished,Y,1.000000,Same Day,,,,
452230022113,Avante Health Solutions,Philips,LONGITUDINAL POTENTIOMETER,Call for Quote,2.5 time exhange cost,Call for Quote,1.5 time exhange cost,Each,Each,Refurbished,Y,1.000000,Same Day,,,,
452230022681,Avante Health Solutions,,balancer assy,Call for Quote,2.5 time exhange cost,Call for Quote,1.5 time exhange cost,Each,Each,Refurbished,Y,1.000000,Same Day,,,,
452230023131,Avante Health Solutions,Philips,DETECTOR-SHIFT COVER,Call for Quote,2.5 time exhange cost,Call for Quote,1.5 time exhange cost,Each,Each,Refurbished,Y,4.000000,Same Day,,,,
452230024191,Avante Health Solutions,Philips,SINGLE BOARD COMPUTER,Call for Quote,2.5 time exhange cost,Call for Quote,1.5 time exhange cost,Each,Each,Refurbished,Y,1.000000,Same Day,,,,
452230024523,Avante Health Solutions,Philips,SINGLE BOARD COMPUTER,Call for Quote,2.5 time exhange cost,Call for Quote,1.5 time exhange cost,Each,Each,Refurbished,Y,1.000000,Same Day,,,,
452230025291,Avante Health Solutions,Philips,Cable Inlet Ceiling,Call for Quote,2.5 time exhange cost,Call for Quote,1.5 time exhange cost,Each,Each,Refurbished,Y,4.000000,Same Day,,,,
452230025902,Avante Health Solutions,Philips,Tilt Actuator Assy. AD7,Call for Quote,2.5 time exhange cost,Call for Quote,1.5 time exhange cost,Each,Each,Refurbished,Y,6.000000,Same Day,,,,
452230025912,Avante Health Solutions,Philips,TTCB PCB,Call for Quote,2.5 time exhange cost,Call for Quote,1.5 time exhange cost,Each,Each,Refurbished,Y,1.000000,Same Day,,,,
452230025925,Avante Health Solutions,PHILIPS,Longitudinal Drive Assy,Call for Quote,2.5 time exhange cost,Call for Quote,1.5 time exhange cost,Each,Each,Refurbished,Y,1.000000,Same Day,,,,
452230025974,Avante Health Solutions,Philips,Tilt Pot Assy. AD7,Call for Quote,2.5 time exhange cost,Call for Quote,1.5 time exhange cost,Each,Each,Refurbished,Y,4.000000,Same Day,,,,
452230025981,Avante Health Solutions,Philips,Longitudinal Potentiometer Assy.,Call for Quote,2.5 time exhange cost,Call for Quote,1.5 time exhange cost,Each,Each,Refurbished,Y,2.000000,Same Day,,,,
452230027451,Avante Health Solutions,Philips,BRAKE ASSY SWIVEL,Call for Quote,2.5 time exhange cost,Call for Quote,1.5 time exhange cost,Each,Each,Refurbished,Y,3.000000,Same Day,,,,
455014001025,Avante Health Solutions,Philips,ADMC Detector Module,Call for Quote,2.5 time exhange cost,Call for Quote,1.5 time exhange cost,Each,Each,Refurbished,Y,41.000000,Same Day,,,,
455015009391,Avante Health Solutions,,TDMS Detector Mod V1 Class A,Call for Quote,2.5 time exhange cost,Call for Quote,1.5 time exhange cost,Each,Each,Refurbished,Y,2.000000,Same Day,,,,
455300008913,Avante Health Solutions,Philips,19 inch LCD display monitor Q19-AMD (Q19CSMD),Call for Quote,2.5 time exhange cost,Call for Quote,1.5 time exhange cost,Each,Each,Refurbished,Y,1.000000,Same Day,,,,
45562521,Avante Health Solutions,GE,Heater Supply Bd.,Call for Quote,2.5 time exhange cost,Call for Quote,1.5 time exhange cost,Each,Each,Refurbished,Y,5.000000,Same Day,,,,
459800002443,Avante Health Solutions,Philips,UNIT PS FD,Call for Quote,2.5 time exhange cost,Call for Quote,1.5 time exhange cost,Each,Each,Refurbished,Y,12.000000,Same Day,,,,
459800003083,Avante Health Solutions,Philips,Geffen 4x1 DVI KVM DL/SL Switch,Call for Quote,2.5 time exhange cost,Call for Quote,1.5 time exhange cost,Each,Each,Refurbished,Y,2.000000,Same Day,,,,
459800027812,Avante Health Solutions,Philips,GEO IPC  Q35 - with XMP,Call for Quote,2.5 time exhange cost,Call for Quote,1.5 time exhange cost,Each,Each,Refurbished,Y,5.000000,Same Day,,,,
459800029072,Avante Health Solutions,Philips,Fuse Holder Assy.,Call for Quote,2.5 time exhange cost,Call for Quote,1.5 time exhange cost,Each,Each,Refurbished,Y,1.000000,Same Day,,,,
459800030101,Avante Health Solutions,Philips,IP PC Nehalem,Call for Quote,2.5 time exhange cost,Call for Quote,1.5 time exhange cost,Each,Each,Refurbished,Y,3.000000,Same Day,,,,
459800046482,Avante Health Solutions,Philips,DMC-16,Call for Quote,2.5 time exhange cost,Call for Quote,1.5 time exhange cost,Each,Each,Refurbished,Y,2.000000,Same Day,,,,
459800046483,Avante Health Solutions,Philips,DMC-16 ASSY,Call for Quote,2.5 time exhange cost,Call for Quote,1.5 time exhange cost,Each,Each,Refurbished,Y,1.000000,Same Day,,,,
459800066151-N,Avante Health Solutions,,"Fuse, 30A/600V",Call for Quote,2.5 time exhange cost,Call for Quote,1.5 time exhange cost,Each,Each,New OEM Original,Y,1.000000,Same Day,,,,
453561210233,Avante Health Solutions,PHILIPS,IU/IE NAIM (ABC Cart),Call for Quote,2.5 time exhange cost,Call for Quote,1.5 time exhange cost,Each,Each,Refurbished,Y,1.000000,Same Day,,,,
453561221241,Avante Health Solutions,PHILIPS,"Cable Assy, Power Disk Bay",Call for Quote,2.5 time exhange cost,Call for Quote,1.5 time exhange cost,Each,Each,Refurbished,Y,1.000000,Same Day,,,,
453561221312,Avante Health Solutions,PHILIPS,"Cable Assy, Bus Bar, 12V",Call for Quote,2.5 time exhange cost,Call for Quote,1.5 time exhange cost,Each,Each,Refurbished,Y,1.000000,Same Day,,,,
453561239601,Avante Health Solutions,PHILIPS,"Cable, IDE Hard Drive to HOST",Call for Quote,2.5 time exhange cost,Call for Quote,1.5 time exhange cost,Each,Each,Refurbished,Y,1.000000,Same Day,,,,
453561258501,Avante Health Solutions,PHILIPS,Philips Air Filter,Call for Quote,2.5 time exhange cost,Call for Quote,1.5 time exhange cost,Each,Each,Refurbished,Y,2.000000,Same Day,,,,
453561259364,Avante Health Solutions,PHILIPS,AFP Power Cable,Call for Quote,2.5 time exhange cost,Call for Quote,1.5 time exhange cost,Each,Each,Refurbished,Y,10.000000,Same Day,,,,
453561264873,Avante Health Solutions,PHILIPS,IU/IE SPD (E and F Carts),Call for Quote,2.5 time exhange cost,Call for Quote,1.5 time exhange cost,Each,Each,Refurbished,Y,17.000000,Same Day,,,,
453561264874,Avante Health Solutions,PHILIPS,IU/IE SPD,Call for Quote,2.5 time exhange cost,Call for Quote,1.5 time exhange cost,Each,Each,Refurbished,Y,16.000000,Same Day,,,,
453561279497,Avante Health Solutions,PHILIPS,IU/IE NAIM (DEFGR Cart),Call for Quote,2.5 time exhange cost,Call for Quote,1.5 time exhange cost,Each,Each,Refurbished,Y,1.000000,Same Day,,,,
453561279498,Avante Health Solutions,PHILIPS,IU/IE NAIM (DEFGR Cart),Call for Quote,2.5 time exhange cost,Call for Quote,1.5 time exhange cost,Each,Each,Refurbished,Y,1.000000,Same Day,,,,
453561284966,Avante Health Solutions,PHILIPS,"Rear Caster, IU22 / IE33 E&F Cart",Call for Quote,2.5 time exhange cost,Call for Quote,1.5 time exhange cost,Each,Each,Refurbished,Y,1.000000,Same Day,,,,
453561303332,Avante Health Solutions,PHILIPS,IU/IE Channel PCB (FGR Cart),Call for Quote,2.5 time exhange cost,Call for Quote,1.5 time exhange cost,Each,Each,Refurbished,Y,4.000000,Same Day,,,,
453561293391,Avante Health Solutions,PHILIPS,Philips Image Touch Panel for 5500/7500,Call for Quote,2.5 time exhange cost,Call for Quote,1.5 time exhange cost,Each,Each,Refurbished,Y,2.000000,Same Day,,,,
453561303902,Avante Health Solutions,PHILIPS,IU/IE Channel PCB (ABCDER Cart),Call for Quote,2.5 time exhange cost,Call for Quote,1.5 time exhange cost,Each,Each,Refurbished,Y,28.000000,Same Day,,,,
453561336932,Avante Health Solutions,PHILIPS,ACQUISITION CARD CAGE FAN ASSY,Call for Quote,2.5 time exhange cost,Call for Quote,1.5 time exhange cost,Each,Each,Refurbished,Y,1.000000,Same Day,,,,
453561338093,Avante Health Solutions,PHILIPS,IU/IE Power Supply Assembly (EFGR Cart),Call for Quote,2.5 time exhange cost,Call for Quote,1.5 time exhange cost,Each,Each,Refurbished,Y,1.000000,Same Day,,,,
453561374411,Avante Health Solutions,PHILIPS,"CABLE ASSY, SPD TO CBL, SEG 1",Call for Quote,2.5 time exhange cost,Call for Quote,1.5 time exhange cost,Each,Each,Refurbished,Y,1.000000,Same Day,,,,
453561382301,Avante Health Solutions,PHILIPS,"IU/IE 20"" LCD (CDEFGR Cart)",Call for Quote,2.5 time exhange cost,Call for Quote,1.5 time exhange cost,Each,Each,Refurbished,Y,1.000000,Same Day,,,,
453561383952,Avante Health Solutions,PHILIPS,"HD9, Qwerty Keyboard Assy (English)",Call for Quote,2.5 time exhange cost,Call for Quote,1.5 time exhange cost,Each,Each,Refurbished,Y,1.000000,Same Day,,,,
453561384831,Avante Health Solutions,PHILIPS,"Philips CX50, Power Board",Call for Quote,2.5 time exhange cost,Call for Quote,1.5 time exhange cost,Each,Each,Refurbished,Y,1.000000,Same Day,,,,
453561386053,Avante Health Solutions,PHILIPS,IU/IE Channel PCB (GR Cart),Call for Quote,2.5 time exhange cost,Call for Quote,1.5 time exhange cost,Each,Each,Refurbished,Y,12.000000,Same Day,,,,
453561433344,Avante Health Solutions,PHILIPS,"SPARQ, Power Module Assy",Call for Quote,2.5 time exhange cost,Call for Quote,1.5 time exhange cost,Each,Each,Refurbished,Y,2.000000,Same Day,,,,
453561440012,Avante Health Solutions,PHILIPS,"SPARQ, User Interface",Call for Quote,2.5 time exhange cost,Call for Quote,1.5 time exhange cost,Each,Each,Refurbished,Y,3.000000,Same Day,,,,
459800076001,Avante Health Solutions,Philips,Footswitch 4P+2 4M Biplane,Call for Quote,2.5 time exhange cost,Call for Quote,1.5 time exhange cost,Each,Each,Refurbished,Y,1.000000,Same Day,,,,
459800144661,Avante Health Solutions,Philips,5v Power Outputs CRCB DVI,Call for Quote,2.5 time exhange cost,Call for Quote,1.5 time exhange cost,Each,Each,Refurbished,Y,1.000000,Same Day,,,,
459800151574,Avante Health Solutions,Philips,GEO Module Tilt WP,Call for Quote,2.5 time exhange cost,Call for Quote,1.5 time exhange cost,Each,Each,Refurbished,Y,3.000000,Same Day,,,,
459800151575,Avante Health Solutions,Philips,GEO Module Tilt WP,Call for Quote,2.5 time exhange cost,Call for Quote,1.5 time exhange cost,Each,Each,Refurbished,Y,4.000000,Same Day,,,,
459800151593,Avante Health Solutions,Philips,GEO Imaging Module WP,Call for Quote,2.5 time exhange cost,Call for Quote,1.5 time exhange cost,Each,Each,Refurbished,Y,24.000000,Same Day,,,,
459800173642,Avante Health Solutions,Philips,Biplane GEO Imaging Module WP,Call for Quote,2.5 time exhange cost,Call for Quote,1.5 time exhange cost,Each,Each,Refurbished,Y,3.000000,Same Day,,,,
459800191991,Avante Health Solutions,Philips,Compressor-JUN Air 60 HZ (hooded),Call for Quote,2.5 time exhange cost,Call for Quote,1.5 time exhange cost,Each,Each,Refurbished,Y,1.000000,Same Day,,,,
459800251561,Avante Health Solutions,Philips,Host PC Biplane Revised,Call for Quote,2.5 time exhange cost,Call for Quote,1.5 time exhange cost,Each,Each,Refurbished,Y,1.000000,Same Day,,,,
459800262761,Avante Health Solutions,Philips,Clea2 Propeller motor Assy,Call for Quote,2.5 time exhange cost,Call for Quote,1.5 time exhange cost,Each,Each,Refurbished,Y,4.000000,Same Day,,,,
459800298901,Avante Health Solutions,,AMC MOTOR CONTROL MODULE,Call for Quote,2.5 time exhange cost,Call for Quote,1.5 time exhange cost,Each,Each,Refurbished,Y,2.000000,Same Day,,,,
459800300242,Avante Health Solutions,Philips,AMC Ecat Drive,Call for Quote,2.5 time exhange cost,Call for Quote,1.5 time exhange cost,Each,Each,Refurbished,Y,1.000000,Same Day,,,,
459800300401,Avante Health Solutions,,Lateral Cover Set,Call for Quote,2.5 time exhange cost,Call for Quote,1.5 time exhange cost,Each,Each,Refurbished,Y,1.000000,Same Day,,,,
453561453255,Avante Health Solutions,PHILIPS,"EPIQ 7C, Physio Module",Call for Quote,2.5 time exhange cost,Call for Quote,1.5 time exhange cost,Each,Each,Refurbished,Y,1.000000,Same Day,,,,
453561453723,Avante Health Solutions,PHILIPS,Philips HD7 LCD Display Assembly,Call for Quote,2.5 time exhange cost,Call for Quote,1.5 time exhange cost,Each,Each,Refurbished,Y,1.000000,Same Day,,,,
453561493421,Avante Health Solutions,PHILIPS,"DVD/CD Drive, R/W (SPARQ)",Call for Quote,2.5 time exhange cost,Call for Quote,1.5 time exhange cost,Each,Each,Refurbished,Y,2.000000,Same Day,,,,
453561495012,Avante Health Solutions,PHILIPS,"Assy, Control Panel Arm - EPIQ",Call for Quote,2.5 time exhange cost,Call for Quote,1.5 time exhange cost,Each,Each,Refurbished,Y,2.000000,Same Day,,,,
453561495732,Avante Health Solutions,PHILIPS,"SPARQ, Rear I/O",Call for Quote,2.5 time exhange cost,Call for Quote,1.5 time exhange cost,Each,Each,Refurbished,Y,2.000000,Same Day,,,,
453561498771,Avante Health Solutions,PHILIPS,Extended I/O (EIO2),Call for Quote,2.5 time exhange cost,Call for Quote,1.5 time exhange cost,Each,Each,Refurbished,Y,1.000000,Same Day,,,,
453561617461,Avante Health Solutions,PHILIPS,"SPARQ, Gas Shock",Call for Quote,2.5 time exhange cost,Call for Quote,1.5 time exhange cost,Each,Each,Refurbished,Y,1.000000,Same Day,,,,
453561625112,Avante Health Solutions,PHILIPS,"IU/IE 20"" LCD **NOTE** (VISION 2012) requires ver. 6.3.1.71 or higher (VISION 2011) requires ver. 6.0.6.40 or higher (VISION 2010) requires ver. 5.2.2.44 or higher",Call for Quote,2.5 time exhange cost,Call for Quote,1.5 time exhange cost,Each,Each,Refurbished,Y,6.000000,Same Day,,,,
453561633671,Avante Health Solutions,PHILIPS,"IE33, Cable, CPCB-LCD",Call for Quote,2.5 time exhange cost,Call for Quote,1.5 time exhange cost,Each,Each,Refurbished,Y,1.000000,Same Day,,,,
453561637081,Avante Health Solutions,PHILIPS,"Cable, Ethernet Extender",Call for Quote,2.5 time exhange cost,Call for Quote,1.5 time exhange cost,Each,Each,Refurbished,Y,3.000000,Same Day,,,,
453561651351,Avante Health Solutions,PHILIPS,"User Interface Assembly, CX50 (Non-3D)",Call for Quote,2.5 time exhange cost,Call for Quote,1.5 time exhange cost,Each,Each,Refurbished,Y,1.000000,Same Day,,,,
453561456921,Avante Health Solutions,PHILIPS,"Cover, Arm, Lower",Call for Quote,2.5 time exhange cost,Call for Quote,1.5 time exhange cost,Each,Each,Refurbished,Y,1.000000,Same Day,,,,
453561468253,Avante Health Solutions,PHILIPS,"COM Express Assembly, Sparq",Call for Quote,2.5 time exhange cost,Call for Quote,1.5 time exhange cost,Each,Each,Refurbished,Y,1.000000,Same Day,,,,
453561495731,Avante Health Solutions,PHILIPS,"SPARQ, Rear I/O",Call for Quote,2.5 time exhange cost,Call for Quote,1.5 time exhange cost,Each,Each,Refurbished,Y,2.000000,Same Day,,,,
453561495752,Avante Health Solutions,PHILIPS,"SPARQ, Transducer Select Assembly",Call for Quote,2.5 time exhange cost,Call for Quote,1.5 time exhange cost,Each,Each,Refurbished,Y,3.000000,Same Day,,,,
453561499212,Avante Health Solutions,PHILIPS,"Brake Shaft, Left EPIQ5",Call for Quote,2.5 time exhange cost,Call for Quote,1.5 time exhange cost,Each,Each,Refurbished,Y,1.000000,Same Day,,,,
453561620061,Avante Health Solutions,,"EPIQ 5G Tray, Keyboard, (Without Keyboard, with ribbon cable",Call for Quote,2.5 time exhange cost,Call for Quote,1.5 time exhange cost,Each,Each,Refurbished,Y,1.000000,Same Day,,,,
453561624623,Avante Health Solutions,PHILIPS,MP FINAL ASSY - CX50,Call for Quote,2.5 time exhange cost,Call for Quote,1.5 time exhange cost,Each,Each,Refurbished,Y,1.000000,Same Day,,,,
453561637101,Avante Health Solutions,PHILIPS,"Epiq 7, Cable Assembly, QWERTY Keyboard tray",Call for Quote,2.5 time exhange cost,Call for Quote,1.5 time exhange cost,Each,Each,Refurbished,Y,1.000000,Same Day,,,,
453561642412,Avante Health Solutions,PHILIPS,"LCD Assembly, CX50",Call for Quote,2.5 time exhange cost,Call for Quote,1.5 time exhange cost,Each,Each,Refurbished,Y,1.000000,Same Day,,,,
453561642951,Avante Health Solutions,PHILIPS,"Cable, CP-Interposer USB",Call for Quote,2.5 time exhange cost,Call for Quote,1.5 time exhange cost,Each,Each,Refurbished,Y,4.000000,Same Day,,,,
453561655532,Avante Health Solutions,PHILIPS,Trackball Assembly FRU,Call for Quote,2.5 time exhange cost,Call for Quote,1.5 time exhange cost,Each,Each,Refurbished,Y,2.000000,Same Day,,,,
453561655562,Avante Health Solutions,PHILIPS,"RAFI EPIQ , TGC ASSY FRU",Call for Quote,2.5 time exhange cost,Call for Quote,1.5 time exhange cost,Each,Each,Refurbished,Y,4.000000,Same Day,,,,
452230027621,Avante Health Solutions,Philips,MVR Medium Larc Xper,Call for Quote,2.5 time exhange cost,Call for Quote,1.5 time exhange cost,Each,Each,Refurbished,Y,1.000000,Same Day,,,,
452230028771,Avante Health Solutions,Philips,Intel Ethernet Card,Call for Quote,2.5 time exhange cost,Call for Quote,1.5 time exhange cost,Each,Each,Refurbished,Y,2.000000,Same Day,,,,
452230033462,Avante Health Solutions,Philips,TILT SENSOR,Call for Quote,2.5 time exhange cost,Call for Quote,1.5 time exhange cost,Each,Each,Refurbished,Y,2.000000,Same Day,,,,
453530066943,Avante Health Solutions,,1.5T 8ch Sense NV Coil,Call for Quote,2.5 time exhange cost,Call for Quote,1.5 time exhange cost,Each,Each,Refurbished,Y,1.000000,Same Day,,,,
453530384262,Avante Health Solutions,Siemens,"Lateral Array Coil Left, Siemens 1.5T Sentinelle Breast",Call for Quote,2.5 time exhange cost,Call for Quote,1.5 time exhange cost,Each,Each,Refurbished,Y,1.000000,Same Day,,,,
453561150493,Avante Health Solutions,PHILIPS,IU/IE Dual Signal Conditioning (DSC),Call for Quote,2.5 time exhange cost,Call for Quote,1.5 time exhange cost,Each,Each,Refurbished,Y,1.000000,Same Day,,,,
453561150898,Avante Health Solutions,PHILIPS,IU/IE FEC (ABC Cart),Call for Quote,2.5 time exhange cost,Call for Quote,1.5 time exhange cost,Each,Each,Refurbished,Y,2.000000,Same Day,,,,
453561151173,Avante Health Solutions,PHILIPS,Philips Power Supply,Call for Quote,2.5 time exhange cost,Call for Quote,1.5 time exhange cost,Each,Each,Refurbished,Y,6.000000,Same Day,,,,
453561153883,Avante Health Solutions,PHILIPS,IU/IE AFP (A Cart) to “IU22 AFP (A Cart) IU22 Only,Call for Quote,2.5 time exhange cost,Call for Quote,1.5 time exhange cost,Each,Each,Refurbished,Y,3.000000,Same Day,,,,
453561154673,Avante Health Solutions,PHILIPS,Ebox Fan Tray Assembly,Call for Quote,2.5 time exhange cost,Call for Quote,1.5 time exhange cost,Each,Each,Refurbished,Y,1.000000,Same Day,,,,
453561164271,Avante Health Solutions,PHILIPS,IU/IE Channel PCB (ABCDER Cart),Call for Quote,2.5 time exhange cost,Call for Quote,1.5 time exhange cost,Each,Each,Refurbished,Y,3.000000,Same Day,,,,
453561170965,Avante Health Solutions,PHILIPS,IU/IE SPD for D cart,Call for Quote,2.5 time exhange cost,Call for Quote,1.5 time exhange cost,Each,Each,Refurbished,Y,4.000000,Same Day,,,,
459800312201,Avante Health Solutions,Philips,WCB2.0 RX UNIT,Call for Quote,2.5 time exhange cost,Call for Quote,1.5 time exhange cost,Each,Each,Refurbished,Y,4.000000,Same Day,,,,
459800331966-N,Avante Health Solutions,Philips,"PD Assy Front Panel, Boxed",Call for Quote,2.5 time exhange cost,Call for Quote,1.5 time exhange cost,Each,Each,New OEM Original,Y,1.000000,Same Day,,,,
459800477572,Avante Health Solutions,Philips,Couch Control Bd. w/ CPM Bd. Assy.,Call for Quote,2.5 time exhange cost,Call for Quote,1.5 time exhange cost,Each,Each,Refurbished,Y,1.000000,Same Day,,,,
459800484501,Avante Health Solutions,Philips,Control Panel Assy Front Left,Call for Quote,2.5 time exhange cost,Call for Quote,1.5 time exhange cost,Each,Each,Refurbished,Y,1.000000,Same Day,,,,
459800484601,Avante Health Solutions,PHILIPS,GANTRY SMALL BEZEL MEMS  MIC.ASSY,Call for Quote,2.5 time exhange cost,Call for Quote,1.5 time exhange cost,Each,Each,Refurbished,Y,2.000000,Same Day,,,,
459800484611,Avante Health Solutions,Philips,CT BOX,Call for Quote,2.5 time exhange cost,Call for Quote,1.5 time exhange cost,Each,Each,Refurbished,Y,1.000000,Same Day,,,,
459800580111,Avante Health Solutions,Philips,PLC (If you have software release R4.1.2 or higher),Call for Quote,2.5 time exhange cost,Call for Quote,1.5 time exhange cost,Each,Each,Refurbished,Y,2.000000,Same Day,,,,
459800586432,Avante Health Solutions,Philips,Flexvision 2 PC,Call for Quote,2.5 time exhange cost,Call for Quote,1.5 time exhange cost,Each,Each,Refurbished,Y,1.000000,Same Day,,,,
459800790041,Avante Health Solutions,Philips,"GANTRY DISPLAY, FT/RR SW CNTRL, RoHS",Call for Quote,2.5 time exhange cost,Call for Quote,1.5 time exhange cost,Each,Each,Refurbished,Y,1.000000,Same Day,,,,
459801163851,Avante Health Solutions,Philips,"FRU PFS390 OS Drive, 300GB (for SWR 7.0, 7.2 systems)",Call for Quote,2.5 time exhange cost,Call for Quote,1.5 time exhange cost,Each,Each,Refurbished,Y,11.000000,Same Day,,,,
459801170711-N,Avante Health Solutions,Philips,Enterprise Class 480GB SATA SSD image drives,Call for Quote,2.5 time exhange cost,Call for Quote,1.5 time exhange cost,Each,Each,New OEM Original,Y,2.000000,Same Day,,,,
453561654961,Avante Health Solutions,PHILIPS,"Cable, Motion Button Extender",Call for Quote,2.5 time exhange cost,Call for Quote,1.5 time exhange cost,Each,Each,Refurbished,Y,5.000000,Same Day,,,,
453561672842,Avante Health Solutions,PHILIPS,"MCM/SVIO, Video Cable",Call for Quote,2.5 time exhange cost,Call for Quote,1.5 time exhange cost,Each,Each,Refurbished,Y,3.000000,Same Day,,,,
453561680003,Avante Health Solutions,PHILIPS,"Housing, Insert, Probe, V6, Mid Gray",Call for Quote,2.5 time exhange cost,Call for Quote,1.5 time exhange cost,Each,Each,Refurbished,Y,4.000000,Same Day,,,,
453561686481,Avante Health Solutions,PHILIPS,"AIR FILTER, MID                GRAY",Call for Quote,2.5 time exhange cost,Call for Quote,1.5 time exhange cost,Each,Each,Refurbished,Y,2.000000,Same Day,,,,
453561701021,Avante Health Solutions,PHILIPS,"CASTER, SWIVEL AND BRAKE ONLY CX50",Call for Quote,2.5 time exhange cost,Call for Quote,1.5 time exhange cost,Each,Each,Refurbished,Y,2.000000,Same Day,,,,
453561709632,Avante Health Solutions,PHILIPS,TGC PCB Assy Affiniti,Call for Quote,2.5 time exhange cost,Call for Quote,1.5 time exhange cost,Each,Each,Refurbished,Y,1.000000,Same Day,,,,
453561717001,Avante Health Solutions,PHILIPS,EPIQ POWER REGULATOR,Call for Quote,2.5 time exhange cost,Call for Quote,1.5 time exhange cost,Each,Each,Refurbished,Y,1.000000,Same Day,,,,
453561727321,Avante Health Solutions,PHILIPS,"Caster, Non-Brake Free Swivel",Call for Quote,2.5 time exhange cost,Call for Quote,1.5 time exhange cost,Each,Each,Refurbished,Y,3.000000,Same Day,,,,
453561736931,Avante Health Solutions,PHILIPS,"Cable Assy, AIO to Display, Signa",Call for Quote,2.5 time exhange cost,Call for Quote,1.5 time exhange cost,Each,Each,Refurbished,Y,2.000000,Same Day,,,,
453561742761,Avante Health Solutions,PHILIPS,Philips Clearvue PC,Call for Quote,2.5 time exhange cost,Call for Quote,1.5 time exhange cost,Each,Each,Refurbished,Y,1.000000,Same Day,,,,
453561752561,Avante Health Solutions,PHILIPS,"Philips EPIC PC w/Gasket, EPIQ 5/7, A.X, FRU",Call for Quote,2.5 time exhange cost,Call for Quote,1.5 time exhange cost,Each,Each,Refurbished,Y,5.000000,Same Day,,,,
453561656751,Avante Health Solutions,PHILIPS,"Sensor, Magnetic Epiq 7",Call for Quote,2.5 time exhange cost,Call for Quote,1.5 time exhange cost,Each,Each,Refurbished,Y,1.000000,Same Day,,,,
453561657741,Avante Health Solutions,PHILIPS,"Filter, System",Call for Quote,2.5 time exhange cost,Call for Quote,1.5 time exhange cost,Each,Each,Refurbished,Y,2.000000,Same Day,,,,
453561669791,Avante Health Solutions,PHILIPS,"SOLENOID STATOR,13V,0.5 STROKE",Call for Quote,2.5 time exhange cost,Call for Quote,1.5 time exhange cost,Each,Each,Refurbished,Y,2.000000,Same Day,,,,
453561670001,Avante Health Solutions,PHILIPS,"Cable Assy, Aux1 Extender",Call for Quote,2.5 time exhange cost,Call for Quote,1.5 time exhange cost,Each,Each,Refurbished,Y,1.000000,Same Day,,,,
453561672832,Avante Health Solutions,PHILIPS,"Cable Assy, MCM to CP TS, Video",Call for Quote,2.5 time exhange cost,Call for Quote,1.5 time exhange cost,Each,Each,Refurbished,Y,2.000000,Same Day,,,,
453561672872,Avante Health Solutions,PHILIPS,"Cable Assy, MCM to CP DVD, Signal",Call for Quote,2.5 time exhange cost,Call for Quote,1.5 time exhange cost,Each,Each,Refurbished,Y,2.000000,Same Day,,,,
453561698051,Avante Health Solutions,PHILIPS,"Philips Affiniti 70G Assy, Enclosure, Foot Rest",Call for Quote,2.5 time exhange cost,Call for Quote,1.5 time exhange cost,Each,Each,Refurbished,Y,12.000000,Same Day,,,,
453561698831,Avante Health Solutions,PHILIPS,DVD Drive Bezel,Call for Quote,2.5 time exhange cost,Call for Quote,1.5 time exhange cost,Each,Each,Refurbished,Y,1.000000,Same Day,,,,
453561714351,Avante Health Solutions,PHILIPS,"EPIQ 7, COMPUTER ASSEMBLY (ECA)",Call for Quote,2.5 time exhange cost,Call for Quote,1.5 time exhange cost,Each,Each,Refurbished,Y,1.000000,Same Day,,,,
453561717003,Avante Health Solutions,PHILIPS,EPIQ POWER REGULATOR,Call for Quote,2.5 time exhange cost,Call for Quote,1.5 time exhange cost,Each,Each,Refurbished,Y,1.000000,Same Day,,,,
453561769041,Avante Health Solutions,PHILIPS,ClearVue 650 Control Panel (For 3.0 SW and higher),Call for Quote,2.5 time exhange cost,Call for Quote,1.5 time exhange cost,Each,Each,Refurbished,Y,1.000000,Same Day,,,,
453561769352,Avante Health Solutions,PHILIPS,"Svc, EBOX Assy, HW B.X, CX30/CX50, FRU (SW 3.0 or higher)",Call for Quote,2.5 time exhange cost,Call for Quote,1.5 time exhange cost,Each,Each,Refurbished,Y,2.000000,Same Day,,,,
453561776431,Avante Health Solutions,PHILIPS,"Cable Assy, MB to CP TS, Video",Call for Quote,2.5 time exhange cost,Call for Quote,1.5 time exhange cost,Each,Each,Refurbished,Y,4.000000,Same Day,,,,
45356178078X,Avante Health Solutions,PHILIPS,Philips eL18-4  Linear Array Ultrasound Transducer NON-EMT,Call for Quote,2.5 time exhange cost,Call for Quote,1.5 time exhange cost,Each,Each,Refurbished,Y,1.000000,Same Day,,,,
453561790001,Avante Health Solutions,PHILIPS,453561790001,Call for Quote,2.5 time exhange cost,Call for Quote,1.5 time exhange cost,Each,Each,Refurbished,Y,1.000000,Same Day,,,,
453561792281,Avante Health Solutions,PHILIPS,"IE33, FRU, Display Touch PNL, LCD, CLR, 8",Call for Quote,2.5 time exhange cost,Call for Quote,1.5 time exhange cost,Each,Each,Refurbished,Y,1.000000,Same Day,,,,
453561801121,Avante Health Solutions,PHILIPS,"Kit, Artic Arm, Cover, Left, iU22/iE33",Call for Quote,2.5 time exhange cost,Call for Quote,1.5 time exhange cost,Each,Each,Refurbished,Y,1.000000,Same Day,,,,
453561845881,Avante Health Solutions,PHILIPS,"Gas Strut Assembly, Non-Actuation",Call for Quote,2.5 time exhange cost,Call for Quote,1.5 time exhange cost,Each,Each,Refurbished,Y,3.000000,Same Day,,,,
453561871051,Avante Health Solutions,PHILIPS,Channel Board (C-Cart),Call for Quote,2.5 time exhange cost,Call for Quote,1.5 time exhange cost,Each,Each,Refurbished,Y,4.000000,Same Day,,,,
453561884483,Avante Health Solutions,PHILIPS,Front Acquisition FRU (w/ CW),Call for Quote,2.5 time exhange cost,Call for Quote,1.5 time exhange cost,Each,Each,Refurbished,Y,1.000000,Same Day,,,,
453561911694,Avante Health Solutions,Philips,"ARTICULATION ARM KIT, COUNTERSUNK, ERGOTRON",Call for Quote,2.5 time exhange cost,Call for Quote,1.5 time exhange cost,Each,Each,Refurbished,Y,1.000000,Same Day,,,,
453561940504,Avante Health Solutions,PHILIPS,EPIQ POWER REG PCBA,Call for Quote,2.5 time exhange cost,Call for Quote,1.5 time exhange cost,Each,Each,Refurbished,Y,3.000000,Same Day,,,,
453561972731,Avante Health Solutions,PHILIPS,Philips EPIQ 5 IMB Computer Assembly,Call for Quote,2.5 time exhange cost,Call for Quote,1.5 time exhange cost,Each,Each,Refurbished,Y,2.000000,Same Day,,,,
453561798291,Avante Health Solutions,PHILIPS,Epiq7 PC,Call for Quote,2.5 time exhange cost,Call for Quote,1.5 time exhange cost,Each,Each,Refurbished,Y,1.000000,Same Day,,,,
453561800221,Avante Health Solutions,PHILIPS,Heat Sink Assy SPARQ,Call for Quote,2.5 time exhange cost,Call for Quote,1.5 time exhange cost,Each,Each,Refurbished,Y,4.000000,Same Day,,,,
453561817291,Avante Health Solutions,PHILIPS,"PCBA, AIO9",Call for Quote,2.5 time exhange cost,Call for Quote,1.5 time exhange cost,Each,Each,Refurbished,Y,1.000000,Same Day,,,,
453561874401,Avante Health Solutions,PHILIPS,"Kit, TGC Knobs, 8-pack",Call for Quote,2.5 time exhange cost,Call for Quote,1.5 time exhange cost,Each,Each,Refurbished,Y,2.000000,Same Day,,,,
453561881882,Avante Health Solutions,PHILIPS,"Affiniti 70 Grayhill Kit, TGC Knobs, GH",Call for Quote,2.5 time exhange cost,Call for Quote,1.5 time exhange cost,Each,Each,Refurbished,Y,1.000000,Same Day,,,,
453561927583,Avante Health Solutions,PHILIPS,Epiq5 Touch Panel,Call for Quote,2.5 time exhange cost,Call for Quote,1.5 time exhange cost,Each,Each,Refurbished,Y,1.000000,Same Day,,,,
453566129231,Avante Health Solutions,PHILIPS,FRONT COVER MICROWITCH,Call for Quote,2.5 time exhange cost,Call for Quote,1.5 time exhange cost,Each,Each,Refurbished,Y,1.000000,Same Day,,,,
453566130061,Avante Health Solutions,PHILIPS,VERTICAL FREQUENCY CONV.ST.REL,Call for Quote,2.5 time exhange cost,Call for Quote,1.5 time exhange cost,Each,Each,Refurbished,Y,1.000000,Same Day,,,,
453566147251,Avante Health Solutions,Philips,Push/Pull Switch,Call for Quote,2.5 time exhange cost,Call for Quote,1.5 time exhange cost,Each,Each,Refurbished,Y,1.000000,Same Day,,,,
453566148311,Avante Health Solutions,Philips,Limit Switch Vertical Up and Down,Call for Quote,2.5 time exhange cost,Call for Quote,1.5 time exhange cost,Each,Each,Refurbished,Y,2.000000,Same Day,,,,
453566441681,Avante Health Solutions,PHILIPS,DS MODULE TYPE B SP,Call for Quote,2.5 time exhange cost,Call for Quote,1.5 time exhange cost,Each,Each,Refurbished,Y,4.000000,Same Day,,,,
453566460121,Avante Health Solutions,PHILIPS,"Audio Bd Assy, Gantry",Call for Quote,2.5 time exhange cost,Call for Quote,1.5 time exhange cost,Each,Each,Refurbished,Y,1.000000,Same Day,,,,
459801189181,Avante Health Solutions,Philips,Control Module Tilt CR,Call for Quote,2.5 time exhange cost,Call for Quote,1.5 time exhange cost,Each,Each,Refurbished,Y,1.000000,Same Day,,,,
459801190762,Avante Health Solutions,,ICRON USB RG2302 LOCAL EXT MODULE (LEX)-,Call for Quote,2.5 time exhange cost,Call for Quote,1.5 time exhange cost,Each,Each,Refurbished,Y,2.000000,Same Day,,,,
459801203381,Avante Health Solutions,Philips,SIBBOX UNIT (LX2),Call for Quote,2.5 time exhange cost,Call for Quote,1.5 time exhange cost,Each,Each,Refurbished,Y,1.000000,Same Day,,,,
459801208602,Avante Health Solutions,Philips,Host PC,Call for Quote,2.5 time exhange cost,Call for Quote,1.5 time exhange cost,Each,Each,Refurbished,Y,1.000000,Same Day,,,,
459801731761,Avante Health Solutions,,IBOX2 USB Extender Kit,Call for Quote,2.5 time exhange cost,Call for Quote,1.5 time exhange cost,Each,Each,Refurbished,Y,1.000000,Same Day,,,,
46-170042P26,Avante Health Solutions,,Fuse Holder,Call for Quote,2.5 time exhange cost,Call for Quote,1.5 time exhange cost,Each,Each,Refurbished,Y,1.000000,Same Day,,,,
46-243494P1,Avante Health Solutions,,PDM Wheel,Call for Quote,2.5 time exhange cost,Call for Quote,1.5 time exhange cost,Each,Each,Refurbished,Y,19.000000,Same Day,,,,
46-264370G1,Avante Health Solutions,GE,Cradle Amp,Call for Quote,2.5 time exhange cost,Call for Quote,1.5 time exhange cost,Each,Each,Refurbished,Y,1.000000,Same Day,,,,
4682613,Avante Health Solutions,Siemens,Power Supply 200W,Call for Quote,2.5 time exhange cost,Call for Quote,1.5 time exhange cost,Each,Each,Refurbished,Y,11.000000,Same Day,,,,
4695409,Avante Health Solutions,SIEMENS,NOISE FILTER 10A 250V SIFI-B,Call for Quote,2.5 time exhange cost,Call for Quote,1.5 time exhange cost,Each,Each,Refurbished,Y,9.000000,Same Day,,,,
4763228,Avante Health Solutions,Siemens,Horiz. Motor FInal Stage A512,Call for Quote,2.5 time exhange cost,Call for Quote,1.5 time exhange cost,Each,Each,Refurbished,Y,1.000000,Same Day,,,,
4777178-N,Avante Health Solutions,Siemens,Control Module Cable,Call for Quote,2.5 time exhange cost,Call for Quote,1.5 time exhange cost,Each,Each,New OEM Original,Y,15.000000,Same Day,,,,
453561182933,Avante Health Solutions,PHILIPS,"Front End, HD15",Call for Quote,2.5 time exhange cost,Call for Quote,1.5 time exhange cost,Each,Each,Refurbished,Y,3.000000,Same Day,,,,
453561194871,Avante Health Solutions,PHILIPS,HD11 Non-Imaging Doppler Connector Assy,Call for Quote,2.5 time exhange cost,Call for Quote,1.5 time exhange cost,Each,Each,Refurbished,Y,2.000000,Same Day,,,,
453561197306,Avante Health Solutions,PHILIPS,"Analog Interface Module, HD15",Call for Quote,2.5 time exhange cost,Call for Quote,1.5 time exhange cost,Each,Each,Refurbished,Y,1.000000,Same Day,,,,
453561210236,Avante Health Solutions,PHILIPS,IU/IE NAIM (ABC Cart),Call for Quote,2.5 time exhange cost,Call for Quote,1.5 time exhange cost,Each,Each,Refurbished,Y,2.000000,Same Day,,,,
453561210441,Avante Health Solutions,PHILIPS,"HD11, Soft Key Panel Eclipse",Call for Quote,2.5 time exhange cost,Call for Quote,1.5 time exhange cost,Each,Each,Refurbished,Y,5.000000,Same Day,,,,
453561228291,Avante Health Solutions,Philips,"20"" LCD Monitor",Call for Quote,2.5 time exhange cost,Call for Quote,1.5 time exhange cost,Each,Each,Refurbished,Y,1.000000,Same Day,,,,
453561235081,Avante Health Solutions,PHILIPS,"Cable Assembly, Power 1.5ML 10A",Call for Quote,2.5 time exhange cost,Call for Quote,1.5 time exhange cost,Each,Each,Refurbished,Y,4.000000,Same Day,,,,
453561235651,Avante Health Solutions,PHILIPS,"APIO, Envisor",Call for Quote,2.5 time exhange cost,Call for Quote,1.5 time exhange cost,Each,Each,Refurbished,Y,1.000000,Same Day,,,,
453561258701,Avante Health Solutions,PHILIPS,"Enclosure, Side Cover, Rear, Left",Call for Quote,2.5 time exhange cost,Call for Quote,1.5 time exhange cost,Each,Each,Refurbished,Y,1.000000,Same Day,,,,
453561278213,Avante Health Solutions,PHILIPS,IU/IE Unified AVIO PCB,Call for Quote,2.5 time exhange cost,Call for Quote,1.5 time exhange cost,Each,Each,Refurbished,Y,2.000000,Same Day,,,,
453561278266,Avante Health Solutions,PHILIPS,IU/IE FEC (ABCDEFGR Cart),Call for Quote,2.5 time exhange cost,Call for Quote,1.5 time exhange cost,Each,Each,Refurbished,Y,1.000000,Same Day,,,,
453561278501,Avante Health Solutions,PHILIPS,IU22 Keyboard,Call for Quote,2.5 time exhange cost,Call for Quote,1.5 time exhange cost,Each,Each,Refurbished,Y,1.000000,Same Day,,,,
453566460131,Avante Health Solutions,,MAIN DRIVE PROCESSOR ASSY,Call for Quote,2.5 time exhange cost,Call for Quote,1.5 time exhange cost,Each,Each,Refurbished,Y,2.000000,Same Day,,,,
453566460201,Avante Health Solutions,Philips,Couch Power Bd.,Call for Quote,2.5 time exhange cost,Call for Quote,1.5 time exhange cost,Each,Each,Refurbished,Y,7.000000,Same Day,,,,
453566489201,Avante Health Solutions,Philips,"CATHODE POWER MODULE, CPM ASSY",Call for Quote,2.5 time exhange cost,Call for Quote,1.5 time exhange cost,Each,Each,Refurbished,Y,1.000000,Same Day,,,,
453566489521,Avante Health Solutions,Philips,Horizontal Drive Motor,Call for Quote,2.5 time exhange cost,Call for Quote,1.5 time exhange cost,Each,Each,Refurbished,Y,2.000000,Same Day,,,,
453566494911,Avante Health Solutions,Philips,Can PCI Card (ESD) from Dell Host,Call for Quote,2.5 time exhange cost,Call for Quote,1.5 time exhange cost,Each,Each,Refurbished,Y,1.000000,Same Day,,,,
453566495113,Avante Health Solutions,Philips,Vertical Motor Assy.,Call for Quote,2.5 time exhange cost,Call for Quote,1.5 time exhange cost,Each,Each,Refurbished,Y,11.000000,Same Day,,,,
453566499052,Avante Health Solutions,Philips,Vicor Flatpac Power Supply Dual Output 400W 24V 100W 24V,Call for Quote,2.5 time exhange cost,Call for Quote,1.5 time exhange cost,Each,Each,Refurbished,Y,2.000000,Same Day,,,,
453566499351,Avante Health Solutions,,Set of Carbon Brushes - Control data,Call for Quote,2.5 time exhange cost,Call for Quote,1.5 time exhange cost,Each,Each,Refurbished,Y,1.000000,Same Day,,,,
453566500541,Avante Health Solutions,Siemens,RCOM Assy,Call for Quote,2.5 time exhange cost,Call for Quote,1.5 time exhange cost,Each,Each,Refurbished,Y,1.000000,Same Day,,,,
453566500901,Avante Health Solutions,Philips,Encoder Positional Posititional Encoder,Call for Quote,2.5 time exhange cost,Call for Quote,1.5 time exhange cost,Each,Each,Refurbished,Y,6.000000,Same Day,,,,
453566502001,Avante Health Solutions,Philips,"RESOLVER, PRIMARY AND SECONDARY",Call for Quote,2.5 time exhange cost,Call for Quote,1.5 time exhange cost,Each,Each,Refurbished,Y,1.000000,Same Day,,,,
453566502751,Avante Health Solutions,Philips,Dual Tilt Drive Interface Bd.,Call for Quote,2.5 time exhange cost,Call for Quote,1.5 time exhange cost,Each,Each,Refurbished,Y,3.000000,Same Day,,,,
453561977784,Avante Health Solutions,PHILIPS,EPIQ 7C PC,Call for Quote,2.5 time exhange cost,Call for Quote,1.5 time exhange cost,Each,Each,Refurbished,Y,2.000000,Same Day,,,,
453561983211,Avante Health Solutions,PHILIPS,Philips EPIQ PC,Call for Quote,2.5 time exhange cost,Call for Quote,1.5 time exhange cost,Each,Each,Refurbished,Y,1.000000,Same Day,,,,
453562010641,Avante Health Solutions,PHILIPS,"Acquisition Module, Epiq, HWB - (CB 4 Tesla) (C Cart HWB/HWC)",Call for Quote,2.5 time exhange cost,Call for Quote,1.5 time exhange cost,Each,Each,Refurbished,Y,1.000000,Same Day,,,,
453562056021-N,Avante Health Solutions,PHILIPS,EPIQ Acquisition Module (Rev B & C),Call for Quote,2.5 time exhange cost,Call for Quote,1.5 time exhange cost,Each,Each,New OEM Original,Y,1.000000,Same Day,,,,
453563470981,Avante Health Solutions,PHILIPS,"Cable Assy, Mechlok (HD11)",Call for Quote,2.5 time exhange cost,Call for Quote,1.5 time exhange cost,Each,Each,Refurbished,Y,1.000000,Same Day,,,,
453564460201,Avante Health Solutions,Philips,COUCH POWER BOARD ASSY,Call for Quote,2.5 time exhange cost,Call for Quote,1.5 time exhange cost,Each,Each,Refurbished,Y,1.000000,Same Day,,,,
453566014793,Avante Health Solutions,PHILIPS,P-Plane Motor,Call for Quote,2.5 time exhange cost,Call for Quote,1.5 time exhange cost,Each,Each,Refurbished,Y,1.000000,Same Day,,,,
453566129992,Avante Health Solutions,PHILIPS,Rotation Frequency Converter,Call for Quote,2.5 time exhange cost,Call for Quote,1.5 time exhange cost,Each,Each,Refurbished,Y,1.000000,Same Day,,,,
453566489551,Avante Health Solutions,Philips,Table Horizontal Limit Switch,Call for Quote,2.5 time exhange cost,Call for Quote,1.5 time exhange cost,Each,Each,Refurbished,Y,1.000000,Same Day,,,,
453566492511,Avante Health Solutions,PHILPS CT,AXIAL FAN,Call for Quote,2.5 time exhange cost,Call for Quote,1.5 time exhange cost,Each,Each,Refurbished,Y,3.000000,Same Day,,,,
453566495401,Avante Health Solutions,,Philips Ingenuity DMS FAN,Call for Quote,2.5 time exhange cost,Call for Quote,1.5 time exhange cost,Each,Each,Refurbished,Y,3.000000,Same Day,,,,
453566497171,Avante Health Solutions,Philips,A-PLANE COLLIMATOR STARGATE L,Call for Quote,2.5 time exhange cost,Call for Quote,1.5 time exhange cost,Each,Each,Refurbished,Y,1.000000,Same Day,,,,
4820960,Avante Health Solutions,Siemens,Adjustment Drive,Call for Quote,2.5 time exhange cost,Call for Quote,1.5 time exhange cost,Each,Each,Refurbished,Y,5.000000,Same Day,,,,
500GB SATA LAPTOP HDD,Avante Health Solutions,MULTIPLE,500GB SATA LAPTOP HDD (Hard Disk Drive),Call for Quote,2.5 time exhange cost,Call for Quote,1.5 time exhange cost,Each,Each,Refurbished,Y,2.000000,Same Day,,,,
51114272,Avante Health Solutions,GE,TGPU Power Supply,Call for Quote,2.5 time exhange cost,Call for Quote,1.5 time exhange cost,Each,Each,Refurbished,Y,3.000000,Same Day,,,,
5112542-2,Avante Health Solutions,GE,"TGPU Power Supply, 5V -12V 24V",Call for Quote,2.5 time exhange cost,Call for Quote,1.5 time exhange cost,Each,Each,Refurbished,Y,1.000000,Same Day,,,,
5113450CLASS2,Avante Health Solutions,GE,Detector Module Class 2 Sherlock Detector,Call for Quote,2.5 time exhange cost,Call for Quote,1.5 time exhange cost,Each,Each,Refurbished,Y,16.000000,Same Day,,,,
5115497,Avante Health Solutions,GE,Coolix 4000 Tube Chiller,Call for Quote,2.5 time exhange cost,Call for Quote,1.5 time exhange cost,Each,Each,Refurbished,Y,2.000000,Same Day,,,,
511549713,Avante Health Solutions,GE,Coolix 4000 Tube Chiller,Call for Quote,2.5 time exhange cost,Call for Quote,1.5 time exhange cost,Each,Each,Refurbished,Y,1.000000,Same Day,,,,
5116570,Avante Health Solutions,GE,GTTS Board Assy Positioning GT,Call for Quote,2.5 time exhange cost,Call for Quote,1.5 time exhange cost,Each,Each,Refurbished,Y,3.000000,Same Day,,,,
5116634-2,Avante Health Solutions,GE,"Cover, HDCT Gantry Base, RH Side, Pressure Formed",Call for Quote,2.5 time exhange cost,Call for Quote,1.5 time exhange cost,Each,Each,Refurbished,Y,1.000000,Same Day,,,,
5116657,Avante Health Solutions,GE,SCSI Tower,Call for Quote,2.5 time exhange cost,Call for Quote,1.5 time exhange cost,Each,Each,Refurbished,Y,1.000000,Same Day,,,,
5116855,Avante Health Solutions,GE,BACKPLANE POS H1G,Call for Quote,2.5 time exhange cost,Call for Quote,1.5 time exhange cost,Each,Each,Refurbished,Y,2.000000,Same Day,,,,
511756419,Avante Health Solutions,GE,PPC KV Control V3 Bd.,Call for Quote,2.5 time exhange cost,Call for Quote,1.5 time exhange cost,Each,Each,Refurbished,Y,1.000000,Same Day,,,,
453561304081,Avante Health Solutions,PHILIPS,"HD11, Rear I/O (DVI Output)",Call for Quote,2.5 time exhange cost,Call for Quote,1.5 time exhange cost,Each,Each,Refurbished,Y,1.000000,Same Day,,,,
453561323205,Avante Health Solutions,PHILIPS,"Rear Video I/O, HD15",Call for Quote,2.5 time exhange cost,Call for Quote,1.5 time exhange cost,Each,Each,Refurbished,Y,1.000000,Same Day,,,,
453561336321,Avante Health Solutions,PHILIPS,IU/IE DVD Drive,Call for Quote,2.5 time exhange cost,Call for Quote,1.5 time exhange cost,Each,Each,Refurbished,Y,7.000000,Same Day,,,,
453561337842,Avante Health Solutions,PHILIPS,"IE33, Control Panel Connector",Call for Quote,2.5 time exhange cost,Call for Quote,1.5 time exhange cost,Each,Each,Refurbished,Y,5.000000,Same Day,,,,
453561338091,Avante Health Solutions,PHILIPS,IU/IE Power Supply Assembly (EFGR Cart),Call for Quote,2.5 time exhange cost,Call for Quote,1.5 time exhange cost,Each,Each,Refurbished,Y,1.000000,Same Day,,,,
453561339181,Avante Health Solutions,PHILIPS,IU22 Articulation Arm Display,Call for Quote,2.5 time exhange cost,Call for Quote,1.5 time exhange cost,Each,Each,Refurbished,Y,4.000000,Same Day,,,,
453561364342,Avante Health Solutions,PHILIPS,"Keyboard,Qwerty,Morpheus",Call for Quote,2.5 time exhange cost,Call for Quote,1.5 time exhange cost,Each,Each,Refurbished,Y,1.000000,Same Day,,,,
453561364362,Avante Health Solutions,PHILIPS,"Knobs, Slide Pot",Call for Quote,2.5 time exhange cost,Call for Quote,1.5 time exhange cost,Each,Each,Refurbished,Y,19.000000,Same Day,,,,
453561382303,Avante Health Solutions,PHILIPS,"IU/IE 20"" LCD (CDEFGR Cart)",Call for Quote,2.5 time exhange cost,Call for Quote,1.5 time exhange cost,Each,Each,Refurbished,Y,1.000000,Same Day,,,,
453561433346,Avante Health Solutions,PHILIPS,"SPARQ, Power Module Assy",Call for Quote,2.5 time exhange cost,Call for Quote,1.5 time exhange cost,Each,Each,Refurbished,Y,1.000000,Same Day,,,,
453561435767,Avante Health Solutions,PHILIPS,Power Module Epiq/Affiniti,Call for Quote,2.5 time exhange cost,Call for Quote,1.5 time exhange cost,Each,Each,Refurbished,Y,2.000000,Same Day,,,,
453561438661,Avante Health Solutions,PHILIPS,"Cable Assy, MB-AVIO IU/IE AB Cart",Call for Quote,2.5 time exhange cost,Call for Quote,1.5 time exhange cost,Each,Each,Refurbished,Y,1.000000,Same Day,,,,
453561278505,Avante Health Solutions,PHILIPS,IU22 Keyboard,Call for Quote,2.5 time exhange cost,Call for Quote,1.5 time exhange cost,Each,Each,Refurbished,Y,2.000000,Same Day,,,,
453561284573,Avante Health Solutions,PHILIPS,IU/IE Front End Controller (FEC) Assy.,Call for Quote,2.5 time exhange cost,Call for Quote,1.5 time exhange cost,Each,Each,Refurbished,Y,1.000000,Same Day,,,,
453561286061,Avante Health Solutions,PHILIPS,IU/IE Rear Casters (A/B/C Carts),Call for Quote,2.5 time exhange cost,Call for Quote,1.5 time exhange cost,Each,Each,Refurbished,Y,1.000000,Same Day,,,,
453561294051,Avante Health Solutions,PHILIPS,"IU/IE 20"" LCD (CDEFGR Cart)",Call for Quote,2.5 time exhange cost,Call for Quote,1.5 time exhange cost,Each,Each,Refurbished,Y,1.000000,Same Day,,,,
453561294722,Avante Health Solutions,PHILIPS,"CABLE ASSY, USB-A TO MOLEX, CPM-KB, IU22",Call for Quote,2.5 time exhange cost,Call for Quote,1.5 time exhange cost,Each,Each,Refurbished,Y,3.000000,Same Day,,,,
453561317791,Avante Health Solutions,PHILIPS,Fan Assy SPARQ,Call for Quote,2.5 time exhange cost,Call for Quote,1.5 time exhange cost,Each,Each,Refurbished,Y,1.000000,Same Day,,,,
453561326541,Avante Health Solutions,PHILIPS,IU22 Control Panel Assembly Service,Call for Quote,2.5 time exhange cost,Call for Quote,1.5 time exhange cost,Each,Each,Refurbished,Y,1.000000,Same Day,,,,
453561336931,Avante Health Solutions,PHILIPS,Cooling Fan 12V,Call for Quote,2.5 time exhange cost,Call for Quote,1.5 time exhange cost,Each,Each,Refurbished,Y,1.000000,Same Day,,,,
453561338092,Avante Health Solutions,PHILIPS,IU/IE Power Supply Assembly (EFGR Cart),Call for Quote,2.5 time exhange cost,Call for Quote,1.5 time exhange cost,Each,Each,Refurbished,Y,1.000000,Same Day,,,,
453561338094,Avante Health Solutions,PHILIPS,IU/IE Power Supply Assembly (EFGR Cart),Call for Quote,2.5 time exhange cost,Call for Quote,1.5 time exhange cost,Each,Each,Refurbished,Y,2.000000,Same Day,,,,
453561403541,Avante Health Solutions,PHILIPS,"PCA,PCI-E VIDEO,9800GT,512MB,1-SLT,PNY",Call for Quote,2.5 time exhange cost,Call for Quote,1.5 time exhange cost,Each,Each,Refurbished,Y,2.000000,Same Day,,,,
453566501121,Avante Health Solutions,Philips,SGL Module A Assembly,Call for Quote,2.5 time exhange cost,Call for Quote,1.5 time exhange cost,Each,Each,Refurbished,Y,34.000000,Same Day,,,,
453566501741-N,Avante Health Solutions,,"LPJ-20SP, 600V, 20A Fuse",Call for Quote,2.5 time exhange cost,Call for Quote,1.5 time exhange cost,Each,Each,New OEM Original,Y,2.000000,Same Day,,,,
453566502011,Avante Health Solutions,PHILIPS,GANTRY DISPLAY,Call for Quote,2.5 time exhange cost,Call for Quote,1.5 time exhange cost,Each,Each,Refurbished,Y,1.000000,Same Day,,,,
453566503541,Avante Health Solutions,Philips,Fuse Assembly,Call for Quote,2.5 time exhange cost,Call for Quote,1.5 time exhange cost,Each,Each,Refurbished,Y,1.000000,Same Day,,,,
453567006931,Avante Health Solutions,Philips,3DBP Power,Call for Quote,2.5 time exhange cost,Call for Quote,1.5 time exhange cost,Each,Each,Refurbished,Y,1.000000,Same Day,,,,
453567010301,Avante Health Solutions,Philips,Gantry Motion Power Board,Call for Quote,2.5 time exhange cost,Call for Quote,1.5 time exhange cost,Each,Each,Refurbished,Y,3.000000,Same Day,,,,
453567018131,Avante Health Solutions,Philips,Left Gantry Table Control Panel,Call for Quote,2.5 time exhange cost,Call for Quote,1.5 time exhange cost,Each,Each,Refurbished,Y,2.000000,Same Day,,,,
453567018141,Avante Health Solutions,Philips,Right Gantry Table Control Panel,Call for Quote,2.5 time exhange cost,Call for Quote,1.5 time exhange cost,Each,Each,Refurbished,Y,3.000000,Same Day,,,,
453567018142,Avante Health Solutions,Philips,Gantry Left-Hand Rear Control Panel,Call for Quote,2.5 time exhange cost,Call for Quote,1.5 time exhange cost,Each,Each,Refurbished,Y,3.000000,Same Day,,,,
453567019111,Avante Health Solutions,Philips,Right hand Operator Panel & Display Assy,Call for Quote,2.5 time exhange cost,Call for Quote,1.5 time exhange cost,Each,Each,Refurbished,Y,1.000000,Same Day,,,,
453567021001,Avante Health Solutions,Philips,Eye Phantom,Call for Quote,2.5 time exhange cost,Call for Quote,1.5 time exhange cost,Each,Each,Refurbished,Y,6.000000,Same Day,,,,
453567023581,Avante Health Solutions,GE,MHOST PCB ASSEMBLY,Call for Quote,2.5 time exhange cost,Call for Quote,1.5 time exhange cost,Each,Each,Refurbished,Y,3.000000,Same Day,,,,
453567011191,Avante Health Solutions,Philips,4 Ch. Gantry Audio Board,Call for Quote,2.5 time exhange cost,Call for Quote,1.5 time exhange cost,Each,Each,Refurbished,Y,1.000000,Same Day,,,,
453567011213,Avante Health Solutions,,4 CH Gantry Audio,Call for Quote,2.5 time exhange cost,Call for Quote,1.5 time exhange cost,Each,Each,Refurbished,Y,1.000000,Same Day,,,,
453567011215,Avante Health Solutions,Philips,4 Ch. Gantry Audio Board RoHS,Call for Quote,2.5 time exhange cost,Call for Quote,1.5 time exhange cost,Each,Each,Refurbished,Y,4.000000,Same Day,,,,
453567014371,Avante Health Solutions,Philips,RESISTOR ASSEMBLY,Call for Quote,2.5 time exhange cost,Call for Quote,1.5 time exhange cost,Each,Each,Refurbished,Y,2.000000,Same Day,,,,
453567018132,Avante Health Solutions,Philips,Gantry Right-Hand Rear Control Panel,Call for Quote,2.5 time exhange cost,Call for Quote,1.5 time exhange cost,Each,Each,Refurbished,Y,4.000000,Same Day,,,,
453567019581,Avante Health Solutions,Philips,Power Fuse Assy,Call for Quote,2.5 time exhange cost,Call for Quote,1.5 time exhange cost,Each,Each,Refurbished,Y,5.000000,Same Day,,,,
453567027194,Avante Health Solutions,Philips,"CT Box Assy, RAFI/Tilted (RoHS)",Call for Quote,2.5 time exhange cost,Call for Quote,1.5 time exhange cost,Each,Each,Refurbished,Y,2.000000,Same Day,,,,
453567038002,Avante Health Solutions,,Tape Switch Transition Board,Call for Quote,2.5 time exhange cost,Call for Quote,1.5 time exhange cost,Each,Each,Refurbished,Y,1.000000,Same Day,,,,
453567046401,Avante Health Solutions,Philips,Harness RX Fiber 4 cable,Call for Quote,2.5 time exhange cost,Call for Quote,1.5 time exhange cost,Each,Each,Refurbished,Y,3.000000,Same Day,,,,
453567069731,Avante Health Solutions,Philips,Right side control panel and display,Call for Quote,2.5 time exhange cost,Call for Quote,1.5 time exhange cost,Each,Each,Refurbished,Y,1.000000,Same Day,,,,
453567069982,Avante Health Solutions,Philips,AC Control Unit / ACCU Assy PCB,Call for Quote,2.5 time exhange cost,Call for Quote,1.5 time exhange cost,Each,Each,Refurbished,Y,9.000000,Same Day,,,,
453567084502,Avante Health Solutions,Philips,Common Gantry Motion Processor Ass.,Call for Quote,2.5 time exhange cost,Call for Quote,1.5 time exhange cost,Each,Each,Refurbished,Y,2.000000,Same Day,,,,
5117866-51,Avante Health Solutions,GE,"Host Computer, CTPET XW8200 With FX1",Call for Quote,2.5 time exhange cost,Call for Quote,1.5 time exhange cost,Each,Each,Refurbished,Y,1.000000,Same Day,,,,
51205202,Avante Health Solutions,GE,Stepper controller,Call for Quote,2.5 time exhange cost,Call for Quote,1.5 time exhange cost,Each,Each,Refurbished,Y,1.000000,Same Day,,,,
5120581,Avante Health Solutions,GE,TS_IMS_REAR Positioning GT,Call for Quote,2.5 time exhange cost,Call for Quote,1.5 time exhange cost,Each,Each,Refurbished,Y,1.000000,Same Day,,,,
5120636,Avante Health Solutions,GE,Harness - TGP J8 to Slipring J7 - EMC Edition 2,Call for Quote,2.5 time exhange cost,Call for Quote,1.5 time exhange cost,Each,Each,Refurbished,Y,1.000000,Same Day,,,,
5122696-5,Avante Health Solutions,,Tilt encoder with harness,Call for Quote,2.5 time exhange cost,Call for Quote,1.5 time exhange cost,Each,Each,Refurbished,Y,1.000000,Same Day,,,,
5124146,Avante Health Solutions,GE,Heater,Call for Quote,2.5 time exhange cost,Call for Quote,1.5 time exhange cost,Each,Each,Refurbished,Y,1.000000,Same Day,,,,
5126615,Avante Health Solutions,GE,Astec Digital Power Supply Assy,Call for Quote,2.5 time exhange cost,Call for Quote,1.5 time exhange cost,Each,Each,Refurbished,Y,5.000000,Same Day,,,,
5127255,Avante Health Solutions,,GRID FRAME,Call for Quote,2.5 time exhange cost,Call for Quote,1.5 time exhange cost,Each,Each,Refurbished,Y,1.000000,Same Day,,,,
5127384,Avante Health Solutions,GE,Cosel VCT Table Power Supply,Call for Quote,2.5 time exhange cost,Call for Quote,1.5 time exhange cost,Each,Each,Refurbished,Y,3.000000,Same Day,,,,
5127493-2,Avante Health Solutions,GE,Cradle Drive Assy,Call for Quote,2.5 time exhange cost,Call for Quote,1.5 time exhange cost,Each,Each,Refurbished,Y,2.000000,Same Day,,,,
5127774,Avante Health Solutions,GE,Elevation Potentiometer Assy,Call for Quote,2.5 time exhange cost,Call for Quote,1.5 time exhange cost,Each,Each,Refurbished,Y,2.000000,Same Day,,,,
5127984,Avante Health Solutions,GE,21cm Digital Detector,Call for Quote,2.5 time exhange cost,Call for Quote,1.5 time exhange cost,Each,Each,Refurbished,Y,5.000000,Same Day,,,,
453561406271,Avante Health Solutions,PHILIPS,IU/IE Power Supply Assembly (BCD Cart),Call for Quote,2.5 time exhange cost,Call for Quote,1.5 time exhange cost,Each,Each,Refurbished,Y,1.000000,Same Day,,,,
453561432383,Avante Health Solutions,PHILIPS,"PCBA, ECG Extender",Call for Quote,2.5 time exhange cost,Call for Quote,1.5 time exhange cost,Each,Each,Refurbished,Y,1.000000,Same Day,,,,
453561435764,Avante Health Solutions,PHILIPS,Power Module Epiq/Affiniti,Call for Quote,2.5 time exhange cost,Call for Quote,1.5 time exhange cost,Each,Each,Refurbished,Y,2.000000,Same Day,,,,
453561440701,Avante Health Solutions,PHILIPS,DVD Cable,Call for Quote,2.5 time exhange cost,Call for Quote,1.5 time exhange cost,Each,Each,Refurbished,Y,1.000000,Same Day,,,,
453561449072,Avante Health Solutions,PHILIPS,"IU/IE 20"" LCD (CDEFGR Cart)",Call for Quote,2.5 time exhange cost,Call for Quote,1.5 time exhange cost,Each,Each,Refurbished,Y,2.000000,Same Day,,,,
453561454392,Avante Health Solutions,PHILIPS,IU/IE NAIM (DEFGR Cart),Call for Quote,2.5 time exhange cost,Call for Quote,1.5 time exhange cost,Each,Each,Refurbished,Y,8.000000,Same Day,,,,
453561468254,Avante Health Solutions,PHILIPS,"COM Express Assembly, Sparq",Call for Quote,2.5 time exhange cost,Call for Quote,1.5 time exhange cost,Each,Each,Refurbished,Y,1.000000,Same Day,,,,
453561499154,Avante Health Solutions,PHILIPS,Brake Assy Ultra Dark Gray,Call for Quote,2.5 time exhange cost,Call for Quote,1.5 time exhange cost,Each,Each,Refurbished,Y,1.000000,Same Day,,,,
453561617951,Avante Health Solutions,PHILIPS,"IE33, Cable Assy, FEC to DSC and UAVIO, Segment 2",Call for Quote,2.5 time exhange cost,Call for Quote,1.5 time exhange cost,Each,Each,Refurbished,Y,2.000000,Same Day,,,,
453561632691,Avante Health Solutions,PHILIPS,"SPARQ, DVD Drive",Call for Quote,2.5 time exhange cost,Call for Quote,1.5 time exhange cost,Each,Each,Refurbished,Y,1.000000,Same Day,,,,
45356163660X,Avante Health Solutions,PHILIPS,"Philips S4-2 COMPACT Ultrasound Transducer (CX30,SPARQ, AFFINITI 50/70)",Call for Quote,2.5 time exhange cost,Call for Quote,1.5 time exhange cost,Each,Each,Refurbished,Y,1.000000,Same Day,,,,
5129683,Avante Health Solutions,GE,ITU INTERFACE BOARD,Call for Quote,2.5 time exhange cost,Call for Quote,1.5 time exhange cost,Each,Each,Refurbished,Y,7.000000,Same Day,,,,
5130200,Avante Health Solutions,GE,VCT DCB PWA,Call for Quote,2.5 time exhange cost,Call for Quote,1.5 time exhange cost,Each,Each,Refurbished,Y,1.000000,Same Day,,,,
5130202,Avante Health Solutions,GE,VCT Low Channel Backplane PWA,Call for Quote,2.5 time exhange cost,Call for Quote,1.5 time exhange cost,Each,Each,Refurbished,Y,1.000000,Same Day,,,,
5134571,Avante Health Solutions,GE,ANTENNA COVER,Call for Quote,2.5 time exhange cost,Call for Quote,1.5 time exhange cost,Each,Each,Refurbished,Y,4.000000,Same Day,,,,
51345776,Avante Health Solutions,GE,MOTOR CONTROL BOARD,Call for Quote,2.5 time exhange cost,Call for Quote,1.5 time exhange cost,Each,Each,Refurbished,Y,5.000000,Same Day,,,,
5134585007,Avante Health Solutions,GE,MOTOR CONTROL BOARD,Call for Quote,2.5 time exhange cost,Call for Quote,1.5 time exhange cost,Each,Each,Refurbished,Y,2.000000,Same Day,,,,
5134657,Avante Health Solutions,GE,Positioner Interface Board,Call for Quote,2.5 time exhange cost,Call for Quote,1.5 time exhange cost,Each,Each,Refurbished,Y,1.000000,Same Day,,,,
5134665,Avante Health Solutions,GE,TS Mide Side L Assy,Call for Quote,2.5 time exhange cost,Call for Quote,1.5 time exhange cost,Each,Each,Refurbished,Y,1.000000,Same Day,,,,
51354774,Avante Health Solutions,GE,MOTOR CONTROL BOARD,Call for Quote,2.5 time exhange cost,Call for Quote,1.5 time exhange cost,Each,Each,Refurbished,Y,1.000000,Same Day,,,,
5136400 CLASS 5,Avante Health Solutions,GE,VCT Sherlock Detector Module Class 5,Call for Quote,2.5 time exhange cost,Call for Quote,1.5 time exhange cost,Each,Each,Refurbished,Y,4.000000,Same Day,,,,
5136400-4,Avante Health Solutions,GE,VCT Sherlock Detector Module Class 3,Call for Quote,2.5 time exhange cost,Call for Quote,1.5 time exhange cost,Each,Each,Refurbished,Y,7.000000,Same Day,,,,
5140001-4,Avante Health Solutions,GE,Helios 4 Collimator,Call for Quote,2.5 time exhange cost,Call for Quote,1.5 time exhange cost,Each,Each,Refurbished,Y,2.000000,Same Day,,,,
453561641832,Avante Health Solutions,PHILIPS,EPIQ Fan Assy,Call for Quote,2.5 time exhange cost,Call for Quote,1.5 time exhange cost,Each,Each,Refurbished,Y,6.000000,Same Day,,,,
453561646332-N,Avante Health Solutions,PHILIPS,"PCBA, Rear I/O",Call for Quote,2.5 time exhange cost,Call for Quote,1.5 time exhange cost,Each,Each,New OEM Original,Y,3.000000,Same Day,,,,
453561650464,Avante Health Solutions,PHILIPS,Front Acquisition FRU (w/ CW),Call for Quote,2.5 time exhange cost,Call for Quote,1.5 time exhange cost,Each,Each,Refurbished,Y,1.000000,Same Day,,,,
45356165258X,Avante Health Solutions,PHILIPS,PHILIPS L12-4 COMPACT Transducer (CX30 AND SPARQ ONLY),Call for Quote,2.5 time exhange cost,Call for Quote,1.5 time exhange cost,Each,Each,Refurbished,Y,3.000000,Same Day,,,,
453561653051,Avante Health Solutions,PHILIPS,"CASTER, SWIVEL AND TOTAL LOCK CX50",Call for Quote,2.5 time exhange cost,Call for Quote,1.5 time exhange cost,Each,Each,Refurbished,Y,2.000000,Same Day,,,,
453561656232,Avante Health Solutions,PHILIPS,"Cable, DVD Signal",Call for Quote,2.5 time exhange cost,Call for Quote,1.5 time exhange cost,Each,Each,Refurbished,Y,2.000000,Same Day,,,,
453561679913,Avante Health Solutions,PHILIPS,"Housing, Insert, Probe, Oval, Mid Gray",Call for Quote,2.5 time exhange cost,Call for Quote,1.5 time exhange cost,Each,Each,Refurbished,Y,4.000000,Same Day,,,,
453561679933,Avante Health Solutions,PHILIPS,"Housing, Insert, Probe, Round, Mid Gray",Call for Quote,2.5 time exhange cost,Call for Quote,1.5 time exhange cost,Each,Each,Refurbished,Y,4.000000,Same Day,,,,
453561686262,Avante Health Solutions,PHILIPS,"Nameplate, 7C",Call for Quote,2.5 time exhange cost,Call for Quote,1.5 time exhange cost,Each,Each,Refurbished,Y,2.000000,Same Day,,,,
453561736941,Avante Health Solutions,PHILIPS,"Affiniti 70 Cable Assy, MCM to Display, Video",Call for Quote,2.5 time exhange cost,Call for Quote,1.5 time exhange cost,Each,Each,Refurbished,Y,2.000000,Same Day,,,,
453561741391,Avante Health Solutions,PHILIPS,"Cable Assy, MCM to CP, User USB 3.0",Call for Quote,2.5 time exhange cost,Call for Quote,1.5 time exhange cost,Each,Each,Refurbished,Y,4.000000,Same Day,,,,
453567030532,Avante Health Solutions,Philips,STARTER W/ WATCHDOG & DUAL TUBE FRMWR,Call for Quote,2.5 time exhange cost,Call for Quote,1.5 time exhange cost,Each,Each,Refurbished,Y,5.000000,Same Day,,,,
453567032651,Avante Health Solutions,Philips,Fan Assy,Call for Quote,2.5 time exhange cost,Call for Quote,1.5 time exhange cost,Each,Each,Refurbished,Y,1.000000,Same Day,,,,
453567038731,Avante Health Solutions,Philips,Power Board,Call for Quote,2.5 time exhange cost,Call for Quote,1.5 time exhange cost,Each,Each,Refurbished,Y,2.000000,Same Day,,,,
453567047641,Avante Health Solutions,Philips,F/O Cable DPU4-TX to RCOM-RX,Call for Quote,2.5 time exhange cost,Call for Quote,1.5 time exhange cost,Each,Each,Refurbished,Y,1.000000,Same Day,,,,
453567062791,Avante Health Solutions,Philips,Grantry Right-Hand Rear Panel,Call for Quote,2.5 time exhange cost,Call for Quote,1.5 time exhange cost,Each,Each,Refurbished,Y,9.000000,Same Day,,,,
453567066371,Avante Health Solutions,Philips,FOOT SWITCH COVER,Call for Quote,2.5 time exhange cost,Call for Quote,1.5 time exhange cost,Each,Each,Refurbished,Y,1.000000,Same Day,,,,
453567069741,Avante Health Solutions,Philips,Left Side Control Panel & Display,Call for Quote,2.5 time exhange cost,Call for Quote,1.5 time exhange cost,Each,Each,Refurbished,Y,1.000000,Same Day,,,,
453567080292,Avante Health Solutions,Philips,Vicor FlatPAC Triple Output Power Supply,Call for Quote,2.5 time exhange cost,Call for Quote,1.5 time exhange cost,Each,Each,Refurbished,Y,3.000000,Same Day,,,,
453567091341,Avante Health Solutions,PHILIPS,"CBL, Left/Right Rear Estop",Call for Quote,2.5 time exhange cost,Call for Quote,1.5 time exhange cost,Each,Each,Refurbished,Y,1.000000,Same Day,,,,
453567109892,Avante Health Solutions,,"RESISTOR ASSY, ACCOLADE",Call for Quote,2.5 time exhange cost,Call for Quote,1.5 time exhange cost,Each,Each,Refurbished,Y,1.000000,Same Day,,,,
453567110321,Avante Health Solutions,,BRILLIANCE GHOST ASSEMBLY,Call for Quote,2.5 time exhange cost,Call for Quote,1.5 time exhange cost,Each,Each,Refurbished,Y,10.000000,Same Day,,,,
453567111043,Avante Health Solutions,Philips,Couch Cushion Kit,Call for Quote,2.5 time exhange cost,Call for Quote,1.5 time exhange cost,Each,Each,Refurbished,Y,1.000000,Same Day,,,,
5140589-2,Avante Health Solutions,GE,Pressure Sensor,Call for Quote,2.5 time exhange cost,Call for Quote,1.5 time exhange cost,Each,Each,Refurbished,Y,1.000000,Same Day,,,,
5141352,Avante Health Solutions,,Coolix 4000 Quick Connect Coupler Lytron (PN 430-0653),Call for Quote,2.5 time exhange cost,Call for Quote,1.5 time exhange cost,Each,Each,Refurbished,Y,2.000000,Same Day,,,,
5143798-7-N,Avante Health Solutions,GE,Standard USB USA English Keyboard,Call for Quote,2.5 time exhange cost,Call for Quote,1.5 time exhange cost,Each,Each,New OEM Original,Y,2.000000,Same Day,,,,
5144538-2,Avante Health Solutions,GE,"LOGIQ P5, Sub Keyboard Assy",Call for Quote,2.5 time exhange cost,Call for Quote,1.5 time exhange cost,Each,Each,Refurbished,Y,4.000000,Same Day,,,,
5144906,Avante Health Solutions,GE,36GB IP Hard Drive,Call for Quote,2.5 time exhange cost,Call for Quote,1.5 time exhange cost,Each,Each,Refurbished,Y,5.000000,Same Day,,,,
5145000-2,Avante Health Solutions,GE,"BEP 5 (R3 and earlier), Logiq E9",Call for Quote,2.5 time exhange cost,Call for Quote,1.5 time exhange cost,Each,Each,Refurbished,Y,1.000000,Same Day,,,,
5145000-3,Avante Health Solutions,GE,"LOGIQ E9, Back End Processor (BEP) - MRX Version",Call for Quote,2.5 time exhange cost,Call for Quote,1.5 time exhange cost,Each,Each,Refurbished,Y,5.000000,Same Day,,,,
5145781,Avante Health Solutions,GE,IQ Smart Handle,Call for Quote,2.5 time exhange cost,Call for Quote,1.5 time exhange cost,Each,Each,Refurbished,Y,7.000000,Same Day,,,,
51466305501,Avante Health Solutions,GE,UPS,Call for Quote,2.5 time exhange cost,Call for Quote,1.5 time exhange cost,Each,Each,Refurbished,Y,1.000000,Same Day,,,,
5146634-2,Avante Health Solutions,GE,1.5T 8 Ch HD Brain Array,Call for Quote,2.5 time exhange cost,Call for Quote,1.5 time exhange cost,Each,Each,Refurbished,Y,2.000000,Same Day,,,,
51479903001,Avante Health Solutions,GE,Positioner Interface Board,Call for Quote,2.5 time exhange cost,Call for Quote,1.5 time exhange cost,Each,Each,Refurbished,Y,2.000000,Same Day,,,,
5148381,Avante Health Solutions,GE,North Americal Power Cord (VIVID 7/LOGIQ 9/LOGIQ E9),Call for Quote,2.5 time exhange cost,Call for Quote,1.5 time exhange cost,Each,Each,Refurbished,Y,3.000000,Same Day,,,,
453567098101,Avante Health Solutions,Philips,R2D Assy. (ONLY BIG BORE),Call for Quote,2.5 time exhange cost,Call for Quote,1.5 time exhange cost,Each,Each,Refurbished,Y,13.000000,Same Day,,,,
453567110312,Avante Health Solutions,Philips,Ghost Bd. Assy.,Call for Quote,2.5 time exhange cost,Call for Quote,1.5 time exhange cost,Each,Each,Refurbished,Y,6.000000,Same Day,,,,
453567110325,Avante Health Solutions,Philips,Brilliance GHost Assy.,Call for Quote,2.5 time exhange cost,Call for Quote,1.5 time exhange cost,Each,Each,Refurbished,Y,1.000000,Same Day,,,,
453567111594,Avante Health Solutions,Philips,CT Box,Call for Quote,2.5 time exhange cost,Call for Quote,1.5 time exhange cost,Each,Each,Refurbished,Y,1.000000,Same Day,,,,
453567139465,Avante Health Solutions,Philips,ACS Assy.,Call for Quote,2.5 time exhange cost,Call for Quote,1.5 time exhange cost,Each,Each,Refurbished,Y,3.000000,Same Day,,,,
453567302811,Avante Health Solutions,Philips,Spindle Block 1.5 Motor Controller,Call for Quote,2.5 time exhange cost,Call for Quote,1.5 time exhange cost,Each,Each,Refurbished,Y,2.000000,Same Day,,,,
453567385841,Avante Health Solutions,Philips,CRC Acquisitor Fiber Optic Cable,Call for Quote,2.5 time exhange cost,Call for Quote,1.5 time exhange cost,Each,Each,Refurbished,Y,1.000000,Same Day,,,,
453567395803,Avante Health Solutions,Philips,"GM Processor (GMP) Assy, Programmed",Call for Quote,2.5 time exhange cost,Call for Quote,1.5 time exhange cost,Each,Each,Refurbished,Y,1.000000,Same Day,,,,
453567402301,Avante Health Solutions,Philips,CIRS Ethernet 16-port Switch,Call for Quote,2.5 time exhange cost,Call for Quote,1.5 time exhange cost,Each,Each,Refurbished,Y,1.000000,Same Day,,,,
453567412006,Avante Health Solutions,Philips,"CIRS 2U QUAD CORE SERVER, 2UQ V3",Call for Quote,2.5 time exhange cost,Call for Quote,1.5 time exhange cost,Each,Each,Refurbished,Y,1.000000,Same Day,,,,
453567414321,Avante Health Solutions,Philips,Phantom Holder,Call for Quote,2.5 time exhange cost,Call for Quote,1.5 time exhange cost,Each,Each,Refurbished,Y,1.000000,Same Day,,,,
453567416361,Avante Health Solutions,Philips,Cheetah 15K.5 U320 SCSI 73GB,Call for Quote,2.5 time exhange cost,Call for Quote,1.5 time exhange cost,Each,Each,Refurbished,Y,9.000000,Same Day,,,,
453561785581,Avante Health Solutions,PHILIPS,"Assembly, System Display EPIQ/AFFINITI",Call for Quote,2.5 time exhange cost,Call for Quote,1.5 time exhange cost,Each,Each,Refurbished,Y,4.000000,Same Day,,,,
453561787522,Avante Health Solutions,PHILIPS,Computer Assembly IMB Affiniti B Cart,Call for Quote,2.5 time exhange cost,Call for Quote,1.5 time exhange cost,Each,Each,Refurbished,Y,4.000000,Same Day,,,,
453561802531,Avante Health Solutions,PHILIPS,"Cable Assy, MCM to Rear I/O, Video Affiniti 70C",Call for Quote,2.5 time exhange cost,Call for Quote,1.5 time exhange cost,Each,Each,Refurbished,Y,2.000000,Same Day,,,,
453561817161,Avante Health Solutions,PHILIPS,"Cable Assy, MCM to Wi-Fi Adapter, USB",Call for Quote,2.5 time exhange cost,Call for Quote,1.5 time exhange cost,Each,Each,Refurbished,Y,2.000000,Same Day,,,,
453561921802,Avante Health Solutions,PHILIPS,"Acquisition Module, Epiq, HWB - 1.8.5 or higher SW, Rev B+C only (Required for EQI Linear Feature)",Call for Quote,2.5 time exhange cost,Call for Quote,1.5 time exhange cost,Each,Each,Refurbished,Y,2.000000,Same Day,,,,
453561940503,Avante Health Solutions,PHILIPS,EPIQ POWER REG PCBA,Call for Quote,2.5 time exhange cost,Call for Quote,1.5 time exhange cost,Each,Each,Refurbished,Y,1.000000,Same Day,,,,
453561972732,Avante Health Solutions,PHILIPS,Philips EPIQ 5 IMB Computer Assembly,Call for Quote,2.5 time exhange cost,Call for Quote,1.5 time exhange cost,Each,Each,Refurbished,Y,1.000000,Same Day,,,,
453563470141,Avante Health Solutions,PHILIPS,"HD11, Pivot Mount Assy",Call for Quote,2.5 time exhange cost,Call for Quote,1.5 time exhange cost,Each,Each,Refurbished,Y,1.000000,Same Day,,,,
453563499311,Avante Health Solutions,PHILIPS,3D Motor Controller (HD11/XE/HD15),Call for Quote,2.5 time exhange cost,Call for Quote,1.5 time exhange cost,Each,Each,Refurbished,Y,8.000000,Same Day,,,,
453566129721,Avante Health Solutions,Philips,C-Box M1 Fan,Call for Quote,2.5 time exhange cost,Call for Quote,1.5 time exhange cost,Each,Each,Refurbished,Y,8.000000,Same Day,,,,
453566129881,Avante Health Solutions,,POWER SUPPLY - 5/12/24V,Call for Quote,2.5 time exhange cost,Call for Quote,1.5 time exhange cost,Each,Each,Refurbished,Y,2.000000,Same Day,,,,
453567114561,Avante Health Solutions,,Linear Actuator (LH),Call for Quote,2.5 time exhange cost,Call for Quote,1.5 time exhange cost,Each,Each,Refurbished,Y,5.000000,Same Day,,,,
453567133671,Avante Health Solutions,PHILIPS,POWER SUPPLY,Call for Quote,2.5 time exhange cost,Call for Quote,1.5 time exhange cost,Each,Each,Refurbished,Y,6.000000,Same Day,,,,
453567141931,Avante Health Solutions,PHILIPS,Waveguide Assy,Call for Quote,2.5 time exhange cost,Call for Quote,1.5 time exhange cost,Each,Each,Refurbished,Y,2.000000,Same Day,,,,
453567178501,Avante Health Solutions,Philips,Vertical Brake Assy,Call for Quote,2.5 time exhange cost,Call for Quote,1.5 time exhange cost,Each,Each,Refurbished,Y,2.000000,Same Day,,,,
453567189431,Avante Health Solutions,,OVATION TAPE SWITCH TRANSITION BOARD,Call for Quote,2.5 time exhange cost,Call for Quote,1.5 time exhange cost,Each,Each,Refurbished,Y,1.000000,Same Day,,,,
453567369131,Avante Health Solutions,Philips,"CBL, Cable Ref, Converter Split",Call for Quote,2.5 time exhange cost,Call for Quote,1.5 time exhange cost,Each,Each,Refurbished,Y,1.000000,Same Day,,,,
453567374153,Avante Health Solutions,Philips,Power Supply 120 VAC Dual Output,Call for Quote,2.5 time exhange cost,Call for Quote,1.5 time exhange cost,Each,Each,Refurbished,Y,3.000000,Same Day,,,,
453567379062,Avante Health Solutions,,"Stator Control Receiver Assy,L",Call for Quote,2.5 time exhange cost,Call for Quote,1.5 time exhange cost,Each,Each,Refurbished,Y,1.000000,Same Day,,,,
453567408641,Avante Health Solutions,Philips,Revolution Counter,Call for Quote,2.5 time exhange cost,Call for Quote,1.5 time exhange cost,Each,Each,Refurbished,Y,1.000000,Same Day,,,,
453567449761,Avante Health Solutions,Philips,"Power Supply, Single Output",Call for Quote,2.5 time exhange cost,Call for Quote,1.5 time exhange cost,Each,Each,Refurbished,Y,3.000000,Same Day,,,,
453567490661,Avante Health Solutions,Philips,"GANTRY DISPLAY, FT/RR SW CNTRL, RoHS",Call for Quote,2.5 time exhange cost,Call for Quote,1.5 time exhange cost,Each,Each,Refurbished,Y,7.000000,Same Day,,,,
453567505052,Avante Health Solutions,,ICT Side Column Covers left,Call for Quote,2.5 time exhange cost,Call for Quote,1.5 time exhange cost,Each,Each,Refurbished,Y,2.000000,Same Day,,,,
453567552651,Avante Health Solutions,,Distibution Panel-no-flow,Call for Quote,2.5 time exhange cost,Call for Quote,1.5 time exhange cost,Each,Each,Refurbished,Y,1.000000,Same Day,,,,
454110287561,Avante Health Solutions,PHILIPS,TR Board (453561448371),Call for Quote,2.5 time exhange cost,Call for Quote,1.5 time exhange cost,Each,Each,Refurbished,Y,2.000000,Same Day,,,,
45412,Avante Health Solutions,SIEMENS,"Acuson, PWA, XDL, Transducer down lighting",Call for Quote,2.5 time exhange cost,Call for Quote,1.5 time exhange cost,Each,Each,Refurbished,Y,9.000000,Same Day,,,,
455012004092,Avante Health Solutions,PHILIPS,FAN ASSY,Call for Quote,2.5 time exhange cost,Call for Quote,1.5 time exhange cost,Each,Each,Refurbished,Y,3.000000,Same Day,,,,
455012004155,Avante Health Solutions,,RCOM ASSY BR40,Call for Quote,2.5 time exhange cost,Call for Quote,1.5 time exhange cost,Each,Each,Refurbished,Y,1.000000,Same Day,,,,
455012004194,Avante Health Solutions,Philips,DPU ASSY,Call for Quote,2.5 time exhange cost,Call for Quote,1.5 time exhange cost,Each,Each,Refurbished,Y,6.000000,Same Day,,,,
455012004232,Avante Health Solutions,Philips,CDMP Assy,Call for Quote,2.5 time exhange cost,Call for Quote,1.5 time exhange cost,Each,Each,Refurbished,Y,19.000000,Same Day,,,,
455012008051,Avante Health Solutions,,DMS Cover Assy,Call for Quote,2.5 time exhange cost,Call for Quote,1.5 time exhange cost,Each,Each,Refurbished,Y,1.000000,Same Day,,,,
455012009191,Avante Health Solutions,Philips,DPU Assy.,Call for Quote,2.5 time exhange cost,Call for Quote,1.5 time exhange cost,Each,Each,Refurbished,Y,8.000000,Same Day,,,,
455012010584,Avante Health Solutions,,TBUF,Call for Quote,2.5 time exhange cost,Call for Quote,1.5 time exhange cost,Each,Each,Refurbished,Y,2.000000,Same Day,,,,
455014001011,Avante Health Solutions,Philips,I - Box Card Assy,Call for Quote,2.5 time exhange cost,Call for Quote,1.5 time exhange cost,Each,Each,Refurbished,Y,17.000000,Same Day,,,,
455014008022,Avante Health Solutions,,DMS right motherboard,Call for Quote,2.5 time exhange cost,Call for Quote,1.5 time exhange cost,Each,Each,Refurbished,Y,5.000000,Same Day,,,,
453567508591,Avante Health Solutions,,"Cover Assy, J-Block RH",Call for Quote,2.5 time exhange cost,Call for Quote,1.5 time exhange cost,Each,Each,Refurbished,Y,1.000000,Same Day,,,,
453567538381,Avante Health Solutions,,Harness Rotor TX Fiber W/ bracket assy,Call for Quote,2.5 time exhange cost,Call for Quote,1.5 time exhange cost,Each,Each,Refurbished,Y,1.000000,Same Day,,,,
453567554881,Avante Health Solutions,Philips,Microphone Board Assy w/spacer,Call for Quote,2.5 time exhange cost,Call for Quote,1.5 time exhange cost,Each,Each,Refurbished,Y,1.000000,Same Day,,,,
454110262612,Avante Health Solutions,PHILIPS,Cartridge Connector (453561491691),Call for Quote,2.5 time exhange cost,Call for Quote,1.5 time exhange cost,Each,Each,Refurbished,Y,1.000000,Same Day,,,,
455012004154,Avante Health Solutions,Philips,RCOM ASSY,Call for Quote,2.5 time exhange cost,Call for Quote,1.5 time exhange cost,Each,Each,Refurbished,Y,6.000000,Same Day,,,,
455012005112,Avante Health Solutions,Philips,AC PDU Box Assy,Call for Quote,2.5 time exhange cost,Call for Quote,1.5 time exhange cost,Each,Each,Refurbished,Y,1.000000,Same Day,,,,
455012009083,Avante Health Solutions,Philips,Class A Detector Module,Call for Quote,2.5 time exhange cost,Call for Quote,1.5 time exhange cost,Each,Each,Refurbished,Y,26.000000,Same Day,,,,
455012009181,Avante Health Solutions,Philips,RCOM ASSY,Call for Quote,2.5 time exhange cost,Call for Quote,1.5 time exhange cost,Each,Each,Refurbished,Y,2.000000,Same Day,,,,
455012009211,Avante Health Solutions,Philips,Class B Detector Module,Call for Quote,2.5 time exhange cost,Call for Quote,1.5 time exhange cost,Each,Each,Refurbished,Y,1.000000,Same Day,,,,
455012009263,Avante Health Solutions,Philips,Orion T Module Class B,Call for Quote,2.5 time exhange cost,Call for Quote,1.5 time exhange cost,Each,Each,Refurbished,Y,19.000000,Same Day,,,,
455012009451,Avante Health Solutions,,TDMS Fan Heater Controller,Call for Quote,2.5 time exhange cost,Call for Quote,1.5 time exhange cost,Each,Each,Refurbished,Y,3.000000,Same Day,,,,
455012305381,Avante Health Solutions,Philips,"CBL, Gantry Fiber Optic Cable, 20 M",Call for Quote,2.5 time exhange cost,Call for Quote,1.5 time exhange cost,Each,Each,Refurbished,Y,1.000000,Same Day,,,,
453566146401,Avante Health Solutions,Philips,AJT-40 40 Amp Fuse,Call for Quote,2.5 time exhange cost,Call for Quote,1.5 time exhange cost,Each,Each,Refurbished,Y,9.000000,Same Day,,,,
453566148441,Avante Health Solutions,Philips,Switch,Call for Quote,2.5 time exhange cost,Call for Quote,1.5 time exhange cost,Each,Each,Refurbished,Y,7.000000,Same Day,,,,
453566186421,Avante Health Solutions,PHILIPS,Gantry Speaker,Call for Quote,2.5 time exhange cost,Call for Quote,1.5 time exhange cost,Each,Each,Refurbished,Y,6.000000,Same Day,,,,
453566460111,Avante Health Solutions,PHILILPS,SIGNAL DISTRIBUTION BOARD,Call for Quote,2.5 time exhange cost,Call for Quote,1.5 time exhange cost,Each,Each,Refurbished,Y,1.000000,Same Day,,,,
453566489511,Avante Health Solutions,,LH Touch Panel Assy.,Call for Quote,2.5 time exhange cost,Call for Quote,1.5 time exhange cost,Each,Each,Refurbished,Y,1.000000,Same Day,,,,
453566491372,Avante Health Solutions,,"Flat Cable, Host - ACCU",Call for Quote,2.5 time exhange cost,Call for Quote,1.5 time exhange cost,Each,Each,Refurbished,Y,1.000000,Same Day,,,,
453566495142,Avante Health Solutions,,Main Drive Primary Controller,Call for Quote,2.5 time exhange cost,Call for Quote,1.5 time exhange cost,Each,Each,Refurbished,Y,1.000000,Same Day,,,,
453566500911,Avante Health Solutions,Philips,Encoder CT Absolute,Call for Quote,2.5 time exhange cost,Call for Quote,1.5 time exhange cost,Each,Each,Refurbished,Y,3.000000,Same Day,,,,
453566501731,Avante Health Solutions,PHILIPS,"KVM SWITCH BOX, SVGA/PS2",Call for Quote,2.5 time exhange cost,Call for Quote,1.5 time exhange cost,Each,Each,Refurbished,Y,1.000000,Same Day,,,,
453566502001-N,Avante Health Solutions,Philips,145 Speed Resolver,Call for Quote,2.5 time exhange cost,Call for Quote,1.5 time exhange cost,Each,Each,New OEM Original,Y,1.000000,Same Day,,,,
453566502431,Avante Health Solutions,Philips,Vert Encoder Assy,Call for Quote,2.5 time exhange cost,Call for Quote,1.5 time exhange cost,Each,Each,Refurbished,Y,4.000000,Same Day,,,,
453566503742,Avante Health Solutions,Philips,4 Output DC Supply,Call for Quote,2.5 time exhange cost,Call for Quote,1.5 time exhange cost,Each,Each,Refurbished,Y,7.000000,Same Day,,,,
5151365,Avante Health Solutions,GE,Hercules Heat Exchanger Power Supply,Call for Quote,2.5 time exhange cost,Call for Quote,1.5 time exhange cost,Each,Each,Refurbished,Y,2.000000,Same Day,,,,
5152290,Avante Health Solutions,GE,"CABLE-PCI EXPRESS ON            HDMI, BEP-CARDR",Call for Quote,2.5 time exhange cost,Call for Quote,1.5 time exhange cost,Each,Each,Refurbished,Y,2.000000,Same Day,,,,
5155322,Avante Health Solutions,GE,BACKPLANE LAT POS,Call for Quote,2.5 time exhange cost,Call for Quote,1.5 time exhange cost,Each,Each,Refurbished,Y,1.000000,Same Day,,,,
5159834-3,Avante Health Solutions,GE,VCT VIG-3 Image Generator (JR),Call for Quote,2.5 time exhange cost,Call for Quote,1.5 time exhange cost,Each,Each,Refurbished,Y,3.000000,Same Day,,,,
5160254-2,Avante Health Solutions,GE,3T HD T/R Knee Array,Call for Quote,2.5 time exhange cost,Call for Quote,1.5 time exhange cost,Each,Each,Refurbished,Y,1.000000,Same Day,,,,
5168286-20,Avante Health Solutions,GE,"V Nav, Drive Bay 3D Tracking System Electronics unit (Logiq E9)",Call for Quote,2.5 time exhange cost,Call for Quote,1.5 time exhange cost,Each,Each,Refurbished,Y,1.000000,Same Day,,,,
5169298,Avante Health Solutions,,VCT Plenum Assy,Call for Quote,2.5 time exhange cost,Call for Quote,1.5 time exhange cost,Each,Each,Refurbished,Y,1.000000,Same Day,,,,
5172757,Avante Health Solutions,GE,Motor to Inverter Positioning GT,Call for Quote,2.5 time exhange cost,Call for Quote,1.5 time exhange cost,Each,Each,Refurbished,Y,1.000000,Same Day,,,,
5175034,Avante Health Solutions,,Collimator Control CCB Board,Call for Quote,2.5 time exhange cost,Call for Quote,1.5 time exhange cost,Each,Each,Refurbished,Y,1.000000,Same Day,,,,
5177597-N,Avante Health Solutions,GE,Cradle Wheel Bearing - 11 Ball,Call for Quote,2.5 time exhange cost,Call for Quote,1.5 time exhange cost,Each,Each,New OEM Original,Y,11.000000,Same Day,,,,
5178793,Avante Health Solutions,GE,COVER HANDLE RIGHT TOP,Call for Quote,2.5 time exhange cost,Call for Quote,1.5 time exhange cost,Each,Each,Refurbished,Y,2.000000,Same Day,,,,
453561441343,Avante Health Solutions,PHILIPS,Clearvue 350/550 PC Module,Call for Quote,2.5 time exhange cost,Call for Quote,1.5 time exhange cost,Each,Each,Refurbished,Y,1.000000,Same Day,,,,
453561443262,Avante Health Solutions,PHILIPS,"Inverter, DC-AC Printer Power Supply (mounts to bottom of optional printer shelf)",Call for Quote,2.5 time exhange cost,Call for Quote,1.5 time exhange cost,Each,Each,Refurbished,Y,1.000000,Same Day,,,,
453561448361,Avante Health Solutions,PHILIPS,"Cable Assy, USB Printer",Call for Quote,2.5 time exhange cost,Call for Quote,1.5 time exhange cost,Each,Each,Refurbished,Y,2.000000,Same Day,,,,
453561453051,Avante Health Solutions,PHILIPS,Philips IE33/IU22 Touch Panel G.1,Call for Quote,2.5 time exhange cost,Call for Quote,1.5 time exhange cost,Each,Each,Refurbished,Y,3.000000,Same Day,,,,
453561453421,Avante Health Solutions,PHILIPS,"DVD Drive, SATA (CX50)",Call for Quote,2.5 time exhange cost,Call for Quote,1.5 time exhange cost,Each,Each,Refurbished,Y,2.000000,Same Day,,,,
453561470701,Avante Health Solutions,PHILIPS,"EPIQ 7, Display Port Jumper Cable",Call for Quote,2.5 time exhange cost,Call for Quote,1.5 time exhange cost,Each,Each,Refurbished,Y,1.000000,Same Day,,,,
453561470771,Avante Health Solutions,PHILIPS,"Cable, Control Panel Power",Call for Quote,2.5 time exhange cost,Call for Quote,1.5 time exhange cost,Each,Each,Refurbished,Y,5.000000,Same Day,,,,
453561491451,Avante Health Solutions,PHILIPS,"Philips SPARQ, Cable Assy, Control Panel I/O",Call for Quote,2.5 time exhange cost,Call for Quote,1.5 time exhange cost,Each,Each,Refurbished,Y,1.000000,Same Day,,,,
453561493381,Avante Health Solutions,PHILIPS,"IUIE, Power Cord Kit",Call for Quote,2.5 time exhange cost,Call for Quote,1.5 time exhange cost,Each,Each,Refurbished,Y,2.000000,Same Day,,,,
453561493701,Avante Health Solutions,PHILIPS,"SPARQ, QWERTY",Call for Quote,2.5 time exhange cost,Call for Quote,1.5 time exhange cost,Each,Each,Refurbished,Y,1.000000,Same Day,,,,
453561495733,Avante Health Solutions,PHILIPS,"SPARQ, Rear I/O",Call for Quote,2.5 time exhange cost,Call for Quote,1.5 time exhange cost,Each,Each,Refurbished,Y,1.000000,Same Day,,,,
455014003052,Avante Health Solutions,Philips,DMS Right Motherboard,Call for Quote,2.5 time exhange cost,Call for Quote,1.5 time exhange cost,Each,Each,Refurbished,Y,5.000000,Same Day,,,,
455014003132,Avante Health Solutions,,DMP Board,Call for Quote,2.5 time exhange cost,Call for Quote,1.5 time exhange cost,Each,Each,Refurbished,Y,2.000000,Same Day,,,,
455014003181,Avante Health Solutions,Philips,Crc Sdlb Panel,Call for Quote,2.5 time exhange cost,Call for Quote,1.5 time exhange cost,Each,Each,Refurbished,Y,1.000000,Same Day,,,,
455014008011,Avante Health Solutions,,Detector Module,Call for Quote,2.5 time exhange cost,Call for Quote,1.5 time exhange cost,Each,Each,Refurbished,Y,50.000000,Same Day,,,,
455014009062,Avante Health Solutions,PHILIPS,BR 64 DMS U Right Motherboard,Call for Quote,2.5 time exhange cost,Call for Quote,1.5 time exhange cost,Each,Each,Refurbished,Y,1.000000,Same Day,,,,
455014009171,Avante Health Solutions,Philips,Orion-T Detector Module,Call for Quote,2.5 time exhange cost,Call for Quote,1.5 time exhange cost,Each,Each,Refurbished,Y,10.000000,Same Day,,,,
455014109062,Avante Health Solutions,PHILIPS,Right Mother Board,Call for Quote,2.5 time exhange cost,Call for Quote,1.5 time exhange cost,Each,Each,Refurbished,Y,2.000000,Same Day,,,,
455018001721,Avante Health Solutions,Philips,CRC Fan Assy,Call for Quote,2.5 time exhange cost,Call for Quote,1.5 time exhange cost,Each,Each,Refurbished,Y,2.000000,Same Day,,,,
455300004341,Avante Health Solutions,Philips,Front Fan Assy (2 Fans with socket),Call for Quote,2.5 time exhange cost,Call for Quote,1.5 time exhange cost,Each,Each,Refurbished,Y,1.000000,Same Day,,,,
4556325,Avante Health Solutions,GE,MYSTERY BOARD (61),Call for Quote,2.5 time exhange cost,Call for Quote,1.5 time exhange cost,Each,Each,Refurbished,Y,1.000000,Same Day,,,,
459800006562,Avante Health Solutions,Philips,"5V Power Supply, Heamo w/ Cables",Call for Quote,2.5 time exhange cost,Call for Quote,1.5 time exhange cost,Each,Each,Refurbished,Y,1.000000,Same Day,,,,
459800016321,Avante Health Solutions,Philips,NIU Pivot,Call for Quote,2.5 time exhange cost,Call for Quote,1.5 time exhange cost,Each,Each,Refurbished,Y,3.000000,Same Day,,,,
5182194-5,Avante Health Solutions,GE,Gantry Encoder Assy w/ Bush,Call for Quote,2.5 time exhange cost,Call for Quote,1.5 time exhange cost,Each,Each,Refurbished,Y,1.000000,Same Day,,,,
5183835,Avante Health Solutions,GE,RTAC7,Call for Quote,2.5 time exhange cost,Call for Quote,1.5 time exhange cost,Each,Each,Refurbished,Y,3.000000,Same Day,,,,
5184068,Avante Health Solutions,GE,PAN HANDLE,Call for Quote,2.5 time exhange cost,Call for Quote,1.5 time exhange cost,Each,Each,Refurbished,Y,4.000000,Same Day,,,,
5184673-N,Avante Health Solutions,GE,PAN HANDLE,Call for Quote,2.5 time exhange cost,Call for Quote,1.5 time exhange cost,Each,Each,New OEM Original,Y,1.000000,Same Day,,,,
5184725,Avante Health Solutions,GE,POWER INTERCO,Call for Quote,2.5 time exhange cost,Call for Quote,1.5 time exhange cost,Each,Each,Refurbished,Y,1.000000,Same Day,,,,
51847254,Avante Health Solutions,GE,POWER INTERCO REV 4,Call for Quote,2.5 time exhange cost,Call for Quote,1.5 time exhange cost,Each,Each,Refurbished,Y,1.000000,Same Day,,,,
5191755,Avante Health Solutions,GE,TOUCH PLATE REAR ASSY,Call for Quote,2.5 time exhange cost,Call for Quote,1.5 time exhange cost,Each,Each,Refurbished,Y,1.000000,Same Day,,,,
5193881,Avante Health Solutions,GE,RTAC 7,Call for Quote,2.5 time exhange cost,Call for Quote,1.5 time exhange cost,Each,Each,Refurbished,Y,1.000000,Same Day,,,,
5193969,Avante Health Solutions,GE,Cable - LAN,Call for Quote,2.5 time exhange cost,Call for Quote,1.5 time exhange cost,Each,Each,Refurbished,Y,1.000000,Same Day,,,,
5195573,Avante Health Solutions,,FAN CONTROL BD,Call for Quote,2.5 time exhange cost,Call for Quote,1.5 time exhange cost,Each,Each,Refurbished,Y,2.000000,Same Day,,,,
5199438,Avante Health Solutions,GE,Rotating side CFC Assy VCT/HD,Call for Quote,2.5 time exhange cost,Call for Quote,1.5 time exhange cost,Each,Each,Refurbished,Y,6.000000,Same Day,,,,
5201044-2,Avante Health Solutions,GE,"LOGIQ E9, GTX 2.3",Call for Quote,2.5 time exhange cost,Call for Quote,1.5 time exhange cost,Each,Each,Refurbished,Y,4.000000,Same Day,,,,
453567006391,Avante Health Solutions,,3DBP Power Board 1 Channel,Call for Quote,2.5 time exhange cost,Call for Quote,1.5 time exhange cost,Each,Each,Refurbished,Y,1.000000,Same Day,,,,
453567010311,Avante Health Solutions,,GMP BOARD,Call for Quote,2.5 time exhange cost,Call for Quote,1.5 time exhange cost,Each,Each,Refurbished,Y,1.000000,Same Day,,,,
453567010351,Avante Health Solutions,Philips,GMP Board,Call for Quote,2.5 time exhange cost,Call for Quote,1.5 time exhange cost,Each,Each,Refurbished,Y,7.000000,Same Day,,,,
453567023211,Avante Health Solutions,Philips,Controller Utility Console Transformer,Call for Quote,2.5 time exhange cost,Call for Quote,1.5 time exhange cost,Each,Each,Refurbished,Y,1.000000,Same Day,,,,
453567027193,Avante Health Solutions,Philips,CT Box,Call for Quote,2.5 time exhange cost,Call for Quote,1.5 time exhange cost,Each,Each,Refurbished,Y,2.000000,Same Day,,,,
453567027541,Avante Health Solutions,Philips,Corner Pedestal Covers,Call for Quote,2.5 time exhange cost,Call for Quote,1.5 time exhange cost,Each,Each,Refurbished,Y,1.000000,Same Day,,,,
453567033231,Avante Health Solutions,Philips,FRC ASSY,Call for Quote,2.5 time exhange cost,Call for Quote,1.5 time exhange cost,Each,Each,Refurbished,Y,3.000000,Same Day,,,,
453567033831,Avante Health Solutions,Philips,CPM Daughter Board,Call for Quote,2.5 time exhange cost,Call for Quote,1.5 time exhange cost,Each,Each,Refurbished,Y,2.000000,Same Day,,,,
453567038001,Avante Health Solutions,Philips,Tape Switch Transition Bd Assy.,Call for Quote,2.5 time exhange cost,Call for Quote,1.5 time exhange cost,Each,Each,Refurbished,Y,2.000000,Same Day,,,,
453567046381,Avante Health Solutions,Philips,Speaker,Call for Quote,2.5 time exhange cost,Call for Quote,1.5 time exhange cost,Each,Each,Refurbished,Y,1.000000,Same Day,,,,
453567057161,Avante Health Solutions,Philips,FRC Assy.,Call for Quote,2.5 time exhange cost,Call for Quote,1.5 time exhange cost,Each,Each,Refurbished,Y,1.000000,Same Day,,,,
453567057165,Avante Health Solutions,Philips,FRC Assy.,Call for Quote,2.5 time exhange cost,Call for Quote,1.5 time exhange cost,Each,Each,Refurbished,Y,6.000000,Same Day,,,,
455300008793,Avante Health Solutions,Philips,"19"" Color LCD Monitor, Q19-P",Call for Quote,2.5 time exhange cost,Call for Quote,1.5 time exhange cost,Each,Each,Refurbished,Y,12.000000,Same Day,,,,
459800001843,Avante Health Solutions,Philips,DVI splitter box,Call for Quote,2.5 time exhange cost,Call for Quote,1.5 time exhange cost,Each,Each,Refurbished,Y,3.000000,Same Day,,,,
459800004647,Avante Health Solutions,,ASSEMBLED CRCB DVI,Call for Quote,2.5 time exhange cost,Call for Quote,1.5 time exhange cost,Each,Each,Refurbished,Y,1.000000,Same Day,,,,
459800009843,Avante Health Solutions,Philips,Cable loopback,Call for Quote,2.5 time exhange cost,Call for Quote,1.5 time exhange cost,Each,Each,Refurbished,Y,1.000000,Same Day,,,,
459800025332,Avante Health Solutions,,AD7NT FLUID PROTECTION KIT SET,Call for Quote,2.5 time exhange cost,Call for Quote,1.5 time exhange cost,Each,Each,Refurbished,Y,2.000000,Same Day,,,,
459800025382,Avante Health Solutions,philips,AD7NT HEIGHT COVER SET 2 PCS,Call for Quote,2.5 time exhange cost,Call for Quote,1.5 time exhange cost,Each,Each,Refurbished,Y,2.000000,Same Day,,,,
459800025461-N,Avante Health Solutions,Philips,FRU AD7 Lateral Brake Assy.,Call for Quote,2.5 time exhange cost,Call for Quote,1.5 time exhange cost,Each,Each,New OEM Original,Y,2.000000,Same Day,,,,
459800025471,Avante Health Solutions,,FRU AD7 NT LATERAL DRIVE ASSY,Call for Quote,2.5 time exhange cost,Call for Quote,1.5 time exhange cost,Each,Each,Refurbished,Y,1.000000,Same Day,,,,
459800027813,Avante Health Solutions,Philips,GEO IPC  Q35 - with XMP,Call for Quote,2.5 time exhange cost,Call for Quote,1.5 time exhange cost,Each,Each,Refurbished,Y,1.000000,Same Day,,,,
459800036312,Avante Health Solutions,Philips,ST9146852SS Savvio 15K.2 146GB SAS FRU,Call for Quote,2.5 time exhange cost,Call for Quote,1.5 time exhange cost,Each,Each,Refurbished,Y,10.000000,Same Day,,,,
459800069911,Avante Health Solutions,Philips,IPC ADAPTER SCC1 BOARD,Call for Quote,2.5 time exhange cost,Call for Quote,1.5 time exhange cost,Each,Each,Refurbished,Y,5.000000,Same Day,,,,
459800079002,Avante Health Solutions,PHILIPS,Compensator Kit,Call for Quote,2.5 time exhange cost,Call for Quote,1.5 time exhange cost,Each,Each,Refurbished,Y,3.000000,Same Day,,,,
459800025221,Avante Health Solutions,Philips,Orion T Module Class B,Call for Quote,2.5 time exhange cost,Call for Quote,1.5 time exhange cost,Each,Each,Refurbished,Y,4.000000,Same Day,,,,
459800025392,Avante Health Solutions,,Front and Rear Cover set,Call for Quote,2.5 time exhange cost,Call for Quote,1.5 time exhange cost,Each,Each,Refurbished,Y,1.000000,Same Day,,,,
459800030091,Avante Health Solutions,Philips,HOST PC BIPLANE NEHALEM,Call for Quote,2.5 time exhange cost,Call for Quote,1.5 time exhange cost,Each,Each,Refurbished,Y,2.000000,Same Day,,,,
459800066872,Avante Health Solutions,Philips,"73gb SCSI to SATA converter, clipped to 73GB",Call for Quote,2.5 time exhange cost,Call for Quote,1.5 time exhange cost,Each,Each,Refurbished,Y,3.000000,Same Day,,,,
459800113501,Avante Health Solutions,,PLINTH FOOTSWITCH CONTROL ROOM,Call for Quote,2.5 time exhange cost,Call for Quote,1.5 time exhange cost,Each,Each,Refurbished,Y,3.000000,Same Day,,,,
459800131351,Avante Health Solutions,Philips,WCB2.0 RX Unit,Call for Quote,2.5 time exhange cost,Call for Quote,1.5 time exhange cost,Each,Each,Refurbished,Y,1.000000,Same Day,,,,
459800145621,Avante Health Solutions,,"Motor Drive Control, (BB Commander SK)",Call for Quote,2.5 time exhange cost,Call for Quote,1.5 time exhange cost,Each,Each,Refurbished,Y,2.000000,Same Day,,,,
459800151592,Avante Health Solutions,Philips,GEO Imaging Module WP,Call for Quote,2.5 time exhange cost,Call for Quote,1.5 time exhange cost,Each,Each,Refurbished,Y,1.000000,Same Day,,,,
459800151635,Avante Health Solutions,Philips,GEO Module Tilt Flexmove WP,Call for Quote,2.5 time exhange cost,Call for Quote,1.5 time exhange cost,Each,Each,Refurbished,Y,1.000000,Same Day,,,,
459800159502,Avante Health Solutions,Philips,WCB 2.1,Call for Quote,2.5 time exhange cost,Call for Quote,1.5 time exhange cost,Each,Each,Refurbished,Y,2.000000,Same Day,,,,
459800204101,Avante Health Solutions,Philips,VelociRaptor WD1500HLHX SATA 150GB FRU,Call for Quote,2.5 time exhange cost,Call for Quote,1.5 time exhange cost,Each,Each,Refurbished,Y,3.000000,Same Day,,,,
459800239531,Avante Health Solutions,Philips,ClarityIQ IP PC,Call for Quote,2.5 time exhange cost,Call for Quote,1.5 time exhange cost,Each,Each,Refurbished,Y,3.000000,Same Day,,,,
5201044-7,Avante Health Solutions,GE,ICHIRO GLOBAL TRANSMIT BOARD    GTX 2.5,Call for Quote,2.5 time exhange cost,Call for Quote,1.5 time exhange cost,Each,Each,Refurbished,Y,17.000000,Same Day,,,,
5205052-7,Avante Health Solutions,GE,Logiq E9 Main Power Supply Alpha,Call for Quote,2.5 time exhange cost,Call for Quote,1.5 time exhange cost,Each,Each,Refurbished,Y,8.000000,Same Day,,,,
5207000-72,Avante Health Solutions,GE,"Lower Op Panel Assembly(No trackball), E9",Call for Quote,2.5 time exhange cost,Call for Quote,1.5 time exhange cost,Each,Each,Refurbished,Y,1.000000,Same Day,,,,
5208000-3,Avante Health Solutions,GE,LOGIQ E9 R5/R6 Lower Op Panel Assembly,Call for Quote,2.5 time exhange cost,Call for Quote,1.5 time exhange cost,Each,Each,Refurbished,Y,4.000000,Same Day,,,,
5209000-2,Avante Health Solutions,GE,"E9, Frame with LCD and Touchscreen",Call for Quote,2.5 time exhange cost,Call for Quote,1.5 time exhange cost,Each,Each,Refurbished,Y,8.000000,Same Day,,,,
5214953,Avante Health Solutions,GE,C-ARC END COVER WITH BUMPER,Call for Quote,2.5 time exhange cost,Call for Quote,1.5 time exhange cost,Each,Each,Refurbished,Y,1.000000,Same Day,,,,
5244555,Avante Health Solutions,GE,"LOGIQ P6, APS Power Supply",Call for Quote,2.5 time exhange cost,Call for Quote,1.5 time exhange cost,Each,Each,Refurbished,Y,1.000000,Same Day,,,,
5245271,Avante Health Solutions,GE,GT CB3 BD ASSY,Call for Quote,2.5 time exhange cost,Call for Quote,1.5 time exhange cost,Each,Each,Refurbished,Y,3.000000,Same Day,,,,
5245319,Avante Health Solutions,GE,Vascular Angio Collimator,Call for Quote,2.5 time exhange cost,Call for Quote,1.5 time exhange cost,Each,Each,Refurbished,Y,1.000000,Same Day,,,,
5266125-N,Avante Health Solutions,GE,Fluid Leak Sensor Kit,Call for Quote,2.5 time exhange cost,Call for Quote,1.5 time exhange cost,Each,Each,New OEM Original,Y,1.000000,Same Day,,,,
5266222-2 REV 3,Avante Health Solutions,GE,ICOM Console Intercom Prescribed Tilt Hub,Call for Quote,2.5 time exhange cost,Call for Quote,1.5 time exhange cost,Each,Each,Refurbished,Y,1.000000,Same Day,,,,
459800093671,Avante Health Solutions,,LCC2A temperature sensor,Call for Quote,2.5 time exhange cost,Call for Quote,1.5 time exhange cost,Each,Each,Refurbished,Y,1.000000,Same Day,,,,
459800116171,Avante Health Solutions,Philips,Dual link DVI Transmitter STR,Call for Quote,2.5 time exhange cost,Call for Quote,1.5 time exhange cost,Each,Each,Refurbished,Y,5.000000,Same Day,,,,
459800116182,Avante Health Solutions,Philips,Dual Link DVI Receiver STR,Call for Quote,2.5 time exhange cost,Call for Quote,1.5 time exhange cost,Each,Each,Refurbished,Y,1.000000,Same Day,,,,
459800151594,Avante Health Solutions,Philips,GEO Imaging Module WP,Call for Quote,2.5 time exhange cost,Call for Quote,1.5 time exhange cost,Each,Each,Refurbished,Y,7.000000,Same Day,,,,
459800151636,Avante Health Solutions,Philips,GEO Module Tilt Flexmove  WP,Call for Quote,2.5 time exhange cost,Call for Quote,1.5 time exhange cost,Each,Each,Refurbished,Y,1.000000,Same Day,,,,
459800151644,Avante Health Solutions,Philips,GEO Non-Tilt Module Biplane WP,Call for Quote,2.5 time exhange cost,Call for Quote,1.5 time exhange cost,Each,Each,Refurbished,Y,1.000000,Same Day,,,,
459800151653,Avante Health Solutions,Philips,GEO Module Tilt Biplane WP,Call for Quote,2.5 time exhange cost,Call for Quote,1.5 time exhange cost,Each,Each,Refurbished,Y,1.000000,Same Day,,,,
459800154641,Avante Health Solutions,Philips CT,Description:Reference converter assy,Call for Quote,2.5 time exhange cost,Call for Quote,1.5 time exhange cost,Each,Each,Refurbished,Y,1.000000,Same Day,,,,
459800162761,Avante Health Solutions,Philips,FRC Assy.,Call for Quote,2.5 time exhange cost,Call for Quote,1.5 time exhange cost,Each,Each,Refurbished,Y,1.000000,Same Day,,,,
459800196911,Avante Health Solutions,,BR64T DPU Board Assy RoHS,Call for Quote,2.5 time exhange cost,Call for Quote,1.5 time exhange cost,Each,Each,Refurbished,Y,2.000000,Same Day,,,,
459800215642,Avante Health Solutions,Philips,Lateral Double Brake Assy,Call for Quote,2.5 time exhange cost,Call for Quote,1.5 time exhange cost,Each,Each,Refurbished,Y,1.000000,Same Day,,,,
459800260093,Avante Health Solutions,Philips,Brilliance GHost Base Bd. Assy.,Call for Quote,2.5 time exhange cost,Call for Quote,1.5 time exhange cost,Each,Each,Refurbished,Y,1.000000,Same Day,,,,
453561600782,Avante Health Solutions,PHILIPS,"PCA, UAVIO, Video Switching, Dual USB IE33",Call for Quote,2.5 time exhange cost,Call for Quote,1.5 time exhange cost,Each,Each,Refurbished,Y,1.000000,Same Day,,,,
453561617421,Avante Health Solutions,PHILIPS,"SPARQ, Filter",Call for Quote,2.5 time exhange cost,Call for Quote,1.5 time exhange cost,Each,Each,Refurbished,Y,1.000000,Same Day,,,,
453561617887,Avante Health Solutions,PHILIPS,EPIQ POWER REGULATOR,Call for Quote,2.5 time exhange cost,Call for Quote,1.5 time exhange cost,Each,Each,Refurbished,Y,4.000000,Same Day,,,,
453561619711,Avante Health Solutions,PHILIPS,"PCBA, User Connector",Call for Quote,2.5 time exhange cost,Call for Quote,1.5 time exhange cost,Each,Each,Refurbished,Y,1.000000,Same Day,,,,
453561620701,Avante Health Solutions,PHILIPS,"Cable, Physio Remote",Call for Quote,2.5 time exhange cost,Call for Quote,1.5 time exhange cost,Each,Each,Refurbished,Y,4.000000,Same Day,,,,
453561622162,Avante Health Solutions,PHILIPS,COM Express/Mainboard Assy,Call for Quote,2.5 time exhange cost,Call for Quote,1.5 time exhange cost,Each,Each,Refurbished,Y,1.000000,Same Day,,,,
453561634542,Avante Health Solutions,PHILIPS,"EPIQ 5C, Acquisition Control",Call for Quote,2.5 time exhange cost,Call for Quote,1.5 time exhange cost,Each,Each,Refurbished,Y,6.000000,Same Day,,,,
453561650742,Avante Health Solutions,PHILIPS,"CASTER,FREE SWIVEL,MID GRAY",Call for Quote,2.5 time exhange cost,Call for Quote,1.5 time exhange cost,Each,Each,Refurbished,Y,8.000000,Same Day,,,,
453561652681,Avante Health Solutions,PHILIPS,"Philips Epiq 7 encoder cap with label, CW",Call for Quote,2.5 time exhange cost,Call for Quote,1.5 time exhange cost,Each,Each,Refurbished,Y,1.000000,Same Day,,,,
453561654331,Avante Health Solutions,PHILIPS,"SPEAKER,3IN,RND",Call for Quote,2.5 time exhange cost,Call for Quote,1.5 time exhange cost,Each,Each,Refurbished,Y,1.000000,Same Day,,,,
453561655771,Avante Health Solutions,PHILIPS,HD11 XE Monitor,Call for Quote,2.5 time exhange cost,Call for Quote,1.5 time exhange cost,Each,Each,Refurbished,Y,1.000000,Same Day,,,,
453561665772,Avante Health Solutions,PHILIPS,"Cable Assy, MCM to B/W Printer, USB",Call for Quote,2.5 time exhange cost,Call for Quote,1.5 time exhange cost,Each,Each,Refurbished,Y,2.000000,Same Day,,,,
5272157,Avante Health Solutions,GE,Cherokee Power Supply 48Vdc 1KW,Call for Quote,2.5 time exhange cost,Call for Quote,1.5 time exhange cost,Each,Each,Refurbished,Y,1.000000,Same Day,,,,
5272157-3,Avante Health Solutions,GE,GECP 48V DC 1kW Supply with Ferrite Filter RoHS,Call for Quote,2.5 time exhange cost,Call for Quote,1.5 time exhange cost,Each,Each,Refurbished,Y,1.000000,Same Day,,,,
5272357-2,Avante Health Solutions,GE,GE Main Cable Harness,Call for Quote,2.5 time exhange cost,Call for Quote,1.5 time exhange cost,Each,Each,Refurbished,Y,9.000000,Same Day,,,,
5305821,Avante Health Solutions,GE,"Bracket, LH Base Mounting, VCT HD",Call for Quote,2.5 time exhange cost,Call for Quote,1.5 time exhange cost,Each,Each,Refurbished,Y,1.000000,Same Day,,,,
5308760-3-N,Avante Health Solutions,Multiple,Seagate Barracuda 250GB SATA,Call for Quote,2.5 time exhange cost,Call for Quote,1.5 time exhange cost,Each,Each,New OEM Original,Y,1.000000,Same Day,,,,
5309861,Avante Health Solutions,GE,TSSC IQ Harmony,Call for Quote,2.5 time exhange cost,Call for Quote,1.5 time exhange cost,Each,Each,Refurbished,Y,2.000000,Same Day,,,,
5310000-3,Avante Health Solutions,,Right CT Control Panel for HDCT with Blue LEDs,Call for Quote,2.5 time exhange cost,Call for Quote,1.5 time exhange cost,Each,Each,Refurbished,Y,9.000000,Same Day,,,,
5311643-2,Avante Health Solutions,GE,Transmitter Assembly for GE Discovery HD750,Call for Quote,2.5 time exhange cost,Call for Quote,1.5 time exhange cost,Each,Each,Refurbished,Y,2.000000,Same Day,,,,
5315028,Avante Health Solutions,GE,"LOGIQ P3, Power Distribution Board",Call for Quote,2.5 time exhange cost,Call for Quote,1.5 time exhange cost,Each,Each,Refurbished,Y,1.000000,Same Day,,,,
5316029,Avante Health Solutions,GE,SCIM (Black) for GOC 6.5,Call for Quote,2.5 time exhange cost,Call for Quote,1.5 time exhange cost,Each,Each,Refurbished,Y,1.000000,Same Day,,,,
5316340-2,Avante Health Solutions,GE,Air Filter ASM with Handle- Old Casting,Call for Quote,2.5 time exhange cost,Call for Quote,1.5 time exhange cost,Each,Each,Refurbished,Y,1.000000,Same Day,,,,
459800387582,Avante Health Solutions,Philips,PD.SCOMP.DCPS_24V_12V_5V,Call for Quote,2.5 time exhange cost,Call for Quote,1.5 time exhange cost,Each,Each,Refurbished,Y,4.000000,Same Day,,,,
459800389631,Avante Health Solutions,Philips,AD7XNT Brake Assy Longitudinal,Call for Quote,2.5 time exhange cost,Call for Quote,1.5 time exhange cost,Each,Each,Refurbished,Y,1.000000,Same Day,,,,
459800418011,Avante Health Solutions,,Gantry Display,Call for Quote,2.5 time exhange cost,Call for Quote,1.5 time exhange cost,Each,Each,Refurbished,Y,1.000000,Same Day,,,,
459800911271,Avante Health Solutions,Philips,TDMS V2 Module Class A FRU,Call for Quote,2.5 time exhange cost,Call for Quote,1.5 time exhange cost,Each,Each,Refurbished,Y,1.000000,Same Day,,,,
459800998531,Avante Health Solutions,,computer tower,Call for Quote,2.5 time exhange cost,Call for Quote,1.5 time exhange cost,Each,Each,Refurbished,Y,1.000000,Same Day,,,,
459801363051,Avante Health Solutions,Philips,DETECTOR COVER FD15,Call for Quote,2.5 time exhange cost,Call for Quote,1.5 time exhange cost,Each,Each,Refurbished,Y,1.000000,Same Day,,,,
459801402661-N,Avante Health Solutions,Philips,Ball Bearing Service Kit,Call for Quote,2.5 time exhange cost,Call for Quote,1.5 time exhange cost,Each,Each,New OEM Original,Y,1.000000,Same Day,,,,
46-220277P22-N,Avante Health Solutions,GE,External Radial Retaining Ring,Call for Quote,2.5 time exhange cost,Call for Quote,1.5 time exhange cost,Each,Each,New OEM Original,Y,5.000000,Same Day,,,,
46-229455P1,Avante Health Solutions,GE,Fan Tube Axial,Call for Quote,2.5 time exhange cost,Call for Quote,1.5 time exhange cost,Each,Each,Refurbished,Y,1.000000,Same Day,,,,
46-282388P3-N,Avante Health Solutions,GE,"3/8"" Pitch Gearbelt 1"" Wide 19.5"" L Drive Belt",Call for Quote,2.5 time exhange cost,Call for Quote,1.5 time exhange cost,Each,Each,New OEM Original,Y,1.000000,Same Day,,,,
46296259P3,Avante Health Solutions,GE,Adapter Coupling,Call for Quote,2.5 time exhange cost,Call for Quote,1.5 time exhange cost,Each,Each,Refurbished,Y,1.000000,Same Day,,,,
46-317758P21-N,Avante Health Solutions,,15 footer call ball with a tube,Call for Quote,2.5 time exhange cost,Call for Quote,1.5 time exhange cost,Each,Each,New OEM Original,Y,1.000000,Same Day,,,,
459800251591,Avante Health Solutions,Philips,IP PC Revised,Call for Quote,2.5 time exhange cost,Call for Quote,1.5 time exhange cost,Each,Each,Refurbished,Y,1.000000,Same Day,,,,
459800265772,Avante Health Solutions,Philips,GEO IO Box,Call for Quote,2.5 time exhange cost,Call for Quote,1.5 time exhange cost,Each,Each,Refurbished,Y,2.000000,Same Day,,,,
459800265801,Avante Health Solutions,Philips,Hybrid Extension Box,Call for Quote,2.5 time exhange cost,Call for Quote,1.5 time exhange cost,Each,Each,Refurbished,Y,2.000000,Same Day,,,,
459800293001-N,Avante Health Solutions,Philips,5V PSU (Medical),Call for Quote,2.5 time exhange cost,Call for Quote,1.5 time exhange cost,Each,Each,New OEM Original,Y,3.000000,Same Day,,,,
459800298761,Avante Health Solutions,,AC Control Unit PCB,Call for Quote,2.5 time exhange cost,Call for Quote,1.5 time exhange cost,Each,Each,Refurbished,Y,2.000000,Same Day,,,,
459800325761,Avante Health Solutions,Philips,"Brush, Signal Block Assembly",Call for Quote,2.5 time exhange cost,Call for Quote,1.5 time exhange cost,Each,Each,Refurbished,Y,1.000000,Same Day,,,,
459800328831-N,Avante Health Solutions,Philips,Tape Switch Transition Bd Assy,Call for Quote,2.5 time exhange cost,Call for Quote,1.5 time exhange cost,Each,Each,New OEM Original,Y,2.000000,Same Day,,,,
459800359381,Avante Health Solutions,,POWER SUPPLY TRIPLE OUTPUT,Call for Quote,2.5 time exhange cost,Call for Quote,1.5 time exhange cost,Each,Each,Refurbished,Y,6.000000,Same Day,,,,
459800420153,Avante Health Solutions,Philips,GEO Non-Tilt Module WP,Call for Quote,2.5 time exhange cost,Call for Quote,1.5 time exhange cost,Each,Each,Refurbished,Y,16.000000,Same Day,,,,
459800420154,Avante Health Solutions,Philips,GEO Non-Tilt Module WP,Call for Quote,2.5 time exhange cost,Call for Quote,1.5 time exhange cost,Each,Each,Refurbished,Y,14.000000,Same Day,,,,
459800488101,Avante Health Solutions,,"ASSY, HORIZONTAL LIMIT SW, IN",Call for Quote,2.5 time exhange cost,Call for Quote,1.5 time exhange cost,Each,Each,Refurbished,Y,1.000000,Same Day,,,,
459800488211,Avante Health Solutions,,"ASSY, HORIZONTAL LIMIT SW, OUT",Call for Quote,2.5 time exhange cost,Call for Quote,1.5 time exhange cost,Each,Each,Refurbished,Y,1.000000,Same Day,,,,
4689428,Avante Health Solutions,Siemens,B711 Angle Encoder 10000 IMP/U 2-Kannal,Call for Quote,2.5 time exhange cost,Call for Quote,1.5 time exhange cost,Each,Each,Refurbished,Y,1.000000,Same Day,,,,
46904926G03,Avante Health Solutions,GE,TIRC INTERFACE BOARD,Call for Quote,2.5 time exhange cost,Call for Quote,1.5 time exhange cost,Each,Each,Refurbished,Y,1.000000,Same Day,,,,
4806159,Avante Health Solutions,Siemens,Tube Cooling Unit,Call for Quote,2.5 time exhange cost,Call for Quote,1.5 time exhange cost,Each,Each,Refurbished,Y,1.000000,Same Day,,,,
500GB SATA LAPTOP SSD,Avante Health Solutions,,500GB SATA LAPTOP SSD (Solid State Drive),Call for Quote,2.5 time exhange cost,Call for Quote,1.5 time exhange cost,Each,Each,Refurbished,Y,2.000000,Same Day,,,,
5105346-3,Avante Health Solutions,GE,Smart Oil Pump,Call for Quote,2.5 time exhange cost,Call for Quote,1.5 time exhange cost,Each,Each,Refurbished,Y,1.000000,Same Day,,,,
5113450CLASS1,Avante Health Solutions,GE,Detector Module Class 1 Sherlock Detector,Call for Quote,2.5 time exhange cost,Call for Quote,1.5 time exhange cost,Each,Each,Refurbished,Y,5.000000,Same Day,,,,
5113710,Avante Health Solutions,GE,VCT DIFB,Call for Quote,2.5 time exhange cost,Call for Quote,1.5 time exhange cost,Each,Each,Refurbished,Y,24.000000,Same Day,,,,
5114533-2,Avante Health Solutions,GE,VIG-3 Westville,Call for Quote,2.5 time exhange cost,Call for Quote,1.5 time exhange cost,Each,Each,Refurbished,Y,3.000000,Same Day,,,,
5114536-11,Avante Health Solutions,GE,"Seagate Cheetah 15K Hard Drive, 73gb, Ultra320 SCSI, 8MB Cache, 80 pin",Call for Quote,2.5 time exhange cost,Call for Quote,1.5 time exhange cost,Each,Each,Refurbished,Y,16.000000,Same Day,,,,
5114647,Avante Health Solutions,GE,Power Interface Fuses F5/F6,Call for Quote,2.5 time exhange cost,Call for Quote,1.5 time exhange cost,Each,Each,Refurbished,Y,1.000000,Same Day,,,,
51154975,Avante Health Solutions,GE,Coolix 4000 Chiller,Call for Quote,2.5 time exhange cost,Call for Quote,1.5 time exhange cost,Each,Each,Refurbished,Y,1.000000,Same Day,,,,
51154976,Avante Health Solutions,GE,Coolix 4000 Tube Chiller,Call for Quote,2.5 time exhange cost,Call for Quote,1.5 time exhange cost,Each,Each,Refurbished,Y,1.000000,Same Day,,,,
459800508461,Avante Health Solutions,,PD.ASSY BASE FAN UNIT KIT,Call for Quote,2.5 time exhange cost,Call for Quote,1.5 time exhange cost,Each,Each,Refurbished,Y,1.000000,Same Day,,,,
459800544041,Avante Health Solutions,Philips,HOST PC BIPLANE REV. II,Call for Quote,2.5 time exhange cost,Call for Quote,1.5 time exhange cost,Each,Each,Refurbished,Y,2.000000,Same Day,,,,
459800623432,Avante Health Solutions,Philips,ASSEMBLY VERTICAL CONTROL,Call for Quote,2.5 time exhange cost,Call for Quote,1.5 time exhange cost,Each,Each,Refurbished,Y,1.000000,Same Day,,,,
459800667681,Avante Health Solutions,Philips,D-SUB PIN SET,Call for Quote,2.5 time exhange cost,Call for Quote,1.5 time exhange cost,Each,Each,Refurbished,Y,2.000000,Same Day,,,,
459800678201,Avante Health Solutions,Philips,TDMS V2 M.Det Class A Detector Module,Call for Quote,2.5 time exhange cost,Call for Quote,1.5 time exhange cost,Each,Each,Refurbished,Y,2.000000,Same Day,,,,
459800711201,Avante Health Solutions,PHILIPS,"ASSY, QPHASE ENCODER",Call for Quote,2.5 time exhange cost,Call for Quote,1.5 time exhange cost,Each,Each,Refurbished,Y,1.000000,Same Day,,,,
459801112811,Avante Health Solutions,,Allura Haswell Monoplane Host PC,Call for Quote,2.5 time exhange cost,Call for Quote,1.5 time exhange cost,Each,Each,Refurbished,Y,1.000000,Same Day,,,,
459801403201,Avante Health Solutions,Philips,"Kit, Encoder Belt",Call for Quote,2.5 time exhange cost,Call for Quote,1.5 time exhange cost,Each,Each,Refurbished,Y,1.000000,Same Day,,,,
459801412392-N,Avante Health Solutions,Philips / Geffen,EXT-PS24U8AN-6 matrix power supply,Call for Quote,2.5 time exhange cost,Call for Quote,1.5 time exhange cost,Each,Each,New OEM Original,Y,4.000000,Same Day,,,,
46-186462G1,Avante Health Solutions,GE,CKT Board (AZ ZERO DETECTOR BOARD),Call for Quote,2.5 time exhange cost,Call for Quote,1.5 time exhange cost,Each,Each,Refurbished,Y,1.000000,Same Day,,,,
46-271921P1,Avante Health Solutions,GE,Up Limit Cable w/ Brass eye Bolt,Call for Quote,2.5 time exhange cost,Call for Quote,1.5 time exhange cost,Each,Each,Refurbished,Y,1.000000,Same Day,,,,
46-281256P1-N,Avante Health Solutions,GE,Contact Band,Call for Quote,2.5 time exhange cost,Call for Quote,1.5 time exhange cost,Each,Each,New OEM Original,Y,5.000000,Same Day,,,,
453567069981,Avante Health Solutions,Philips,ACCU Assy.,Call for Quote,2.5 time exhange cost,Call for Quote,1.5 time exhange cost,Each,Each,Refurbished,Y,10.000000,Same Day,,,,
453567075341,Avante Health Solutions,Philips,Transformer,Call for Quote,2.5 time exhange cost,Call for Quote,1.5 time exhange cost,Each,Each,Refurbished,Y,4.000000,Same Day,,,,
453567080321,Avante Health Solutions,Philips,Line Filter,Call for Quote,2.5 time exhange cost,Call for Quote,1.5 time exhange cost,Each,Each,Refurbished,Y,1.000000,Same Day,,,,
453567084501,Avante Health Solutions,Philips,CGMP,Call for Quote,2.5 time exhange cost,Call for Quote,1.5 time exhange cost,Each,Each,Refurbished,Y,4.000000,Same Day,,,,
453567098191,Avante Health Solutions,Philips,Bi-Directional Transceiver,Call for Quote,2.5 time exhange cost,Call for Quote,1.5 time exhange cost,Each,Each,Refurbished,Y,3.000000,Same Day,,,,
453567102351-N,Avante Health Solutions,Philips,"FIBER ASSY,BI-DIR, ROTOR, TRANS.2 FIBERS",Call for Quote,2.5 time exhange cost,Call for Quote,1.5 time exhange cost,Each,Each,New OEM Original,Y,3.000000,Same Day,,,,
453567112661,Avante Health Solutions,Philips,Bi-Directional Interface Box,Call for Quote,2.5 time exhange cost,Call for Quote,1.5 time exhange cost,Each,Each,Refurbished,Y,6.000000,Same Day,,,,
453567116541,Avante Health Solutions,PHILIPS,"CBL, CABLE CAN TERMINATOR",Call for Quote,2.5 time exhange cost,Call for Quote,1.5 time exhange cost,Each,Each,Refurbished,Y,1.000000,Same Day,,,,
453567136681,Avante Health Solutions,PHILIPS,"CBL, CABLE, BR40 JTAG RCOM",Call for Quote,2.5 time exhange cost,Call for Quote,1.5 time exhange cost,Each,Each,Refurbished,Y,1.000000,Same Day,,,,
453567191901,Avante Health Solutions,Philips,LINKAGE ASSEMBLY-HORIZ.DRIVE,Call for Quote,2.5 time exhange cost,Call for Quote,1.5 time exhange cost,Each,Each,Refurbished,Y,1.000000,Same Day,,,,
453567307141,Avante Health Solutions,Philips,Couch Motor Encoder Assy,Call for Quote,2.5 time exhange cost,Call for Quote,1.5 time exhange cost,Each,Each,Refurbished,Y,1.000000,Same Day,,,,
453567363761,Avante Health Solutions,Philips,Rotor Power Distrubution RPD A,Call for Quote,2.5 time exhange cost,Call for Quote,1.5 time exhange cost,Each,Each,Refurbished,Y,1.000000,Same Day,,,,
46-297805G1,Avante Health Solutions,GE,Plug Assy,Call for Quote,2.5 time exhange cost,Call for Quote,1.5 time exhange cost,Each,Each,Refurbished,Y,1.000000,Same Day,,,,
471053902,Avante Health Solutions,GE,CISCO PIX 501 FIREWALL WITH POWER SOURCE,Call for Quote,2.5 time exhange cost,Call for Quote,1.5 time exhange cost,Each,Each,Refurbished,Y,1.000000,Same Day,,,,
4777020,Avante Health Solutions,Siemens,ARTIS FOOTSWITCH,Call for Quote,2.5 time exhange cost,Call for Quote,1.5 time exhange cost,Each,Each,Refurbished,Y,4.000000,Same Day,,,,
4822628,Avante Health Solutions,Siemens,D51 Delphi 09%,Call for Quote,2.5 time exhange cost,Call for Quote,1.5 time exhange cost,Each,Each,Refurbished,Y,5.000000,Same Day,,,,
4822628K1138,Avante Health Solutions,,D515 BOARD,Call for Quote,2.5 time exhange cost,Call for Quote,1.5 time exhange cost,Each,Each,Refurbished,Y,2.000000,Same Day,,,,
4822784K1138,Avante Health Solutions,Siemens,MIC-GAN D342 BOARD,Call for Quote,2.5 time exhange cost,Call for Quote,1.5 time exhange cost,Each,Each,Refurbished,Y,1.000000,Same Day,,,,
4GB SCSI50 HDD,Avante Health Solutions,MULTIPLE,4GB 50 PIN SCSI HDD,Call for Quote,2.5 time exhange cost,Call for Quote,1.5 time exhange cost,Each,Each,Refurbished,Y,1.000000,Same Day,,,,
4K INSTALL KIT,Avante Health Solutions,Multiple,4K Install Kit,Call for Quote,2.5 time exhange cost,Call for Quote,1.5 time exhange cost,Each,Each,Refurbished,Y,8.000000,Same Day,,,,
500GB SATA HDD,Avante Health Solutions,MULTIPLE,500GB SATA PC HDD (Hard Disk Drive),Call for Quote,2.5 time exhange cost,Call for Quote,1.5 time exhange cost,Each,Each,Refurbished,Y,4.000000,Same Day,,,,
5111348,Avante Health Solutions,GE,"LOGIQ 7, EBUS 3T Assembly",Call for Quote,2.5 time exhange cost,Call for Quote,1.5 time exhange cost,Each,Each,Refurbished,Y,1.000000,Same Day,,,,
5113745-4,Avante Health Solutions,GE,ORP ASSY,Call for Quote,2.5 time exhange cost,Call for Quote,1.5 time exhange cost,Each,Each,Refurbished,Y,3.000000,Same Day,,,,
5114120,Avante Health Solutions,GE,GTCB J10 Tp Speaker Positioning GT,Call for Quote,2.5 time exhange cost,Call for Quote,1.5 time exhange cost,Each,Each,Refurbished,Y,1.000000,Same Day,,,,
5118961,Avante Health Solutions,GE,"Cable, Limit Switch Cable Positioning GT",Call for Quote,2.5 time exhange cost,Call for Quote,1.5 time exhange cost,Each,Each,Refurbished,Y,1.000000,Same Day,,,,
5119130,Avante Health Solutions,,J102 TO J112 Positioning GT Cable,Call for Quote,2.5 time exhange cost,Call for Quote,1.5 time exhange cost,Each,Each,Refurbished,Y,1.000000,Same Day,,,,
5122207-2,Avante Health Solutions,GE,Absolute Encoder for Cradle GT,Call for Quote,2.5 time exhange cost,Call for Quote,1.5 time exhange cost,Each,Each,Refurbished,Y,2.000000,Same Day,,,,
5122208-2,Avante Health Solutions,GE,Absolute Encoder for IMS GT,Call for Quote,2.5 time exhange cost,Call for Quote,1.5 time exhange cost,Each,Each,Refurbished,Y,1.000000,Same Day,,,,
5123175,Avante Health Solutions,GE,GITANE V-7 V-9,Call for Quote,2.5 time exhange cost,Call for Quote,1.5 time exhange cost,Each,Each,Refurbished,Y,3.000000,Same Day,,,,
5125780,Avante Health Solutions,GE,GTCN J1 Cable,Call for Quote,2.5 time exhange cost,Call for Quote,1.5 time exhange cost,Each,Each,Refurbished,Y,1.000000,Same Day,,,,
51276092,Avante Health Solutions,GE,Cardio Collimator,Call for Quote,2.5 time exhange cost,Call for Quote,1.5 time exhange cost,Each,Each,Refurbished,Y,1.000000,Same Day,,,,
5127609-2,Avante Health Solutions,GE,COLLIMATOR / CARDIAC,Call for Quote,2.5 time exhange cost,Call for Quote,1.5 time exhange cost,Each,Each,Refurbished,Y,1.000000,Same Day,,,,
51276096,Avante Health Solutions,GE,Cardio Collimator,Call for Quote,2.5 time exhange cost,Call for Quote,1.5 time exhange cost,Each,Each,Refurbished,Y,1.000000,Same Day,,,,
5127674-2,Avante Health Solutions,GE,Linear Scale,Call for Quote,2.5 time exhange cost,Call for Quote,1.5 time exhange cost,Each,Each,Refurbished,Y,1.000000,Same Day,,,,
5129201,Avante Health Solutions,GE,Upper and Lower Tube Cover Set,Call for Quote,2.5 time exhange cost,Call for Quote,1.5 time exhange cost,Each,Each,Refurbished,Y,1.000000,Same Day,,,,
5129394-2,Avante Health Solutions,GE,VCT GT2000 Cradle Cover w/GE Medallion,Call for Quote,2.5 time exhange cost,Call for Quote,1.5 time exhange cost,Each,Each,Refurbished,Y,2.000000,Same Day,,,,
453561672781,Avante Health Solutions,PHILIPS,"HANDLE, LEFT IU/IE",Call for Quote,2.5 time exhange cost,Call for Quote,1.5 time exhange cost,Each,Each,Refurbished,Y,1.000000,Same Day,,,,
453561675441,Avante Health Solutions,PHILIPS,EPIQ 7 - DVD DRIVE,Call for Quote,2.5 time exhange cost,Call for Quote,1.5 time exhange cost,Each,Each,Refurbished,Y,2.000000,Same Day,,,,
453561679322,Avante Health Solutions,PHILIPS,"WHEEL, COVER, MID GRAY",Call for Quote,2.5 time exhange cost,Call for Quote,1.5 time exhange cost,Each,Each,Refurbished,Y,4.000000,Same Day,,,,
453561681412,Avante Health Solutions,PHILIPS,"EPIQ 7, CASTER,FREE SWIVEL,ULTRA DARK GRAY REAR",Call for Quote,2.5 time exhange cost,Call for Quote,1.5 time exhange cost,Each,Each,Refurbished,Y,2.000000,Same Day,,,,
453561681957,Avante Health Solutions,PHILIPS,Epiq 5G Control Panel Handle Assembly,Call for Quote,2.5 time exhange cost,Call for Quote,1.5 time exhange cost,Each,Each,Refurbished,Y,2.000000,Same Day,,,,
453561683651,Avante Health Solutions,PHILIPS,"Cable, DVD Power",Call for Quote,2.5 time exhange cost,Call for Quote,1.5 time exhange cost,Each,Each,Refurbished,Y,3.000000,Same Day,,,,
453561699282,Avante Health Solutions,PHILIPS,"Philips Nameplate, Cardio, A70",Call for Quote,2.5 time exhange cost,Call for Quote,1.5 time exhange cost,Each,Each,Refurbished,Y,1.000000,Same Day,,,,
453561700442,Avante Health Solutions,PHILIPS,"EPIQ 7C, 21.5in System Display",Call for Quote,2.5 time exhange cost,Call for Quote,1.5 time exhange cost,Each,Each,Refurbished,Y,5.000000,Same Day,,,,
453561704941,Avante Health Solutions,PHILIPS,"BEZEL, KEYBOARD WITH HARDWARE",Call for Quote,2.5 time exhange cost,Call for Quote,1.5 time exhange cost,Each,Each,Refurbished,Y,1.000000,Same Day,,,,
453561714352,Avante Health Solutions,PHILIPS,"EPIQ 7, COMPUTER ASSEMBLY (ECA)",Call for Quote,2.5 time exhange cost,Call for Quote,1.5 time exhange cost,Each,Each,Refurbished,Y,1.000000,Same Day,,,,
453561716461,Avante Health Solutions,PHILIPS,"Kit, Physio Cable (Stress Echo) Includes: 2 Phono adapters, 1 phono plug, 1 9P DSUB",Call for Quote,2.5 time exhange cost,Call for Quote,1.5 time exhange cost,Each,Each,Refurbished,Y,1.000000,Same Day,,,,
453567374082,Avante Health Solutions,Philips,Triple Output Power Supply,Call for Quote,2.5 time exhange cost,Call for Quote,1.5 time exhange cost,Each,Each,Refurbished,Y,16.000000,Same Day,,,,
453567374731,Avante Health Solutions,philips,SATA hard drive,Call for Quote,2.5 time exhange cost,Call for Quote,1.5 time exhange cost,Each,Each,Refurbished,Y,3.000000,Same Day,,,,
453567379071,Avante Health Solutions,Philips,"Antenna Carrier, Stator Control Receiver",Call for Quote,2.5 time exhange cost,Call for Quote,1.5 time exhange cost,Each,Each,Refurbished,Y,1.000000,Same Day,,,,
453567383651,Avante Health Solutions,,Ovation Temperature Sensor,Call for Quote,2.5 time exhange cost,Call for Quote,1.5 time exhange cost,Each,Each,Refurbished,Y,1.000000,Same Day,,,,
453567387081,Avante Health Solutions,Philips,Big Bore Brush Block Assy,Call for Quote,2.5 time exhange cost,Call for Quote,1.5 time exhange cost,Each,Each,Refurbished,Y,2.000000,Same Day,,,,
453567399181,Avante Health Solutions,Philips,"Assembly, Horizontal Brake, 10 mm Bore",Call for Quote,2.5 time exhange cost,Call for Quote,1.5 time exhange cost,Each,Each,Refurbished,Y,2.000000,Same Day,,,,
453567427931,Avante Health Solutions,Philips,DMS Capacitors,Call for Quote,2.5 time exhange cost,Call for Quote,1.5 time exhange cost,Each,Each,Refurbished,Y,2.000000,Same Day,,,,
453567431701,Avante Health Solutions,,Unidrive Inductor Assembly,Call for Quote,2.5 time exhange cost,Call for Quote,1.5 time exhange cost,Each,Each,Refurbished,Y,1.000000,Same Day,,,,
453567480371,Avante Health Solutions,Philips,"Filter, 3 Phase, Y",Call for Quote,2.5 time exhange cost,Call for Quote,1.5 time exhange cost,Each,Each,Refurbished,Y,1.000000,Same Day,,,,
453567483621,Avante Health Solutions,Philips,R2D,Call for Quote,2.5 time exhange cost,Call for Quote,1.5 time exhange cost,Each,Each,Refurbished,Y,7.000000,Same Day,,,,
453567508601,Avante Health Solutions,Philips,"Cover Assy, J-Block, LH",Call for Quote,2.5 time exhange cost,Call for Quote,1.5 time exhange cost,Each,Each,Refurbished,Y,2.000000,Same Day,,,,
453577510050-N,Avante Health Solutions,GE,AU240 X-Ray Tube Assy.,Call for Quote,2.5 time exhange cost,Call for Quote,1.5 time exhange cost,Each,Each,New OEM Original,Y,1.000000,Same Day,,,,
5133506-5,Avante Health Solutions,,TOP SIDE COVER R 1700 ASSY HD,Call for Quote,2.5 time exhange cost,Call for Quote,1.5 time exhange cost,Each,Each,Refurbished,Y,1.000000,Same Day,,,,
5134354,Avante Health Solutions,GE,RP Gantry position pot,Call for Quote,2.5 time exhange cost,Call for Quote,1.5 time exhange cost,Each,Each,Refurbished,Y,5.000000,Same Day,,,,
5136400,Avante Health Solutions,GE,VCT Sherlock Detector Module Class 2,Call for Quote,2.5 time exhange cost,Call for Quote,1.5 time exhange cost,Each,Each,Refurbished,Y,11.000000,Same Day,,,,
5138543,Avante Health Solutions,GE,RP ELEVATOR POT. ASSY.,Call for Quote,2.5 time exhange cost,Call for Quote,1.5 time exhange cost,Each,Each,Refurbished,Y,5.000000,Same Day,,,,
5139590-2,Avante Health Solutions,GE,Left CT Control Panel - White (N9) Bezel with Green LED's,Call for Quote,2.5 time exhange cost,Call for Quote,1.5 time exhange cost,Each,Each,Refurbished,Y,2.000000,Same Day,,,,
5140589-5,Avante Health Solutions,GE,Pressure Sensor,Call for Quote,2.5 time exhange cost,Call for Quote,1.5 time exhange cost,Each,Each,Refurbished,Y,5.000000,Same Day,,,,
5143779,Avante Health Solutions,GE,Cable CFC J6 to DHC J2,Call for Quote,2.5 time exhange cost,Call for Quote,1.5 time exhange cost,Each,Each,Refurbished,Y,1.000000,Same Day,,,,
5144580-2,Avante Health Solutions,GE,"GE LOGIQ A5, P2RLY Assembly",Call for Quote,2.5 time exhange cost,Call for Quote,1.5 time exhange cost,Each,Each,Refurbished,Y,3.000000,Same Day,,,,
5144582-2,Avante Health Solutions,GE,"LOGIQ P5, ACW ASSEMBLY",Call for Quote,2.5 time exhange cost,Call for Quote,1.5 time exhange cost,Each,Each,Refurbished,Y,2.000000,Same Day,,,,
5144588,Avante Health Solutions,GE,Logiq P5 ASIG Assy.,Call for Quote,2.5 time exhange cost,Call for Quote,1.5 time exhange cost,Each,Each,Refurbished,Y,7.000000,Same Day,,,,
51457803,Avante Health Solutions,GE,Smart Box IQ,Call for Quote,2.5 time exhange cost,Call for Quote,1.5 time exhange cost,Each,Each,Refurbished,Y,4.000000,Same Day,,,,
5147225-2,Avante Health Solutions,GE,1.5T HD Quad Extremity Coil Assy,Call for Quote,2.5 time exhange cost,Call for Quote,1.5 time exhange cost,Each,Each,Refurbished,Y,1.000000,Same Day,,,,
5316832,Avante Health Solutions,GE,Blower Heater Assy.,Call for Quote,2.5 time exhange cost,Call for Quote,1.5 time exhange cost,Each,Each,Refurbished,Y,5.000000,Same Day,,,,
5323337,Avante Health Solutions,GE,Fan Cable - LHI,Call for Quote,2.5 time exhange cost,Call for Quote,1.5 time exhange cost,Each,Each,Refurbished,Y,1.000000,Same Day,,,,
5323338,Avante Health Solutions,GE,RS-232 Cable-LHI,Call for Quote,2.5 time exhange cost,Call for Quote,1.5 time exhange cost,Each,Each,Refurbished,Y,2.000000,Same Day,,,,
5324556-2,Avante Health Solutions,GE,"VOLUSON S6, COM EXPRESS MODULE WITH INTELCORE 2",Call for Quote,2.5 time exhange cost,Call for Quote,1.5 time exhange cost,Each,Each,Refurbished,Y,3.000000,Same Day,,,,
5326834,Avante Health Solutions,GE,VCT Oil Pump Rev 7,Call for Quote,2.5 time exhange cost,Call for Quote,1.5 time exhange cost,Each,Each,Refurbished,Y,1.000000,Same Day,,,,
5327118,Avante Health Solutions,GE,"P5, APS <PRO> Assy",Call for Quote,2.5 time exhange cost,Call for Quote,1.5 time exhange cost,Each,Each,Refurbished,Y,1.000000,Same Day,,,,
5329113,Avante Health Solutions,GE,Cable RCIB2 ORP to Inverter,Call for Quote,2.5 time exhange cost,Call for Quote,1.5 time exhange cost,Each,Each,Refurbished,Y,1.000000,Same Day,,,,
5332239,Avante Health Solutions,GE,"Scan Window Assy, White",Call for Quote,2.5 time exhange cost,Call for Quote,1.5 time exhange cost,Each,Each,Refurbished,Y,4.000000,Same Day,,,,
5332264,Avante Health Solutions,GE,"Gantry Control Panel, Left",Call for Quote,2.5 time exhange cost,Call for Quote,1.5 time exhange cost,Each,Each,Refurbished,Y,1.000000,Same Day,,,,
5332507-N,Avante Health Solutions,GE,Ulysse Water Hose,Call for Quote,2.5 time exhange cost,Call for Quote,1.5 time exhange cost,Each,Each,New OEM Original,Y,1.000000,Same Day,,,,
5350798,Avante Health Solutions,GE,Small Signal Type 1 Tip Kit 4 ea in a bag,Call for Quote,2.5 time exhange cost,Call for Quote,1.5 time exhange cost,Each,Each,Refurbished,Y,3.000000,Same Day,,,,
5357234-20,Avante Health Solutions,GE,"LOGIQ S8, BF192 ASSY.",Call for Quote,2.5 time exhange cost,Call for Quote,1.5 time exhange cost,Each,Each,Refurbished,Y,1.000000,Same Day,,,,
5114146,Avante Health Solutions,GE,Misc. Limit Switch Cables for VCT GT Tables,Call for Quote,2.5 time exhange cost,Call for Quote,1.5 time exhange cost,Each,Each,Refurbished,Y,1.000000,Same Day,,,,
5114148,Avante Health Solutions,GE,GTCN to Liner Scale Positioning CT,Call for Quote,2.5 time exhange cost,Call for Quote,1.5 time exhange cost,Each,Each,Refurbished,Y,1.000000,Same Day,,,,
5115334,Avante Health Solutions,GE,Ethernet 8-Port GB Switch,Call for Quote,2.5 time exhange cost,Call for Quote,1.5 time exhange cost,Each,Each,Refurbished,Y,1.000000,Same Day,,,,
5116570-3,Avante Health Solutions,GE,GTTS Board Assy Positioning GT,Call for Quote,2.5 time exhange cost,Call for Quote,1.5 time exhange cost,Each,Each,Refurbished,Y,2.000000,Same Day,,,,
5117724,Avante Health Solutions,GE,AC IN OUT 100V MAIN PS (Logic 7),Call for Quote,2.5 time exhange cost,Call for Quote,1.5 time exhange cost,Each,Each,Refurbished,Y,1.000000,Same Day,,,,
51178665,Avante Health Solutions,GE,ST373453LW Seagate 73.4GB 15K RPM 68 Pin Ultra320 Hard Drive,Call for Quote,2.5 time exhange cost,Call for Quote,1.5 time exhange cost,Each,Each,Refurbished,Y,10.000000,Same Day,,,,
5120579,Avante Health Solutions,GE,TS_IMS_LEFT Positioning GT,Call for Quote,2.5 time exhange cost,Call for Quote,1.5 time exhange cost,Each,Each,Refurbished,Y,1.000000,Same Day,,,,
5120640,Avante Health Solutions,GE,Harness - MSUB J8 to Covers - EMC Edition 2,Call for Quote,2.5 time exhange cost,Call for Quote,1.5 time exhange cost,Each,Each,Refurbished,Y,1.000000,Same Day,,,,
5120645-2,Avante Health Solutions,GE,Cable J9,Call for Quote,2.5 time exhange cost,Call for Quote,1.5 time exhange cost,Each,Each,Refurbished,Y,1.000000,Same Day,,,,
5124911,Avante Health Solutions,GE,"HARNESS, MSUB-J23 TO ENCODER",Call for Quote,2.5 time exhange cost,Call for Quote,1.5 time exhange cost,Each,Each,Refurbished,Y,1.000000,Same Day,,,,
5127469-N,Avante Health Solutions,GE,Touch Sensor Left 2000 Assembly Positioning GT,Call for Quote,2.5 time exhange cost,Call for Quote,1.5 time exhange cost,Each,Each,New OEM Original,Y,1.000000,Same Day,,,,
5147442-3,Avante Health Solutions,GE,DARC,Call for Quote,2.5 time exhange cost,Call for Quote,1.5 time exhange cost,Each,Each,Refurbished,Y,1.000000,Same Day,,,,
5148768,Avante Health Solutions,GE,Left Fan,Call for Quote,2.5 time exhange cost,Call for Quote,1.5 time exhange cost,Each,Each,Refurbished,Y,1.000000,Same Day,,,,
5150071,Avante Health Solutions,GE,Rotating side CFC Assy VCT/HD,Call for Quote,2.5 time exhange cost,Call for Quote,1.5 time exhange cost,Each,Each,Refurbished,Y,2.000000,Same Day,,,,
5159834-2,Avante Health Solutions,GE,VIG-2 (Jr),Call for Quote,2.5 time exhange cost,Call for Quote,1.5 time exhange cost,Each,Each,Refurbished,Y,1.000000,Same Day,,,,
5160182,Avante Health Solutions,GE,"Harness, Tilt Side Fan Control",Call for Quote,2.5 time exhange cost,Call for Quote,1.5 time exhange cost,Each,Each,Refurbished,Y,1.000000,Same Day,,,,
5161814-2,Avante Health Solutions,GE,"Backplane, Logiq E9",Call for Quote,2.5 time exhange cost,Call for Quote,1.5 time exhange cost,Each,Each,Refurbished,Y,1.000000,Same Day,,,,
5164727,Avante Health Solutions,GE,CFC Housing For Degree Controls Board,Call for Quote,2.5 time exhange cost,Call for Quote,1.5 time exhange cost,Each,Each,Refurbished,Y,1.000000,Same Day,,,,
51647831,Avante Health Solutions,GE,DIPB BOARD RTAC 6,Call for Quote,2.5 time exhange cost,Call for Quote,1.5 time exhange cost,Each,Each,Refurbished,Y,1.000000,Same Day,,,,
5166108-2,Avante Health Solutions,GE,"P5, APS Assy",Call for Quote,2.5 time exhange cost,Call for Quote,1.5 time exhange cost,Each,Each,Refurbished,Y,1.000000,Same Day,,,,
5166418,Avante Health Solutions,GE,PIB,Call for Quote,2.5 time exhange cost,Call for Quote,1.5 time exhange cost,Each,Each,Refurbished,Y,1.000000,Same Day,,,,
5167141,Avante Health Solutions,GE,MOTHER REGULATION BOARD,Call for Quote,2.5 time exhange cost,Call for Quote,1.5 time exhange cost,Each,Each,Refurbished,Y,1.000000,Same Day,,,,
5167143,Avante Health Solutions,GE,MOTHER REG. BRD.,Call for Quote,2.5 time exhange cost,Call for Quote,1.5 time exhange cost,Each,Each,Refurbished,Y,1.000000,Same Day,,,,
5127986,Avante Health Solutions,GE,21cm Digital Detector,Call for Quote,2.5 time exhange cost,Call for Quote,1.5 time exhange cost,Each,Each,Refurbished,Y,2.000000,Same Day,,,,
5132070002,Avante Health Solutions,GE,BACKPLANE POSITIONER,Call for Quote,2.5 time exhange cost,Call for Quote,1.5 time exhange cost,Each,Each,Refurbished,Y,1.000000,Same Day,,,,
5134577-7-006,Avante Health Solutions,GE,MCB,Call for Quote,2.5 time exhange cost,Call for Quote,1.5 time exhange cost,Each,Each,Refurbished,Y,4.000000,Same Day,,,,
5134585,Avante Health Solutions,GE,MOTOR CONTROL BOARD,Call for Quote,2.5 time exhange cost,Call for Quote,1.5 time exhange cost,Each,Each,Refurbished,Y,1.000000,Same Day,,,,
51345856,Avante Health Solutions,GE,MOTOR CONTROL BOARD,Call for Quote,2.5 time exhange cost,Call for Quote,1.5 time exhange cost,Each,Each,Refurbished,Y,3.000000,Same Day,,,,
51345857,Avante Health Solutions,GE,MOTOR CONTROL BOARD,Call for Quote,2.5 time exhange cost,Call for Quote,1.5 time exhange cost,Each,Each,Refurbished,Y,1.000000,Same Day,,,,
5136400-3,Avante Health Solutions,GE,VCT Sherlock Detector Module Class 1,Call for Quote,2.5 time exhange cost,Call for Quote,1.5 time exhange cost,Each,Each,Refurbished,Y,13.000000,Same Day,,,,
5139591,Avante Health Solutions,GE,Right CT Control Panel Mist Control Panel,Call for Quote,2.5 time exhange cost,Call for Quote,1.5 time exhange cost,Each,Each,Refurbished,Y,12.000000,Same Day,,,,
5141353,Avante Health Solutions,GE,Coolix 4000 Quick Connect Nipple Lytron (PN: 430-0652),Call for Quote,2.5 time exhange cost,Call for Quote,1.5 time exhange cost,Each,Each,Refurbished,Y,1.000000,Same Day,,,,
5144586-2,Avante Health Solutions,GE,"LOGIQ P5, ARP Assy 110V",Call for Quote,2.5 time exhange cost,Call for Quote,1.5 time exhange cost,Each,Each,Refurbished,Y,2.000000,Same Day,,,,
51457802,Avante Health Solutions,GE,Smart Box IQ,Call for Quote,2.5 time exhange cost,Call for Quote,1.5 time exhange cost,Each,Each,Refurbished,Y,1.000000,Same Day,,,,
5147443-2,Avante Health Solutions,GE,IG Computer,Call for Quote,2.5 time exhange cost,Call for Quote,1.5 time exhange cost,Each,Each,Refurbished,Y,6.000000,Same Day,,,,
5147473-2,Avante Health Solutions,GE,LCD Assy ( Logiq e R4.x.x / Vivid e R4.x.x 1 1 x x ),Call for Quote,2.5 time exhange cost,Call for Quote,1.5 time exhange cost,Each,Each,Refurbished,Y,1.000000,Same Day,,,,
51650912,Avante Health Solutions,GE,BACKPLANE FRT POS BD,Call for Quote,2.5 time exhange cost,Call for Quote,1.5 time exhange cost,Each,Each,Refurbished,Y,2.000000,Same Day,,,,
5166832,Avante Health Solutions,GE,"BACKPLANE TO BACKPLANE CABLE, VCT, ONE FERRITE",Call for Quote,2.5 time exhange cost,Call for Quote,1.5 time exhange cost,Each,Each,Refurbished,Y,1.000000,Same Day,,,,
5171625,Avante Health Solutions,GE,GE LA5 Main Keyboard Assembly,Call for Quote,2.5 time exhange cost,Call for Quote,1.5 time exhange cost,Each,Each,Refurbished,Y,2.000000,Same Day,,,,
5177597,Avante Health Solutions,GE,Cradle Wheel Bearing - 11 Ball,Call for Quote,2.5 time exhange cost,Call for Quote,1.5 time exhange cost,Each,Each,Refurbished,Y,44.000000,Same Day,,,,
5178242-N,Avante Health Solutions,GE,"COVER, HANDLE LEFT LOWER, ICHIRO",Call for Quote,2.5 time exhange cost,Call for Quote,1.5 time exhange cost,Each,Each,New OEM Original,Y,3.000000,Same Day,,,,
5178474-N,Avante Health Solutions,GE,"COVER, HANDLE RIGHT LOWER, ICHIRO",Call for Quote,2.5 time exhange cost,Call for Quote,1.5 time exhange cost,Each,Each,New OEM Original,Y,2.000000,Same Day,,,,
5189005,Avante Health Solutions,GE,LAT CARRIAGE LIMIT SWITCH SET,Call for Quote,2.5 time exhange cost,Call for Quote,1.5 time exhange cost,Each,Each,Refurbished,Y,1.000000,Same Day,,,,
51895272,Avante Health Solutions,GE,ITUI Touch Screen,Call for Quote,2.5 time exhange cost,Call for Quote,1.5 time exhange cost,Each,Each,Refurbished,Y,2.000000,Same Day,,,,
5189527-2,Avante Health Solutions,GE,GE INNOVA TOUCH SCREEN,Call for Quote,2.5 time exhange cost,Call for Quote,1.5 time exhange cost,Each,Each,Refurbished,Y,1.000000,Same Day,,,,
5192978-2,Avante Health Solutions,GE,Pioneer 48v 5kw Rotating Power Supply,Call for Quote,2.5 time exhange cost,Call for Quote,1.5 time exhange cost,Each,Each,Refurbished,Y,2.000000,Same Day,,,,
5364094,Avante Health Solutions,GE,"CBP Assy, Backplane",Call for Quote,2.5 time exhange cost,Call for Quote,1.5 time exhange cost,Each,Each,Refurbished,Y,2.000000,Same Day,,,,
5364098-2,Avante Health Solutions,GE,"Voluson S6/S8/P8, RFS Assy",Call for Quote,2.5 time exhange cost,Call for Quote,1.5 time exhange cost,Each,Each,Refurbished,Y,7.000000,Same Day,,,,
5371196-20,Avante Health Solutions,GE,"LOGIQ S8, GFS Assy, Midprocessor without SOM, without HDD",Call for Quote,2.5 time exhange cost,Call for Quote,1.5 time exhange cost,Each,Each,Refurbished,Y,2.000000,Same Day,,,,
5371622-52,Avante Health Solutions,GE,HDMR2 B Port 16 Ch Bezel and Harness,Call for Quote,2.5 time exhange cost,Call for Quote,1.5 time exhange cost,Each,Each,Refurbished,Y,1.000000,Same Day,,,,
5380000-1,Avante Health Solutions,GE,"LOGIQ E9, BEP 6.1 LOGIQ E9 R4",Call for Quote,2.5 time exhange cost,Call for Quote,1.5 time exhange cost,Each,Each,Refurbished,Y,6.000000,Same Day,,,,
5380000-2,Avante Health Solutions,GE,"LOGIQ E9, BEP 6.2 LOGIQ E9 R6",Call for Quote,2.5 time exhange cost,Call for Quote,1.5 time exhange cost,Each,Each,Refurbished,Y,4.000000,Same Day,,,,
5393908-4,Avante Health Solutions,GE,"LOGIQ E9, MRX PCB non CW R3.1.2 or later",Call for Quote,2.5 time exhange cost,Call for Quote,1.5 time exhange cost,Each,Each,Refurbished,Y,7.000000,Same Day,,,,
5393910-2,Avante Health Solutions,GE,GE Logiq E9 MRX Backplane,Call for Quote,2.5 time exhange cost,Call for Quote,1.5 time exhange cost,Each,Each,Refurbished,Y,1.000000,Same Day,,,,
5393912,Avante Health Solutions,GE,"E9, Front Plane MRX",Call for Quote,2.5 time exhange cost,Call for Quote,1.5 time exhange cost,Each,Each,Refurbished,Y,10.000000,Same Day,,,,
5394902,Avante Health Solutions,GE,"VIVID S6, ECG RESPIRATION BOARD ASSY",Call for Quote,2.5 time exhange cost,Call for Quote,1.5 time exhange cost,Each,Each,Refurbished,Y,1.000000,Same Day,,,,
5396089-3,Avante Health Solutions,GE,GE UPPER KEYBOARD ASSY - VOLUSON S8,Call for Quote,2.5 time exhange cost,Call for Quote,1.5 time exhange cost,Each,Each,Refurbished,Y,1.000000,Same Day,,,,
453561717002,Avante Health Solutions,PHILIPS,EPIQ POWER REGULATOR,Call for Quote,2.5 time exhange cost,Call for Quote,1.5 time exhange cost,Each,Each,Refurbished,Y,9.000000,Same Day,,,,
453561731402,Avante Health Solutions,PHILIPS,Affiniti Power Regulator board,Call for Quote,2.5 time exhange cost,Call for Quote,1.5 time exhange cost,Each,Each,Refurbished,Y,2.000000,Same Day,,,,
453561736921,Avante Health Solutions,PHILIPS,"Cable Assy, AIO to CP Power",Call for Quote,2.5 time exhange cost,Call for Quote,1.5 time exhange cost,Each,Each,Refurbished,Y,2.000000,Same Day,,,,
453561771591,Avante Health Solutions,PHILIPS,"EPIQ 7, COMPUTER ASSEMBLY (ECA)",Call for Quote,2.5 time exhange cost,Call for Quote,1.5 time exhange cost,Each,Each,Refurbished,Y,1.000000,Same Day,,,,
453561777664,Avante Health Solutions,PHILIPS,EPIQ - ACQUISITION CONTROL BOARD B Cart,Call for Quote,2.5 time exhange cost,Call for Quote,1.5 time exhange cost,Each,Each,Refurbished,Y,7.000000,Same Day,,,,
453561799121,Avante Health Solutions,PHILIPS,Affiniti 70c LCD Arm w/ Cables,Call for Quote,2.5 time exhange cost,Call for Quote,1.5 time exhange cost,Each,Each,Refurbished,Y,1.000000,Same Day,,,,
453561818162,Avante Health Solutions,PHILIPS,Sparq Power Module,Call for Quote,2.5 time exhange cost,Call for Quote,1.5 time exhange cost,Each,Each,Refurbished,Y,2.000000,Same Day,,,,
453561823211,Avante Health Solutions,PHILIPS,EPIQ POWER REGULATOR,Call for Quote,2.5 time exhange cost,Call for Quote,1.5 time exhange cost,Each,Each,Refurbished,Y,7.000000,Same Day,,,,
453561830871,Avante Health Solutions,PHILIPS,REAR COVER,Call for Quote,2.5 time exhange cost,Call for Quote,1.5 time exhange cost,Each,Each,Refurbished,Y,1.000000,Same Day,,,,
45356183191X,Avante Health Solutions,PHILIPS,"Transducer, C5-2 ClearVue (A Cart Require 2.0.9 and B carts require 3.2)",Call for Quote,2.5 time exhange cost,Call for Quote,1.5 time exhange cost,Each,Each,Refurbished,Y,1.000000,Same Day,,,,
453561844631,Avante Health Solutions,PHILIPS,"Assy, Gas Strut Actuation",Call for Quote,2.5 time exhange cost,Call for Quote,1.5 time exhange cost,Each,Each,Refurbished,Y,2.000000,Same Day,,,,
5194492-2,Avante Health Solutions,GE,Cable - USB BEP to Black and White Printer Frey,Call for Quote,2.5 time exhange cost,Call for Quote,1.5 time exhange cost,Each,Each,Refurbished,Y,1.000000,Same Day,,,,
5201002,Avante Health Solutions,GE,Front Plane/XD Bus for Logiq E9,Call for Quote,2.5 time exhange cost,Call for Quote,1.5 time exhange cost,Each,Each,Refurbished,Y,1.000000,Same Day,,,,
5205054-3,Avante Health Solutions,GE,Logiq E9 Main Power Supply Lambda,Call for Quote,2.5 time exhange cost,Call for Quote,1.5 time exhange cost,Each,Each,Refurbished,Y,1.000000,Same Day,,,,
5206401,Avante Health Solutions,GE,"Colorado AD Board Class 1 (HDAS_HD, slots 27-31)",Call for Quote,2.5 time exhange cost,Call for Quote,1.5 time exhange cost,Each,Each,Refurbished,Y,25.000000,Same Day,,,,
5207000-42,Avante Health Solutions,GE,"Lower Op Panel Assembly(No trackball), E9",Call for Quote,2.5 time exhange cost,Call for Quote,1.5 time exhange cost,Each,Each,Refurbished,Y,2.000000,Same Day,,,,
5207000-63,Avante Health Solutions,GE,"Upper Touch Panel Assembly, E9",Call for Quote,2.5 time exhange cost,Call for Quote,1.5 time exhange cost,Each,Each,Refurbished,Y,7.000000,Same Day,,,,
5212677,Avante Health Solutions,GE,GE LCD Monitor Arm (Logiq 9),Call for Quote,2.5 time exhange cost,Call for Quote,1.5 time exhange cost,Each,Each,Refurbished,Y,1.000000,Same Day,,,,
5213195,Avante Health Solutions,GE,RCV-5000 IR RECEIVER,Call for Quote,2.5 time exhange cost,Call for Quote,1.5 time exhange cost,Each,Each,Refurbished,Y,2.000000,Same Day,,,,
5214961,Avante Health Solutions,GE,Bottom cover w/bumper,Call for Quote,2.5 time exhange cost,Call for Quote,1.5 time exhange cost,Each,Each,Refurbished,Y,1.000000,Same Day,,,,
522300847,Avante Health Solutions,Siemens,Carbon Brush Set,Call for Quote,2.5 time exhange cost,Call for Quote,1.5 time exhange cost,Each,Each,Refurbished,Y,1.000000,Same Day,,,,
5248610,Avante Health Solutions,GE,"LOGIQ E9, Cable, USB Operator Panel-Bulkhead",Call for Quote,2.5 time exhange cost,Call for Quote,1.5 time exhange cost,Each,Each,Refurbished,Y,2.000000,Same Day,,,,
5396151,Avante Health Solutions,GE,1.5T GE 12 CH Body Coil (P Connector),Call for Quote,2.5 time exhange cost,Call for Quote,1.5 time exhange cost,Each,Each,Refurbished,Y,2.000000,Same Day,,,,
5400391-2,Avante Health Solutions,GE,Total Lock Caster,Call for Quote,2.5 time exhange cost,Call for Quote,1.5 time exhange cost,Each,Each,Refurbished,Y,3.000000,Same Day,,,,
5400794,Avante Health Solutions,GE,"Voluson S8, LCD Arm Assy (without cables)",Call for Quote,2.5 time exhange cost,Call for Quote,1.5 time exhange cost,Each,Each,Refurbished,Y,5.000000,Same Day,,,,
5402966,Avante Health Solutions,GE,Blower Heater Assembly HD EBM Fan 2kW Heater RoHS,Call for Quote,2.5 time exhange cost,Call for Quote,1.5 time exhange cost,Each,Each,Refurbished,Y,1.000000,Same Day,,,,
5406680,Avante Health Solutions,GE,VIDEO SPLITTER,Call for Quote,2.5 time exhange cost,Call for Quote,1.5 time exhange cost,Each,Each,Refurbished,Y,3.000000,Same Day,,,,
5409178,Avante Health Solutions,GE,LDM interface box,Call for Quote,2.5 time exhange cost,Call for Quote,1.5 time exhange cost,Each,Each,Refurbished,Y,1.000000,Same Day,,,,
5409444,Avante Health Solutions,GE,"VIVID S70, BEP",Call for Quote,2.5 time exhange cost,Call for Quote,1.5 time exhange cost,Each,Each,Refurbished,Y,3.000000,Same Day,,,,
5412135,Avante Health Solutions,GE,Cable TSUI IPX4,Call for Quote,2.5 time exhange cost,Call for Quote,1.5 time exhange cost,Each,Each,Refurbished,Y,1.000000,Same Day,,,,
5413279,Avante Health Solutions,GE,"LOGIQ S8, SOM w/Memory, PFU",Call for Quote,2.5 time exhange cost,Call for Quote,1.5 time exhange cost,Each,Each,Refurbished,Y,2.000000,Same Day,,,,
5419298,Avante Health Solutions,GE,Logiq e BT12 Manual Panel ASSY,Call for Quote,2.5 time exhange cost,Call for Quote,1.5 time exhange cost,Each,Each,Refurbished,Y,2.000000,Same Day,,,,
5438224,Avante Health Solutions,GE,Smart Handle IQ Biplane Refresh Edition,Call for Quote,2.5 time exhange cost,Call for Quote,1.5 time exhange cost,Each,Each,Refurbished,Y,1.000000,Same Day,,,,
5440179,Avante Health Solutions,GE,LE9 R5 XYZ Motor Controller,Call for Quote,2.5 time exhange cost,Call for Quote,1.5 time exhange cost,Each,Each,Refurbished,Y,2.000000,Same Day,,,,
453561879752,Avante Health Solutions,Philips,Affiniti 70 power supply,Call for Quote,2.5 time exhange cost,Call for Quote,1.5 time exhange cost,Each,Each,Refurbished,Y,2.000000,Same Day,,,,
453561934011,Avante Health Solutions,PHILIPS,"EPIQ 7C, 21.5in System Display",Call for Quote,2.5 time exhange cost,Call for Quote,1.5 time exhange cost,Each,Each,Refurbished,Y,3.000000,Same Day,,,,
453561965421,Avante Health Solutions,PHILIPS,"Cable Assy, Display Signal",Call for Quote,2.5 time exhange cost,Call for Quote,1.5 time exhange cost,Each,Each,Refurbished,Y,1.000000,Same Day,,,,
453561966443,Avante Health Solutions,,Mini Wi-Fi PCle FRU EPIQ,Call for Quote,2.5 time exhange cost,Call for Quote,1.5 time exhange cost,Each,Each,Refurbished,Y,1.000000,Same Day,,,,
453561990902,Avante Health Solutions,PHILIPS,"Service Kit, Single-battery, 30% SOC, MX",Call for Quote,2.5 time exhange cost,Call for Quote,1.5 time exhange cost,Each,Each,Refurbished,Y,4.000000,Same Day,,,,
453563143521,Avante Health Solutions,PHILIPS,TGC Slide Pot Knob (HP2000-5500),Call for Quote,2.5 time exhange cost,Call for Quote,1.5 time exhange cost,Each,Each,Refurbished,Y,9.000000,Same Day,,,,
453566129931,Avante Health Solutions,PHILIPS,TOP TABLE ENCODER,Call for Quote,2.5 time exhange cost,Call for Quote,1.5 time exhange cost,Each,Each,Refurbished,Y,1.000000,Same Day,,,,
453566420731,Avante Health Solutions,Philips,E-Stop Switch,Call for Quote,2.5 time exhange cost,Call for Quote,1.5 time exhange cost,Each,Each,Refurbished,Y,16.000000,Same Day,,,,
453566457351,Avante Health Solutions,Philips,Couch Control PCB (CCC) Assy with CPM,Call for Quote,2.5 time exhange cost,Call for Quote,1.5 time exhange cost,Each,Each,Refurbished,Y,2.000000,Same Day,,,,
453566489251,Avante Health Solutions,PHILIPS CT,"Motor Assy., Horiz. Drive",Call for Quote,2.5 time exhange cost,Call for Quote,1.5 time exhange cost,Each,Each,Refurbished,Y,4.000000,Same Day,,,,
453566489531,Avante Health Solutions,,RH Touch Panel Assy,Call for Quote,2.5 time exhange cost,Call for Quote,1.5 time exhange cost,Each,Each,Refurbished,Y,1.000000,Same Day,,,,
453566500562,Avante Health Solutions,PHILIPS,"Assembly, Right Motherboard",Call for Quote,2.5 time exhange cost,Call for Quote,1.5 time exhange cost,Each,Each,Refurbished,Y,1.000000,Same Day,,,,
11150417,Avante Health Solutions,SIEMENS,"Siemens S3000 RM302, CPU Module",Call for Quote,2.5 time exhange cost,Call for Quote,1.5 time exhange cost,Each,Each,Refurbished,Y,1.000000,Same Day,,,,
1117188,Avante Health Solutions,SIemens,"Radiforce 19"" Color Monitor MX194",Call for Quote,2.5 time exhange cost,Call for Quote,1.5 time exhange cost,Each,Each,Refurbished,Y,1.000000,Same Day,,,,
11270283,Avante Health Solutions,,Lytron Heat Exchanger Pump Kit,Call for Quote,2.5 time exhange cost,Call for Quote,1.5 time exhange cost,Each,Each,Refurbished,Y,1.000000,Same Day,,,,
11287361,Avante Health Solutions,SIEMENS,S2000 Helix Evolution Control Panel,Call for Quote,2.5 time exhange cost,Call for Quote,1.5 time exhange cost,Each,Each,Refurbished,Y,2.000000,Same Day,,,,
11289373,Avante Health Solutions,SIEMENS,Siemens Sequoia ASY CEM/B (ST,Call for Quote,2.5 time exhange cost,Call for Quote,1.5 time exhange cost,Each,Each,Refurbished,Y,1.000000,Same Day,,,,
11344112,Avante Health Solutions,SIEMENS,SSD SATA 256GB,Call for Quote,2.5 time exhange cost,Call for Quote,1.5 time exhange cost,Each,Each,Refurbished,Y,1.000000,Same Day,,,,
11653202,Avante Health Solutions,SIEMENS,Siemens P500 Front End PCB,Call for Quote,2.5 time exhange cost,Call for Quote,1.5 time exhange cost,Each,Each,Refurbished,Y,1.000000,Same Day,,,,
1625933,Avante Health Solutions,Siemens,Tilt Sensor,Call for Quote,2.5 time exhange cost,Call for Quote,1.5 time exhange cost,Each,Each,Refurbished,Y,1.000000,Same Day,,,,
2107985,Avante Health Solutions,GE,RP HANDLE ASSEMBLY,Call for Quote,2.5 time exhange cost,Call for Quote,1.5 time exhange cost,Each,Each,Refurbished,Y,3.000000,Same Day,,,,
2108-20-65856,Avante Health Solutions,MINDRAY,"Fan and Connection Wire (three for a group), Mindray M5",Call for Quote,2.5 time exhange cost,Call for Quote,1.5 time exhange cost,Each,Each,Refurbished,Y,1.000000,Same Day,,,,
2108-30-65895,Avante Health Solutions,MINDRAY,"Battery Connection Board, Mindray M5",Call for Quote,2.5 time exhange cost,Call for Quote,1.5 time exhange cost,Each,Each,Refurbished,Y,1.000000,Same Day,,,,
2109423,Avante Health Solutions,GE,TRANSFORMER SN:23002,Call for Quote,2.5 time exhange cost,Call for Quote,1.5 time exhange cost,Each,Each,Refurbished,Y,1.000000,Same Day,,,,
5252244,Avante Health Solutions,GE,Samsung Slim DVD Drive (Logiq P5),Call for Quote,2.5 time exhange cost,Call for Quote,1.5 time exhange cost,Each,Each,Refurbished,Y,1.000000,Same Day,,,,
5265030,Avante Health Solutions,GE,"Speaker Assembly, E9",Call for Quote,2.5 time exhange cost,Call for Quote,1.5 time exhange cost,Each,Each,Refurbished,Y,1.000000,Same Day,,,,
5301040-4,Avante Health Solutions,GE,"DRX3.1 (Digital Receiver Board), E9",Call for Quote,2.5 time exhange cost,Call for Quote,1.5 time exhange cost,Each,Each,Refurbished,Y,23.000000,Same Day,,,,
5301160-4,Avante Health Solutions,GE,"VIVID E9, DRX PCB",Call for Quote,2.5 time exhange cost,Call for Quote,1.5 time exhange cost,Each,Each,Refurbished,Y,3.000000,Same Day,,,,
5301160-6,Avante Health Solutions,GE,DRX6 MLA Vivid E9,Call for Quote,2.5 time exhange cost,Call for Quote,1.5 time exhange cost,Each,Each,Refurbished,Y,10.000000,Same Day,,,,
5306599,Avante Health Solutions,GE,Stepping Motor Driver,Call for Quote,2.5 time exhange cost,Call for Quote,1.5 time exhange cost,Each,Each,Refurbished,Y,8.000000,Same Day,,,,
5308342-2,Avante Health Solutions,GE,1.5T HD 8 Ch Foot/Ankle Coil,Call for Quote,2.5 time exhange cost,Call for Quote,1.5 time exhange cost,Each,Each,Refurbished,Y,1.000000,Same Day,,,,
5311644-2,Avante Health Solutions,GE,10Gig XFP Receiver and Antenna Assembly,Call for Quote,2.5 time exhange cost,Call for Quote,1.5 time exhange cost,Each,Each,Refurbished,Y,2.000000,Same Day,,,,
5314431-11,Avante Health Solutions,GE,VCIM,Call for Quote,2.5 time exhange cost,Call for Quote,1.5 time exhange cost,Each,Each,Refurbished,Y,1.000000,Same Day,,,,
5317094,Avante Health Solutions,GE,"Bracket, RH Base Mounting, VCT HD",Call for Quote,2.5 time exhange cost,Call for Quote,1.5 time exhange cost,Each,Each,Refurbished,Y,1.000000,Same Day,,,,
5317987,Avante Health Solutions,GE,"Cable, CFC to Temp Sensor and Heater",Call for Quote,2.5 time exhange cost,Call for Quote,1.5 time exhange cost,Each,Each,Refurbished,Y,1.000000,Same Day,,,,
5323335,Avante Health Solutions,GE,"Cable, CFC J4-2 to Fan Plenum",Call for Quote,2.5 time exhange cost,Call for Quote,1.5 time exhange cost,Each,Each,Refurbished,Y,1.000000,Same Day,,,,
453566500891,Avante Health Solutions,PHILIPS,"POWER SUPPLY 60W, 12V, 5A",Call for Quote,2.5 time exhange cost,Call for Quote,1.5 time exhange cost,Each,Each,Refurbished,Y,1.000000,Same Day,,,,
453566502541,Avante Health Solutions,GE,TILT MOTOR LEFT SIDE,Call for Quote,2.5 time exhange cost,Call for Quote,1.5 time exhange cost,Each,Each,Refurbished,Y,1.000000,Same Day,,,,
453566503142,Avante Health Solutions,Philips,fan tube axial,Call for Quote,2.5 time exhange cost,Call for Quote,1.5 time exhange cost,Each,Each,Refurbished,Y,11.000000,Same Day,,,,
453566503761,Avante Health Solutions,Philips,Vertical Transducer,Call for Quote,2.5 time exhange cost,Call for Quote,1.5 time exhange cost,Each,Each,Refurbished,Y,12.000000,Same Day,,,,
4535667379001,Avante Health Solutions,,Data Transmitter Elec. Module 2x1,Call for Quote,2.5 time exhange cost,Call for Quote,1.5 time exhange cost,Each,Each,Refurbished,Y,2.000000,Same Day,,,,
453567006061,Avante Health Solutions,PHILIPS CT,HIGH SPEED STARTER ASSY (Dunlee) 500L,Call for Quote,2.5 time exhange cost,Call for Quote,1.5 time exhange cost,Each,Each,Refurbished,Y,1.000000,Same Day,,,,
453567006161,Avante Health Solutions,Philips,PCB SGL Zero Board - Zero Position Interupter Board,Call for Quote,2.5 time exhange cost,Call for Quote,1.5 time exhange cost,Each,Each,Refurbished,Y,1.000000,Same Day,,,,
453567011214,Avante Health Solutions,Philips,Gantry Audio Board,Call for Quote,2.5 time exhange cost,Call for Quote,1.5 time exhange cost,Each,Each,Refurbished,Y,3.000000,Same Day,,,,
453567012532,Avante Health Solutions,,Main Bearing,Call for Quote,2.5 time exhange cost,Call for Quote,1.5 time exhange cost,Each,Each,Refurbished,Y,1.000000,Same Day,,,,
453567017751,Avante Health Solutions,Philips,Rhost,Call for Quote,2.5 time exhange cost,Call for Quote,1.5 time exhange cost,Each,Each,Refurbished,Y,2.000000,Same Day,,,,
453567018141 REV C,Avante Health Solutions,Philips,Right Gantry Table Control Panel,Call for Quote,2.5 time exhange cost,Call for Quote,1.5 time exhange cost,Each,Each,Refurbished,Y,1.000000,Same Day,,,,
453567020411,Avante Health Solutions,Philips,Set of 6 SGL Modules,Call for Quote,2.5 time exhange cost,Call for Quote,1.5 time exhange cost,Each,Each,Refurbished,Y,6.000000,Same Day,,,,
5440179-3,Avante Health Solutions,GE,LE9 R5 XYZ Motor Controller,Call for Quote,2.5 time exhange cost,Call for Quote,1.5 time exhange cost,Each,Each,Refurbished,Y,4.000000,Same Day,,,,
54432033,Avante Health Solutions,,19inches LCD BW EIZO GmbH MEDICAL without stand,Call for Quote,2.5 time exhange cost,Call for Quote,1.5 time exhange cost,Each,Each,Refurbished,Y,1.000000,Same Day,,,,
5446869-2,Avante Health Solutions,GE,GE LOGO BADGE 100MM - ONYX BLACK,Call for Quote,2.5 time exhange cost,Call for Quote,1.5 time exhange cost,Each,Each,Refurbished,Y,3.000000,Same Day,,,,
5450589,Avante Health Solutions,GE,Smart Box,Call for Quote,2.5 time exhange cost,Call for Quote,1.5 time exhange cost,Each,Each,Refurbished,Y,1.000000,Same Day,,,,
5460069,Avante Health Solutions,GE,LOGIQ e Left Fan Assy,Call for Quote,2.5 time exhange cost,Call for Quote,1.5 time exhange cost,Each,Each,Refurbished,Y,1.000000,Same Day,,,,
5473829-S,Avante Health Solutions,GE,GE LOGIQ F8 - WPWR PWA ASSY,Call for Quote,2.5 time exhange cost,Call for Quote,1.5 time exhange cost,Each,Each,Refurbished,Y,1.000000,Same Day,,,,
5482676-2,Avante Health Solutions,GE,Bulkhead Board ASSY RoHS w ESD capacitor,Call for Quote,2.5 time exhange cost,Call for Quote,1.5 time exhange cost,Each,Each,Refurbished,Y,3.000000,Same Day,,,,
5483142,Avante Health Solutions,GE,LOGIQ e Main PWA and Heatpipe Kits (For the system which is originally installed with Software R9.1.x),Call for Quote,2.5 time exhange cost,Call for Quote,1.5 time exhange cost,Each,Each,Refurbished,Y,2.000000,Same Day,,,,
5491128,Avante Health Solutions,GE,Trackball2 for LOGIQ S8,Call for Quote,2.5 time exhange cost,Call for Quote,1.5 time exhange cost,Each,Each,Refurbished,Y,1.000000,Same Day,,,,
5492442,Avante Health Solutions,GE,"Radiforce RX150 19"" Monochrome Monitor",Call for Quote,2.5 time exhange cost,Call for Quote,1.5 time exhange cost,Each,Each,Refurbished,Y,4.000000,Same Day,,,,
5548782-S,Avante Health Solutions,GE,AFU LCD cable,Call for Quote,2.5 time exhange cost,Call for Quote,1.5 time exhange cost,Each,Each,Refurbished,Y,1.000000,Same Day,,,,
5324556-3,Avante Health Solutions,GE,"VOLUSON S6/P8, COM EXPRESS MODULE  WITH INTELCORE 2",Call for Quote,2.5 time exhange cost,Call for Quote,1.5 time exhange cost,Each,Each,Refurbished,Y,4.000000,Same Day,,,,
5326893,Avante Health Solutions,GE,115 VAC Tube Pump,Call for Quote,2.5 time exhange cost,Call for Quote,1.5 time exhange cost,Each,Each,Refurbished,Y,1.000000,Same Day,,,,
5327943,Avante Health Solutions,GE,OCELOT POWER BOARD,Call for Quote,2.5 time exhange cost,Call for Quote,1.5 time exhange cost,Each,Each,Refurbished,Y,1.000000,Same Day,,,,
5327993,Avante Health Solutions,GE,Rotation V3 Bd.,Call for Quote,2.5 time exhange cost,Call for Quote,1.5 time exhange cost,Each,Each,Refurbished,Y,7.000000,Same Day,,,,
5329833,Avante Health Solutions,GE,3T 32 Ch Head Coil,Call for Quote,2.5 time exhange cost,Call for Quote,1.5 time exhange cost,Each,Each,Refurbished,Y,1.000000,Same Day,,,,
5341752,Avante Health Solutions,GE,"Cable, HVDC Power",Call for Quote,2.5 time exhange cost,Call for Quote,1.5 time exhange cost,Each,Each,Refurbished,Y,1.000000,Same Day,,,,
5357234-2,Avante Health Solutions,GE,"LOGIQ S8, BF192 Assembly",Call for Quote,2.5 time exhange cost,Call for Quote,1.5 time exhange cost,Each,Each,Refurbished,Y,1.000000,Same Day,,,,
5366065-5,Avante Health Solutions,GE,"VOLUSON S8, PIR Assy",Call for Quote,2.5 time exhange cost,Call for Quote,1.5 time exhange cost,Each,Each,Refurbished,Y,1.000000,Same Day,,,,
5366398,Avante Health Solutions,GE,"LOGIQe, LCD Cable",Call for Quote,2.5 time exhange cost,Call for Quote,1.5 time exhange cost,Each,Each,Refurbished,Y,1.000000,Same Day,,,,
5368530,Avante Health Solutions,GE,Servo Node,Call for Quote,2.5 time exhange cost,Call for Quote,1.5 time exhange cost,Each,Each,Refurbished,Y,1.000000,Same Day,,,,
5389692,Avante Health Solutions,GE,Absolute Encoder -Lateral Axis,Call for Quote,2.5 time exhange cost,Call for Quote,1.5 time exhange cost,Each,Each,Refurbished,Y,1.000000,Same Day,,,,
5413249-3,Avante Health Solutions,GE,"LOGIQ S8, CPS Assy",Call for Quote,2.5 time exhange cost,Call for Quote,1.5 time exhange cost,Each,Each,Refurbished,Y,3.000000,Same Day,,,,
5561038,Avante Health Solutions,GE,Logiq P9 touchscreen,Call for Quote,2.5 time exhange cost,Call for Quote,1.5 time exhange cost,Each,Each,Refurbished,Y,1.000000,Same Day,,,,
5589004-2,Avante Health Solutions,GE,GE Logiq E10 ECB1,Call for Quote,2.5 time exhange cost,Call for Quote,1.5 time exhange cost,Each,Each,Refurbished,Y,5.000000,Same Day,,,,
5669733-3,Avante Health Solutions,GE,"Voluson P8 17"" monitor",Call for Quote,2.5 time exhange cost,Call for Quote,1.5 time exhange cost,Each,Each,Refurbished,Y,2.000000,Same Day,,,,
5716605,Avante Health Solutions,GE,GE Logiq E10 Fan Tray Assembly - Eagle,Call for Quote,2.5 time exhange cost,Call for Quote,1.5 time exhange cost,Each,Each,Refurbished,Y,2.000000,Same Day,,,,
5719539,Avante Health Solutions,GE,Tetris Digital Probe Interface Assembly,Call for Quote,2.5 time exhange cost,Call for Quote,1.5 time exhange cost,Each,Each,Refurbished,Y,1.000000,Same Day,,,,
5722794,Avante Health Solutions,GE,GE E-DPI Assy Voluson S6-S8 BT16,Call for Quote,2.5 time exhange cost,Call for Quote,1.5 time exhange cost,Each,Each,Refurbished,Y,2.000000,Same Day,,,,
5722794-2,Avante Health Solutions,GE,"GE Voluson E-DPI or Voluson S6-S8 BT16, BT18, BT22",Call for Quote,2.5 time exhange cost,Call for Quote,1.5 time exhange cost,Each,Each,Refurbished,Y,1.000000,Same Day,,,,
5725307,Avante Health Solutions,GE,OPIO Button Sets BT16,Call for Quote,2.5 time exhange cost,Call for Quote,1.5 time exhange cost,Each,Each,Refurbished,Y,2.000000,Same Day,,,,
5746251,Avante Health Solutions,GE,1.5T  HNS Coil with P-Connector,Call for Quote,2.5 time exhange cost,Call for Quote,1.5 time exhange cost,Each,Each,Refurbished,Y,1.000000,Same Day,,,,
5755010,Avante Health Solutions,GE,Balance Sensor Buffer PWA,Call for Quote,2.5 time exhange cost,Call for Quote,1.5 time exhange cost,Each,Each,Refurbished,Y,1.000000,Same Day,,,,
5755937-2,Avante Health Solutions,GE,"GE LOGIQ E10 Main Power Supply, Universal AC Input C14, 100V-240V Eagle",Call for Quote,2.5 time exhange cost,Call for Quote,1.5 time exhange cost,Each,Each,Refurbished,Y,4.000000,Same Day,,,,
5167410,Avante Health Solutions,GE,SCSI Tower,Call for Quote,2.5 time exhange cost,Call for Quote,1.5 time exhange cost,Each,Each,Refurbished,Y,2.000000,Same Day,,,,
5179230,Avante Health Solutions,GE,DL7,Call for Quote,2.5 time exhange cost,Call for Quote,1.5 time exhange cost,Each,Each,Refurbished,Y,1.000000,Same Day,,,,
5180232-3,Avante Health Solutions,GE,"COVER ASM, GANTRY, TOP, RIGHT SIDE",Call for Quote,2.5 time exhange cost,Call for Quote,1.5 time exhange cost,Each,Each,Refurbished,Y,1.000000,Same Day,,,,
5181290,Avante Health Solutions,GE,Pivot led Board,Call for Quote,2.5 time exhange cost,Call for Quote,1.5 time exhange cost,Each,Each,Refurbished,Y,1.000000,Same Day,,,,
5183547-52,Avante Health Solutions,GE / Fujitsu,"Fujitsu MBA3147RC 147GB 15000 RPM 16MB Cache Serial Attached SCSI (SAS) 3.5"" Internal Hard Drive",Call for Quote,2.5 time exhange cost,Call for Quote,1.5 time exhange cost,Each,Each,Refurbished,Y,4.000000,Same Day,,,,
5183839,Avante Health Solutions,GE,LATERAL DET. COVER,Call for Quote,2.5 time exhange cost,Call for Quote,1.5 time exhange cost,Each,Each,Refurbished,Y,1.000000,Same Day,,,,
5184393,Avante Health Solutions,GE,FOOTSWITCH MKF 4-MED GP45,Call for Quote,2.5 time exhange cost,Call for Quote,1.5 time exhange cost,Each,Each,Refurbished,Y,1.000000,Same Day,,,,
5191257,Avante Health Solutions,,LAT C-ARC POTENTIOMETER ASSEMBLY,Call for Quote,2.5 time exhange cost,Call for Quote,1.5 time exhange cost,Each,Each,Refurbished,Y,1.000000,Same Day,,,,
5194491,Avante Health Solutions,GE,"Cable, BEP to Backplane",Call for Quote,2.5 time exhange cost,Call for Quote,1.5 time exhange cost,Each,Each,Refurbished,Y,1.000000,Same Day,,,,
5194492-8,Avante Health Solutions,GE,"CABLE, USB BEP6 TO MAIN         SUPPLY-FREY",Call for Quote,2.5 time exhange cost,Call for Quote,1.5 time exhange cost,Each,Each,Refurbished,Y,2.000000,Same Day,,,,
5194493,Avante Health Solutions,GE,Cable - AC Power Black and White Printer Frey,Call for Quote,2.5 time exhange cost,Call for Quote,1.5 time exhange cost,Each,Each,Refurbished,Y,1.000000,Same Day,,,,
453567026141,Avante Health Solutions,Philips,Acquisitor PCB Assy.,Call for Quote,2.5 time exhange cost,Call for Quote,1.5 time exhange cost,Each,Each,Refurbished,Y,1.000000,Same Day,,,,
453567027195,Avante Health Solutions,Philips,CT Interface Box,Call for Quote,2.5 time exhange cost,Call for Quote,1.5 time exhange cost,Each,Each,Refurbished,Y,1.000000,Same Day,,,,
453567032881,Avante Health Solutions,Philips,FIBER CABLE,Call for Quote,2.5 time exhange cost,Call for Quote,1.5 time exhange cost,Each,Each,Refurbished,Y,3.000000,Same Day,,,,
453567034411,Avante Health Solutions,Philips,ACQ to Gantry Fiber Optic Cable,Call for Quote,2.5 time exhange cost,Call for Quote,1.5 time exhange cost,Each,Each,Refurbished,Y,1.000000,Same Day,,,,
453567036891,Avante Health Solutions,Philips,Power Supply,Call for Quote,2.5 time exhange cost,Call for Quote,1.5 time exhange cost,Each,Each,Refurbished,Y,7.000000,Same Day,,,,
453567045171,Avante Health Solutions,Philips,HORIZONTAL BRAKE,Call for Quote,2.5 time exhange cost,Call for Quote,1.5 time exhange cost,Each,Each,Refurbished,Y,2.000000,Same Day,,,,
453567050081,Avante Health Solutions,Philips,F/O Cable DPU4-TX to RCOM-RX,Call for Quote,2.5 time exhange cost,Call for Quote,1.5 time exhange cost,Each,Each,Refurbished,Y,1.000000,Same Day,,,,
453567062781,Avante Health Solutions,Philips,Gantry Left-Hand Rear Control Panel,Call for Quote,2.5 time exhange cost,Call for Quote,1.5 time exhange cost,Each,Each,Refurbished,Y,8.000000,Same Day,,,,
453567084492,Avante Health Solutions,,GMP,Call for Quote,2.5 time exhange cost,Call for Quote,1.5 time exhange cost,Each,Each,Refurbished,Y,1.000000,Same Day,,,,
453567102351,Avante Health Solutions,Philips,"FIBER ASSY,BI-DIR, ROTOR, TRANS.2 FIBERS",Call for Quote,2.5 time exhange cost,Call for Quote,1.5 time exhange cost,Each,Each,Refurbished,Y,4.000000,Same Day,,,,
453567139461,Avante Health Solutions,,ACS Assy.,Call for Quote,2.5 time exhange cost,Call for Quote,1.5 time exhange cost,Each,Each,Refurbished,Y,1.000000,Same Day,,,,
453567320721,Avante Health Solutions,,H/E Duct & Fans Assy,Call for Quote,2.5 time exhange cost,Call for Quote,1.5 time exhange cost,Each,Each,Refurbished,Y,1.000000,Same Day,,,,
455012003022,Avante Health Solutions,Philips,DMC 16 Assy.,Call for Quote,2.5 time exhange cost,Call for Quote,1.5 time exhange cost,Each,Each,Refurbished,Y,4.000000,Same Day,,,,
455012003032,Avante Health Solutions,Philips,DMP 16 Assembly,Call for Quote,2.5 time exhange cost,Call for Quote,1.5 time exhange cost,Each,Each,Refurbished,Y,8.000000,Same Day,,,,
455012003332,Avante Health Solutions,Philips,RCOM Assy,Call for Quote,2.5 time exhange cost,Call for Quote,1.5 time exhange cost,Each,Each,Refurbished,Y,9.000000,Same Day,,,,
455012004084,Avante Health Solutions,Philips,DMS Assy,Call for Quote,2.5 time exhange cost,Call for Quote,1.5 time exhange cost,Each,Each,Refurbished,Y,1.000000,Same Day,,,,
455012004112,Avante Health Solutions,Philips,UHR ASSY,Call for Quote,2.5 time exhange cost,Call for Quote,1.5 time exhange cost,Each,Each,Refurbished,Y,1.000000,Same Day,,,,
455012004162,Avante Health Solutions,Philips,BR 40 DMS Right Motherboard,Call for Quote,2.5 time exhange cost,Call for Quote,1.5 time exhange cost,Each,Each,Refurbished,Y,4.000000,Same Day,,,,
455012009192,Avante Health Solutions,PHILIPS,DPU ASSY BR64T,Call for Quote,2.5 time exhange cost,Call for Quote,1.5 time exhange cost,Each,Each,Refurbished,Y,4.000000,Same Day,,,,
455012009442,Avante Health Solutions,PHILIPS,GI-CAGE FAN ASSY,Call for Quote,2.5 time exhange cost,Call for Quote,1.5 time exhange cost,Each,Each,Refurbished,Y,2.000000,Same Day,,,,
455012009642,Avante Health Solutions,Philips,TDMS V2 M.Det Class A Detector Module,Call for Quote,2.5 time exhange cost,Call for Quote,1.5 time exhange cost,Each,Each,Refurbished,Y,1.000000,Same Day,,,,
455012010453,Avante Health Solutions,Philips,UHR assy,Call for Quote,2.5 time exhange cost,Call for Quote,1.5 time exhange cost,Each,Each,Refurbished,Y,1.000000,Same Day,,,,
455012010761,Avante Health Solutions,Philips,PSA5V Supply Assy,Call for Quote,2.5 time exhange cost,Call for Quote,1.5 time exhange cost,Each,Each,Refurbished,Y,2.000000,Same Day,,,,
455014003062,Avante Health Solutions,Philips,DMS Left Motherboard,Call for Quote,2.5 time exhange cost,Call for Quote,1.5 time exhange cost,Each,Each,Refurbished,Y,6.000000,Same Day,,,,
5413279-2,Avante Health Solutions,GE,"COM EXPRESS MODULE WITH         INTEL CORE 2 DUO 2.53GHZ  DDR3 8G MEMORY, HEATSINK",Call for Quote,2.5 time exhange cost,Call for Quote,1.5 time exhange cost,Each,Each,Refurbished,Y,2.000000,Same Day,,,,
5439256-2,Avante Health Solutions,GE,"15"" LED Monitor GE Voluson P6/P8",Call for Quote,2.5 time exhange cost,Call for Quote,1.5 time exhange cost,Each,Each,Refurbished,Y,2.000000,Same Day,,,,
5440423,Avante Health Solutions,GE,"Multi Port Adapter, Venue 50",Call for Quote,2.5 time exhange cost,Call for Quote,1.5 time exhange cost,Each,Each,Refurbished,Y,1.000000,Same Day,,,,
5441000-3,Avante Health Solutions,GE,"LOGIQ E9, GRLY PCB (Rev R5.x or later - also V NAV Inside Option)",Call for Quote,2.5 time exhange cost,Call for Quote,1.5 time exhange cost,Each,Each,Refurbished,Y,5.000000,Same Day,,,,
5447461,Avante Health Solutions,GE,180V Martek Power Supply,Call for Quote,2.5 time exhange cost,Call for Quote,1.5 time exhange cost,Each,Each,Refurbished,Y,3.000000,Same Day,,,,
5456388,Avante Health Solutions,GE,KEYBOARD LOGIQ E NEXT GEN,Call for Quote,2.5 time exhange cost,Call for Quote,1.5 time exhange cost,Each,Each,Refurbished,Y,1.000000,Same Day,,,,
5497712-3,Avante Health Solutions,GE,"GE Voluson S8/P8 DRFM Board (Works only for SW 16,0,10-16.0.12)",Call for Quote,2.5 time exhange cost,Call for Quote,1.5 time exhange cost,Each,Each,Refurbished,Y,1.000000,Same Day,,,,
5620386-S,Avante Health Solutions,GE,LOGIQ F R2 SKBD PWA for SVC,Call for Quote,2.5 time exhange cost,Call for Quote,1.5 time exhange cost,Each,Each,Refurbished,Y,2.000000,Same Day,,,,
5653512-S,Avante Health Solutions,GE,LOGIQ F6/F8/F8Expert DCDC Kit,Call for Quote,2.5 time exhange cost,Call for Quote,1.5 time exhange cost,Each,Each,Refurbished,Y,1.000000,Same Day,,,,
5721715-S,Avante Health Solutions,GE,GE VIvid IQ Sage Rear Shielding Cover SVC Kit,Call for Quote,2.5 time exhange cost,Call for Quote,1.5 time exhange cost,Each,Each,Refurbished,Y,1.000000,Same Day,,,,
5722185,Avante Health Solutions,GE,17” MONITOR ARM BT16,Call for Quote,2.5 time exhange cost,Call for Quote,1.5 time exhange cost,Each,Each,Refurbished,Y,1.000000,Same Day,,,,
5196402,Avante Health Solutions,GE,Halo Class2 slots 1-26/32-57 or Saturn Class2 slots 9-26/32-48,Call for Quote,2.5 time exhange cost,Call for Quote,1.5 time exhange cost,Each,Each,Refurbished,Y,18.000000,Same Day,,,,
5201044-5,Avante Health Solutions,GE,"LOGIQ E9, GTX 2.4 Assy CW Sense Resistors",Call for Quote,2.5 time exhange cost,Call for Quote,1.5 time exhange cost,Each,Each,Refurbished,Y,15.000000,Same Day,,,,
5202201,Avante Health Solutions,GE,Single FL Module Saturn Slots 1-8 & 49-57,Call for Quote,2.5 time exhange cost,Call for Quote,1.5 time exhange cost,Each,Each,Refurbished,Y,11.000000,Same Day,,,,
5205054-4,Avante Health Solutions,GE,Logiq E9 Main Power Supply Lambda,Call for Quote,2.5 time exhange cost,Call for Quote,1.5 time exhange cost,Each,Each,Refurbished,Y,1.000000,Same Day,,,,
5206405,Avante Health Solutions,GE,Colorado Class 1 Module HDAS_HD slots 27-31 or 26-32*,Call for Quote,2.5 time exhange cost,Call for Quote,1.5 time exhange cost,Each,Each,Refurbished,Y,3.000000,Same Day,,,,
5207000-34,Avante Health Solutions,GE,Button Cap Kit LOGIQ E9 with Bflow - Improved plastic,Call for Quote,2.5 time exhange cost,Call for Quote,1.5 time exhange cost,Each,Each,Refurbished,Y,1.000000,Same Day,,,,
5207000-4,Avante Health Solutions,GE,QWERTY Keyboard - GE Logiq E9,Call for Quote,2.5 time exhange cost,Call for Quote,1.5 time exhange cost,Each,Each,Refurbished,Y,3.000000,Same Day,,,,
5207000-52,Avante Health Solutions,GE,"Lower Op Panel Assembly(No trackball), E9",Call for Quote,2.5 time exhange cost,Call for Quote,1.5 time exhange cost,Each,Each,Refurbished,Y,3.000000,Same Day,,,,
5209000-1,Avante Health Solutions,GE,"E9, Frame with LCD and Touchscreen",Call for Quote,2.5 time exhange cost,Call for Quote,1.5 time exhange cost,Each,Each,Refurbished,Y,1.000000,Same Day,,,,
5212666,Avante Health Solutions,GE,DHC Assy,Call for Quote,2.5 time exhange cost,Call for Quote,1.5 time exhange cost,Each,Each,Refurbished,Y,9.000000,Same Day,,,,
522300859,Avante Health Solutions,Multiple,3 Way Brush Block,Call for Quote,2.5 time exhange cost,Call for Quote,1.5 time exhange cost,Each,Each,Refurbished,Y,1.000000,Same Day,,,,
5737704,Avante Health Solutions,GE,LOGIQ e CPU Module (For R9.1.x),Call for Quote,2.5 time exhange cost,Call for Quote,1.5 time exhange cost,Each,Each,Refurbished,Y,1.000000,Same Day,,,,
5755000,Avante Health Solutions,,HD LOW CHANNEL BACKPLANE,Call for Quote,2.5 time exhange cost,Call for Quote,1.5 time exhange cost,Each,Each,Refurbished,Y,1.000000,Same Day,,,,
5764506,Avante Health Solutions,Siemens,Megalix Cat 125/35/80-121GW Tube,Call for Quote,2.5 time exhange cost,Call for Quote,1.5 time exhange cost,Each,Each,Refurbished,Y,1.000000,Same Day,,,,
5764555 H,Avante Health Solutions,Siemens,Siemens Tube Chiller (Laird w/ Stainless Steel QD),Call for Quote,2.5 time exhange cost,Call for Quote,1.5 time exhange cost,Each,Each,Refurbished,Y,3.000000,Same Day,,,,
5767103,Avante Health Solutions,Siemens,TABLE LIFT ASSEMBLY,Call for Quote,2.5 time exhange cost,Call for Quote,1.5 time exhange cost,Each,Each,Refurbished,Y,1.000000,Same Day,,,,
5768152,Avante Health Solutions,GE,BASE COVER LCF,Call for Quote,2.5 time exhange cost,Call for Quote,1.5 time exhange cost,Each,Each,Refurbished,Y,5.000000,Same Day,,,,
5774935,Avante Health Solutions,Siemens,MMC Rack incl. Backplane without the Boards,Call for Quote,2.5 time exhange cost,Call for Quote,1.5 time exhange cost,Each,Each,Refurbished,Y,1.000000,Same Day,,,,
5786283-3,Avante Health Solutions,GE,LOGIQ E10 R2.5 WLAN KIT - Intel 9260,Call for Quote,2.5 time exhange cost,Call for Quote,1.5 time exhange cost,Each,Each,Refurbished,Y,1.000000,Same Day,,,,
5915000-10,Avante Health Solutions,GE,GE Front Caster - 150mm Dia. Shock Dampened Central Swivel and Brake Lock,Call for Quote,2.5 time exhange cost,Call for Quote,1.5 time exhange cost,Each,Each,Refurbished,Y,2.000000,Same Day,,,,
5955036,Avante Health Solutions,GE,KOLLMORGEN INTERFACE MODULE,Call for Quote,2.5 time exhange cost,Call for Quote,1.5 time exhange cost,Each,Each,Refurbished,Y,2.000000,Same Day,,,,
5957000-15,Avante Health Solutions,GE,Ergotron Logiq E9 Monitor Arm,Call for Quote,2.5 time exhange cost,Call for Quote,1.5 time exhange cost,Each,Each,Refurbished,Y,1.000000,Same Day,,,,
5244887,Avante Health Solutions,GE,LABEL BOARD,Call for Quote,2.5 time exhange cost,Call for Quote,1.5 time exhange cost,Each,Each,Refurbished,Y,1.000000,Same Day,,,,
5250034,Avante Health Solutions,GE,Detector 2 board,Call for Quote,2.5 time exhange cost,Call for Quote,1.5 time exhange cost,Each,Each,Refurbished,Y,1.000000,Same Day,,,,
5252328,Avante Health Solutions,GE,"LOGIQ P6, Interface",Call for Quote,2.5 time exhange cost,Call for Quote,1.5 time exhange cost,Each,Each,Refurbished,Y,1.000000,Same Day,,,,
5255304-2,Avante Health Solutions,GE,"Cable, 48VDC for Heat Exchanger",Call for Quote,2.5 time exhange cost,Call for Quote,1.5 time exhange cost,Each,Each,Refurbished,Y,1.000000,Same Day,,,,
5262631,Avante Health Solutions,GE,STEPPER CONTROLLER BOARD,Call for Quote,2.5 time exhange cost,Call for Quote,1.5 time exhange cost,Each,Each,Refurbished,Y,1.000000,Same Day,,,,
5269130,Avante Health Solutions,GE,1.5T 8 CH CTL Coil,Call for Quote,2.5 time exhange cost,Call for Quote,1.5 time exhange cost,Each,Each,Refurbished,Y,1.000000,Same Day,,,,
5270510,Avante Health Solutions,GE,Peripheral Tower 2-Bay Black enclosure,Call for Quote,2.5 time exhange cost,Call for Quote,1.5 time exhange cost,Each,Each,Refurbished,Y,2.000000,Same Day,,,,
5271284-2,Avante Health Solutions,GE,VCT Collimator Mdrive 23 Motor / Cam Motor,Call for Quote,2.5 time exhange cost,Call for Quote,1.5 time exhange cost,Each,Each,Refurbished,Y,2.000000,Same Day,,,,
5301040-3,Avante Health Solutions,GE,"DRX-3 (Digital Receiver Board), E9",Call for Quote,2.5 time exhange cost,Call for Quote,1.5 time exhange cost,Each,Each,Refurbished,Y,17.000000,Same Day,,,,
5304928,Avante Health Solutions,GE,COLLIMATOR FAN ASSEMBLY,Call for Quote,2.5 time exhange cost,Call for Quote,1.5 time exhange cost,Each,Each,Refurbished,Y,1.000000,Same Day,,,,
5306481,Avante Health Solutions,GE,"Power Cable, IPC Accessory Panel, VCT HD",Call for Quote,2.5 time exhange cost,Call for Quote,1.5 time exhange cost,Each,Each,Refurbished,Y,1.000000,Same Day,,,,
5309866,Avante Health Solutions,GE,Harmony Smart Box,Call for Quote,2.5 time exhange cost,Call for Quote,1.5 time exhange cost,Each,Each,Refurbished,Y,2.000000,Same Day,,,,
5773603,Avante Health Solutions,GE,GE Voluson P8 DBM64G,Call for Quote,2.5 time exhange cost,Call for Quote,1.5 time exhange cost,Each,Each,Refurbished,Y,5.000000,Same Day,,,,
5775424-2,Avante Health Solutions,GE,"GPU module, E8870 with extended heatsink",Call for Quote,2.5 time exhange cost,Call for Quote,1.5 time exhange cost,Each,Each,Refurbished,Y,2.000000,Same Day,,,,
5776030,Avante Health Solutions,GE,VIVID E90 CONTROL PANEL ASSY,Call for Quote,2.5 time exhange cost,Call for Quote,1.5 time exhange cost,Each,Each,Refurbished,Y,1.000000,Same Day,,,,
5776030-S,Avante Health Solutions,GE,AURORA OP PANEL LOWER SVCKIT FOR VIVID E95 (YEAR 2019),Call for Quote,2.5 time exhange cost,Call for Quote,1.5 time exhange cost,Each,Each,Refurbished,Y,4.000000,Same Day,,,,
5776094-S,Avante Health Solutions,GE,Aurora Upper Operation Panel SVC Kit,Call for Quote,2.5 time exhange cost,Call for Quote,1.5 time exhange cost,Each,Each,Refurbished,Y,1.000000,Same Day,,,,
5788637,Avante Health Solutions,GE,GE Voluson S8 lower control panel,Call for Quote,2.5 time exhange cost,Call for Quote,1.5 time exhange cost,Each,Each,Refurbished,Y,1.000000,Same Day,,,,
5860219,Avante Health Solutions,GE,LOGIQ e Keyboard PWA Kits,Call for Quote,2.5 time exhange cost,Call for Quote,1.5 time exhange cost,Each,Each,Refurbished,Y,8.000000,Same Day,,,,
5896803,Avante Health Solutions,Siemens,VIPER BOARD,Call for Quote,2.5 time exhange cost,Call for Quote,1.5 time exhange cost,Each,Each,Refurbished,Y,2.000000,Same Day,,,,
5955032,Avante Health Solutions,GE,GDAS4 Converter Bd (thin),Call for Quote,2.5 time exhange cost,Call for Quote,1.5 time exhange cost,Each,Each,Refurbished,Y,1.000000,Same Day,,,,
5957000-25,Avante Health Solutions,GE,"ULTRADSOUND GLOBAL LCD ARM      VIVID E9 WHICH HAS ADAPTER  FOR KONTRON 17"" MONITOR",Call for Quote,2.5 time exhange cost,Call for Quote,1.5 time exhange cost,Each,Each,Refurbished,Y,3.000000,Same Day,,,,
6003000,Avante Health Solutions,GE,GE Logiq S8 CPS,Call for Quote,2.5 time exhange cost,Call for Quote,1.5 time exhange cost,Each,Each,Refurbished,Y,3.000000,Same Day,,,,
5311121,Avante Health Solutions,GE,"LOGIQ E9, Footrest Bumper",Call for Quote,2.5 time exhange cost,Call for Quote,1.5 time exhange cost,Each,Each,Refurbished,Y,1.000000,Same Day,,,,
5321216-5,Avante Health Solutions,GE,GE Logiq E10 ETX64 PCB,Call for Quote,2.5 time exhange cost,Call for Quote,1.5 time exhange cost,Each,Each,Refurbished,Y,9.000000,Same Day,,,,
5324764,Avante Health Solutions,GE,Kss Contactor,Call for Quote,2.5 time exhange cost,Call for Quote,1.5 time exhange cost,Each,Each,Refurbished,Y,1.000000,Same Day,,,,
5332239-4,Avante Health Solutions,GE,Scan Window ( Mylar Window ),Call for Quote,2.5 time exhange cost,Call for Quote,1.5 time exhange cost,Each,Each,Refurbished,Y,1.000000,Same Day,,,,
5332266-2,Avante Health Solutions,GE,Gantry LCD Unit Positioning,Call for Quote,2.5 time exhange cost,Call for Quote,1.5 time exhange cost,Each,Each,Refurbished,Y,1.000000,Same Day,,,,
5332507,Avante Health Solutions,GE,Ulysses Water Hose,Call for Quote,2.5 time exhange cost,Call for Quote,1.5 time exhange cost,Each,Each,Refurbished,Y,4.000000,Same Day,,,,
5333996,Avante Health Solutions,GE,SC-FAST KV INVERTER,Call for Quote,2.5 time exhange cost,Call for Quote,1.5 time exhange cost,Each,Each,Refurbished,Y,3.000000,Same Day,,,,
5335446,Avante Health Solutions,GE,Helios Filter Assembly Collector - RoHS,Call for Quote,2.5 time exhange cost,Call for Quote,1.5 time exhange cost,Each,Each,Refurbished,Y,2.000000,Same Day,,,,
5337181,Avante Health Solutions,GE,HEATER V7 BOARD,Call for Quote,2.5 time exhange cost,Call for Quote,1.5 time exhange cost,Each,Each,Refurbished,Y,13.000000,Same Day,,,,
5364095,Avante Health Solutions,GE,CSI Assy,Call for Quote,2.5 time exhange cost,Call for Quote,1.5 time exhange cost,Each,Each,Refurbished,Y,2.000000,Same Day,,,,
5393431-2,Avante Health Solutions,GE,"Voluson S8, CPS Power Supply",Call for Quote,2.5 time exhange cost,Call for Quote,1.5 time exhange cost,Each,Each,Refurbished,Y,1.000000,Same Day,,,,
5393433,Avante Health Solutions,GE,Voluson S6 DVD Drive,Call for Quote,2.5 time exhange cost,Call for Quote,1.5 time exhange cost,Each,Each,Refurbished,Y,4.000000,Same Day,,,,
453567369141,Avante Health Solutions,Philips,Power supply cable,Call for Quote,2.5 time exhange cost,Call for Quote,1.5 time exhange cost,Each,Each,Refurbished,Y,1.000000,Same Day,,,,
453567377032,Avante Health Solutions,Philips,Left Front Operator Panel W/ Microphone,Call for Quote,2.5 time exhange cost,Call for Quote,1.5 time exhange cost,Each,Each,Refurbished,Y,2.000000,Same Day,,,,
453567378963,Avante Health Solutions,Philips,Control Receiver Electronics Assy 160 MB - Light weight,Call for Quote,2.5 time exhange cost,Call for Quote,1.5 time exhange cost,Each,Each,Refurbished,Y,1.000000,Same Day,,,,
453567382752,Avante Health Solutions,Philips,ACCU PCB Assy,Call for Quote,2.5 time exhange cost,Call for Quote,1.5 time exhange cost,Each,Each,Refurbished,Y,2.000000,Same Day,,,,
453567430042,Avante Health Solutions,,Footswitch Tableside Control PCB Assembly,Call for Quote,2.5 time exhange cost,Call for Quote,1.5 time exhange cost,Each,Each,Refurbished,Y,2.000000,Same Day,,,,
453567531531,Avante Health Solutions,Philips,Blower FRU with Mounting Hardw/,Call for Quote,2.5 time exhange cost,Call for Quote,1.5 time exhange cost,Each,Each,Refurbished,Y,2.000000,Same Day,,,,
453567560251,Avante Health Solutions,Philips,MARTEK POWER BD,Call for Quote,2.5 time exhange cost,Call for Quote,1.5 time exhange cost,Each,Each,Refurbished,Y,1.000000,Same Day,,,,
454110255551,Avante Health Solutions,Philips,Knee Cushion,Call for Quote,2.5 time exhange cost,Call for Quote,1.5 time exhange cost,Each,Each,Refurbished,Y,1.000000,Same Day,,,,
455011509231,Avante Health Solutions,Philips,TDMS Fan Replacement Kit,Call for Quote,2.5 time exhange cost,Call for Quote,1.5 time exhange cost,Each,Each,Refurbished,Y,1.000000,Same Day,,,,
455011515021,Avante Health Solutions,Philips,iCT 128 DMS Module Class B FRU,Call for Quote,2.5 time exhange cost,Call for Quote,1.5 time exhange cost,Each,Each,Refurbished,Y,2.000000,Same Day,,,,
455012001081,Avante Health Solutions,Philips,Detector Module Bracket,Call for Quote,2.5 time exhange cost,Call for Quote,1.5 time exhange cost,Each,Each,Refurbished,Y,30.000000,Same Day,,,,
455012003023,Avante Health Solutions,Philips,DMC 16 Assy.,Call for Quote,2.5 time exhange cost,Call for Quote,1.5 time exhange cost,Each,Each,Refurbished,Y,2.000000,Same Day,,,,
455300009611,Avante Health Solutions,Philips,HOST T5500,Call for Quote,2.5 time exhange cost,Call for Quote,1.5 time exhange cost,Each,Each,Refurbished,Y,1.000000,Same Day,,,,
4562521,Avante Health Solutions,GE,HEATER SUPPLY BOARD,Call for Quote,2.5 time exhange cost,Call for Quote,1.5 time exhange cost,Each,Each,Refurbished,Y,1.000000,Same Day,,,,
459800003012,Avante Health Solutions,Philips,FD20 Tube Cover w/ Sensor,Call for Quote,2.5 time exhange cost,Call for Quote,1.5 time exhange cost,Each,Each,Refurbished,Y,3.000000,Same Day,,,,
459800006552,Avante Health Solutions,Philips,FRU 5V powersupply,Call for Quote,2.5 time exhange cost,Call for Quote,1.5 time exhange cost,Each,Each,Refurbished,Y,12.000000,Same Day,,,,
459800025372,Avante Health Solutions,,AD7NT PLINTHCOVER SET,Call for Quote,2.5 time exhange cost,Call for Quote,1.5 time exhange cost,Each,Each,Refurbished,Y,2.000000,Same Day,,,,
459800025431,Avante Health Solutions,Philips,AD7 NT PIVOT BRAKE ASSY,Call for Quote,2.5 time exhange cost,Call for Quote,1.5 time exhange cost,Each,Each,Refurbished,Y,4.000000,Same Day,,,,
459800025451,Avante Health Solutions,,FRU AD7 NT LATERAL POTMETER ASSY,Call for Quote,2.5 time exhange cost,Call for Quote,1.5 time exhange cost,Each,Each,Refurbished,Y,2.000000,Same Day,,,,
459800025532,Avante Health Solutions,,"Long. Drive assy excl, VA",Call for Quote,2.5 time exhange cost,Call for Quote,1.5 time exhange cost,Each,Each,Refurbished,Y,5.000000,Same Day,,,,
459800030081,Avante Health Solutions,Philips,Host PC Monoplane Nehalem,Call for Quote,2.5 time exhange cost,Call for Quote,1.5 time exhange cost,Each,Each,Refurbished,Y,7.000000,Same Day,,,,
459800037332,Avante Health Solutions,Philips,FRU KM EXTENDER TRANSMITTER,Call for Quote,2.5 time exhange cost,Call for Quote,1.5 time exhange cost,Each,Each,Refurbished,Y,1.000000,Same Day,,,,
459800048861,Avante Health Solutions,Philips,IR RECIEVER BOARD,Call for Quote,2.5 time exhange cost,Call for Quote,1.5 time exhange cost,Each,Each,Refurbished,Y,1.000000,Same Day,,,,
459800061571,Avante Health Solutions,Philips,Clea Stand Power Supply,Call for Quote,2.5 time exhange cost,Call for Quote,1.5 time exhange cost,Each,Each,Refurbished,Y,3.000000,Same Day,,,,
5396937-2,Avante Health Solutions,GE,"Voluson S6, BF64II Assy.",Call for Quote,2.5 time exhange cost,Call for Quote,1.5 time exhange cost,Each,Each,Refurbished,Y,6.000000,Same Day,,,,
5399198,Avante Health Solutions,GE,"GE Logiq P6, DTRX64II Assy",Call for Quote,2.5 time exhange cost,Call for Quote,1.5 time exhange cost,Each,Each,Refurbished,Y,1.000000,Same Day,,,,
5408841,Avante Health Solutions,GE,IGS TSSC Omega CDRH Silver,Call for Quote,2.5 time exhange cost,Call for Quote,1.5 time exhange cost,Each,Each,Refurbished,Y,3.000000,Same Day,,,,
5408843,Avante Health Solutions,GE,ITUI,Call for Quote,2.5 time exhange cost,Call for Quote,1.5 time exhange cost,Each,Each,Refurbished,Y,2.000000,Same Day,,,,
5413432-N,Avante Health Solutions,,OMEGA Table Side System Control (TSSC),Call for Quote,2.5 time exhange cost,Call for Quote,1.5 time exhange cost,Each,Each,New OEM Original,Y,1.000000,Same Day,,,,
5415140,Avante Health Solutions,GE,FUSE SET FOR TABLE,Call for Quote,2.5 time exhange cost,Call for Quote,1.5 time exhange cost,Each,Each,Refurbished,Y,2.000000,Same Day,,,,
5420073,Avante Health Solutions,GE,Monitor BNC Connector Cable,Call for Quote,2.5 time exhange cost,Call for Quote,1.5 time exhange cost,Each,Each,Refurbished,Y,1.000000,Same Day,,,,
5442725,Avante Health Solutions,GE,Utility PWA Assy Logiq E,Call for Quote,2.5 time exhange cost,Call for Quote,1.5 time exhange cost,Each,Each,Refurbished,Y,2.000000,Same Day,,,,
5449310,Avante Health Solutions,GE,LOGIQ e R6 KTN CPU Module,Call for Quote,2.5 time exhange cost,Call for Quote,1.5 time exhange cost,Each,Each,Refurbished,Y,2.000000,Same Day,,,,
5450965-23,Avante Health Solutions,GE,GE Logiq S7 OPIO LCD,Call for Quote,2.5 time exhange cost,Call for Quote,1.5 time exhange cost,Each,Each,Refurbished,Y,1.000000,Same Day,,,,
5452120-S,Avante Health Solutions,GE,"LOGIQe, CWD PCB",Call for Quote,2.5 time exhange cost,Call for Quote,1.5 time exhange cost,Each,Each,Refurbished,Y,3.000000,Same Day,,,,
5457640,Avante Health Solutions,GE,ITUI,Call for Quote,2.5 time exhange cost,Call for Quote,1.5 time exhange cost,Each,Each,Refurbished,Y,2.000000,Same Day,,,,
455012003024,Avante Health Solutions,Philips,DMC 16 Assy.,Call for Quote,2.5 time exhange cost,Call for Quote,1.5 time exhange cost,Each,Each,Refurbished,Y,3.000000,Same Day,,,,
455012004195,Avante Health Solutions,,DPU ASSY BR40,Call for Quote,2.5 time exhange cost,Call for Quote,1.5 time exhange cost,Each,Each,Refurbished,Y,5.000000,Same Day,,,,
455012008033,Avante Health Solutions,Philips,ADM module(detector module),Call for Quote,2.5 time exhange cost,Call for Quote,1.5 time exhange cost,Each,Each,Refurbished,Y,113.000000,Same Day,,,,
455012009262,Avante Health Solutions,Philips,ORION T MODULE CLASS B,Call for Quote,2.5 time exhange cost,Call for Quote,1.5 time exhange cost,Each,Each,Refurbished,Y,4.000000,Same Day,,,,
455012009264,Avante Health Solutions,Philips,Orion T Module Class B,Call for Quote,2.5 time exhange cost,Call for Quote,1.5 time exhange cost,Each,Each,Refurbished,Y,17.000000,Same Day,,,,
455012610321,Avante Health Solutions,Philips,iCT 256 DMS Module Class C,Call for Quote,2.5 time exhange cost,Call for Quote,1.5 time exhange cost,Each,Each,Refurbished,Y,27.000000,Same Day,,,,
455013021071,Avante Health Solutions,Philips,ST3300657SS Seagate Cheetah 15k.7 300Gb 15000rpm SAS Drive,Call for Quote,2.5 time exhange cost,Call for Quote,1.5 time exhange cost,Each,Each,Refurbished,Y,10.000000,Same Day,,,,
455014009201,Avante Health Solutions,Philips,DMS T Right Motherboard,Call for Quote,2.5 time exhange cost,Call for Quote,1.5 time exhange cost,Each,Each,Refurbished,Y,1.000000,Same Day,,,,
455014010104,Avante Health Solutions,Philips,iCT 128 DMS Module Class A FRU,Call for Quote,2.5 time exhange cost,Call for Quote,1.5 time exhange cost,Each,Each,Refurbished,Y,3.000000,Same Day,,,,
455014103181,Avante Health Solutions,Philips,CRC SBD Panel,Call for Quote,2.5 time exhange cost,Call for Quote,1.5 time exhange cost,Each,Each,Refurbished,Y,1.000000,Same Day,,,,
455018002021,Avante Health Solutions,Philips,Power Distribution Module Assy,Call for Quote,2.5 time exhange cost,Call for Quote,1.5 time exhange cost,Each,Each,Refurbished,Y,5.000000,Same Day,,,,
455300071681,Avante Health Solutions,Philips,1.5T Quick Change Head Kit,Call for Quote,2.5 time exhange cost,Call for Quote,1.5 time exhange cost,Each,Each,Refurbished,Y,1.000000,Same Day,,,,
6020700-40,Avante Health Solutions,GE,"LOGIQ S8, User Interface Assembly",Call for Quote,2.5 time exhange cost,Call for Quote,1.5 time exhange cost,Each,Each,Refurbished,Y,1.000000,Same Day,,,,
62824259,Avante Health Solutions,Philips,PX4800 Detector,Call for Quote,2.5 time exhange cost,Call for Quote,1.5 time exhange cost,Each,Each,Refurbished,Y,1.000000,Same Day,,,,
6296402-3,Avante Health Solutions,GE,Saturn Single module Class 3 or 4 slots 9-20 / 37-48,Call for Quote,2.5 time exhange cost,Call for Quote,1.5 time exhange cost,Each,Each,Refurbished,Y,14.000000,Same Day,,,,
6501560-23,Avante Health Solutions,GE,"GE 23"" LCD Widescreen Ultrasound Display w/ Hinge",Call for Quote,2.5 time exhange cost,Call for Quote,1.5 time exhange cost,Each,Each,Refurbished,Y,1.000000,Same Day,,,,
6614189,Avante Health Solutions,Siemens,SSFD Rotation Motor Unit,Call for Quote,2.5 time exhange cost,Call for Quote,1.5 time exhange cost,Each,Each,Refurbished,Y,2.000000,Same Day,,,,
6626600,Avante Health Solutions,GE,"GE Voluson P8, CPS2 w/ Battery Assy",Call for Quote,2.5 time exhange cost,Call for Quote,1.5 time exhange cost,Each,Each,Refurbished,Y,4.000000,Same Day,,,,
6635515,Avante Health Solutions,Siemens,Reference Sensor,Call for Quote,2.5 time exhange cost,Call for Quote,1.5 time exhange cost,Each,Each,Refurbished,Y,1.000000,Same Day,,,,
667-089,Avante Health Solutions,MULTIPLE,Sterile endocavtiy needle guide (Ref.# 134-146),Call for Quote,2.5 time exhange cost,Call for Quote,1.5 time exhange cost,Each,Each,Refurbished,Y,1.000000,Same Day,,,,
6GF6300BL01,Avante Health Solutions,Siemens,CRT Monitor,Call for Quote,2.5 time exhange cost,Call for Quote,1.5 time exhange cost,Each,Each,Refurbished,Y,1.000000,Same Day,,,,
7102580,Avante Health Solutions,Siemens,Large FoV Adapter,Call for Quote,2.5 time exhange cost,Call for Quote,1.5 time exhange cost,Each,Each,Refurbished,Y,1.000000,Same Day,,,,
7125128,Avante Health Solutions,Siemens,Electronic Box P30D,Call for Quote,2.5 time exhange cost,Call for Quote,1.5 time exhange cost,Each,Each,Refurbished,Y,1.000000,Same Day,,,,
7393247,Avante Health Solutions,Siemens,Control Panel Keyboard Front left,Call for Quote,2.5 time exhange cost,Call for Quote,1.5 time exhange cost,Each,Each,Refurbished,Y,4.000000,Same Day,,,,
459800076003,Avante Health Solutions,Philips,Footswitch 4P+2 4M Biplane,Call for Quote,2.5 time exhange cost,Call for Quote,1.5 time exhange cost,Each,Each,Refurbished,Y,7.000000,Same Day,,,,
459800116181,Avante Health Solutions,Philips,Dual Link DVI Receiver STR,Call for Quote,2.5 time exhange cost,Call for Quote,1.5 time exhange cost,Each,Each,Refurbished,Y,1.000000,Same Day,,,,
459800144711,Avante Health Solutions,Philips,E-Stop Button,Call for Quote,2.5 time exhange cost,Call for Quote,1.5 time exhange cost,Each,Each,Refurbished,Y,3.000000,Same Day,,,,
459800151692,Avante Health Solutions,Philips,Cable Imaging Module Snap Fit,Call for Quote,2.5 time exhange cost,Call for Quote,1.5 time exhange cost,Each,Each,Refurbished,Y,2.000000,Same Day,,,,
459800159512,Avante Health Solutions,,WCB 2.2 Tx DVI-ONLY,Call for Quote,2.5 time exhange cost,Call for Quote,1.5 time exhange cost,Each,Each,Refurbished,Y,5.000000,Same Day,,,,
459800188891,Avante Health Solutions,Philips,AMC ECat Drive,Call for Quote,2.5 time exhange cost,Call for Quote,1.5 time exhange cost,Each,Each,Refurbished,Y,2.000000,Same Day,,,,
459800191691,Avante Health Solutions,Philips,SERVO CONTROLLER BLOK 1.5 BRILLIANCE SPINDLE BLOCK,Call for Quote,2.5 time exhange cost,Call for Quote,1.5 time exhange cost,Each,Each,Refurbished,Y,1.000000,Same Day,,,,
459800251551,Avante Health Solutions,Philips,HOST PC MONOPLANE REVISED,Call for Quote,2.5 time exhange cost,Call for Quote,1.5 time exhange cost,Each,Each,Refurbished,Y,2.000000,Same Day,,,,
459800270621,Avante Health Solutions,Philips,TMBL Card,Call for Quote,2.5 time exhange cost,Call for Quote,1.5 time exhange cost,Each,Each,Refurbished,Y,1.000000,Same Day,,,,
459800444981,Avante Health Solutions,Philips,Host Rack - IMR,Call for Quote,2.5 time exhange cost,Call for Quote,1.5 time exhange cost,Each,Each,Refurbished,Y,1.000000,Same Day,,,,
459800484591,Avante Health Solutions,Philips,Display Control Bd,Call for Quote,2.5 time exhange cost,Call for Quote,1.5 time exhange cost,Each,Each,Refurbished,Y,1.000000,Same Day,,,,
459800544021,Avante Health Solutions,Philips,IP PC Revised II,Call for Quote,2.5 time exhange cost,Call for Quote,1.5 time exhange cost,Each,Each,Refurbished,Y,1.000000,Same Day,,,,
5957000-200,Avante Health Solutions,GE,Ultrasound Global LCD Arm-LOGIQ E10 family-HDU display,Call for Quote,2.5 time exhange cost,Call for Quote,1.5 time exhange cost,Each,Each,Refurbished,Y,1.000000,Same Day,,,,
5957000-70,Avante Health Solutions,GE,Ergotron Arm for GC200650,Call for Quote,2.5 time exhange cost,Call for Quote,1.5 time exhange cost,Each,Each,Refurbished,Y,2.000000,Same Day,,,,
6020400,Avante Health Solutions,GE,OP Panel Cable Polaris,Call for Quote,2.5 time exhange cost,Call for Quote,1.5 time exhange cost,Each,Each,Refurbished,Y,3.000000,Same Day,,,,
62155769,Avante Health Solutions,Philips,PX4700 Detector,Call for Quote,2.5 time exhange cost,Call for Quote,1.5 time exhange cost,Each,Each,Refurbished,Y,1.000000,Same Day,,,,
6324557-10,Avante Health Solutions,GE,"COM Express MODULE,Type6,i5-3610ME,DDR3 8G Memory, Heatsink with FAN",Call for Quote,2.5 time exhange cost,Call for Quote,1.5 time exhange cost,Each,Each,Refurbished,Y,1.000000,Same Day,,,,
6592781,Avante Health Solutions,Siemens,Cover,Call for Quote,2.5 time exhange cost,Call for Quote,1.5 time exhange cost,Each,Each,Refurbished,Y,1.000000,Same Day,,,,
6635507,Avante Health Solutions,Siemens,"Potentiometer, Xpot3, Receptor Lift",Call for Quote,2.5 time exhange cost,Call for Quote,1.5 time exhange cost,Each,Each,Refurbished,Y,1.000000,Same Day,,,,
6826827,Avante Health Solutions,,MAGNETIC SENSOR MSA510-0001,Call for Quote,2.5 time exhange cost,Call for Quote,1.5 time exhange cost,Each,Each,Refurbished,Y,1.000000,Same Day,,,,
7058170,Avante Health Solutions,,DMS ID BOARD,Call for Quote,2.5 time exhange cost,Call for Quote,1.5 time exhange cost,Each,Each,Refurbished,Y,5.000000,Same Day,,,,
7100055,Avante Health Solutions,Siemens,CP Body Array Extender,Call for Quote,2.5 time exhange cost,Call for Quote,1.5 time exhange cost,Each,Each,Refurbished,Y,1.000000,Same Day,,,,
7109163,Avante Health Solutions,Siemens,W383 CABLE W/ MIC,Call for Quote,2.5 time exhange cost,Call for Quote,1.5 time exhange cost,Each,Each,Refurbished,Y,1.000000,Same Day,,,,
7128635,Avante Health Solutions,Siemens,GPC D311 Board,Call for Quote,2.5 time exhange cost,Call for Quote,1.5 time exhange cost,Each,Each,Refurbished,Y,1.000000,Same Day,,,,
5486895,Avante Health Solutions,GE,Shearwave Capacitor Bank Assembly,Call for Quote,2.5 time exhange cost,Call for Quote,1.5 time exhange cost,Each,Each,Refurbished,Y,6.000000,Same Day,,,,
5488451,Avante Health Solutions,GE,GE LOGIQe Right Fan Assy NextGen,Call for Quote,2.5 time exhange cost,Call for Quote,1.5 time exhange cost,Each,Each,Refurbished,Y,1.000000,Same Day,,,,
5490318,Avante Health Solutions,GE,GE Logiq E option key assessment,Call for Quote,2.5 time exhange cost,Call for Quote,1.5 time exhange cost,Each,Each,Refurbished,Y,1.000000,Same Day,,,,
5495623-2-S,Avante Health Solutions,GE,VIVID T8 Touch panel,Call for Quote,2.5 time exhange cost,Call for Quote,1.5 time exhange cost,Each,Each,Refurbished,Y,2.000000,Same Day,,,,
5500153,Avante Health Solutions,GE,GE VOLUSON S8 GPU,Call for Quote,2.5 time exhange cost,Call for Quote,1.5 time exhange cost,Each,Each,Refurbished,Y,1.000000,Same Day,,,,
5503294,Avante Health Solutions,GE,GE LOGIQ E10 CRX2 CW PCB,Call for Quote,2.5 time exhange cost,Call for Quote,1.5 time exhange cost,Each,Each,Refurbished,Y,5.000000,Same Day,,,,
5534357-S,Avante Health Solutions,GE,Traditional Keyboard Top Assembly for LOGIQ V Series,Call for Quote,2.5 time exhange cost,Call for Quote,1.5 time exhange cost,Each,Each,Refurbished,Y,1.000000,Same Day,,,,
5669582,Avante Health Solutions,GE,Monitor Power cable (Voluson S Series),Call for Quote,2.5 time exhange cost,Call for Quote,1.5 time exhange cost,Each,Each,Refurbished,Y,1.000000,Same Day,,,,
5755937-1,Avante Health Solutions,GE,"GE LOGIQ E10 Main Power Supply, Universal AC Input C14, 100V-240V Eagle",Call for Quote,2.5 time exhange cost,Call for Quote,1.5 time exhange cost,Each,Each,Refurbished,Y,5.000000,Same Day,,,,
5761533,Avante Health Solutions,GE,VGA Cable,Call for Quote,2.5 time exhange cost,Call for Quote,1.5 time exhange cost,Each,Each,Refurbished,Y,1.000000,Same Day,,,,
5773599,Avante Health Solutions,GE,GE Voluson P8 Backplane,Call for Quote,2.5 time exhange cost,Call for Quote,1.5 time exhange cost,Each,Each,Refurbished,Y,2.000000,Same Day,,,,
7393858,Avante Health Solutions,Siemens,PCB Balancing Board ( Hofmann Control Box ),Call for Quote,2.5 time exhange cost,Call for Quote,1.5 time exhange cost,Each,Each,Refurbished,Y,1.000000,Same Day,,,,
7395127,Avante Health Solutions,Siemens,Transmitter Unit,Call for Quote,2.5 time exhange cost,Call for Quote,1.5 time exhange cost,Each,Each,Refurbished,Y,1.000000,Same Day,,,,
7395135,Avante Health Solutions,Siemens,Power Brush Block,Call for Quote,2.5 time exhange cost,Call for Quote,1.5 time exhange cost,Each,Each,Refurbished,Y,2.000000,Same Day,,,,
7396463,Avante Health Solutions,Siemens,Noise Filter D346,Call for Quote,2.5 time exhange cost,Call for Quote,1.5 time exhange cost,Each,Each,Refurbished,Y,2.000000,Same Day,,,,
7455525,Avante Health Solutions,Siemens,CPL. Footswitch Left Rear,Call for Quote,2.5 time exhange cost,Call for Quote,1.5 time exhange cost,Each,Each,Refurbished,Y,1.000000,Same Day,,,,
7462380,Avante Health Solutions,Siemens,D-400 Board (D400 Board),Call for Quote,2.5 time exhange cost,Call for Quote,1.5 time exhange cost,Each,Each,Refurbished,Y,2.000000,Same Day,,,,
7500-1048,Avante Health Solutions,PHILIPS,"ATL, SH Select",Call for Quote,2.5 time exhange cost,Call for Quote,1.5 time exhange cost,Each,Each,Refurbished,Y,2.000000,Same Day,,,,
7500-1567,Avante Health Solutions,PHILIPS,ATL FRONT END CONTROLLER (Rev 03+),Call for Quote,2.5 time exhange cost,Call for Quote,1.5 time exhange cost,Each,Each,Refurbished,Y,1.000000,Same Day,,,,
7500-1795,Avante Health Solutions,PHILIPS,ATL Channel PCB (HDI 5000>190.13),Call for Quote,2.5 time exhange cost,Call for Quote,1.5 time exhange cost,Each,Each,Refurbished,Y,4.000000,Same Day,,,,
7688323,Avante Health Solutions,SIEMENS,Siemens SwiftLink Adaptor (Cypress),Call for Quote,2.5 time exhange cost,Call for Quote,1.5 time exhange cost,Each,Each,Refurbished,Y,1.000000,Same Day,,,,
77100-65310,Avante Health Solutions,PHILIPS,HP DSR-SCSI BD,Call for Quote,2.5 time exhange cost,Call for Quote,1.5 time exhange cost,Each,Each,Refurbished,Y,2.000000,Same Day,,,,
77100-65450,Avante Health Solutions,PHILIPS,HP FLOW PROCESSOR,Call for Quote,2.5 time exhange cost,Call for Quote,1.5 time exhange cost,Each,Each,Refurbished,Y,2.000000,Same Day,,,,
7151066,Avante Health Solutions,Siemens,LEONARDO WORK STATION,Call for Quote,2.5 time exhange cost,Call for Quote,1.5 time exhange cost,Each,Each,Refurbished,Y,1.000000,Same Day,,,,
7393569,Avante Health Solutions,Siemens,Console Puck Control Box P30,Call for Quote,2.5 time exhange cost,Call for Quote,1.5 time exhange cost,Each,Each,Refurbished,Y,4.000000,Same Day,,,,
7393577,Avante Health Solutions,Siemens,Switch Box P30,Call for Quote,2.5 time exhange cost,Call for Quote,1.5 time exhange cost,Each,Each,Refurbished,Y,4.000000,Same Day,,,,
7395200,Avante Health Solutions,Siemens,Receiver Unit,Call for Quote,2.5 time exhange cost,Call for Quote,1.5 time exhange cost,Each,Each,Refurbished,Y,1.000000,Same Day,,,,
7396257,Avante Health Solutions,Siemens,FOC Board,Call for Quote,2.5 time exhange cost,Call for Quote,1.5 time exhange cost,Each,Each,Refurbished,Y,1.000000,Same Day,,,,
7396356,Avante Health Solutions,Siemens,ECG Power Supply,Call for Quote,2.5 time exhange cost,Call for Quote,1.5 time exhange cost,Each,Each,Refurbished,Y,1.000000,Same Day,,,,
7500-0713,Avante Health Solutions,PHILIPS,ATL PIXEL SPACE PROCESSOR,Call for Quote,2.5 time exhange cost,Call for Quote,1.5 time exhange cost,Each,Each,Refurbished,Y,2.000000,Same Day,,,,
7500-0714,Avante Health Solutions,PHILIPS,ATL PIXEL SPACE PROCESSOR 2,Call for Quote,2.5 time exhange cost,Call for Quote,1.5 time exhange cost,Each,Each,Refurbished,Y,2.000000,Same Day,,,,
7500-1413,Avante Health Solutions,PHILIPS,ATL AIFOM,Call for Quote,2.5 time exhange cost,Call for Quote,1.5 time exhange cost,Each,Each,Refurbished,Y,2.000000,Same Day,,,,
7500-1431,Avante Health Solutions,PHILIPS,ATL ANALOG INTERFACE MODULE,Call for Quote,2.5 time exhange cost,Call for Quote,1.5 time exhange cost,Each,Each,Refurbished,Y,2.000000,Same Day,,,,
7558831,Avante Health Solutions,Siemens,Examination Control Console Version 2 (ECC v2),Call for Quote,2.5 time exhange cost,Call for Quote,1.5 time exhange cost,Each,Each,Refurbished,Y,5.000000,Same Day,,,,
7562668,Avante Health Solutions,Siemens,D448 Power Supply P10F,Call for Quote,2.5 time exhange cost,Call for Quote,1.5 time exhange cost,Each,Each,Refurbished,Y,1.000000,Same Day,,,,
5786027,Avante Health Solutions,GE,DRFM Assembly Voluson P8 BT18,Call for Quote,2.5 time exhange cost,Call for Quote,1.5 time exhange cost,Each,Each,Refurbished,Y,7.000000,Same Day,,,,
5796147-N,Avante Health Solutions,GE,Pressure transducer,Call for Quote,2.5 time exhange cost,Call for Quote,1.5 time exhange cost,Each,Each,New OEM Original,Y,1.000000,Same Day,,,,
5890053,Avante Health Solutions,Siemens,Dose Measure Chamber w/ Plug,Call for Quote,2.5 time exhange cost,Call for Quote,1.5 time exhange cost,Each,Each,Refurbished,Y,3.000000,Same Day,,,,
5915000-20,Avante Health Solutions,GE,GE VIVID E95 Rear Caster,Call for Quote,2.5 time exhange cost,Call for Quote,1.5 time exhange cost,Each,Each,Refurbished,Y,4.000000,Same Day,,,,
5957000-130,Avante Health Solutions,GE,Ultrasound Global LCD Arm – OLED Monitor,Call for Quote,2.5 time exhange cost,Call for Quote,1.5 time exhange cost,Each,Each,Refurbished,Y,4.000000,Same Day,,,,
5957000-20,Avante Health Solutions,GE,"LCD Arm with cable, LOGIQ E9/Vivid E9",Call for Quote,2.5 time exhange cost,Call for Quote,1.5 time exhange cost,Each,Each,Refurbished,Y,1.000000,Same Day,,,,
5986349,Avante Health Solutions,Siemens,PCA DATA ACQ (DAM1) BSR,Call for Quote,2.5 time exhange cost,Call for Quote,1.5 time exhange cost,Each,Each,Refurbished,Y,1.000000,Same Day,,,,
6004001,Avante Health Solutions,GE,VOLUSON P8/S10 - DPS ASSEMBLY,Call for Quote,2.5 time exhange cost,Call for Quote,1.5 time exhange cost,Each,Each,Refurbished,Y,1.000000,Same Day,,,,
60048,Avante Health Solutions,SIEMENS,Begin/End Module w/physio,Call for Quote,2.5 time exhange cost,Call for Quote,1.5 time exhange cost,Each,Each,Refurbished,Y,2.000000,Same Day,,,,
6020700,Avante Health Solutions,GE,"LOGIQ S8, User Interface Assembly (Rev 4)",Call for Quote,2.5 time exhange cost,Call for Quote,1.5 time exhange cost,Each,Each,Refurbished,Y,2.000000,Same Day,,,,
6020715-3,Avante Health Solutions,GE,"LOGIQ S8, OPIO Button Set",Call for Quote,2.5 time exhange cost,Call for Quote,1.5 time exhange cost,Each,Each,Refurbished,Y,1.000000,Same Day,,,,
45563250,Avante Health Solutions,GE,AUXILIARY VOLTAGE BOARD,Call for Quote,2.5 time exhange cost,Call for Quote,1.5 time exhange cost,Each,Each,Refurbished,Y,2.000000,Same Day,,,,
459800002663,Avante Health Solutions,Philips,FRU UNIT PS UI_COLL_ID,Call for Quote,2.5 time exhange cost,Call for Quote,1.5 time exhange cost,Each,Each,Refurbished,Y,1.000000,Same Day,,,,
459800004511-N,Avante Health Solutions,Philips,5V PSU (Medical),Call for Quote,2.5 time exhange cost,Call for Quote,1.5 time exhange cost,Each,Each,New OEM Original,Y,1.000000,Same Day,,,,
459800009341,Avante Health Solutions,Philips,TTCF Module,Call for Quote,2.5 time exhange cost,Call for Quote,1.5 time exhange cost,Each,Each,Refurbished,Y,2.000000,Same Day,,,,
459800014631,Avante Health Solutions,Philips,PLC Ext. Panel,Call for Quote,2.5 time exhange cost,Call for Quote,1.5 time exhange cost,Each,Each,Refurbished,Y,1.000000,Same Day,,,,
459800025211,Avante Health Solutions,Philips,Orion T Module Class A,Call for Quote,2.5 time exhange cost,Call for Quote,1.5 time exhange cost,Each,Each,Refurbished,Y,28.000000,Same Day,,,,
459800025361,Avante Health Solutions,Philips,TTCF Module,Call for Quote,2.5 time exhange cost,Call for Quote,1.5 time exhange cost,Each,Each,Refurbished,Y,3.000000,Same Day,,,,
459800025402,Avante Health Solutions,,AD7NT LATERAL COVER SET,Call for Quote,2.5 time exhange cost,Call for Quote,1.5 time exhange cost,Each,Each,Refurbished,Y,1.000000,Same Day,,,,
459800025422,Avante Health Solutions,philips,PIVOT ARRET ASSY,Call for Quote,2.5 time exhange cost,Call for Quote,1.5 time exhange cost,Each,Each,Refurbished,Y,4.000000,Same Day,,,,
459800027811,Avante Health Solutions,Philips,GEO IPC  Q35 - with XMP,Call for Quote,2.5 time exhange cost,Call for Quote,1.5 time exhange cost,Each,Each,Refurbished,Y,1.000000,Same Day,,,,
459800028851,Avante Health Solutions,,FRU aesthetic cover,Call for Quote,2.5 time exhange cost,Call for Quote,1.5 time exhange cost,Each,Each,Refurbished,Y,1.000000,Same Day,,,,
459800036841,Avante Health Solutions,Philips,Gantry Panel MEMS Microphone Assembly,Call for Quote,2.5 time exhange cost,Call for Quote,1.5 time exhange cost,Each,Each,Refurbished,Y,1.000000,Same Day,,,,
459800544051,Avante Health Solutions,Philips,ClarityIQ II IP PC,Call for Quote,2.5 time exhange cost,Call for Quote,1.5 time exhange cost,Each,Each,Refurbished,Y,1.000000,Same Day,,,,
459800623331,Avante Health Solutions,Philips,Vertical Transducer,Call for Quote,2.5 time exhange cost,Call for Quote,1.5 time exhange cost,Each,Each,Refurbished,Y,2.000000,Same Day,,,,
459800703451-N,Avante Health Solutions,,15 amp type CC,Call for Quote,2.5 time exhange cost,Call for Quote,1.5 time exhange cost,Each,Each,New OEM Original,Y,1.000000,Same Day,,,,
459800931362,Avante Health Solutions,Philips,GEO IPC Ivybridge with ZMP CAN and IO,Call for Quote,2.5 time exhange cost,Call for Quote,1.5 time exhange cost,Each,Each,Refurbished,Y,1.000000,Same Day,,,,
459801039431,Avante Health Solutions,PHILIPS,PDU Control Module CM,Call for Quote,2.5 time exhange cost,Call for Quote,1.5 time exhange cost,Each,Each,Refurbished,Y,1.000000,Same Day,,,,
459801163852-N,Avante Health Solutions,Philips,"PFS-418 CFG2 OS Drive, 1TB",Call for Quote,2.5 time exhange cost,Call for Quote,1.5 time exhange cost,Each,Each,New OEM Original,Y,5.000000,Same Day,,,,
459801208601,Avante Health Solutions,Philips,HOST PC MONOPLANE REV II,Call for Quote,2.5 time exhange cost,Call for Quote,1.5 time exhange cost,Each,Each,Refurbished,Y,3.000000,Same Day,,,,
459801298281,Avante Health Solutions,Philips,4 Pole Photo Switch,Call for Quote,2.5 time exhange cost,Call for Quote,1.5 time exhange cost,Each,Each,Refurbished,Y,4.000000,Same Day,,,,
459801412392,Avante Health Solutions,Philips / Geffen,EXT-PS24U8AN-6 matrix power supply,Call for Quote,2.5 time exhange cost,Call for Quote,1.5 time exhange cost,Each,Each,Refurbished,Y,1.000000,Same Day,,,,
46-136374P17-N,Avante Health Solutions,GE,O-Ring,Call for Quote,2.5 time exhange cost,Call for Quote,1.5 time exhange cost,Each,Each,New OEM Original,Y,1.000000,Same Day,,,,
46-264368G1,Avante Health Solutions,GE,Enhanced Table Control Board,Call for Quote,2.5 time exhange cost,Call for Quote,1.5 time exhange cost,Each,Each,Refurbished,Y,1.000000,Same Day,,,,
46-264368G3,Avante Health Solutions,GE,ENHANCED TABLE CONTROL,Call for Quote,2.5 time exhange cost,Call for Quote,1.5 time exhange cost,Each,Each,Refurbished,Y,1.000000,Same Day,,,,
6582451,Avante Health Solutions,Siemens,SENSOR,Call for Quote,2.5 time exhange cost,Call for Quote,1.5 time exhange cost,Each,Each,Refurbished,Y,1.000000,Same Day,,,,
6635523,Avante Health Solutions,Siemens,UL Sensor,Call for Quote,2.5 time exhange cost,Call for Quote,1.5 time exhange cost,Each,Each,Refurbished,Y,1.000000,Same Day,,,,
6636042,Avante Health Solutions,Siemens,MOTOR UNIT,Call for Quote,2.5 time exhange cost,Call for Quote,1.5 time exhange cost,Each,Each,Refurbished,Y,2.000000,Same Day,,,,
6671230,Avante Health Solutions,GE,GE Logiq E10 BBG PWA,Call for Quote,2.5 time exhange cost,Call for Quote,1.5 time exhange cost,Each,Each,Refurbished,Y,1.000000,Same Day,,,,
6GF6200-8AA01,Avante Health Solutions,GE,EIZO MONITOR,Call for Quote,2.5 time exhange cost,Call for Quote,1.5 time exhange cost,Each,Each,Refurbished,Y,1.000000,Same Day,,,,
6GF62102EB05,Avante Health Solutions,GE,19in COLOR MONITOR,Call for Quote,2.5 time exhange cost,Call for Quote,1.5 time exhange cost,Each,Each,Refurbished,Y,1.000000,Same Day,,,,
6GF62202CC,Avante Health Solutions,Siemens,"17"" COLOR LCD MONITOR",Call for Quote,2.5 time exhange cost,Call for Quote,1.5 time exhange cost,Each,Each,Refurbished,Y,1.000000,Same Day,,,,
7064108,Avante Health Solutions,,DRIVE MOTOR TT,Call for Quote,2.5 time exhange cost,Call for Quote,1.5 time exhange cost,Each,Each,Refurbished,Y,11.000000,Same Day,,,,
7064314,Avante Health Solutions,SIEMENS,"FAN 24V- 1.4W 58CBM/H Q80/25,4",Call for Quote,2.5 time exhange cost,Call for Quote,1.5 time exhange cost,Each,Each,Refurbished,Y,2.000000,Same Day,,,,
7273530,Avante Health Solutions,SIEMENS,"DMS P46B-LC(20,40,64)",Call for Quote,2.5 time exhange cost,Call for Quote,1.5 time exhange cost,Each,Each,Refurbished,Y,1.000000,Same Day,,,,
7308450,Avante Health Solutions,SIEMENS,Backend Board (Antares) - see PN 0747241,Call for Quote,2.5 time exhange cost,Call for Quote,1.5 time exhange cost,Each,Each,Refurbished,Y,2.000000,Same Day,,,,
7388775,Avante Health Solutions,Siemens,Dyscon_16 D1,Call for Quote,2.5 time exhange cost,Call for Quote,1.5 time exhange cost,Each,Each,Refurbished,Y,2.000000,Same Day,,,,
7687572,Avante Health Solutions,Siemens,M4 Module,Call for Quote,2.5 time exhange cost,Call for Quote,1.5 time exhange cost,Each,Each,Refurbished,Y,25.000000,Same Day,,,,
77110-62420,Avante Health Solutions,PHILIPS,HP Digital Image Detector (5500/4500),Call for Quote,2.5 time exhange cost,Call for Quote,1.5 time exhange cost,Each,Each,Refurbished,Y,2.000000,Same Day,,,,
77160-65160,Avante Health Solutions,PHILIPS,HP SCANNER I/O,Call for Quote,2.5 time exhange cost,Call for Quote,1.5 time exhange cost,Each,Each,Refurbished,Y,2.000000,Same Day,,,,
7721603,Avante Health Solutions,Siemens,Footswitch,Call for Quote,2.5 time exhange cost,Call for Quote,1.5 time exhange cost,Each,Each,Refurbished,Y,7.000000,Same Day,,,,
77921-60400,Avante Health Solutions,PHILIPS,"HP, System I/O",Call for Quote,2.5 time exhange cost,Call for Quote,1.5 time exhange cost,Each,Each,Refurbished,Y,2.000000,Same Day,,,,
801-2108-00049-01,Avante Health Solutions,MINDRAY,"Mindray M5, Power Supply AC Adapter",Call for Quote,2.5 time exhange cost,Call for Quote,1.5 time exhange cost,Each,Each,Refurbished,Y,1.000000,Same Day,,,,
8098092,Avante Health Solutions,Siemens,"Gantry Panel Control, Right",Call for Quote,2.5 time exhange cost,Call for Quote,1.5 time exhange cost,Each,Each,Refurbished,Y,8.000000,Same Day,,,,
8098688,Avante Health Solutions,SIEMENS,Frequency Converter,Call for Quote,2.5 time exhange cost,Call for Quote,1.5 time exhange cost,Each,Each,Refurbished,Y,5.000000,Same Day,,,,
8362944,Avante Health Solutions,Siemens,E-Box,Call for Quote,2.5 time exhange cost,Call for Quote,1.5 time exhange cost,Each,Each,Refurbished,Y,1.000000,Same Day,,,,
8365640,Avante Health Solutions,SIEMENS,HVT_M8_Matrix,Call for Quote,2.5 time exhange cost,Call for Quote,1.5 time exhange cost,Each,Each,Refurbished,Y,9.000000,Same Day,,,,
8377710,Avante Health Solutions,Siemens,E607 Power Supply,Call for Quote,2.5 time exhange cost,Call for Quote,1.5 time exhange cost,Each,Each,Refurbished,Y,7.000000,Same Day,,,,
8414N/2GM-N,Avante Health Solutions,Siemens,Fan Kit,Call for Quote,2.5 time exhange cost,Call for Quote,1.5 time exhange cost,Each,Each,New OEM Original,Y,12.000000,Same Day,,,,
459800048181,Avante Health Solutions,Philips,Bi-Directional Transceiver Replacement Kit,Call for Quote,2.5 time exhange cost,Call for Quote,1.5 time exhange cost,Each,Each,Refurbished,Y,1.000000,Same Day,,,,
459800059001,Avante Health Solutions,Philips,Height Actuator Assy.,Call for Quote,2.5 time exhange cost,Call for Quote,1.5 time exhange cost,Each,Each,Refurbished,Y,3.000000,Same Day,,,,
459800061561,Avante Health Solutions,Philips,AD7 POWER SUPPLY X00002A,Call for Quote,2.5 time exhange cost,Call for Quote,1.5 time exhange cost,Each,Each,Refurbished,Y,6.000000,Same Day,,,,
459800061562,Avante Health Solutions,Philips,AD7 Power Supply,Call for Quote,2.5 time exhange cost,Call for Quote,1.5 time exhange cost,Each,Each,Refurbished,Y,7.000000,Same Day,,,,
459800064072,Avante Health Solutions,Philips,Moog Rotor Assy,Call for Quote,2.5 time exhange cost,Call for Quote,1.5 time exhange cost,Each,Each,Refurbished,Y,1.000000,Same Day,,,,
459800069912,Avante Health Solutions,,IPC adaptor,Call for Quote,2.5 time exhange cost,Call for Quote,1.5 time exhange cost,Each,Each,Refurbished,Y,4.000000,Same Day,,,,
459800113502,Avante Health Solutions,,Plinth Foot Switch Control Room,Call for Quote,2.5 time exhange cost,Call for Quote,1.5 time exhange cost,Each,Each,Refurbished,Y,2.000000,Same Day,,,,
459800151656,Avante Health Solutions,Philips,GEO Module Tilt Biplane WP,Call for Quote,2.5 time exhange cost,Call for Quote,1.5 time exhange cost,Each,Each,Refurbished,Y,1.000000,Same Day,,,,
459800151702,Avante Health Solutions,Philips,Cable GEO Module Snap Fit,Call for Quote,2.5 time exhange cost,Call for Quote,1.5 time exhange cost,Each,Each,Refurbished,Y,3.000000,Same Day,,,,
459800157701,Avante Health Solutions,Philips,I-16 DMS FAN ASS'Y,Call for Quote,2.5 time exhange cost,Call for Quote,1.5 time exhange cost,Each,Each,Refurbished,Y,2.000000,Same Day,,,,
459800159532,Avante Health Solutions,Philips,Ethernet cable 30m,Call for Quote,2.5 time exhange cost,Call for Quote,1.5 time exhange cost,Each,Each,Refurbished,Y,1.000000,Same Day,,,,
459800166651,Avante Health Solutions,Philips,I-Box 2 Base Board Assy,Call for Quote,2.5 time exhange cost,Call for Quote,1.5 time exhange cost,Each,Each,Refurbished,Y,2.000000,Same Day,,,,
77100-65810,Avante Health Solutions,PHILIPS,HP CCLR-COMBINED CINE LOOP,Call for Quote,2.5 time exhange cost,Call for Quote,1.5 time exhange cost,Each,Each,Refurbished,Y,2.000000,Same Day,,,,
77101-60218,Avante Health Solutions,PHILIPS,"HP, Power Supply: DC-DC Converter",Call for Quote,2.5 time exhange cost,Call for Quote,1.5 time exhange cost,Each,Each,Refurbished,Y,1.000000,Same Day,,,,
77110-65200,Avante Health Solutions,PHILIPS,HP PCB/Digital Doppler,Call for Quote,2.5 time exhange cost,Call for Quote,1.5 time exhange cost,Each,Each,Refurbished,Y,1.000000,Same Day,,,,
77110-66200,Avante Health Solutions,PHILIPS,HP AQ SPLIT,Call for Quote,2.5 time exhange cost,Call for Quote,1.5 time exhange cost,Each,Each,Refurbished,Y,1.000000,Same Day,,,,
77160-65720,Avante Health Solutions,PHILIPS,HP PVT Pcb.,Call for Quote,2.5 time exhange cost,Call for Quote,1.5 time exhange cost,Each,Each,Refurbished,Y,2.000000,Same Day,,,,
7735249,Avante Health Solutions,Siemens,PDR D554,Call for Quote,2.5 time exhange cost,Call for Quote,1.5 time exhange cost,Each,Each,Refurbished,Y,1.000000,Same Day,,,,
7740959,Avante Health Solutions,Siemens,PDR,Call for Quote,2.5 time exhange cost,Call for Quote,1.5 time exhange cost,Each,Each,Refurbished,Y,1.000000,Same Day,,,,
7741015,Avante Health Solutions,SIEMENS,LPS Unit,Call for Quote,2.5 time exhange cost,Call for Quote,1.5 time exhange cost,Each,Each,Refurbished,Y,2.000000,Same Day,,,,
7741049,Avante Health Solutions,,CONTROL BOX,Call for Quote,2.5 time exhange cost,Call for Quote,1.5 time exhange cost,Each,Each,Refurbished,Y,4.000000,Same Day,,,,
7741130,Avante Health Solutions,Siemens,Brush block,Call for Quote,2.5 time exhange cost,Call for Quote,1.5 time exhange cost,Each,Each,Refurbished,Y,3.000000,Same Day,,,,
7741163-N,Avante Health Solutions,Siemens,Signal brush block insert,Call for Quote,2.5 time exhange cost,Call for Quote,1.5 time exhange cost,Each,Each,New OEM Original,Y,1.000000,Same Day,,,,
7741627,Avante Health Solutions,Siemens,Mic Amp MUU5,Call for Quote,2.5 time exhange cost,Call for Quote,1.5 time exhange cost,Each,Each,Refurbished,Y,17.000000,Same Day,,,,
7393148-N,Avante Health Solutions,Siemens,Akron Q Tube,Call for Quote,2.5 time exhange cost,Call for Quote,1.5 time exhange cost,Each,Each,New OEM Original,Y,1.000000,Same Day,,,,
7393718,Avante Health Solutions,Siemens,Phi Z Mon P30 Complete,Call for Quote,2.5 time exhange cost,Call for Quote,1.5 time exhange cost,Each,Each,Refurbished,Y,1.000000,Same Day,,,,
7395424,Avante Health Solutions,Siemens,Control Board,Call for Quote,2.5 time exhange cost,Call for Quote,1.5 time exhange cost,Each,Each,Refurbished,Y,3.000000,Same Day,,,,
7395465,Avante Health Solutions,Siemens,Rack Mount Drawer,Call for Quote,2.5 time exhange cost,Call for Quote,1.5 time exhange cost,Each,Each,Refurbished,Y,1.000000,Same Day,,,,
7395804,Avante Health Solutions,Siemens,Dehumidifier,Call for Quote,2.5 time exhange cost,Call for Quote,1.5 time exhange cost,Each,Each,Refurbished,Y,2.000000,Same Day,,,,
7500-0911,Avante Health Solutions,PHILIPS,ATL CHANNEL BOARD,Call for Quote,2.5 time exhange cost,Call for Quote,1.5 time exhange cost,Each,Each,Refurbished,Y,2.000000,Same Day,,,,
7500-1119,Avante Health Solutions,PHILIPS,ATL Sig. Proc. Pcb.,Call for Quote,2.5 time exhange cost,Call for Quote,1.5 time exhange cost,Each,Each,Refurbished,Y,1.000000,Same Day,,,,
7500-1918,Avante Health Solutions,PHILIPS,"CPU, HDI 5000",Call for Quote,2.5 time exhange cost,Call for Quote,1.5 time exhange cost,Each,Each,Refurbished,Y,2.000000,Same Day,,,,
7573640,Avante Health Solutions,SIEMENS,8 Channel Head Array Coil,Call for Quote,2.5 time exhange cost,Call for Quote,1.5 time exhange cost,Each,Each,Refurbished,Y,1.000000,Same Day,,,,
77110-60100,Avante Health Solutions,PHILIPS,HP Analog Motherboard,Call for Quote,2.5 time exhange cost,Call for Quote,1.5 time exhange cost,Each,Each,Refurbished,Y,1.000000,Same Day,,,,
7717528,Avante Health Solutions,Siemens,D510 Inverter Bd.,Call for Quote,2.5 time exhange cost,Call for Quote,1.5 time exhange cost,Each,Each,Refurbished,Y,1.000000,Same Day,,,,
7721538,Avante Health Solutions,Siemens,BIPLANE FOOTSWITCH,Call for Quote,2.5 time exhange cost,Call for Quote,1.5 time exhange cost,Each,Each,Refurbished,Y,1.000000,Same Day,,,,
46-282359P2-N,Avante Health Solutions,GE,40:1 Gear Reducer 16 MM Gear,Call for Quote,2.5 time exhange cost,Call for Quote,1.5 time exhange cost,Each,Each,New OEM Original,Y,7.000000,Same Day,,,,
46-296539G1,Avante Health Solutions,GE,Table Foot Switch,Call for Quote,2.5 time exhange cost,Call for Quote,1.5 time exhange cost,Each,Each,Refurbished,Y,2.000000,Same Day,,,,
46-297059G1,Avante Health Solutions,GE,Cradle Power - Elevation / Tilt Amp Assy.,Call for Quote,2.5 time exhange cost,Call for Quote,1.5 time exhange cost,Each,Each,Refurbished,Y,1.000000,Same Day,,,,
4687430,Avante Health Solutions,Siemens,"POWER SUPPLY, 24V, 200W",Call for Quote,2.5 time exhange cost,Call for Quote,1.5 time exhange cost,Each,Each,Refurbished,Y,6.000000,Same Day,,,,
4690707,Avante Health Solutions,,NOISE FILTER 4X16A 440VAC,Call for Quote,2.5 time exhange cost,Call for Quote,1.5 time exhange cost,Each,Each,Refurbished,Y,3.000000,Same Day,,,,
4715MS23TB20,Avante Health Solutions,GE,"FAN, SET OF TEN (10), 230V ~AC, 1 PHASE, 50/60HZ, 7.5W",Call for Quote,2.5 time exhange cost,Call for Quote,1.5 time exhange cost,Each,Each,Refurbished,Y,2.000000,Same Day,,,,
4757212,Avante Health Solutions,Siemens,Loud Speaker,Call for Quote,2.5 time exhange cost,Call for Quote,1.5 time exhange cost,Each,Each,Refurbished,Y,1.000000,Same Day,,,,
4775701,Avante Health Solutions,Siemens,Examination Control Console Version 1 (ECC v1),Call for Quote,2.5 time exhange cost,Call for Quote,1.5 time exhange cost,Each,Each,Refurbished,Y,5.000000,Same Day,,,,
4787763,Avante Health Solutions,Siemens,Wireless Footswitch Charging Station Plus Extension,Call for Quote,2.5 time exhange cost,Call for Quote,1.5 time exhange cost,Each,Each,Refurbished,Y,4.000000,Same Day,,,,
4787797,Avante Health Solutions,Siemens,Wireless Monoplane Footswitch,Call for Quote,2.5 time exhange cost,Call for Quote,1.5 time exhange cost,Each,Each,Refurbished,Y,1.000000,Same Day,,,,
4822586,Avante Health Solutions,Siemens,D513 ACU,Call for Quote,2.5 time exhange cost,Call for Quote,1.5 time exhange cost,Each,Each,Refurbished,Y,3.000000,Same Day,,,,
459800173643,Avante Health Solutions,Philips,Biplane GEO Imaging Module WP,Call for Quote,2.5 time exhange cost,Call for Quote,1.5 time exhange cost,Each,Each,Refurbished,Y,6.000000,Same Day,,,,
459800173644,Avante Health Solutions,Philips,Biplane GEO Imaging Module WP,Call for Quote,2.5 time exhange cost,Call for Quote,1.5 time exhange cost,Each,Each,Refurbished,Y,3.000000,Same Day,,,,
459800293191,Avante Health Solutions,Philips,Couch Control Board,Call for Quote,2.5 time exhange cost,Call for Quote,1.5 time exhange cost,Each,Each,Refurbished,Y,2.000000,Same Day,,,,
459800298903,Avante Health Solutions,,AMC MOTOR CONTROL MODULE,Call for Quote,2.5 time exhange cost,Call for Quote,1.5 time exhange cost,Each,Each,Refurbished,Y,1.000000,Same Day,,,,
459800301511,Avante Health Solutions,Philips,Switch PC Q35 w/o Frame Grabber,Call for Quote,2.5 time exhange cost,Call for Quote,1.5 time exhange cost,Each,Each,Refurbished,Y,1.000000,Same Day,,,,
459800324111,Avante Health Solutions,Philips,Couch Power Bd.,Call for Quote,2.5 time exhange cost,Call for Quote,1.5 time exhange cost,Each,Each,Refurbished,Y,6.000000,Same Day,,,,
459800369921-N,Avante Health Solutions,Philips,HP 2 Button Mouse Scroll Laser USB,Call for Quote,2.5 time exhange cost,Call for Quote,1.5 time exhange cost,Each,Each,New OEM Original,Y,3.000000,Same Day,,,,
459800370502-N,Avante Health Solutions,Philips,"300gb 15000rpm SAS-6gbps 2.5"" Hard Disk Drive",Call for Quote,2.5 time exhange cost,Call for Quote,1.5 time exhange cost,Each,Each,New OEM Original,Y,8.000000,Same Day,,,,
459800398501,Avante Health Solutions,Philips,Common Host,Call for Quote,2.5 time exhange cost,Call for Quote,1.5 time exhange cost,Each,Each,Refurbished,Y,4.000000,Same Day,,,,
459800448931-N,Avante Health Solutions,,20 amp fuse,Call for Quote,2.5 time exhange cost,Call for Quote,1.5 time exhange cost,Each,Each,New OEM Original,Y,1.000000,Same Day,,,,
459800537481,Avante Health Solutions,Philips,Replacement Kit USB Extenders,Call for Quote,2.5 time exhange cost,Call for Quote,1.5 time exhange cost,Each,Each,Refurbished,Y,1.000000,Same Day,,,,
459800537482,Avante Health Solutions,Philips,Replacement Kit USB Extenders,Call for Quote,2.5 time exhange cost,Call for Quote,1.5 time exhange cost,Each,Each,Refurbished,Y,3.000000,Same Day,,,,
7721546,Avante Health Solutions,Siemens,Footswitch Adapter Cable for Artis Table,Call for Quote,2.5 time exhange cost,Call for Quote,1.5 time exhange cost,Each,Each,Refurbished,Y,1.000000,Same Day,,,,
7733392,Avante Health Solutions,Siemens,"19"" Siemens Monitor",Call for Quote,2.5 time exhange cost,Call for Quote,1.5 time exhange cost,Each,Each,Refurbished,Y,1.000000,Same Day,,,,
7735207,Avante Health Solutions,Siemens,SRS Data transmitter,Call for Quote,2.5 time exhange cost,Call for Quote,1.5 time exhange cost,Each,Each,Refurbished,Y,1.000000,Same Day,,,,
7740975,Avante Health Solutions,Siemens,UMAS for Definition Dual Source,Call for Quote,2.5 time exhange cost,Call for Quote,1.5 time exhange cost,Each,Each,Refurbished,Y,2.000000,Same Day,,,,
7741072,Avante Health Solutions,,Graphical Display,Call for Quote,2.5 time exhange cost,Call for Quote,1.5 time exhange cost,Each,Each,Refurbished,Y,9.000000,Same Day,,,,
77922-81241,Avante Health Solutions,HP,"HP5500, Switch, On/Off",Call for Quote,2.5 time exhange cost,Call for Quote,1.5 time exhange cost,Each,Each,Refurbished,Y,1.000000,Same Day,,,,
8095593,Avante Health Solutions,SIEMENS,UMAR P46,Call for Quote,2.5 time exhange cost,Call for Quote,1.5 time exhange cost,Each,Each,Refurbished,Y,7.000000,Same Day,,,,
80GB ATA HDD,Avante Health Solutions,MULTIPLE,80GB IDE/ATA HDD,Call for Quote,2.5 time exhange cost,Call for Quote,1.5 time exhange cost,Each,Each,Refurbished,Y,1.000000,Same Day,,,,
8365970,Avante Health Solutions,SIEMENS,matrix MVT,Call for Quote,2.5 time exhange cost,Call for Quote,1.5 time exhange cost,Each,Each,Refurbished,Y,4.000000,Same Day,,,,
8377678,Avante Health Solutions,Siemens,CPI-2 Board,Call for Quote,2.5 time exhange cost,Call for Quote,1.5 time exhange cost,Each,Each,Refurbished,Y,2.000000,Same Day,,,,
8377801,Avante Health Solutions,Siemens,Tube Collimator P30F,Call for Quote,2.5 time exhange cost,Call for Quote,1.5 time exhange cost,Each,Each,Refurbished,Y,5.000000,Same Day,,,,
8379310,Avante Health Solutions,Siemens,Ethernet Switch Gbit 8-Port Syskonnect SK 8180T,Call for Quote,2.5 time exhange cost,Call for Quote,1.5 time exhange cost,Each,Each,Refurbished,Y,2.000000,Same Day,,,,
77921-60110,Avante Health Solutions,PHILIPS,"HP, Keyprocessor",Call for Quote,2.5 time exhange cost,Call for Quote,1.5 time exhange cost,Each,Each,Refurbished,Y,1.000000,Same Day,,,,
77922-69473,Avante Health Solutions,PHILIPS,Soft Shutdown Controller (5500),Call for Quote,2.5 time exhange cost,Call for Quote,1.5 time exhange cost,Each,Each,Refurbished,Y,1.000000,Same Day,,,,
8095155,Avante Health Solutions,SIEMENS,Lightmarker_rotation,Call for Quote,2.5 time exhange cost,Call for Quote,1.5 time exhange cost,Each,Each,Refurbished,Y,23.000000,Same Day,,,,
8098175,Avante Health Solutions,SIEMENS,PDR P46,Call for Quote,2.5 time exhange cost,Call for Quote,1.5 time exhange cost,Each,Each,Refurbished,Y,3.000000,Same Day,,,,
8103074,Avante Health Solutions,Siemens,Cover P29F CPL,Call for Quote,2.5 time exhange cost,Call for Quote,1.5 time exhange cost,Each,Each,Refurbished,Y,1.000000,Same Day,,,,
8255715,Avante Health Solutions,SIEMENS,Acuson Siemens Sequoia Swiftlink,Call for Quote,2.5 time exhange cost,Call for Quote,1.5 time exhange cost,Each,Each,Refurbished,Y,2.000000,Same Day,,,,
8363884,Avante Health Solutions,SIEMENS,Matrix DC-Link,Call for Quote,2.5 time exhange cost,Call for Quote,1.5 time exhange cost,Each,Each,Refurbished,Y,10.000000,Same Day,,,,
8366382,Avante Health Solutions,SIEMENS,XGR ASSY,Call for Quote,2.5 time exhange cost,Call for Quote,1.5 time exhange cost,Each,Each,Refurbished,Y,9.000000,Same Day,,,,
8401296,Avante Health Solutions,SIEMENS,XDC-component,Call for Quote,2.5 time exhange cost,Call for Quote,1.5 time exhange cost,Each,Each,Refurbished,Y,24.000000,Same Day,,,,
8402740,Avante Health Solutions,Siemens,Tube-cooling,Call for Quote,2.5 time exhange cost,Call for Quote,1.5 time exhange cost,Each,Each,Refurbished,Y,4.000000,Same Day,,,,
8428026,Avante Health Solutions,Siemens,Backplane Left P30F/L D581,Call for Quote,2.5 time exhange cost,Call for Quote,1.5 time exhange cost,Each,Each,Refurbished,Y,1.000000,Same Day,,,,
8614294,Avante Health Solutions,SIEMENS,Drive unit vertical lift (M711),Call for Quote,2.5 time exhange cost,Call for Quote,1.5 time exhange cost,Each,Each,Refurbished,Y,2.000000,Same Day,,,,
8614385,Avante Health Solutions,SIEMENS,Magnetic sensor B722,Call for Quote,2.5 time exhange cost,Call for Quote,1.5 time exhange cost,Each,Each,Refurbished,Y,1.000000,Same Day,,,,
8614393,Avante Health Solutions,SIEMENS,*Keypad D704 complete,Call for Quote,2.5 time exhange cost,Call for Quote,1.5 time exhange cost,Each,Each,Refurbished,Y,1.000000,Same Day,,,,
8614435,Avante Health Solutions,SIEMENS,Encoder (B711),Call for Quote,2.5 time exhange cost,Call for Quote,1.5 time exhange cost,Each,Each,Refurbished,Y,1.000000,Same Day,,,,
8615861,Avante Health Solutions,SIEMENS,Belt pulley PHS_MPT,Call for Quote,2.5 time exhange cost,Call for Quote,1.5 time exhange cost,Each,Each,Refurbished,Y,1.000000,Same Day,,,,
8780022-114,Avante Health Solutions,,DL10 Storage Device,Call for Quote,2.5 time exhange cost,Call for Quote,1.5 time exhange cost,Each,Each,Refurbished,Y,1.000000,Same Day,,,,
8874096,Avante Health Solutions,Siemens,Keyboard Panel Front Left Facelift,Call for Quote,2.5 time exhange cost,Call for Quote,1.5 time exhange cost,Each,Each,Refurbished,Y,5.000000,Same Day,,,,
8874104,Avante Health Solutions,Siemens,Keyboard Front Right,Call for Quote,2.5 time exhange cost,Call for Quote,1.5 time exhange cost,Each,Each,Refurbished,Y,2.000000,Same Day,,,,
8874112,Avante Health Solutions,Siemens,Rear Control Panel Back Facelift,Call for Quote,2.5 time exhange cost,Call for Quote,1.5 time exhange cost,Each,Each,Refurbished,Y,4.000000,Same Day,,,,
8903564,Avante Health Solutions,,W586 Fiber Optic Cable,Call for Quote,2.5 time exhange cost,Call for Quote,1.5 time exhange cost,Each,Each,Refurbished,Y,1.000000,Same Day,,,,
8903663,Avante Health Solutions,,W596 Fiber Optic Cable,Call for Quote,2.5 time exhange cost,Call for Quote,1.5 time exhange cost,Each,Each,Refurbished,Y,1.000000,Same Day,,,,
8904919,Avante Health Solutions,Siemens,PTV D702,Call for Quote,2.5 time exhange cost,Call for Quote,1.5 time exhange cost,Each,Each,Refurbished,Y,2.000000,Same Day,,,,
8904943,Avante Health Solutions,Siemens,GPC-D311 w/ Daughter Board,Call for Quote,2.5 time exhange cost,Call for Quote,1.5 time exhange cost,Each,Each,Refurbished,Y,1.000000,Same Day,,,,
8379328,Avante Health Solutions,Siemens,4 Port KVM Switch Raritan 4ch Network Switch,Call for Quote,2.5 time exhange cost,Call for Quote,1.5 time exhange cost,Each,Each,Refurbished,Y,3.000000,Same Day,,,,
8614351,Avante Health Solutions,SIEMENS,*Timing belt TT,Call for Quote,2.5 time exhange cost,Call for Quote,1.5 time exhange cost,Each,Each,Refurbished,Y,1.000000,Same Day,,,,
8614401,Avante Health Solutions,SIEMENS,Motor Controller Table Top (U731),Call for Quote,2.5 time exhange cost,Call for Quote,1.5 time exhange cost,Each,Each,Refurbished,Y,1.000000,Same Day,,,,
8614500,Avante Health Solutions,SIEMENS,POWER SUPPLY G701/G702,Call for Quote,2.5 time exhange cost,Call for Quote,1.5 time exhange cost,Each,Each,Refurbished,Y,13.000000,Same Day,,,,
8614526,Avante Health Solutions,SIEMENS,LMAS Assembly D702,Call for Quote,2.5 time exhange cost,Call for Quote,1.5 time exhange cost,Each,Each,Refurbished,Y,2.000000,Same Day,,,,
8618113,Avante Health Solutions,SIEMENS,Power supply,Call for Quote,2.5 time exhange cost,Call for Quote,1.5 time exhange cost,Each,Each,Refurbished,Y,2.000000,Same Day,,,,
8673548,Avante Health Solutions,Siemens,Motor Controller,Call for Quote,2.5 time exhange cost,Call for Quote,1.5 time exhange cost,Each,Each,Refurbished,Y,14.000000,Same Day,,,,
8685963,Avante Health Solutions,Siemens,Freq. Inverter Coll/FD Rot.,Call for Quote,2.5 time exhange cost,Call for Quote,1.5 time exhange cost,Each,Each,Refurbished,Y,1.000000,Same Day,,,,
8693454,Avante Health Solutions,SIEMENS,MICROSWITCH 1U 250V 100mA Au,Call for Quote,2.5 time exhange cost,Call for Quote,1.5 time exhange cost,Each,Each,Refurbished,Y,7.000000,Same Day,,,,
8700107,Avante Health Solutions,,LGF Filter 3xAC 480V/50-60Hz,Call for Quote,2.5 time exhange cost,Call for Quote,1.5 time exhange cost,Each,Each,Refurbished,Y,1.000000,Same Day,,,,
8707239,Avante Health Solutions,Siemens,Adapter DVI 12+5P ST -VGA 15P BU,Call for Quote,2.5 time exhange cost,Call for Quote,1.5 time exhange cost,Each,Each,Refurbished,Y,1.000000,Same Day,,,,
8885101942,Avante Health Solutions,Siemens,PLG52 Scanner Motor,Call for Quote,2.5 time exhange cost,Call for Quote,1.5 time exhange cost,Each,Each,Refurbished,Y,1.000000,Same Day,,,,
5101956,Avante Health Solutions,GE,G Das Detector,Call for Quote,2.5 time exhange cost,Call for Quote,1.5 time exhange cost,Each,Each,Refurbished,Y,1.000000,Same Day,,,,
5112471-04 REV 02,Avante Health Solutions,GE,GTCN Board Assy Positioning GT,Call for Quote,2.5 time exhange cost,Call for Quote,1.5 time exhange cost,Each,Each,Refurbished,Y,4.000000,Same Day,,,,
5112970,Avante Health Solutions,GE,"Cable, 48VDC Power to Collimator, VCT",Call for Quote,2.5 time exhange cost,Call for Quote,1.5 time exhange cost,Each,Each,Refurbished,Y,1.000000,Same Day,,,,
5112971,Avante Health Solutions,GE,"Cable, 48VDC PWr, ORP and Transmitter, VCT",Call for Quote,2.5 time exhange cost,Call for Quote,1.5 time exhange cost,Each,Each,Refurbished,Y,1.000000,Same Day,,,,
5114129,Avante Health Solutions,GE,IMS Driver to J203 Positioning GT,Call for Quote,2.5 time exhange cost,Call for Quote,1.5 time exhange cost,Each,Each,Refurbished,Y,1.000000,Same Day,,,,
5114135,Avante Health Solutions,GE,"Cable, GTCN to J207 Positioning GT",Call for Quote,2.5 time exhange cost,Call for Quote,1.5 time exhange cost,Each,Each,Refurbished,Y,1.000000,Same Day,,,,
511756413,Avante Health Solutions,GE,PPC KV CTRL V3S,Call for Quote,2.5 time exhange cost,Call for Quote,1.5 time exhange cost,Each,Each,Refurbished,Y,1.000000,Same Day,,,,
51202502,Avante Health Solutions,GE,Stepping Controller Bd.,Call for Quote,2.5 time exhange cost,Call for Quote,1.5 time exhange cost,Each,Each,Refurbished,Y,1.000000,Same Day,,,,
5120250-2,Avante Health Solutions,GE,STEPPER CONTROLLER BOARD,Call for Quote,2.5 time exhange cost,Call for Quote,1.5 time exhange cost,Each,Each,Refurbished,Y,1.000000,Same Day,,,,
5120641,Avante Health Solutions,GE,Cable - MSUB J26 to Table Foot Switch - EMC Edition 2,Call for Quote,2.5 time exhange cost,Call for Quote,1.5 time exhange cost,Each,Each,Refurbished,Y,1.000000,Same Day,,,,
51216203,Avante Health Solutions,GE,Upper and Lower Tube Cover Set,Call for Quote,2.5 time exhange cost,Call for Quote,1.5 time exhange cost,Each,Each,Refurbished,Y,1.000000,Same Day,,,,
459800537482-N,Avante Health Solutions,Philips,Replacement Kit USB Extenders,Call for Quote,2.5 time exhange cost,Call for Quote,1.5 time exhange cost,Each,Each,New OEM Original,Y,1.000000,Same Day,,,,
459800544031,Avante Health Solutions,Philips,HOST PC MONOPLANE REVISED II,Call for Quote,2.5 time exhange cost,Call for Quote,1.5 time exhange cost,Each,Each,Refurbished,Y,3.000000,Same Day,,,,
459800544052,Avante Health Solutions,Philips,ClarityIQ II IP PC,Call for Quote,2.5 time exhange cost,Call for Quote,1.5 time exhange cost,Each,Each,Refurbished,Y,4.000000,Same Day,,,,
459800632411,Avante Health Solutions,Philips,TDMS V2 M. Det Class B FRU,Call for Quote,2.5 time exhange cost,Call for Quote,1.5 time exhange cost,Each,Each,Refurbished,Y,2.000000,Same Day,,,,
459800675341,Avante Health Solutions,Philips,HANDGRIP ASSY YELLOW (WITH SWITCHES) ONE BUTTON  SET,Call for Quote,2.5 time exhange cost,Call for Quote,1.5 time exhange cost,Each,Each,Refurbished,Y,2.000000,Same Day,,,,
459800854161,Avante Health Solutions,Philips,POSITION UNIT,Call for Quote,2.5 time exhange cost,Call for Quote,1.5 time exhange cost,Each,Each,Refurbished,Y,2.000000,Same Day,,,,
459800880671,Avante Health Solutions,Philips,"IP PC NEHALEM, NO INFINIBAND",Call for Quote,2.5 time exhange cost,Call for Quote,1.5 time exhange cost,Each,Each,Refurbished,Y,1.000000,Same Day,,,,
459800882781,Avante Health Solutions,Philips,Compressor-JUN Air 60 HZ,Call for Quote,2.5 time exhange cost,Call for Quote,1.5 time exhange cost,Each,Each,Refurbished,Y,1.000000,Same Day,,,,
459800908342-N,Avante Health Solutions,Philips,Z440 Host Recon + DNA-NIC PUR (Win Lic),Call for Quote,2.5 time exhange cost,Call for Quote,1.5 time exhange cost,Each,Each,New OEM Original,Y,1.000000,Same Day,,,,
459800962571,Avante Health Solutions,,"SW Media SET, Brilliance/Ingenuity 3.6.7",Call for Quote,2.5 time exhange cost,Call for Quote,1.5 time exhange cost,Each,Each,Refurbished,Y,1.000000,Same Day,,,,
459800972281,Avante Health Solutions,Philips,"19"" LCD display monitor EA193Mi",Call for Quote,2.5 time exhange cost,Call for Quote,1.5 time exhange cost,Each,Each,Refurbished,Y,1.000000,Same Day,,,,
8901410,Avante Health Solutions,Siemens,Right Panel,Call for Quote,2.5 time exhange cost,Call for Quote,1.5 time exhange cost,Each,Each,Refurbished,Y,2.000000,Same Day,,,,
8902871,Avante Health Solutions,,W517 electrical conductor,Call for Quote,2.5 time exhange cost,Call for Quote,1.5 time exhange cost,Each,Each,Refurbished,Y,3.000000,Same Day,,,,
8903523,Avante Health Solutions,,W582 Fiber Optic Cable,Call for Quote,2.5 time exhange cost,Call for Quote,1.5 time exhange cost,Each,Each,Refurbished,Y,1.000000,Same Day,,,,
8905304,Avante Health Solutions,Siemens,Expansion Tank for 2NK6 725-1K,Call for Quote,2.5 time exhange cost,Call for Quote,1.5 time exhange cost,Each,Each,Refurbished,Y,1.000000,Same Day,,,,
941521980201,Avante Health Solutions,Philips,Power Supply Type PE1980/20U,Call for Quote,2.5 time exhange cost,Call for Quote,1.5 time exhange cost,Each,Each,Refurbished,Y,1.000000,Same Day,,,,
9554918,Avante Health Solutions,,LP7P9 OPIO Trackball with cable - H,Call for Quote,2.5 time exhange cost,Call for Quote,1.5 time exhange cost,Each,Each,Refurbished,Y,1.000000,Same Day,,,,
989000003302,Avante Health Solutions,,HT CABLE CATHODE,Call for Quote,2.5 time exhange cost,Call for Quote,1.5 time exhange cost,Each,Each,Refurbished,Y,2.000000,Same Day,,,,
989000085892,Avante Health Solutions,Philips,MRC 600 TUBE,Call for Quote,2.5 time exhange cost,Call for Quote,1.5 time exhange cost,Each,Each,Refurbished,Y,1.000000,Same Day,,,,
989600133622,Avante Health Solutions,Philips,Cerebral Filter Assy.,Call for Quote,2.5 time exhange cost,Call for Quote,1.5 time exhange cost,Each,Each,Refurbished,Y,5.000000,Same Day,,,,
989600182584,Avante Health Solutions,Philips,Pan Handle (9 Pin),Call for Quote,2.5 time exhange cost,Call for Quote,1.5 time exhange cost,Each,Each,Refurbished,Y,7.000000,Same Day,,,,
989600182689,Avante Health Solutions,Philips,TSM Swing Arm,Call for Quote,2.5 time exhange cost,Call for Quote,1.5 time exhange cost,Each,Each,Refurbished,Y,3.000000,Same Day,,,,
989600185781,Avante Health Solutions,Philips,Bolus Chase Tilt XPER Speed Controller (Complete Kit),Call for Quote,2.5 time exhange cost,Call for Quote,1.5 time exhange cost,Each,Each,Refurbished,Y,4.000000,Same Day,,,,
5125784,Avante Health Solutions,GE,"Cable, Conn Plate J204 to Cradle Motor J205",Call for Quote,2.5 time exhange cost,Call for Quote,1.5 time exhange cost,Each,Each,Refurbished,Y,1.000000,Same Day,,,,
5127249-2,Avante Health Solutions,GE,LATERAL/ FRONTAL DET. GRID SET,Call for Quote,2.5 time exhange cost,Call for Quote,1.5 time exhange cost,Each,Each,Refurbished,Y,1.000000,Same Day,,,,
5127284,Avante Health Solutions,GE,Proportional Valve Assembly,Call for Quote,2.5 time exhange cost,Call for Quote,1.5 time exhange cost,Each,Each,Refurbished,Y,1.000000,Same Day,,,,
5127285,Avante Health Solutions,GE,Shut Off Valve,Call for Quote,2.5 time exhange cost,Call for Quote,1.5 time exhange cost,Each,Each,Refurbished,Y,1.000000,Same Day,,,,
5127381-2,Avante Health Solutions,GE,INVERTER ASSY Positioning GT,Call for Quote,2.5 time exhange cost,Call for Quote,1.5 time exhange cost,Each,Each,Refurbished,Y,3.000000,Same Day,,,,
5127470-3,Avante Health Solutions,GE,Touch Sensor Right 2000 Assembly HD Positioning GT,Call for Quote,2.5 time exhange cost,Call for Quote,1.5 time exhange cost,Each,Each,Refurbished,Y,1.000000,Same Day,,,,
5127502,Avante Health Solutions,GE,Cradle Wire Assy. Positioning GT,Call for Quote,2.5 time exhange cost,Call for Quote,1.5 time exhange cost,Each,Each,Refurbished,Y,1.000000,Same Day,,,,
51284552,Avante Health Solutions,GE,"18"" Monochrome Monitor",Call for Quote,2.5 time exhange cost,Call for Quote,1.5 time exhange cost,Each,Each,Refurbished,Y,4.000000,Same Day,,,,
5130001,Avante Health Solutions,GE,VCT Failsafe Collimator,Call for Quote,2.5 time exhange cost,Call for Quote,1.5 time exhange cost,Each,Each,Refurbished,Y,1.000000,Same Day,,,,
5130204 B,Avante Health Solutions,GE,VCT High Channel Backplane PWA,Call for Quote,2.5 time exhange cost,Call for Quote,1.5 time exhange cost,Each,Each,Refurbished,Y,1.000000,Same Day,,,,
5131401,Avante Health Solutions,GE,RT BUS CABLE,Call for Quote,2.5 time exhange cost,Call for Quote,1.5 time exhange cost,Each,Each,Refurbished,Y,1.000000,Same Day,,,,
5133443,Avante Health Solutions,GE,DL NETWORK SWITCH,Call for Quote,2.5 time exhange cost,Call for Quote,1.5 time exhange cost,Each,Each,Refurbished,Y,1.000000,Same Day,,,,
989600206511,Avante Health Solutions,Philips,Swivel Handswitch,Call for Quote,2.5 time exhange cost,Call for Quote,1.5 time exhange cost,Each,Each,Refurbished,Y,2.000000,Same Day,,,,
989600207114,Avante Health Solutions,Philips,Cable Assembly to WCB,Call for Quote,2.5 time exhange cost,Call for Quote,1.5 time exhange cost,Each,Each,Refurbished,Y,1.000000,Same Day,,,,
989600215994,Avante Health Solutions,Philips,TCU-FD DETECTOR CHILLER,Call for Quote,2.5 time exhange cost,Call for Quote,1.5 time exhange cost,Each,Each,Refurbished,Y,2.000000,Same Day,,,,
989600216601,Avante Health Solutions,Philips,Swingarm for Mouse,Call for Quote,2.5 time exhange cost,Call for Quote,1.5 time exhange cost,Each,Each,Refurbished,Y,3.000000,Same Day,,,,
989600217072,Avante Health Solutions,,Multivision Switch DVI,Call for Quote,2.5 time exhange cost,Call for Quote,1.5 time exhange cost,Each,Each,Refurbished,Y,1.000000,Same Day,,,,
989600220381,Avante Health Solutions,Philips,GEO TILT BI-PLANE SURGERY,Call for Quote,2.5 time exhange cost,Call for Quote,1.5 time exhange cost,Each,Each,Refurbished,Y,1.000000,Same Day,,,,
989601022321,Avante Health Solutions,Philips,Nicol V3 Collimator,Call for Quote,2.5 time exhange cost,Call for Quote,1.5 time exhange cost,Each,Each,Refurbished,Y,8.000000,Same Day,,,,
989601040151,Avante Health Solutions,Philips,REVIEW CONSOLE,Call for Quote,2.5 time exhange cost,Call for Quote,1.5 time exhange cost,Each,Each,Refurbished,Y,3.000000,Same Day,,,,
989601041102,Avante Health Solutions,Philips,FLASHLITE FOR C/V ALLURA,Call for Quote,2.5 time exhange cost,Call for Quote,1.5 time exhange cost,Each,Each,Refurbished,Y,6.000000,Same Day,,,,
989601041103,Avante Health Solutions,Philips,FLASHLITE FOR C/V ALLURA,Call for Quote,2.5 time exhange cost,Call for Quote,1.5 time exhange cost,Each,Each,Refurbished,Y,1.000000,Same Day,,,,
989601041403,Avante Health Solutions,Philips,PX4700 Detector,Call for Quote,2.5 time exhange cost,Call for Quote,1.5 time exhange cost,Each,Each,Refurbished,Y,3.000000,Same Day,,,,
989601066841,Avante Health Solutions,Philips,FLAT DETECTOR FD15 GRID,Call for Quote,2.5 time exhange cost,Call for Quote,1.5 time exhange cost,Each,Each,Refurbished,Y,1.000000,Same Day,,,,
8614435-N,Avante Health Solutions,SIEMENS,Encoder (B711),Call for Quote,2.5 time exhange cost,Call for Quote,1.5 time exhange cost,Each,Each,New OEM Original,Y,1.000000,Same Day,,,,
8614443,Avante Health Solutions,SIEMENS,Brake resistor R719,Call for Quote,2.5 time exhange cost,Call for Quote,1.5 time exhange cost,Each,Each,Refurbished,Y,2.000000,Same Day,,,,
8614625,Avante Health Solutions,SIEMENS,Foot cover right PHS3,Call for Quote,2.5 time exhange cost,Call for Quote,1.5 time exhange cost,Each,Each,Refurbished,Y,2.000000,Same Day,,,,
8617313-N,Avante Health Solutions,SIEMENS,Cableset MPT,Call for Quote,2.5 time exhange cost,Call for Quote,1.5 time exhange cost,Each,Each,New OEM Original,Y,1.000000,Same Day,,,,
8673549,Avante Health Solutions,Siemens,Motor Controller,Call for Quote,2.5 time exhange cost,Call for Quote,1.5 time exhange cost,Each,Each,Refurbished,Y,1.000000,Same Day,,,,
8693694,Avante Health Solutions,Siemens,Ethernet Card IVS R640,Call for Quote,2.5 time exhange cost,Call for Quote,1.5 time exhange cost,Each,Each,Refurbished,Y,1.000000,Same Day,,,,
8727195,Avante Health Solutions,Siemens,Accel LSO Detector,Call for Quote,2.5 time exhange cost,Call for Quote,1.5 time exhange cost,Each,Each,Refurbished,Y,3.000000,Same Day,,,,
8902863,Avante Health Solutions,,W516 electrical conductor,Call for Quote,2.5 time exhange cost,Call for Quote,1.5 time exhange cost,Each,Each,Refurbished,Y,2.000000,Same Day,,,,
8903408,Avante Health Solutions,,W570 Fiber optic cable,Call for Quote,2.5 time exhange cost,Call for Quote,1.5 time exhange cost,Each,Each,Refurbished,Y,1.000000,Same Day,,,,
8903549,Avante Health Solutions,,W584 Fiber Optic Cable,Call for Quote,2.5 time exhange cost,Call for Quote,1.5 time exhange cost,Each,Each,Refurbished,Y,1.000000,Same Day,,,,
8903580,Avante Health Solutions,,W588 Fiber Optic Cable,Call for Quote,2.5 time exhange cost,Call for Quote,1.5 time exhange cost,Each,Each,Refurbished,Y,1.000000,Same Day,,,,
8903606,Avante Health Solutions,,W590 Fiber Optic Cable,Call for Quote,2.5 time exhange cost,Call for Quote,1.5 time exhange cost,Each,Each,Refurbished,Y,1.000000,Same Day,,,,
459800987431,Avante Health Solutions,,LCD Panel LH,Call for Quote,2.5 time exhange cost,Call for Quote,1.5 time exhange cost,Each,Each,Refurbished,Y,1.000000,Same Day,,,,
459801178291,Avante Health Solutions,,FRU Compensator,Call for Quote,2.5 time exhange cost,Call for Quote,1.5 time exhange cost,Each,Each,Refurbished,Y,5.000000,Same Day,,,,
46-136334P49,Avante Health Solutions,GE,Signa Dock Up Limit Switch Assy,Call for Quote,2.5 time exhange cost,Call for Quote,1.5 time exhange cost,Each,Each,Refurbished,Y,1.000000,Same Day,,,,
46-188067P1,Avante Health Solutions,GE,10A 240V AC Solid State Relay,Call for Quote,2.5 time exhange cost,Call for Quote,1.5 time exhange cost,Each,Each,Refurbished,Y,1.000000,Same Day,,,,
46-2431667P1,Avante Health Solutions,,Wheel Housing,Call for Quote,2.5 time exhange cost,Call for Quote,1.5 time exhange cost,Each,Each,Refurbished,Y,6.000000,Same Day,,,,
46-264442G3,Avante Health Solutions,GE,PreAmplifier w/ Diode Fix,Call for Quote,2.5 time exhange cost,Call for Quote,1.5 time exhange cost,Each,Each,Refurbished,Y,1.000000,Same Day,,,,
46-264988G2,Avante Health Solutions,GE,LPCC 1.5T Head TR Assy,Call for Quote,2.5 time exhange cost,Call for Quote,1.5 time exhange cost,Each,Each,Refurbished,Y,1.000000,Same Day,,,,
46-296317P3,Avante Health Solutions,GE,5/15/24V Power Supply,Call for Quote,2.5 time exhange cost,Call for Quote,1.5 time exhange cost,Each,Each,Refurbished,Y,1.000000,Same Day,,,,
46-317169P1,Avante Health Solutions,GE,Cradle Latch Hooks,Call for Quote,2.5 time exhange cost,Call for Quote,1.5 time exhange cost,Each,Each,Refurbished,Y,1.000000,Same Day,,,,
4691200,Avante Health Solutions,Siemens,B702 Displace Sensor 12V,Call for Quote,2.5 time exhange cost,Call for Quote,1.5 time exhange cost,Each,Each,Refurbished,Y,1.000000,Same Day,,,,
4697546,Avante Health Solutions,Siemens,Solid State Relay 4-32V,Call for Quote,2.5 time exhange cost,Call for Quote,1.5 time exhange cost,Each,Each,Refurbished,Y,10.000000,Same Day,,,,
4787789,Avante Health Solutions,Siemens,Batteries for Wireless Footswitch,Call for Quote,2.5 time exhange cost,Call for Quote,1.5 time exhange cost,Each,Each,Refurbished,Y,8.000000,Same Day,,,,
8904968,Avante Health Solutions,Siemens,D514 FOC Bd.,Call for Quote,2.5 time exhange cost,Call for Quote,1.5 time exhange cost,Each,Each,Refurbished,Y,2.000000,Same Day,,,,
932208711682,Avante Health Solutions,Philips,E-Prom 8k8 AT28C64B-25PC,Call for Quote,2.5 time exhange cost,Call for Quote,1.5 time exhange cost,Each,Each,Refurbished,Y,1.000000,Same Day,,,,
941503188712,Avante Health Solutions,Philips,Clea Stand Power Supply,Call for Quote,2.5 time exhange cost,Call for Quote,1.5 time exhange cost,Each,Each,Refurbished,Y,2.000000,Same Day,,,,
9770035,Avante Health Solutions,0,Site-Rite Vision 128 Element Convex Transducer,Call for Quote,2.5 time exhange cost,Call for Quote,1.5 time exhange cost,Each,Each,Refurbished,Y,1.000000,Same Day,,,,
989000085652,Avante Health Solutions,Philips,CU3101 Tube Chiller,Call for Quote,2.5 time exhange cost,Call for Quote,1.5 time exhange cost,Each,Each,Refurbished,Y,10.000000,Same Day,,,,
989600032414,Avante Health Solutions,Philips,Peripheral X-ray filter,Call for Quote,2.5 time exhange cost,Call for Quote,1.5 time exhange cost,Each,Each,Refurbished,Y,1.000000,Same Day,,,,
989600035483,Avante Health Solutions,Philips,Integris Geometry TSO,Call for Quote,2.5 time exhange cost,Call for Quote,1.5 time exhange cost,Each,Each,Refurbished,Y,1.000000,Same Day,,,,
989600200544,Avante Health Solutions,Philips,REVIEW CONSOLE,Call for Quote,2.5 time exhange cost,Call for Quote,1.5 time exhange cost,Each,Each,Refurbished,Y,2.000000,Same Day,,,,
989600215991,Avante Health Solutions,Philips,LAIRD Detector Chiller,Call for Quote,2.5 time exhange cost,Call for Quote,1.5 time exhange cost,Each,Each,Refurbished,Y,5.000000,Same Day,,,,
989601000051,Avante Health Solutions,Philips,Ext. Collimator CAN Interface,Call for Quote,2.5 time exhange cost,Call for Quote,1.5 time exhange cost,Each,Each,Refurbished,Y,1.000000,Same Day,,,,
989601022051,Avante Health Solutions,Philips,Nicol Vascular Collimator,Call for Quote,2.5 time exhange cost,Call for Quote,1.5 time exhange cost,Each,Each,Refurbished,Y,6.000000,Same Day,,,,
989601040082,Avante Health Solutions,Philips,Biplane Footswitch,Call for Quote,2.5 time exhange cost,Call for Quote,1.5 time exhange cost,Each,Each,Refurbished,Y,2.000000,Same Day,,,,
989605344901,Avante Health Solutions,PHILIPS,Omni III TEE Adapter IE33 for 21378A/T6H,Call for Quote,2.5 time exhange cost,Call for Quote,1.5 time exhange cost,Each,Each,Refurbished,Y,1.000000,Same Day,,,,
989670000013,Avante Health Solutions,Philips,Direct Vascular Viewpad,Call for Quote,2.5 time exhange cost,Call for Quote,1.5 time exhange cost,Each,Each,Refurbished,Y,2.000000,Same Day,,,,
991932252012,Avante Health Solutions,Philips,"19"" Color Monitor ER",Call for Quote,2.5 time exhange cost,Call for Quote,1.5 time exhange cost,Each,Each,Refurbished,Y,1.000000,Same Day,,,,
991932252201,Avante Health Solutions,Philips,"19"" Monochrome Monitor CR (MML1951-PCR)",Call for Quote,2.5 time exhange cost,Call for Quote,1.5 time exhange cost,Each,Each,Refurbished,Y,3.000000,Same Day,,,,
991932252202,Avante Health Solutions,Philips,"19"" Monochrome Monitor CR (MML1951-PCR)",Call for Quote,2.5 time exhange cost,Call for Quote,1.5 time exhange cost,Each,Each,Refurbished,Y,1.000000,Same Day,,,,
991932952041,Avante Health Solutions,Philips,19IN MONITOR LCD,Call for Quote,2.5 time exhange cost,Call for Quote,1.5 time exhange cost,Each,Each,Refurbished,Y,1.000000,Same Day,,,,
A185-30-11-80,Avante Health Solutions,GE,ABB AC Non-Reversing IEC Contactor,Call for Quote,2.5 time exhange cost,Call for Quote,1.5 time exhange cost,Each,Each,Refurbished,Y,2.000000,Same Day,,,,
ACUSON 15L8W,Avante Health Solutions,SIEMENS,15L8w Linear Transducer (Sequoia),Call for Quote,2.5 time exhange cost,Call for Quote,1.5 time exhange cost,Each,Each,Refurbished,Y,51.000000,Same Day,,,,
ACUSON 4V2C WITH PINS,Avante Health Solutions,SIEMENS,Acuson 4V2c with Pins,Call for Quote,2.5 time exhange cost,Call for Quote,1.5 time exhange cost,Each,Each,Refurbished,Y,1.000000,Same Day,,,,
ACUSON 8C4 PINLESS,Avante Health Solutions,SIEMENS,Acuson 8C4 Pinless,Call for Quote,2.5 time exhange cost,Call for Quote,1.5 time exhange cost,Each,Each,Refurbished,Y,5.000000,Same Day,,,,
ACUSON 8V3,Avante Health Solutions,SIEMENS,ACUSON 8V3 Pediatric Cardiac Ultrasound Transducer (07695740),Call for Quote,2.5 time exhange cost,Call for Quote,1.5 time exhange cost,Each,Each,Refurbished,Y,2.000000,Same Day,,,,
93144-13R,Avante Health Solutions,MULTIPLE,Power Conditioner,Call for Quote,2.5 time exhange cost,Call for Quote,1.5 time exhange cost,Each,Each,Refurbished,Y,4.000000,Same Day,,,,
941501938011,Avante Health Solutions,Philips,POWER SUPPLY  SN:51051 TYPE PE1938/01U,Call for Quote,2.5 time exhange cost,Call for Quote,1.5 time exhange cost,Each,Each,Refurbished,Y,1.000000,Same Day,,,,
941501960013,Avante Health Solutions,Philips,PE1960/01 VISUB Power Supply,Call for Quote,2.5 time exhange cost,Call for Quote,1.5 time exhange cost,Each,Each,Refurbished,Y,1.000000,Same Day,,,,
989000002472,Avante Health Solutions,Philips,SURGE ARRESTER,Call for Quote,2.5 time exhange cost,Call for Quote,1.5 time exhange cost,Each,Each,Refurbished,Y,1.000000,Same Day,,,,
989000064341,Avante Health Solutions,Philips,FD10 Undertube Cover Set,Call for Quote,2.5 time exhange cost,Call for Quote,1.5 time exhange cost,Each,Each,Refurbished,Y,1.000000,Same Day,,,,
989000085103,Avante Health Solutions,Philips,MRC 200 0407 ROT-GS 1004 Tube,Call for Quote,2.5 time exhange cost,Call for Quote,1.5 time exhange cost,Each,Each,Refurbished,Y,2.000000,Same Day,,,,
989000085661,Avante Health Solutions,Philips,CU 6100 Tube Chiller,Call for Quote,2.5 time exhange cost,Call for Quote,1.5 time exhange cost,Each,Each,Refurbished,Y,1.000000,Same Day,,,,
989600075982,Avante Health Solutions,,Visub Viewing Console,Call for Quote,2.5 time exhange cost,Call for Quote,1.5 time exhange cost,Each,Each,Refurbished,Y,1.000000,Same Day,,,,
989600133002,Avante Health Solutions,Philips,ACQUISITION CONSOLE CVN,Call for Quote,2.5 time exhange cost,Call for Quote,1.5 time exhange cost,Each,Each,Refurbished,Y,2.000000,Same Day,,,,
989600182673,Avante Health Solutions,Philips,Table Clamp & Belly Bar,Call for Quote,2.5 time exhange cost,Call for Quote,1.5 time exhange cost,Each,Each,Refurbished,Y,6.000000,Same Day,,,,
989600184683,Avante Health Solutions,Philips,ACTUATOR CONTROL UNIT,Call for Quote,2.5 time exhange cost,Call for Quote,1.5 time exhange cost,Each,Each,Refurbished,Y,1.000000,Same Day,,,,
989600185006,Avante Health Solutions,Philips,PX4800,Call for Quote,2.5 time exhange cost,Call for Quote,1.5 time exhange cost,Each,Each,Refurbished,Y,1.000000,Same Day,,,,
ACUSON V4,Avante Health Solutions,SIEMENS,4.0/3.5/2.5 Mhz Vector Transducer,Call for Quote,2.5 time exhange cost,Call for Quote,1.5 time exhange cost,Each,Each,Refurbished,Y,2.000000,Same Day,,,,
ACUSON V510B,Avante Health Solutions,SIEMENS,7.0/5.0/3.5 10mm Bi-Plane TEE X'dcr.,Call for Quote,2.5 time exhange cost,Call for Quote,1.5 time exhange cost,Each,Each,Refurbished,Y,1.000000,Same Day,,,,
ACUSON-CW2,Avante Health Solutions,SIEMENS,Acuson 2.0 Mhz CW Transducer (128/Aspen/Seq),Call for Quote,2.5 time exhange cost,Call for Quote,1.5 time exhange cost,Each,Each,Refurbished,Y,5.000000,Same Day,,,,
ALOKA UST-9126,Avante Health Solutions,ALOKA,Aloka UST-9126 Ultrasound Transducer,Call for Quote,2.5 time exhange cost,Call for Quote,1.5 time exhange cost,Each,Each,Refurbished,Y,1.000000,Same Day,,,,
ALOKA UST-979-3.5,Avante Health Solutions,ALOKA,Aloka UST-979-3.5,Call for Quote,2.5 time exhange cost,Call for Quote,1.5 time exhange cost,Each,Each,Refurbished,Y,2.000000,Same Day,,,,
ALOKA UST-995-7.5,Avante Health Solutions,ALOKA,Aloka UST-995-7.5 Ultrasound Transducer,Call for Quote,2.5 time exhange cost,Call for Quote,1.5 time exhange cost,Each,Each,Refurbished,Y,1.000000,Same Day,,,,
AT-FS708,Avante Health Solutions,GE,8 Ch Ethernet Switch,Call for Quote,2.5 time exhange cost,Call for Quote,1.5 time exhange cost,Each,Each,Refurbished,Y,1.000000,Same Day,,,,
ATL C9-5EC OR C9-5 ICT,Avante Health Solutions,PHILIPS,ATL C9-5ec or C9-5 ICT,Call for Quote,2.5 time exhange cost,Call for Quote,1.5 time exhange cost,Each,Each,Refurbished,Y,1.000000,Same Day,,,,
ATL L12-5 38 MM,Avante Health Solutions,PHILIPS,ATL L12-5 38 mm,Call for Quote,2.5 time exhange cost,Call for Quote,1.5 time exhange cost,Each,Each,Refurbished,Y,1.000000,Same Day,,,,
ATQ20,Avante Health Solutions,GE,"ATQ 20 Amp, 500V, Midget Fuse, Ferraz ATQ20, ATQ 20A Fuse",Call for Quote,2.5 time exhange cost,Call for Quote,1.5 time exhange cost,Each,Each,Refurbished,Y,38.000000,Same Day,,,,
ATQR10,Avante Health Solutions,GE,"ATQR 10 Amp, 600V, Class CC, Ferraz ATQR10, ATQR 10A",Call for Quote,2.5 time exhange cost,Call for Quote,1.5 time exhange cost,Each,Each,Refurbished,Y,15.000000,Same Day,,,,
5133508,Avante Health Solutions,GE,Linear Scale Assembly (for VT1700),Call for Quote,2.5 time exhange cost,Call for Quote,1.5 time exhange cost,Each,Each,Refurbished,Y,1.000000,Same Day,,,,
5133781,Avante Health Solutions,GE,RP Magnet Assy. Omega table,Call for Quote,2.5 time exhange cost,Call for Quote,1.5 time exhange cost,Each,Each,Refurbished,Y,2.000000,Same Day,,,,
51345774,Avante Health Solutions,GE,MOTOR CONTROL BOARD,Call for Quote,2.5 time exhange cost,Call for Quote,1.5 time exhange cost,Each,Each,Refurbished,Y,6.000000,Same Day,,,,
5134577-4,Avante Health Solutions,GE,MOTOR CONTROL BOARD,Call for Quote,2.5 time exhange cost,Call for Quote,1.5 time exhange cost,Each,Each,Refurbished,Y,3.000000,Same Day,,,,
5135265,Avante Health Solutions,GE,Cradle Steeping Motor Clutch Drive (Table cradle Drive GT 1700),Call for Quote,2.5 time exhange cost,Call for Quote,1.5 time exhange cost,Each,Each,Refurbished,Y,1.000000,Same Day,,,,
5137844,Avante Health Solutions,GE,Foot switch board,Call for Quote,2.5 time exhange cost,Call for Quote,1.5 time exhange cost,Each,Each,Refurbished,Y,1.000000,Same Day,,,,
5139590,Avante Health Solutions,GE,Left CT Control Panel (Grey),Call for Quote,2.5 time exhange cost,Call for Quote,1.5 time exhange cost,Each,Each,Refurbished,Y,16.000000,Same Day,,,,
5139590-N,Avante Health Solutions,GE,Left CT Control Panel (Grey),Call for Quote,2.5 time exhange cost,Call for Quote,1.5 time exhange cost,Each,Each,New OEM Original,Y,1.000000,Same Day,,,,
5141940,Avante Health Solutions,GE,E9 Fan Tray,Call for Quote,2.5 time exhange cost,Call for Quote,1.5 time exhange cost,Each,Each,Refurbished,Y,2.000000,Same Day,,,,
5143018,Avante Health Solutions,GE,VCT DIFB For Halo Detector,Call for Quote,2.5 time exhange cost,Call for Quote,1.5 time exhange cost,Each,Each,Refurbished,Y,20.000000,Same Day,,,,
5144578,Avante Health Solutions,GE,"LOGIQ P5, CL1TRX Board",Call for Quote,2.5 time exhange cost,Call for Quote,1.5 time exhange cost,Each,Each,Refurbished,Y,11.000000,Same Day,,,,
5144579-2,Avante Health Solutions,GE,"LOGIQ P5, P3RLY Assy",Call for Quote,2.5 time exhange cost,Call for Quote,1.5 time exhange cost,Each,Each,Refurbished,Y,7.000000,Same Day,,,,
989601040285,Avante Health Solutions,Philips,Full Intercom Kit for FDXD,Call for Quote,2.5 time exhange cost,Call for Quote,1.5 time exhange cost,Each,Each,Refurbished,Y,3.000000,Same Day,,,,
989601040285-N,Avante Health Solutions,Philips,Full Intercom Kit for FDXD,Call for Quote,2.5 time exhange cost,Call for Quote,1.5 time exhange cost,Each,Each,New OEM Original,Y,8.000000,Same Day,,,,
989601041321,Avante Health Solutions,Philips,Flashlite for C/V Allura,Call for Quote,2.5 time exhange cost,Call for Quote,1.5 time exhange cost,Each,Each,Refurbished,Y,1.000000,Same Day,,,,
989601061161,Avante Health Solutions,GE,ANTI SCATTER GRID,Call for Quote,2.5 time exhange cost,Call for Quote,1.5 time exhange cost,Each,Each,Refurbished,Y,5.000000,Same Day,,,,
989601062931,Avante Health Solutions,Philips,FD20 Grid,Call for Quote,2.5 time exhange cost,Call for Quote,1.5 time exhange cost,Each,Each,Refurbished,Y,6.000000,Same Day,,,,
989670000001,Avante Health Solutions,Philips,Direct Cardio Viewpad,Call for Quote,2.5 time exhange cost,Call for Quote,1.5 time exhange cost,Each,Each,Refurbished,Y,2.000000,Same Day,,,,
989670000012,Avante Health Solutions,Philips,Direct Vascular Viewpad,Call for Quote,2.5 time exhange cost,Call for Quote,1.5 time exhange cost,Each,Each,Refurbished,Y,1.000000,Same Day,,,,
989710006391,Avante Health Solutions,Philips,High End Flashlite,Call for Quote,2.5 time exhange cost,Call for Quote,1.5 time exhange cost,Each,Each,Refurbished,Y,9.000000,Same Day,,,,
991932051112,Avante Health Solutions,Philips,"18"" Monochrome Monitor CR",Call for Quote,2.5 time exhange cost,Call for Quote,1.5 time exhange cost,Each,Each,Refurbished,Y,1.000000,Same Day,,,,
991932051172,Avante Health Solutions,Philips,"18"" Color Monitor",Call for Quote,2.5 time exhange cost,Call for Quote,1.5 time exhange cost,Each,Each,Refurbished,Y,1.000000,Same Day,,,,
991932051533,Avante Health Solutions,Philips,"19"" Monochrome Monitor CR",Call for Quote,2.5 time exhange cost,Call for Quote,1.5 time exhange cost,Each,Each,Refurbished,Y,4.000000,Same Day,,,,
991932252193,Avante Health Solutions,Philips,"19"" Monochrome Monitor ER",Call for Quote,2.5 time exhange cost,Call for Quote,1.5 time exhange cost,Each,Each,Refurbished,Y,1.000000,Same Day,,,,
BK 2052,Avante Health Solutions,B&K,B&K 2052 Ultrasound Transducer,Call for Quote,2.5 time exhange cost,Call for Quote,1.5 time exhange cost,Each,Each,Refurbished,Y,1.000000,Same Day,,,,
BK FLEX FOCUS CONTROL PAN,Avante Health Solutions,BK,BK Flex Focus Control Panel,Call for Quote,2.5 time exhange cost,Call for Quote,1.5 time exhange cost,Each,Each,Refurbished,Y,1.000000,Same Day,,,,
BM31-2013,Avante Health Solutions,TOSHIBA,APLIO AC POWER SUPPLY,Call for Quote,2.5 time exhange cost,Call for Quote,1.5 time exhange cost,Each,Each,Refurbished,Y,1.000000,Same Day,,,,
BPM010S05F07-N,Avante Health Solutions,Philips,5V PSU (Medical),Call for Quote,2.5 time exhange cost,Call for Quote,1.5 time exhange cost,Each,Each,New OEM Original,Y,1.000000,Same Day,,,,
BS PA230E,Avante Health Solutions,BIOSOUND,Siemens PA230 Phased Array Ultrasound Transducer,Call for Quote,2.5 time exhange cost,Call for Quote,1.5 time exhange cost,Each,Each,Refurbished,Y,3.000000,Same Day,,,,
BSM31-4427,Avante Health Solutions,TOSHIBA,APLIO CW/CB BOARD,Call for Quote,2.5 time exhange cost,Call for Quote,1.5 time exhange cost,Each,Each,Refurbished,Y,1.000000,Same Day,,,,
BSM31-4618-03,Avante Health Solutions,TOSHIBA,"TOSHIBA XARIO, FULL KEYBOARD",Call for Quote,2.5 time exhange cost,Call for Quote,1.5 time exhange cost,Each,Each,Refurbished,Y,1.000000,Same Day,,,,
CA06380-B160,Avante Health Solutions,PHILIPS,15000RPM Ultra 320 SCSI 3.5 8MB Cache Hard Drive,Call for Quote,2.5 time exhange cost,Call for Quote,1.5 time exhange cost,Each,Each,Refurbished,Y,6.000000,Same Day,,,,
D3803T,Avante Health Solutions,GE,Performix HD Plus X-RAY TUBE,Call for Quote,2.5 time exhange cost,Call for Quote,1.5 time exhange cost,Each,Each,Refurbished,Y,1.000000,Same Day,,,,
EP200132,Avante Health Solutions,GE,EP200132 PATIENT ISOLATION BOX for GE Ultrasound,Call for Quote,2.5 time exhange cost,Call for Quote,1.5 time exhange cost,Each,Each,Refurbished,Y,1.000000,Same Day,,,,
EP572500,Avante Health Solutions,HITACHI,HITACHI CPU BOARD,Call for Quote,2.5 time exhange cost,Call for Quote,1.5 time exhange cost,Each,Each,Refurbished,Y,1.000000,Same Day,,,,
989600185651,Avante Health Solutions,Philips,Review Module,Call for Quote,2.5 time exhange cost,Call for Quote,1.5 time exhange cost,Each,Each,Refurbished,Y,4.000000,Same Day,,,,
989600200541,Avante Health Solutions,Philips,Review Module,Call for Quote,2.5 time exhange cost,Call for Quote,1.5 time exhange cost,Each,Each,Refurbished,Y,3.000000,Same Day,,,,
989601022081,Avante Health Solutions,Philips,Non-Transparent AEP Meter,Call for Quote,2.5 time exhange cost,Call for Quote,1.5 time exhange cost,Each,Each,Refurbished,Y,7.000000,Same Day,,,,
989601022322,Avante Health Solutions,Philips,Nicol V3 Collimator,Call for Quote,2.5 time exhange cost,Call for Quote,1.5 time exhange cost,Each,Each,Refurbished,Y,5.000000,Same Day,,,,
989601040072,Avante Health Solutions,Philips,Footswitch,Call for Quote,2.5 time exhange cost,Call for Quote,1.5 time exhange cost,Each,Each,Refurbished,Y,4.000000,Same Day,,,,
989601040283,Avante Health Solutions,Philips,Full Intercom Kit for FDXD,Call for Quote,2.5 time exhange cost,Call for Quote,1.5 time exhange cost,Each,Each,Refurbished,Y,1.000000,Same Day,,,,
989601040741,Avante Health Solutions,Philips,SW4 AND SW6 RGBHV SWITCHERS A,Call for Quote,2.5 time exhange cost,Call for Quote,1.5 time exhange cost,Each,Each,Refurbished,Y,1.000000,Same Day,,,,
989601040932,Avante Health Solutions,,OPTICAL TO COPPER CONVERTER R1,Call for Quote,2.5 time exhange cost,Call for Quote,1.5 time exhange cost,Each,Each,Refurbished,Y,1.000000,Same Day,,,,
989601061691,Avante Health Solutions,GE,ANTI SCATTER GRID,Call for Quote,2.5 time exhange cost,Call for Quote,1.5 time exhange cost,Each,Each,Refurbished,Y,1.000000,Same Day,,,,
989670000011,Avante Health Solutions,Philips,Direct Vascular Viewpad,Call for Quote,2.5 time exhange cost,Call for Quote,1.5 time exhange cost,Each,Each,Refurbished,Y,6.000000,Same Day,,,,
989710002852,Avante Health Solutions,Philips,Wall Connection Box DVI Isolated,Call for Quote,2.5 time exhange cost,Call for Quote,1.5 time exhange cost,Each,Each,Refurbished,Y,2.000000,Same Day,,,,
989710003611,Avante Health Solutions,Philips,LAIRD Detector Chiller,Call for Quote,2.5 time exhange cost,Call for Quote,1.5 time exhange cost,Each,Each,Refurbished,Y,1.000000,Same Day,,,,
5147137-2,Avante Health Solutions,GE,3T HD T/R Quad Extremity Coil,Call for Quote,2.5 time exhange cost,Call for Quote,1.5 time exhange cost,Each,Each,Refurbished,Y,1.000000,Same Day,,,,
51479902,Avante Health Solutions,GE,Positioner Interface Bd.,Call for Quote,2.5 time exhange cost,Call for Quote,1.5 time exhange cost,Each,Each,Refurbished,Y,1.000000,Same Day,,,,
51483552,Avante Health Solutions,GE,TSSC IQ,Call for Quote,2.5 time exhange cost,Call for Quote,1.5 time exhange cost,Each,Each,Refurbished,Y,2.000000,Same Day,,,,
5149544-10,Avante Health Solutions,,VCIM,Call for Quote,2.5 time exhange cost,Call for Quote,1.5 time exhange cost,Each,Each,Refurbished,Y,1.000000,Same Day,,,,
5150070,Avante Health Solutions,GE,DHC Assy,Call for Quote,2.5 time exhange cost,Call for Quote,1.5 time exhange cost,Each,Each,Refurbished,Y,3.000000,Same Day,,,,
5151006,Avante Health Solutions,GE,VCT DIFB PWA,Call for Quote,2.5 time exhange cost,Call for Quote,1.5 time exhange cost,Each,Each,Refurbished,Y,56.000000,Same Day,,,,
5151105-03,Avante Health Solutions,GE,GTVS Board Assy,Call for Quote,2.5 time exhange cost,Call for Quote,1.5 time exhange cost,Each,Each,Refurbished,Y,1.000000,Same Day,,,,
5155175,Avante Health Solutions,GE,"LOGIQe, CPU Module",Call for Quote,2.5 time exhange cost,Call for Quote,1.5 time exhange cost,Each,Each,Refurbished,Y,1.000000,Same Day,,,,
51562,Avante Health Solutions,SIEMENS,"Acuson, RX4-R (Sequoia)",Call for Quote,2.5 time exhange cost,Call for Quote,1.5 time exhange cost,Each,Each,Refurbished,Y,3.000000,Same Day,,,,
5160919-2,Avante Health Solutions,,SRI4 Assy,Call for Quote,2.5 time exhange cost,Call for Quote,1.5 time exhange cost,Each,Each,Refurbished,Y,1.000000,Same Day,,,,
5160986-2,Avante Health Solutions,,HD 8 CH Wrist Array (Receive Only),Call for Quote,2.5 time exhange cost,Call for Quote,1.5 time exhange cost,Each,Each,Refurbished,Y,1.000000,Same Day,,,,
51647832,Avante Health Solutions,GE,DIPB,Call for Quote,2.5 time exhange cost,Call for Quote,1.5 time exhange cost,Each,Each,Refurbished,Y,1.000000,Same Day,,,,
4822743K1138,Avante Health Solutions,,DPU 1 BOARD,Call for Quote,2.5 time exhange cost,Call for Quote,1.5 time exhange cost,Each,Each,Refurbished,Y,11.000000,Same Day,,,,
50642,Avante Health Solutions,SIEMENS,MX3-C (Sequoia),Call for Quote,2.5 time exhange cost,Call for Quote,1.5 time exhange cost,Each,Each,Refurbished,Y,1.000000,Same Day,,,,
5105270,Avante Health Solutions,GE,Scan Room Interface (SRI3 Assy),Call for Quote,2.5 time exhange cost,Call for Quote,1.5 time exhange cost,Each,Each,Refurbished,Y,1.000000,Same Day,,,,
5111429,Avante Health Solutions,GE,TGPU Power Supply,Call for Quote,2.5 time exhange cost,Call for Quote,1.5 time exhange cost,Each,Each,Refurbished,Y,3.000000,Same Day,,,,
5111429-2,Avante Health Solutions,GE,TGPU Power Supply Assy,Call for Quote,2.5 time exhange cost,Call for Quote,1.5 time exhange cost,Each,Each,Refurbished,Y,2.000000,Same Day,,,,
5112465,Avante Health Solutions,GE,EBUS Assy (Logiq 7),Call for Quote,2.5 time exhange cost,Call for Quote,1.5 time exhange cost,Each,Each,Refurbished,Y,1.000000,Same Day,,,,
5114118-2,Avante Health Solutions,GE,"Cable, GTCB J3 to J104 Positioning GT",Call for Quote,2.5 time exhange cost,Call for Quote,1.5 time exhange cost,Each,Each,Refurbished,Y,1.000000,Same Day,,,,
5114146-2,Avante Health Solutions,GE,"Cable, Limit Switch Positioning GT",Call for Quote,2.5 time exhange cost,Call for Quote,1.5 time exhange cost,Each,Each,Refurbished,Y,1.000000,Same Day,,,,
5114536-10,Avante Health Solutions,GE,"Seagate Cheetah 15K Hard Drive, 73gb, Ultra320 SCSI, 8MB Cache, 80 pin",Call for Quote,2.5 time exhange cost,Call for Quote,1.5 time exhange cost,Each,Each,Refurbished,Y,1.000000,Same Day,,,,
5115622,Avante Health Solutions,,ORP2 Onboard Rotation Processor Board Assy,Call for Quote,2.5 time exhange cost,Call for Quote,1.5 time exhange cost,Each,Each,Refurbished,Y,1.000000,Same Day,,,,
5117463,Avante Health Solutions,,Cardio Tilt Plate Assembly,Call for Quote,2.5 time exhange cost,Call for Quote,1.5 time exhange cost,Each,Each,Refurbished,Y,1.000000,Same Day,,,,
989710006392,Avante Health Solutions,Philips,High End Flashlite,Call for Quote,2.5 time exhange cost,Call for Quote,1.5 time exhange cost,Each,Each,Refurbished,Y,3.000000,Same Day,,,,
989803002241,Avante Health Solutions,PHILIPS,Philips C8-4v (CANNON CONNECTOR),Call for Quote,2.5 time exhange cost,Call for Quote,1.5 time exhange cost,Each,Each,Refurbished,Y,1.000000,Same Day,,,,
991932051122,Avante Health Solutions,Philips,"18"" Color Monitor",Call for Quote,2.5 time exhange cost,Call for Quote,1.5 time exhange cost,Each,Each,Refurbished,Y,1.000000,Same Day,,,,
991932051543,Avante Health Solutions,Philips,"21"" Color Monitor",Call for Quote,2.5 time exhange cost,Call for Quote,1.5 time exhange cost,Each,Each,Refurbished,Y,1.000000,Same Day,,,,
991932952011,Avante Health Solutions,PHILIPS,"19"" Monochrome Monitor 0R",Call for Quote,2.5 time exhange cost,Call for Quote,1.5 time exhange cost,Each,Each,Refurbished,Y,1.000000,Same Day,,,,
ACUSON 15L8 PINLESS,Avante Health Solutions,SIEMENS,Acuson 15L8 Pinless,Call for Quote,2.5 time exhange cost,Call for Quote,1.5 time exhange cost,Each,Each,Refurbished,Y,3.000000,Same Day,,,,
ACUSON 3V2C,Avante Health Solutions,SIEMENS,ACUSON 3V2C (2-4 MHZ)  Vector Ultrasound Transducer,Call for Quote,2.5 time exhange cost,Call for Quote,1.5 time exhange cost,Each,Each,Refurbished,Y,1.000000,Same Day,,,,
ACUSON 8C4,Avante Health Solutions,SIEMENS,Acuson 8C4 Curved Transducer (Sequoia),Call for Quote,2.5 time exhange cost,Call for Quote,1.5 time exhange cost,Each,Each,Refurbished,Y,2.000000,Same Day,,,,
AT-210TS,Avante Health Solutions,MULTIPLE,AUI to Ethernet Transceiver,Call for Quote,2.5 time exhange cost,Call for Quote,1.5 time exhange cost,Each,Each,Refurbished,Y,2.000000,Same Day,,,,
ATL C8-4V,Avante Health Solutions,PHILIPS,ATL Curved Array IVT C8-4V,Call for Quote,2.5 time exhange cost,Call for Quote,1.5 time exhange cost,Each,Each,Refurbished,Y,4.000000,Same Day,,,,
ATL P5-3,Avante Health Solutions,PHILIPS,ATL P5-3,Call for Quote,2.5 time exhange cost,Call for Quote,1.5 time exhange cost,Each,Each,Refurbished,Y,1.000000,Same Day,,,,
AVANTE DIALA GALLON,Avante Health Solutions,Philips,AVANTE PACKAGED GALLON OF SHELL DIALA (TUBE/CU3101),Call for Quote,2.5 time exhange cost,Call for Quote,1.5 time exhange cost,Each,Each,Refurbished,Y,10.000000,Same Day,,,,
AVANTE MEDICAL POWER CORD,Avante Health Solutions,MULTIPLE,NEMA 5-15 Plug to IEC 60320 C19 - North American Power Cord,Call for Quote,2.5 time exhange cost,Call for Quote,1.5 time exhange cost,Each,Each,Refurbished,Y,4.000000,Same Day,,,,
BD-335-RX,Avante Health Solutions,MEDISON,Medison SA6000 RX PCB,Call for Quote,2.5 time exhange cost,Call for Quote,1.5 time exhange cost,Each,Each,Refurbished,Y,1.000000,Same Day,,,,
BIOSOUND ESAOTE CA421 5-2,Avante Health Solutions,BIOSOUND,Biosound Esaote CA421 5-2,Call for Quote,2.5 time exhange cost,Call for Quote,1.5 time exhange cost,Each,Each,Refurbished,Y,1.000000,Same Day,,,,
BS CA631,Avante Health Solutions,BIOSOUND,Bisound Esaote CA631 Convex Ultrasound Transducer,Call for Quote,2.5 time exhange cost,Call for Quote,1.5 time exhange cost,Each,Each,Refurbished,Y,1.000000,Same Day,,,,
BS ESAOTE EC1123,Avante Health Solutions,BIOSOUND,Biosound Esaote EC1123 Ultrasound Transducer,Call for Quote,2.5 time exhange cost,Call for Quote,1.5 time exhange cost,Each,Each,Refurbished,Y,1.000000,Same Day,,,,
BS ESAOTE LA424E,Avante Health Solutions,BIOSOUND,Biosound Esaote LA424E,Call for Quote,2.5 time exhange cost,Call for Quote,1.5 time exhange cost,Each,Each,Refurbished,Y,1.000000,Same Day,,,,
BSM31-2010,Avante Health Solutions,TOSHIBA,Transformer Tray. Aplio XV,Call for Quote,2.5 time exhange cost,Call for Quote,1.5 time exhange cost,Each,Each,Refurbished,Y,1.000000,Same Day,,,,
BSM31-3111,Avante Health Solutions,TOSHIBA,Toshiba Rear Panel (RPNL/Nemio 20),Call for Quote,2.5 time exhange cost,Call for Quote,1.5 time exhange cost,Each,Each,Refurbished,Y,1.000000,Same Day,,,,
BSM34-1194,Avante Health Solutions,TOSHIBA,Toshiba Xario LCD Panel,Call for Quote,2.5 time exhange cost,Call for Quote,1.5 time exhange cost,Each,Each,Refurbished,Y,1.000000,Same Day,,,,
BSM34-4248,Avante Health Solutions,TOSHIBA,PHYSIO MODULE (MODEL AB-801S) REV E i800,Call for Quote,2.5 time exhange cost,Call for Quote,1.5 time exhange cost,Each,Each,Refurbished,Y,1.000000,Same Day,,,,
BSM34-4263,Avante Health Solutions,TOSHIBA,Toshiba V5-ATX-S for Aplio,Call for Quote,2.5 time exhange cost,Call for Quote,1.5 time exhange cost,Each,Each,Refurbished,Y,1.000000,Same Day,,,,
BSX73-1005E,Avante Health Solutions,Toshiba,Converter Board,Call for Quote,2.5 time exhange cost,Call for Quote,1.5 time exhange cost,Each,Each,Refurbished,Y,1.000000,Same Day,,,,
CT-SDEF-04A,Avante Health Solutions,Siemens,Slicker for Siemens Definition,Call for Quote,2.5 time exhange cost,Call for Quote,1.5 time exhange cost,Each,Each,Refurbished,Y,1.000000,Same Day,,,,
CX79-11171,Avante Health Solutions,Toshiba,ACC Internal / Cables,Call for Quote,2.5 time exhange cost,Call for Quote,1.5 time exhange cost,Each,Each,Refurbished,Y,1.000000,Same Day,,,,
D1914C,Avante Health Solutions,PHILIPS,Philips 1.9 Mhz CW Doppler,Call for Quote,2.5 time exhange cost,Call for Quote,1.5 time exhange cost,Each,Each,Refurbished,Y,1.000000,Same Day,,,,
DFP8000D,Avante Health Solutions,Toshiba,CONTROL/REVIEW CONSOLE,Call for Quote,2.5 time exhange cost,Call for Quote,1.5 time exhange cost,Each,Each,Refurbished,Y,1.000000,Same Day,,,,
DPA01CM44,Avante Health Solutions,GE,LS2 Relay,Call for Quote,2.5 time exhange cost,Call for Quote,1.5 time exhange cost,Each,Each,Refurbished,Y,9.000000,Same Day,,,,
EP572300,Avante Health Solutions,,ULTRASONIC TX BOARD,Call for Quote,2.5 time exhange cost,Call for Quote,1.5 time exhange cost,Each,Each,Refurbished,Y,1.000000,Same Day,,,,
EP572400,Avante Health Solutions,,ARIETTA JUMPER BOARD,Call for Quote,2.5 time exhange cost,Call for Quote,1.5 time exhange cost,Each,Each,Refurbished,Y,1.000000,Same Day,,,,
EXP19301CT,Avante Health Solutions,,DISPLAY CARD,Call for Quote,2.5 time exhange cost,Call for Quote,1.5 time exhange cost,Each,Each,Refurbished,Y,1.000000,Same Day,,,,
FA200021,Avante Health Solutions,GE,"GE, TX128 Board",Call for Quote,2.5 time exhange cost,Call for Quote,1.5 time exhange cost,Each,Each,Refurbished,Y,1.000000,Same Day,,,,
FA200811,Avante Health Solutions,GE,"GE, BF32 Board",Call for Quote,2.5 time exhange cost,Call for Quote,1.5 time exhange cost,Each,Each,Refurbished,Y,1.000000,Same Day,,,,
FB200340,Avante Health Solutions,GE,"LOGIQ 9, Frogleg (complete)",Call for Quote,2.5 time exhange cost,Call for Quote,1.5 time exhange cost,Each,Each,Refurbished,Y,1.000000,Same Day,,,,
EP572900,Avante Health Solutions,,ULTRASONIC RX BOARD,Call for Quote,2.5 time exhange cost,Call for Quote,1.5 time exhange cost,Each,Each,Refurbished,Y,1.000000,Same Day,,,,
EU-6053,Avante Health Solutions,,ARIETTA PS UNIT,Call for Quote,2.5 time exhange cost,Call for Quote,1.5 time exhange cost,Each,Each,Refurbished,Y,1.000000,Same Day,,,,
EU-9159,Avante Health Solutions,HITACHI,HITACHI CELL BOARD,Call for Quote,2.5 time exhange cost,Call for Quote,1.5 time exhange cost,Each,Each,Refurbished,Y,1.000000,Same Day,,,,
F10,Avante Health Solutions,PCI,G10 Filter,Call for Quote,2.5 time exhange cost,Call for Quote,1.5 time exhange cost,Each,Each,Refurbished,Y,1.000000,Same Day,,,,
F141,Avante Health Solutions,PCI,G14 Filter,Call for Quote,2.5 time exhange cost,Call for Quote,1.5 time exhange cost,Each,Each,Refurbished,Y,1.000000,Same Day,,,,
F8E848,Avante Health Solutions,Siemens,Optical Mouse USB blk,Call for Quote,2.5 time exhange cost,Call for Quote,1.5 time exhange cost,Each,Each,Refurbished,Y,1.000000,Same Day,,,,
FA200801,Avante Health Solutions,GE,"GE, Patient ECG IO (Logiq systems)",Call for Quote,2.5 time exhange cost,Call for Quote,1.5 time exhange cost,Each,Each,Refurbished,Y,3.000000,Same Day,,,,
FB200199,Avante Health Solutions,GE,"GE, PC2IO",Call for Quote,2.5 time exhange cost,Call for Quote,1.5 time exhange cost,Each,Each,Refurbished,Y,1.000000,Same Day,,,,
FB200831,Avante Health Solutions,GE,"Vivid 7, RX",Call for Quote,2.5 time exhange cost,Call for Quote,1.5 time exhange cost,Each,Each,Refurbished,Y,1.000000,Same Day,,,,
FC200889-02,Avante Health Solutions,GE,GE Internal I/O (VIVID 7),Call for Quote,2.5 time exhange cost,Call for Quote,1.5 time exhange cost,Each,Each,Refurbished,Y,1.000000,Same Day,,,,
FSP350-60GLN,Avante Health Solutions,PHILIPS,HD7 PC Power Supply,Call for Quote,2.5 time exhange cost,Call for Quote,1.5 time exhange cost,Each,Each,Refurbished,Y,4.000000,Same Day,,,,
GA200161-2,Avante Health Solutions,GE,Park Lock - Black  (E10),Call for Quote,2.5 time exhange cost,Call for Quote,1.5 time exhange cost,Each,Each,Refurbished,Y,4.000000,Same Day,,,,
5167343,Avante Health Solutions,GE,LAT AXIS INTERCO,Call for Quote,2.5 time exhange cost,Call for Quote,1.5 time exhange cost,Each,Each,Refurbished,Y,1.000000,Same Day,,,,
5168284,Avante Health Solutions,GE,Stepping Controller Bd.,Call for Quote,2.5 time exhange cost,Call for Quote,1.5 time exhange cost,Each,Each,Refurbished,Y,1.000000,Same Day,,,,
5168431,Avante Health Solutions,GE,LOGIQ P5 CPU board,Call for Quote,2.5 time exhange cost,Call for Quote,1.5 time exhange cost,Each,Each,Refurbished,Y,1.000000,Same Day,,,,
5169935-2,Avante Health Solutions,GE,"17"" LCD Flat Panel Monitor",Call for Quote,2.5 time exhange cost,Call for Quote,1.5 time exhange cost,Each,Each,Refurbished,Y,3.000000,Same Day,,,,
5177533-2,Avante Health Solutions,GE,LA 5 Sub Keyboard Assy.,Call for Quote,2.5 time exhange cost,Call for Quote,1.5 time exhange cost,Each,Each,Refurbished,Y,1.000000,Same Day,,,,
5178193,Avante Health Solutions,GE,"COVER, HANDLE LEFT TOP, ICHIRO",Call for Quote,2.5 time exhange cost,Call for Quote,1.5 time exhange cost,Each,Each,Refurbished,Y,1.000000,Same Day,,,,
5179670-2,Avante Health Solutions,,CPU Board,Call for Quote,2.5 time exhange cost,Call for Quote,1.5 time exhange cost,Each,Each,Refurbished,Y,1.000000,Same Day,,,,
5179670-3,Avante Health Solutions,GE,CPU Board,Call for Quote,2.5 time exhange cost,Call for Quote,1.5 time exhange cost,Each,Each,Refurbished,Y,1.000000,Same Day,,,,
5182194-2,Avante Health Solutions,GE,Gantry Encoder Assy w/ Bush,Call for Quote,2.5 time exhange cost,Call for Quote,1.5 time exhange cost,Each,Each,Refurbished,Y,2.000000,Same Day,,,,
5183855-N,Avante Health Solutions,,Lpca Cover Dvmr,Call for Quote,2.5 time exhange cost,Call for Quote,1.5 time exhange cost,Each,Each,New OEM Original,Y,1.000000,Same Day,,,,
5184065,Avante Health Solutions,GE,LAT AXIS INTERCO BOARD,Call for Quote,2.5 time exhange cost,Call for Quote,1.5 time exhange cost,Each,Each,Refurbished,Y,3.000000,Same Day,,,,
5184437,Avante Health Solutions,,Quick Disconnect Assembly,Call for Quote,2.5 time exhange cost,Call for Quote,1.5 time exhange cost,Each,Each,Refurbished,Y,1.000000,Same Day,,,,
FB200802-2,Avante Health Solutions,GE,"LOGIQ 9, HD distribution cable",Call for Quote,2.5 time exhange cost,Call for Quote,1.5 time exhange cost,Each,Each,Refurbished,Y,1.000000,Same Day,,,,
FC200022,Avante Health Solutions,GE,TX128-3 Vivid 7 Transformer Board,Call for Quote,2.5 time exhange cost,Call for Quote,1.5 time exhange cost,Each,Each,Refurbished,Y,2.000000,Same Day,,,,
FC200057-05,Avante Health Solutions,GE,RX128-4 Receiver Board,Call for Quote,2.5 time exhange cost,Call for Quote,1.5 time exhange cost,Each,Each,Refurbished,Y,1.000000,Same Day,,,,
FC200446,Avante Health Solutions,GE,Internal I/O for VIVID 7,Call for Quote,2.5 time exhange cost,Call for Quote,1.5 time exhange cost,Each,Each,Refurbished,Y,1.000000,Same Day,,,,
FC200503,Avante Health Solutions,GE,"GE, IIO Assy L9 & V7",Call for Quote,2.5 time exhange cost,Call for Quote,1.5 time exhange cost,Each,Each,Refurbished,Y,5.000000,Same Day,,,,
FC200889,Avante Health Solutions,GE,GE Internal I/O (VIVID 7),Call for Quote,2.5 time exhange cost,Call for Quote,1.5 time exhange cost,Each,Each,Refurbished,Y,2.000000,Same Day,,,,
FD200155,Avante Health Solutions,GE,"21"" LCD Monitor, Vivid 7",Call for Quote,2.5 time exhange cost,Call for Quote,1.5 time exhange cost,Each,Each,Refurbished,Y,1.000000,Same Day,,,,
FRS100-5,Avante Health Solutions,GE,Logiq 500 Power Supply,Call for Quote,2.5 time exhange cost,Call for Quote,1.5 time exhange cost,Each,Each,Refurbished,Y,1.000000,Same Day,,,,
GA200161,Avante Health Solutions,GE,"LOGIQ E9, Park Lock",Call for Quote,2.5 time exhange cost,Call for Quote,1.5 time exhange cost,Each,Each,Refurbished,Y,9.000000,Same Day,,,,
GA200245,Avante Health Solutions,GE,Front Casters E9,Call for Quote,2.5 time exhange cost,Call for Quote,1.5 time exhange cost,Each,Each,Refurbished,Y,7.000000,Same Day,,,,
GA200300,Avante Health Solutions,GE,GRX64 Board w/o CW,Call for Quote,2.5 time exhange cost,Call for Quote,1.5 time exhange cost,Each,Each,Refurbished,Y,19.000000,Same Day,,,,
GA200440,Avante Health Solutions,GE,"VIVID E9, LOWER SWITCH BOARD",Call for Quote,2.5 time exhange cost,Call for Quote,1.5 time exhange cost,Each,Each,Refurbished,Y,1.000000,Same Day,,,,
GA200295,Avante Health Solutions,GE,GRX Board 128CH w/o CW,Call for Quote,2.5 time exhange cost,Call for Quote,1.5 time exhange cost,Each,Each,Refurbished,Y,20.000000,Same Day,,,,
GA200300-5,Avante Health Solutions,GE,GE Logiq E9 GRX64,Call for Quote,2.5 time exhange cost,Call for Quote,1.5 time exhange cost,Each,Each,Refurbished,Y,10.000000,Same Day,,,,
GA200359,Avante Health Solutions,GE,Logiq E9 Column Cover Assy,Call for Quote,2.5 time exhange cost,Call for Quote,1.5 time exhange cost,Each,Each,Refurbished,Y,1.000000,Same Day,,,,
GA200630,Avante Health Solutions,GE,Vivid E9 GRLY PCB,Call for Quote,2.5 time exhange cost,Call for Quote,1.5 time exhange cost,Each,Each,Refurbished,Y,4.000000,Same Day,,,,
GA200695,Avante Health Solutions,GE,Vivid E9 GRLY PCB,Call for Quote,2.5 time exhange cost,Call for Quote,1.5 time exhange cost,Each,Each,Refurbished,Y,2.000000,Same Day,,,,
GA200695-6,Avante Health Solutions,GE,Vivid E9 GRLY PCB,Call for Quote,2.5 time exhange cost,Call for Quote,1.5 time exhange cost,Each,Each,Refurbished,Y,7.000000,Same Day,,,,
GA200750,Avante Health Solutions,GE,"DRIVE GEAR ASSEMBLY, VIVID E9",Call for Quote,2.5 time exhange cost,Call for Quote,1.5 time exhange cost,Each,Each,Refurbished,Y,1.000000,Same Day,,,,
GA200795,Avante Health Solutions,GE,"XYZ CONTROL ASSEMBLY, VIVID E9 REPLACES GA200644 CAN BE USED WITH BOTH GA200036 AND GA200946",Call for Quote,2.5 time exhange cost,Call for Quote,1.5 time exhange cost,Each,Each,Refurbished,Y,5.000000,Same Day,,,,
GA200813,Avante Health Solutions,GE,GE  VOLUSON E9 CARDRACK WITH BACKPLANE,Call for Quote,2.5 time exhange cost,Call for Quote,1.5 time exhange cost,Each,Each,Refurbished,Y,1.000000,Same Day,,,,
GA307022,Avante Health Solutions,GE,LE9/VE9 - COVER FRONT,Call for Quote,2.5 time exhange cost,Call for Quote,1.5 time exhange cost,Each,Each,Refurbished,Y,2.000000,Same Day,,,,
GB200001,Avante Health Solutions,GE,"VIVID E9, BEP 6 (SEE GB200002-03)",Call for Quote,2.5 time exhange cost,Call for Quote,1.5 time exhange cost,Each,Each,Refurbished,Y,5.000000,Same Day,,,,
991932612022,Avante Health Solutions,Philips,Proscribe CV-A,Call for Quote,2.5 time exhange cost,Call for Quote,1.5 time exhange cost,Each,Each,Refurbished,Y,3.000000,Same Day,,,,
ACUSON 10V4 PINLESS,Avante Health Solutions,SIEMENS,Acuson 10V4 Pinless,Call for Quote,2.5 time exhange cost,Call for Quote,1.5 time exhange cost,Each,Each,Refurbished,Y,15.000000,Same Day,,,,
ACUSON 17L5HD,Avante Health Solutions,SIEMENS,Acuson 8-15 Mhz Linear Transducer (SEQUOIA) - pn 10037928 or 10035724,Call for Quote,2.5 time exhange cost,Call for Quote,1.5 time exhange cost,Each,Each,Refurbished,Y,14.000000,Same Day,,,,
ACUSON 4C1,Avante Health Solutions,SIEMENS,4.0-1.0 Mhz 60mm Curved Array Transducer,Call for Quote,2.5 time exhange cost,Call for Quote,1.5 time exhange cost,Each,Each,Refurbished,Y,1.000000,Same Day,,,,
ACUSON 4C1-A,Avante Health Solutions,SIEMENS,4.0-1.0 Mhz 60mm Curved Array Transducer,Call for Quote,2.5 time exhange cost,Call for Quote,1.5 time exhange cost,Each,Each,Refurbished,Y,2.000000,Same Day,,,,
ACUSON 4V1 PINLESS,Avante Health Solutions,SIEMENS,Acuson 4v1 Pinless,Call for Quote,2.5 time exhange cost,Call for Quote,1.5 time exhange cost,Each,Each,Refurbished,Y,6.000000,Same Day,,,,
ACUSON 4V1-S,Avante Health Solutions,SIEMENS,ACUSON 4V1-S (4-1 MHZ 28mm) Vector Ultrasound Transducer SEQUIOA,Call for Quote,2.5 time exhange cost,Call for Quote,1.5 time exhange cost,Each,Each,Refurbished,Y,17.000000,Same Day,,,,
ACUSON 5V2C,Avante Health Solutions,SIEMENS,"5.0-2.0 Mhz, 14mm Sector Transducer (SEQUOIA)",Call for Quote,2.5 time exhange cost,Call for Quote,1.5 time exhange cost,Each,Each,Refurbished,Y,6.000000,Same Day,,,,
ACUSON 6C1HD,Avante Health Solutions,SIEMENS,ACUSON 6C1HD TRANSDUCER (S2000),Call for Quote,2.5 time exhange cost,Call for Quote,1.5 time exhange cost,Each,Each,Refurbished,Y,2.000000,Same Day,,,,
ACUSON 8L5-N,Avante Health Solutions,SIEMENS,Acuson 8L5 Linear Array Transducer Acuson Sequioa,Call for Quote,2.5 time exhange cost,Call for Quote,1.5 time exhange cost,Each,Each,New OEM Original,Y,1.000000,Same Day,,,,
ACUSON 9L4,Avante Health Solutions,SIEMENS,Acuson 9L4 Linear Ultrasound Transducer,Call for Quote,2.5 time exhange cost,Call for Quote,1.5 time exhange cost,Each,Each,Refurbished,Y,20.000000,Same Day,,,,
5184673,Avante Health Solutions,GE,PAN HANDLE,Call for Quote,2.5 time exhange cost,Call for Quote,1.5 time exhange cost,Each,Each,Refurbished,Y,6.000000,Same Day,,,,
51847253,Avante Health Solutions,GE,POWER INTERCONNECT BOARD,Call for Quote,2.5 time exhange cost,Call for Quote,1.5 time exhange cost,Each,Each,Refurbished,Y,1.000000,Same Day,,,,
5194004-2,Avante Health Solutions,GE,HD DCB PWA,Call for Quote,2.5 time exhange cost,Call for Quote,1.5 time exhange cost,Each,Each,Refurbished,Y,6.000000,Same Day,,,,
5197802,Avante Health Solutions,GE,VCT Power Supply (Pioneer Magnetics),Call for Quote,2.5 time exhange cost,Call for Quote,1.5 time exhange cost,Each,Each,Refurbished,Y,2.000000,Same Day,,,,
5205054,Avante Health Solutions,GE,Logiq E9 Main Power Supply Lambda,Call for Quote,2.5 time exhange cost,Call for Quote,1.5 time exhange cost,Each,Each,Refurbished,Y,2.000000,Same Day,,,,
5206402,Avante Health Solutions,GE,Colorado Class 2 Module HDAS_HD slots 1-26 / 32-57,Call for Quote,2.5 time exhange cost,Call for Quote,1.5 time exhange cost,Each,Each,Refurbished,Y,90.000000,Same Day,,,,
5207000-29-N,Avante Health Solutions,GE,GE Joystick Encoder,Call for Quote,2.5 time exhange cost,Call for Quote,1.5 time exhange cost,Each,Each,New OEM Original,Y,4.000000,Same Day,,,,
5207000-92,Avante Health Solutions,GE,"GE LOGIQ E9, Lower Operator Panel (R6)",Call for Quote,2.5 time exhange cost,Call for Quote,1.5 time exhange cost,Each,Each,Refurbished,Y,2.000000,Same Day,,,,
52282,Avante Health Solutions,SIEMENS,Acuson BF4,Call for Quote,2.5 time exhange cost,Call for Quote,1.5 time exhange cost,Each,Each,Refurbished,Y,3.000000,Same Day,,,,
5231985,Avante Health Solutions,GE,TSSC IQ Elegance,Call for Quote,2.5 time exhange cost,Call for Quote,1.5 time exhange cost,Each,Each,Refurbished,Y,1.000000,Same Day,,,,
5246264,Avante Health Solutions,Siemens,Cable Signal,Call for Quote,2.5 time exhange cost,Call for Quote,1.5 time exhange cost,Each,Each,Refurbished,Y,3.000000,Same Day,,,,
5252201,Avante Health Solutions,GE,RTAC 8,Call for Quote,2.5 time exhange cost,Call for Quote,1.5 time exhange cost,Each,Each,Refurbished,Y,2.000000,Same Day,,,,
GA200445,Avante Health Solutions,GE,"E9, Knobs/Encoder Slider Pots",Call for Quote,2.5 time exhange cost,Call for Quote,1.5 time exhange cost,Each,Each,Refurbished,Y,2.000000,Same Day,,,,
GA200714-2,Avante Health Solutions,GE,Logiq E9 GRLY PCB,Call for Quote,2.5 time exhange cost,Call for Quote,1.5 time exhange cost,Each,Each,Refurbished,Y,1.000000,Same Day,,,,
GA200726,Avante Health Solutions,GE,"VIVID E9, GTX-TLP192",Call for Quote,2.5 time exhange cost,Call for Quote,1.5 time exhange cost,Each,Each,Refurbished,Y,11.000000,Same Day,,,,
GA200726-2,Avante Health Solutions,GE,"VIVID E9, GTX-TLP192",Call for Quote,2.5 time exhange cost,Call for Quote,1.5 time exhange cost,Each,Each,Refurbished,Y,6.000000,Same Day,,,,
GA200745,Avante Health Solutions,GE,SIDE COVER - FRONT END,Call for Quote,2.5 time exhange cost,Call for Quote,1.5 time exhange cost,Each,Each,Refurbished,Y,1.000000,Same Day,,,,
GA307023,Avante Health Solutions,GE,"LOGIQ E9, Top Cover",Call for Quote,2.5 time exhange cost,Call for Quote,1.5 time exhange cost,Each,Each,Refurbished,Y,3.000000,Same Day,,,,
GA307046,Avante Health Solutions,GE,"LOGIQ E9, DOOR IO PANEL",Call for Quote,2.5 time exhange cost,Call for Quote,1.5 time exhange cost,Each,Each,Refurbished,Y,7.000000,Same Day,,,,
GA307192,Avante Health Solutions,GE,Column Cover,Call for Quote,2.5 time exhange cost,Call for Quote,1.5 time exhange cost,Each,Each,Refurbished,Y,5.000000,Same Day,,,,
GA307239,Avante Health Solutions,GE,GEL CUP - VIVID E9,Call for Quote,2.5 time exhange cost,Call for Quote,1.5 time exhange cost,Each,Each,Refurbished,Y,8.000000,Same Day,,,,
GB200014,Avante Health Solutions,GE,"VIVID E9, Fan Tray",Call for Quote,2.5 time exhange cost,Call for Quote,1.5 time exhange cost,Each,Each,Refurbished,Y,8.000000,Same Day,,,,
GB200058-03,Avante Health Solutions,GE,"VIVID E9, 17"" LCD Monitor w/ LED Backlight",Call for Quote,2.5 time exhange cost,Call for Quote,1.5 time exhange cost,Each,Each,Refurbished,Y,1.000000,Same Day,,,,
GB200152,Avante Health Solutions,GE,OP Lower Bezel 4,Call for Quote,2.5 time exhange cost,Call for Quote,1.5 time exhange cost,Each,Each,Refurbished,Y,5.000000,Same Day,,,,
511756416,Avante Health Solutions,GE,PPC KV Control V3 Bd.,Call for Quote,2.5 time exhange cost,Call for Quote,1.5 time exhange cost,Each,Each,Refurbished,Y,1.000000,Same Day,,,,
5117634,Avante Health Solutions,GE,Angio-Combo Ulysse Tube Covers,Call for Quote,2.5 time exhange cost,Call for Quote,1.5 time exhange cost,Each,Each,Refurbished,Y,1.000000,Same Day,,,,
5120577,Avante Health Solutions,GE,TS_IMS_RIGHT Positioning GT,Call for Quote,2.5 time exhange cost,Call for Quote,1.5 time exhange cost,Each,Each,Refurbished,Y,1.000000,Same Day,,,,
5120586-2,Avante Health Solutions,GE,FOOTSWITCH PEDAL COVER,Call for Quote,2.5 time exhange cost,Call for Quote,1.5 time exhange cost,Each,Each,Refurbished,Y,2.000000,Same Day,,,,
5120643,Avante Health Solutions,GE,Cable - Service Board to MSUB J30 -EMC Edition 2,Call for Quote,2.5 time exhange cost,Call for Quote,1.5 time exhange cost,Each,Each,Refurbished,Y,1.000000,Same Day,,,,
5120644,Avante Health Solutions,GE,Cable - Ax Drive to MSUB J29 - EMC Edition 2,Call for Quote,2.5 time exhange cost,Call for Quote,1.5 time exhange cost,Each,Each,Refurbished,Y,1.000000,Same Day,,,,
5120773-2,Avante Health Solutions,GE,GTCB to GTTS Cable for EMC Positioning GT,Call for Quote,2.5 time exhange cost,Call for Quote,1.5 time exhange cost,Each,Each,Refurbished,Y,1.000000,Same Day,,,,
5124676,Avante Health Solutions,GE,Collision Sensor Assy.,Call for Quote,2.5 time exhange cost,Call for Quote,1.5 time exhange cost,Each,Each,Refurbished,Y,2.000000,Same Day,,,,
5125329,Avante Health Solutions,GE,DL Hard Drive 80 GB,Call for Quote,2.5 time exhange cost,Call for Quote,1.5 time exhange cost,Each,Each,Refurbished,Y,2.000000,Same Day,,,,
5126617,Avante Health Solutions,GE,5V Analog Power Supply Astec,Call for Quote,2.5 time exhange cost,Call for Quote,1.5 time exhange cost,Each,Each,Refurbished,Y,3.000000,Same Day,,,,
5127256,Avante Health Solutions,,Cardio Tilt Plate,Call for Quote,2.5 time exhange cost,Call for Quote,1.5 time exhange cost,Each,Each,Refurbished,Y,1.000000,Same Day,,,,
GB200091,Avante Health Solutions,GE,"OPERATOR PANEL, UPPER 4- touch panel",Call for Quote,2.5 time exhange cost,Call for Quote,1.5 time exhange cost,Each,Each,Refurbished,Y,1.000000,Same Day,,,,
GC200002,Avante Health Solutions,GE,CRX board Rev.5. Vivid E95,Call for Quote,2.5 time exhange cost,Call for Quote,1.5 time exhange cost,Each,Each,Refurbished,Y,9.000000,Same Day,,,,
GDL5,Avante Health Solutions,Philips,"MDL 5 Amp, 250V, Glass Fuse for Philips CT Couch Table",Call for Quote,2.5 time exhange cost,Call for Quote,1.5 time exhange cost,Each,Each,Refurbished,Y,19.000000,Same Day,,,,
GDL8,Avante Health Solutions,Philips,"MDL 8 Amp, 250V, Glass Fuse for Philips CT Couch Table",Call for Quote,2.5 time exhange cost,Call for Quote,1.5 time exhange cost,Each,Each,Refurbished,Y,35.000000,Same Day,,,,
GE 12L-RS,Avante Health Solutions,GE,GE 12L-RS 8-13 MHz Transducer (Le/Vi/Ve),Call for Quote,2.5 time exhange cost,Call for Quote,1.5 time exhange cost,Each,Each,Refurbished,Y,3.000000,Same Day,,,,
GE 12L-SC,Avante Health Solutions,GE,GE 12L-SC Transducer for Venue 40/50,Call for Quote,2.5 time exhange cost,Call for Quote,1.5 time exhange cost,Each,Each,Refurbished,Y,1.000000,Same Day,,,,
GE 3CB,Avante Health Solutions,GE,GE 3CB Convex Ultrasound Transducer,Call for Quote,2.5 time exhange cost,Call for Quote,1.5 time exhange cost,Each,Each,Refurbished,Y,2.000000,Same Day,,,,
GE 3S-RS,Avante Health Solutions,GE,GE 3S-RS Phased Array Ultrasound Transducer,Call for Quote,2.5 time exhange cost,Call for Quote,1.5 time exhange cost,Each,Each,Refurbished,Y,1.000000,Same Day,,,,
GE 5S,Avante Health Solutions,GE,GE 5S (2.2-5.5 MHz) Phased Ultrasound Transducer,Call for Quote,2.5 time exhange cost,Call for Quote,1.5 time exhange cost,Each,Each,Refurbished,Y,6.000000,Same Day,,,,
GE 7S,Avante Health Solutions,GE,GE 7S,Call for Quote,2.5 time exhange cost,Call for Quote,1.5 time exhange cost,Each,Each,Refurbished,Y,11.000000,Same Day,,,,
GE C2-6B-D,Avante Health Solutions,GE,GE C2-6b-D,Call for Quote,2.5 time exhange cost,Call for Quote,1.5 time exhange cost,Each,Each,Refurbished,Y,2.000000,Same Day,,,,
ACUSON L538,Avante Health Solutions,SIEMENS,Acuson 5.0 MHz Vascular Transducer,Call for Quote,2.5 time exhange cost,Call for Quote,1.5 time exhange cost,Each,Each,Refurbished,Y,1.000000,Same Day,,,,
AJT40,Avante Health Solutions,Philips,"AJT 40 Amp, 600V, Class J, Ferraz AJT40, AJT 40A Fuse",Call for Quote,2.5 time exhange cost,Call for Quote,1.5 time exhange cost,Each,Each,Refurbished,Y,23.000000,Same Day,,,,
ATFS705L,Avante Health Solutions,GE,MICROHUB,Call for Quote,2.5 time exhange cost,Call for Quote,1.5 time exhange cost,Each,Each,Refurbished,Y,3.000000,Same Day,,,,
AT-FS705L,Avante Health Solutions,GE,ETHERNET SWITCH,Call for Quote,2.5 time exhange cost,Call for Quote,1.5 time exhange cost,Each,Each,Refurbished,Y,1.000000,Same Day,,,,
ATL C5-2 40R ERGO,Avante Health Solutions,PHILIPS,ATL C5-2 40R Ergo,Call for Quote,2.5 time exhange cost,Call for Quote,1.5 time exhange cost,Each,Each,Refurbished,Y,2.000000,Same Day,,,,
AY-355-PWR-DDM,Avante Health Solutions,MEDISON,Medison R7 Power Supply,Call for Quote,2.5 time exhange cost,Call for Quote,1.5 time exhange cost,Each,Each,Refurbished,Y,2.000000,Same Day,,,,
B140-101,Avante Health Solutions,Philips,"Tripp Lite DVI Over Cat5/Cat6 Extender, Video Transmitter & Receiver, 1920x1080 at 60Hz, TAA",Call for Quote,2.5 time exhange cost,Call for Quote,1.5 time exhange cost,Each,Each,Refurbished,Y,3.000000,Same Day,,,,
BIOSOUND ESAOTE LA522E,Avante Health Solutions,BIOSOUND,Biosound Esaote LA522E,Call for Quote,2.5 time exhange cost,Call for Quote,1.5 time exhange cost,Each,Each,Refurbished,Y,1.000000,Same Day,,,,
BK 8551,Avante Health Solutions,B&K,B&K 6.0-10.0 Mhz TR,Call for Quote,2.5 time exhange cost,Call for Quote,1.5 time exhange cost,Each,Each,Refurbished,Y,3.000000,Same Day,,,,
BLACK PS2 MOUSE,Avante Health Solutions,,"Perixx Permice-209 P, Wired PS2 Optical Mouse with Scroll Wheel and 1000 DPI, White (10442), 1.8m cable",Call for Quote,2.5 time exhange cost,Call for Quote,1.5 time exhange cost,Each,Each,Refurbished,Y,3.000000,Same Day,,,,
BNT-1500AP,Avante Health Solutions,,PCM POWERCOM UPS,Call for Quote,2.5 time exhange cost,Call for Quote,1.5 time exhange cost,Each,Each,Refurbished,Y,1.000000,Same Day,,,,
GC200018,Avante Health Solutions,GE,"GE Vivid E95, BEP Aurora (Please check comment field for configuration and SW info)",Call for Quote,2.5 time exhange cost,Call for Quote,1.5 time exhange cost,Each,Each,Refurbished,Y,4.000000,Same Day,,,,
GC200019-4,Avante Health Solutions,GE,GE VIVID E80 CPM Board,Call for Quote,2.5 time exhange cost,Call for Quote,1.5 time exhange cost,Each,Each,Refurbished,Y,10.000000,Same Day,,,,
GC200112,Avante Health Solutions,GE,VIVID E90/E95 - CONTROL PANEL,Call for Quote,2.5 time exhange cost,Call for Quote,1.5 time exhange cost,Each,Each,Refurbished,Y,6.000000,Same Day,,,,
GC200115,Avante Health Solutions,GE,"Main cable assembly, Aurora",Call for Quote,2.5 time exhange cost,Call for Quote,1.5 time exhange cost,Each,Each,Refurbished,Y,6.000000,Same Day,,,,
GC307072,Avante Health Solutions,GE,Cover Top,Call for Quote,2.5 time exhange cost,Call for Quote,1.5 time exhange cost,Each,Each,Refurbished,Y,1.000000,Same Day,,,,
GE 10S,Avante Health Solutions,GE,GE 10S (4-10 MHZ) Phased Array Ultrasound Transducer,Call for Quote,2.5 time exhange cost,Call for Quote,1.5 time exhange cost,Each,Each,Refurbished,Y,4.000000,Same Day,,,,
GE 11L,Avante Health Solutions,GE,GE 11L (3.4-10.8 MHZ) Linear Ultrasound Transducer,Call for Quote,2.5 time exhange cost,Call for Quote,1.5 time exhange cost,Each,Each,Refurbished,Y,1.000000,Same Day,,,,
GE 11L-D,Avante Health Solutions,GE,GE 11L-D Ultrasound Transducer,Call for Quote,2.5 time exhange cost,Call for Quote,1.5 time exhange cost,Each,Each,Refurbished,Y,3.000000,Same Day,,,,
GE 348C,Avante Health Solutions,GE,GE 348c,Call for Quote,2.5 time exhange cost,Call for Quote,1.5 time exhange cost,Each,Each,Refurbished,Y,1.000000,Same Day,,,,
GE 3CRF-D,Avante Health Solutions,GE,GE 3CRF-D Micro-Convex Ultrasound Transducer,Call for Quote,2.5 time exhange cost,Call for Quote,1.5 time exhange cost,Each,Each,Refurbished,Y,2.000000,Same Day,,,,
GE 3S-D,Avante Health Solutions,GE,3s-d Cardiac probe for Voluson E8,Call for Quote,2.5 time exhange cost,Call for Quote,1.5 time exhange cost,Each,Each,Refurbished,Y,10.000000,Same Day,,,,
BSM31-3062,Avante Health Solutions,TOSHIBA,"RGLT PCB, NEMIO 30",Call for Quote,2.5 time exhange cost,Call for Quote,1.5 time exhange cost,Each,Each,Refurbished,Y,1.000000,Same Day,,,,
CABLE W116,Avante Health Solutions,,w116 cable out of A100 generator,Call for Quote,2.5 time exhange cost,Call for Quote,1.5 time exhange cost,Each,Each,Refurbished,Y,1.000000,Same Day,,,,
CT-GCVC-01A,Avante Health Solutions,GE,VCT 2000 Table Slicker and Pad,Call for Quote,2.5 time exhange cost,Call for Quote,1.5 time exhange cost,Each,Each,Refurbished,Y,2.000000,Same Day,,,,
DL159A,Avante Health Solutions,GE,PS2 3 Button Mouse Grey,Call for Quote,2.5 time exhange cost,Call for Quote,1.5 time exhange cost,Each,Each,Refurbished,Y,2.000000,Same Day,,,,
EPIQ ACQ MODULE-A CART,Avante Health Solutions,PHILIPS,"Acquisition Module for the A Cart Epiq 45356164654x, 45356173806x, 45356173484x, 45356186675x, 45356188663x",Call for Quote,2.5 time exhange cost,Call for Quote,1.5 time exhange cost,Each,Each,Refurbished,Y,11.000000,Same Day,,,,
EPIQ ACQ MODULE-A CART-N,Avante Health Solutions,PHILIPS,"Acquisition Module for the A Cart Epiq 45356164654x, 45356173806x, 45356173484x, 45356186675x, 45356188663x",Call for Quote,2.5 time exhange cost,Call for Quote,1.5 time exhange cost,Each,Each,New OEM Original,Y,4.000000,Same Day,,,,
FA200028,Avante Health Solutions,GE,"GE, IMPORT",Call for Quote,2.5 time exhange cost,Call for Quote,1.5 time exhange cost,Each,Each,Refurbished,Y,1.000000,Same Day,,,,
FA200945,Avante Health Solutions,GE,"GE, Power DC (Vivid 7)",Call for Quote,2.5 time exhange cost,Call for Quote,1.5 time exhange cost,Each,Each,Refurbished,Y,1.000000,Same Day,,,,
FB200198,Avante Health Solutions,GE,"LOGIQ 9, External I/O",Call for Quote,2.5 time exhange cost,Call for Quote,1.5 time exhange cost,Each,Each,Refurbished,Y,2.000000,Same Day,,,,
FB200198-14,Avante Health Solutions,GE,External I/O Assembly (Vivid 7),Call for Quote,2.5 time exhange cost,Call for Quote,1.5 time exhange cost,Each,Each,Refurbished,Y,2.000000,Same Day,,,,
FN256-25-47,Avante Health Solutions,,3 Phase Neutral Line EMC Filter,Call for Quote,2.5 time exhange cost,Call for Quote,1.5 time exhange cost,Each,Each,Refurbished,Y,1.000000,Same Day,,,,
GE C2-9VN-D,Avante Health Solutions,GE,GE C2-9 Convex Volume Navigation Ultrasound Transducer,Call for Quote,2.5 time exhange cost,Call for Quote,1.5 time exhange cost,Each,Each,Refurbished,Y,5.000000,Same Day,,,,
GE C4-8-D-N,Avante Health Solutions,GE,GE C4-8-D Abdominal 2-8 Mhz Ultrasound Transducer (pn: 5336339),Call for Quote,2.5 time exhange cost,Call for Quote,1.5 time exhange cost,Each,Each,New OEM Original,Y,1.000000,Same Day,,,,
GE E8C-RS-V,Avante Health Solutions,GE,GE E8C-RS 4.0-10.0 MHz  X-dcr.,Call for Quote,2.5 time exhange cost,Call for Quote,1.5 time exhange cost,Each,Each,Refurbished,Y,1.000000,Same Day,,,,
GE E8CS-SC,Avante Health Solutions,GE,GE E8CS-SC Endo-Vaginal Ultrasound Transducer,Call for Quote,2.5 time exhange cost,Call for Quote,1.5 time exhange cost,Each,Each,Refurbished,Y,1.000000,Same Day,,,,
GE I18L,Avante Health Solutions,GE,GE i18L Ultrasound Transducer,Call for Quote,2.5 time exhange cost,Call for Quote,1.5 time exhange cost,Each,Each,Refurbished,Y,1.000000,Same Day,,,,
GE L3-12-D,Avante Health Solutions,GE,GE L3-12-D Linear Ultrasound Transducer,Call for Quote,2.5 time exhange cost,Call for Quote,1.5 time exhange cost,Each,Each,Refurbished,Y,2.000000,Same Day,,,,
GE L8-18I-D,Avante Health Solutions,GE,GE L8-18i-D Intraoperative Linear (Hockey Stick) Ultrasound Transducer,Call for Quote,2.5 time exhange cost,Call for Quote,1.5 time exhange cost,Each,Each,Refurbished,Y,3.000000,Same Day,,,,
GE L8-18I-RS,Avante Health Solutions,GE,GE L8-18i-RS Hockey Stick Ultrasound Transducer,Call for Quote,2.5 time exhange cost,Call for Quote,1.5 time exhange cost,Each,Each,Refurbished,Y,24.000000,Same Day,,,,
GE M12L,Avante Health Solutions,GE,GE M12L,Call for Quote,2.5 time exhange cost,Call for Quote,1.5 time exhange cost,Each,Each,Refurbished,Y,11.000000,Same Day,,,,
GE M5SC-RS,Avante Health Solutions,GE,GE M5Sc-RS Ultrasound Transducer,Call for Quote,2.5 time exhange cost,Call for Quote,1.5 time exhange cost,Each,Each,Refurbished,Y,1.000000,Same Day,,,,
GE M6C-D,Avante Health Solutions,GE,GE M6C-D Transducer for the E10,Call for Quote,2.5 time exhange cost,Call for Quote,1.5 time exhange cost,Each,Each,Refurbished,Y,3.000000,Same Day,,,,
5255299-31,Avante Health Solutions,GE,Volume Recon Box II (VRB2),Call for Quote,2.5 time exhange cost,Call for Quote,1.5 time exhange cost,Each,Each,Refurbished,Y,1.000000,Same Day,,,,
5261127,Avante Health Solutions,GE,"Subwoofer, E9",Call for Quote,2.5 time exhange cost,Call for Quote,1.5 time exhange cost,Each,Each,Refurbished,Y,2.000000,Same Day,,,,
5262891,Avante Health Solutions,,Heat Exchanger Assembly,Call for Quote,2.5 time exhange cost,Call for Quote,1.5 time exhange cost,Each,Each,Refurbished,Y,1.000000,Same Day,,,,
5264538,Avante Health Solutions,GE,LCD Flexible Arm Kit (White),Call for Quote,2.5 time exhange cost,Call for Quote,1.5 time exhange cost,Each,Each,Refurbished,Y,1.000000,Same Day,,,,
5269594-2,Avante Health Solutions,GE,"LOGIQ P5, DVD Drive",Call for Quote,2.5 time exhange cost,Call for Quote,1.5 time exhange cost,Each,Each,Refurbished,Y,1.000000,Same Day,,,,
5272157-2,Avante Health Solutions,GE,Cherokee Power Supply 48Vdc 1KW with Ferrite Filter,Call for Quote,2.5 time exhange cost,Call for Quote,1.5 time exhange cost,Each,Each,Refurbished,Y,2.000000,Same Day,,,,
5272170-2,Avante Health Solutions,GE,Logiq E9R6 DVD Drive,Call for Quote,2.5 time exhange cost,Call for Quote,1.5 time exhange cost,Each,Each,Refurbished,Y,1.000000,Same Day,,,,
5277624,Avante Health Solutions,SIEMENS,Siemens Endo-V Multi-Freq (PRIMA),Call for Quote,2.5 time exhange cost,Call for Quote,1.5 time exhange cost,Each,Each,Refurbished,Y,1.000000,Same Day,,,,
5301160-5,Avante Health Solutions,GE,"VIVID E9, DRX PCB",Call for Quote,2.5 time exhange cost,Call for Quote,1.5 time exhange cost,Each,Each,Refurbished,Y,6.000000,Same Day,,,,
5310100,Avante Health Solutions,GE,LCD ARM ASSY (without cable),Call for Quote,2.5 time exhange cost,Call for Quote,1.5 time exhange cost,Each,Each,Refurbished,Y,1.000000,Same Day,,,,
5315404,Avante Health Solutions,GE,DAB Assembly (Logiq P5),Call for Quote,2.5 time exhange cost,Call for Quote,1.5 time exhange cost,Each,Each,Refurbished,Y,1.000000,Same Day,,,,
5316594-3,Avante Health Solutions,GE,"Fiber Optic Cable, Slip Ring to Bulkhead, 2.8 Meters Long",Call for Quote,2.5 time exhange cost,Call for Quote,1.5 time exhange cost,Each,Each,Refurbished,Y,1.000000,Same Day,,,,
5127469-3,Avante Health Solutions,GE,Touch Sensor Left 2000 Assembly HD Positioning GT,Call for Quote,2.5 time exhange cost,Call for Quote,1.5 time exhange cost,Each,Each,Refurbished,Y,2.000000,Same Day,,,,
5132480-L0850,Avante Health Solutions,SIEMENS,Siemens 7.5 Mhz Linear (Sienna),Call for Quote,2.5 time exhange cost,Call for Quote,1.5 time exhange cost,Each,Each,Refurbished,Y,1.000000,Same Day,,,,
5132669-3,Avante Health Solutions,GE,Stepping Motor Driver,Call for Quote,2.5 time exhange cost,Call for Quote,1.5 time exhange cost,Each,Each,Refurbished,Y,2.000000,Same Day,,,,
5134416-2,Avante Health Solutions,GE,"Sensor Asm, Front Cover White 9",Call for Quote,2.5 time exhange cost,Call for Quote,1.5 time exhange cost,Each,Each,Refurbished,Y,2.000000,Same Day,,,,
5134534,Avante Health Solutions,GE,"Cable, GTCN J208 to Conn Plate J203",Call for Quote,2.5 time exhange cost,Call for Quote,1.5 time exhange cost,Each,Each,Refurbished,Y,1.000000,Same Day,,,,
5134535,Avante Health Solutions,GE,GTCN/GTCB Cable,Call for Quote,2.5 time exhange cost,Call for Quote,1.5 time exhange cost,Each,Each,Refurbished,Y,1.000000,Same Day,,,,
5134577,Avante Health Solutions,GE,Motor Control Bd.,Call for Quote,2.5 time exhange cost,Call for Quote,1.5 time exhange cost,Each,Each,Refurbished,Y,5.000000,Same Day,,,,
5139541,Avante Health Solutions,GE,FLUORO UPS I/F BOX ASSY,Call for Quote,2.5 time exhange cost,Call for Quote,1.5 time exhange cost,Each,Each,Refurbished,Y,1.000000,Same Day,,,,
5142177-3,Avante Health Solutions,GE,GTCB3 Board Assy,Call for Quote,2.5 time exhange cost,Call for Quote,1.5 time exhange cost,Each,Each,Refurbished,Y,1.000000,Same Day,,,,
5142966,Avante Health Solutions,GE,"BOX ASSY, BLOWER HEATER VCT",Call for Quote,2.5 time exhange cost,Call for Quote,1.5 time exhange cost,Each,Each,Refurbished,Y,1.000000,Same Day,,,,
5144560,Avante Health Solutions,GE,Transbox Assy 110V (Logiq P5),Call for Quote,2.5 time exhange cost,Call for Quote,1.5 time exhange cost,Each,Each,Refurbished,Y,2.000000,Same Day,,,,
5145260,Avante Health Solutions,GE,ITUI Cable,Call for Quote,2.5 time exhange cost,Call for Quote,1.5 time exhange cost,Each,Each,Refurbished,Y,2.000000,Same Day,,,,
FP1900MBNC,Avante Health Solutions,Philips,18in MONITOR,Call for Quote,2.5 time exhange cost,Call for Quote,1.5 time exhange cost,Each,Each,Refurbished,Y,1.000000,Same Day,,,,
GA200034,Avante Health Solutions,GE,E9 Z-MOTOR,Call for Quote,2.5 time exhange cost,Call for Quote,1.5 time exhange cost,Each,Each,Refurbished,Y,2.000000,Same Day,,,,
GA200246,Avante Health Solutions,GE,"LOGIQ E9, Rear Caster",Call for Quote,2.5 time exhange cost,Call for Quote,1.5 time exhange cost,Each,Each,Refurbished,Y,5.000000,Same Day,,,,
GA200437,Avante Health Solutions,GE,E9 Upper Bezel,Call for Quote,2.5 time exhange cost,Call for Quote,1.5 time exhange cost,Each,Each,Refurbished,Y,4.000000,Same Day,,,,
GA200759,Avante Health Solutions,GE,"GE E9, XYZ CONTROL ASSEMBLY",Call for Quote,2.5 time exhange cost,Call for Quote,1.5 time exhange cost,Each,Each,Refurbished,Y,1.000000,Same Day,,,,
GA200865,Avante Health Solutions,GE,"OPERATOR PANEL, UPPER 4- touch panel",Call for Quote,2.5 time exhange cost,Call for Quote,1.5 time exhange cost,Each,Each,Refurbished,Y,1.000000,Same Day,,,,
GA307061,Avante Health Solutions,GE,"LOGIQ E9, Bulkhead Cover",Call for Quote,2.5 time exhange cost,Call for Quote,1.5 time exhange cost,Each,Each,Refurbished,Y,2.000000,Same Day,,,,
GA307234,Avante Health Solutions,GE,Handle Left Lower Metal Finish,Call for Quote,2.5 time exhange cost,Call for Quote,1.5 time exhange cost,Each,Each,Refurbished,Y,4.000000,Same Day,,,,
GA307235,Avante Health Solutions,GE,"GE Vivid E9 Handle, Right Top, Metal finish",Call for Quote,2.5 time exhange cost,Call for Quote,1.5 time exhange cost,Each,Each,Refurbished,Y,1.000000,Same Day,,,,
GB200092,Avante Health Solutions,GE,"Vivid E9, Upper User Interface",Call for Quote,2.5 time exhange cost,Call for Quote,1.5 time exhange cost,Each,Each,Refurbished,Y,2.000000,Same Day,,,,
GB200148,Avante Health Solutions,GE,"VIVID E9, LOWER UI ASSEMBLY",Call for Quote,2.5 time exhange cost,Call for Quote,1.5 time exhange cost,Each,Each,Refurbished,Y,3.000000,Same Day,,,,
GC100530-81-0,Avante Health Solutions,GE,"Vivid E95, E90, E80 SW 202 v81.0 - service edition",Call for Quote,2.5 time exhange cost,Call for Quote,1.5 time exhange cost,Each,Each,Refurbished,Y,1.000000,Same Day,,,,
51457812,Avante Health Solutions,GE,Smart Handle IQ,Call for Quote,2.5 time exhange cost,Call for Quote,1.5 time exhange cost,Each,Each,Refurbished,Y,7.000000,Same Day,,,,
514584401,Avante Health Solutions,GE,Lift Interconnect Bd.,Call for Quote,2.5 time exhange cost,Call for Quote,1.5 time exhange cost,Each,Each,Refurbished,Y,3.000000,Same Day,,,,
5145844-01,Avante Health Solutions,GE,LIFT INTERCONNECT BOARD,Call for Quote,2.5 time exhange cost,Call for Quote,1.5 time exhange cost,Each,Each,Refurbished,Y,2.000000,Same Day,,,,
5148381-3,Avante Health Solutions,GE,"LOGIQ E9, MAINS Power Cable - Europe",Call for Quote,2.5 time exhange cost,Call for Quote,1.5 time exhange cost,Each,Each,Refurbished,Y,2.000000,Same Day,,,,
5151285-2,Avante Health Solutions,GE,GE Logiqe Charger Board,Call for Quote,2.5 time exhange cost,Call for Quote,1.5 time exhange cost,Each,Each,Refurbished,Y,1.000000,Same Day,,,,
51553222,Avante Health Solutions,GE,BACKPLANE LAT POS,Call for Quote,2.5 time exhange cost,Call for Quote,1.5 time exhange cost,Each,Each,Refurbished,Y,1.000000,Same Day,,,,
5156316-N,Avante Health Solutions,GE,Cryogen Compressor Flow Meter Kit,Call for Quote,2.5 time exhange cost,Call for Quote,1.5 time exhange cost,Each,Each,New OEM Original,Y,1.000000,Same Day,,,,
5162038-2,Avante Health Solutions,GE,LOGIQe Charger Board & Cable Kit,Call for Quote,2.5 time exhange cost,Call for Quote,1.5 time exhange cost,Each,Each,Refurbished,Y,1.000000,Same Day,,,,
51642,Avante Health Solutions,SIEMENS,"Acuson, RX-4C",Call for Quote,2.5 time exhange cost,Call for Quote,1.5 time exhange cost,Each,Each,Refurbished,Y,2.000000,Same Day,,,,
5165982,Avante Health Solutions,GE,VCT Oil Pump,Call for Quote,2.5 time exhange cost,Call for Quote,1.5 time exhange cost,Each,Each,Refurbished,Y,2.000000,Same Day,,,,
5167953,Avante Health Solutions,GE,"19"" LCD Monitor for the Logiq E9",Call for Quote,2.5 time exhange cost,Call for Quote,1.5 time exhange cost,Each,Each,Refurbished,Y,4.000000,Same Day,,,,
5169215,Avante Health Solutions,GE,"Cable, Cardiac-Pulmonary_PathFinder",Call for Quote,2.5 time exhange cost,Call for Quote,1.5 time exhange cost,Each,Each,Refurbished,Y,1.000000,Same Day,,,,
5327214,Avante Health Solutions,GE,LP6 Side Left Cover,Call for Quote,2.5 time exhange cost,Call for Quote,1.5 time exhange cost,Each,Each,Refurbished,Y,1.000000,Same Day,,,,
5330602,Avante Health Solutions,GE,"Harness, CAN, CT Front Cover",Call for Quote,2.5 time exhange cost,Call for Quote,1.5 time exhange cost,Each,Each,Refurbished,Y,1.000000,Same Day,,,,
5341164,Avante Health Solutions,GE,SMC APOLLO CONDITIONER,Call for Quote,2.5 time exhange cost,Call for Quote,1.5 time exhange cost,Each,Each,Refurbished,Y,2.000000,Same Day,,,,
5357426,Avante Health Solutions,GE,LAT CARRIAGE LIMIT SWITCH,Call for Quote,2.5 time exhange cost,Call for Quote,1.5 time exhange cost,Each,Each,Refurbished,Y,4.000000,Same Day,,,,
5371622-20,Avante Health Solutions,GE,Port for a coil,Call for Quote,2.5 time exhange cost,Call for Quote,1.5 time exhange cost,Each,Each,Refurbished,Y,1.000000,Same Day,,,,
5373010,Avante Health Solutions,,Kollmorgen Axial Drive,Call for Quote,2.5 time exhange cost,Call for Quote,1.5 time exhange cost,Each,Each,Refurbished,Y,5.000000,Same Day,,,,
5373058,Avante Health Solutions,GE,Coolix 4100 Chiller,Call for Quote,2.5 time exhange cost,Call for Quote,1.5 time exhange cost,Each,Each,Refurbished,Y,6.000000,Same Day,,,,
5380906,Avante Health Solutions,GE,VIVID S6 ECG,Call for Quote,2.5 time exhange cost,Call for Quote,1.5 time exhange cost,Each,Each,Refurbished,Y,1.000000,Same Day,,,,
5392293-22,Avante Health Solutions,GE,"19” LCD Monitor V2             5205000-7 and later consoles LOGIQ E9 R4 or Upgraded, Voluson S6_ S8",Call for Quote,2.5 time exhange cost,Call for Quote,1.5 time exhange cost,Each,Each,Refurbished,Y,2.000000,Same Day,,,,
5393431-3,Avante Health Solutions,GE,"Voluson S8, CPS Power Supply",Call for Quote,2.5 time exhange cost,Call for Quote,1.5 time exhange cost,Each,Each,Refurbished,Y,1.000000,Same Day,,,,
5393436,Avante Health Solutions,GE,"Voluson S8, OPIO Hub PWA Assy Keys",Call for Quote,2.5 time exhange cost,Call for Quote,1.5 time exhange cost,Each,Each,Refurbished,Y,1.000000,Same Day,,,,
GC200111,Avante Health Solutions,GE,VIVID E90/E95 - Operating Panel Upper Aurora,Call for Quote,2.5 time exhange cost,Call for Quote,1.5 time exhange cost,Each,Each,Refurbished,Y,7.000000,Same Day,,,,
GE 12S-D-N,Avante Health Solutions,GE,GE 12S-D (4-12 MHZ) Phased Array Pedicatric Ultrasound Transducer,Call for Quote,2.5 time exhange cost,Call for Quote,1.5 time exhange cost,Each,Each,New OEM Original,Y,1.000000,Same Day,,,,
GE 3SC-RS,Avante Health Solutions,GE,"GE 3SC-RS Phased Array Transducer (XP, E, Vivid/Voluson)",Call for Quote,2.5 time exhange cost,Call for Quote,1.5 time exhange cost,Each,Each,Refurbished,Y,3.000000,Same Day,,,,
GE 4D16L,Avante Health Solutions,GE,GE 4D16L,Call for Quote,2.5 time exhange cost,Call for Quote,1.5 time exhange cost,Each,Each,Refurbished,Y,1.000000,Same Day,,,,
GE 7S-V,Avante Health Solutions,GE,GE 7S 3.0-7.0 Mhz Sector X'dcr. (L3/5),Call for Quote,2.5 time exhange cost,Call for Quote,1.5 time exhange cost,Each,Each,Refurbished,Y,1.000000,Same Day,,,,
GE 9L-D,Avante Health Solutions,GE,GE 9L-D Ultrasound Transducer,Call for Quote,2.5 time exhange cost,Call for Quote,1.5 time exhange cost,Each,Each,Refurbished,Y,3.000000,Same Day,,,,
GE E8C-RS,Avante Health Solutions,GE,GE E8C-RS (4-10 MHZ) Ultrasound Transducer,Call for Quote,2.5 time exhange cost,Call for Quote,1.5 time exhange cost,Each,Each,Refurbished,Y,1.000000,Same Day,,,,
GE E8C-RS-N,Avante Health Solutions,GE,GE E8C-RS (4-10 MHZ) Ultrasound Transducer,Call for Quote,2.5 time exhange cost,Call for Quote,1.5 time exhange cost,Each,Each,New OEM Original,Y,3.000000,Same Day,,,,
GE E8CS-SC-N,Avante Health Solutions,GE,GE E8CS-SC Endovaginal Ultrasound Transducer (OEM New),Call for Quote,2.5 time exhange cost,Call for Quote,1.5 time exhange cost,Each,Each,New OEM Original,Y,1.000000,Same Day,,,,
GE L2-9VN-D,Avante Health Solutions,GE,GE L2-9VN-D Linear Volume Navigation Ultrasound Transducer,Call for Quote,2.5 time exhange cost,Call for Quote,1.5 time exhange cost,Each,Each,Refurbished,Y,1.000000,Same Day,,,,
GE L6-24-D-N,Avante Health Solutions,GE,GE L6-24-D Linear Array Transducer,Call for Quote,2.5 time exhange cost,Call for Quote,1.5 time exhange cost,Each,Each,New OEM Original,Y,2.000000,Same Day,,,,
GE 3SR,Avante Health Solutions,GE,GE 3SR Phased Array Ultrasound Transducer,Call for Quote,2.5 time exhange cost,Call for Quote,1.5 time exhange cost,Each,Each,Refurbished,Y,2.000000,Same Day,,,,
GE 3S-SC,Avante Health Solutions,GE,GE 3SC-SC Sector/Phased Array Ultrasound Transducer,Call for Quote,2.5 time exhange cost,Call for Quote,1.5 time exhange cost,Each,Each,Refurbished,Y,1.000000,Same Day,,,,
GE 3V-D,Avante Health Solutions,GE,GE 3V-D Volume Cardiac (4D) Ultrasound Transducer,Call for Quote,2.5 time exhange cost,Call for Quote,1.5 time exhange cost,Each,Each,Refurbished,Y,3.000000,Same Day,,,,
GE 4VC-D-N,Avante Health Solutions,GE,GE 4VC-D Ultrasound Transducer,Call for Quote,2.5 time exhange cost,Call for Quote,1.5 time exhange cost,Each,Each,New OEM Original,Y,4.000000,Same Day,,,,
GE 6TC,Avante Health Solutions,GE,"GE 6Tc, Transducer",Call for Quote,2.5 time exhange cost,Call for Quote,1.5 time exhange cost,Each,Each,Refurbished,Y,1.000000,Same Day,,,,
GE 8C-RS-V,Avante Health Solutions,GE,GE 8C-RS Convex Transducer (Lb/Le),Call for Quote,2.5 time exhange cost,Call for Quote,1.5 time exhange cost,Each,Each,Refurbished,Y,1.000000,Same Day,,,,
GE 8S,Avante Health Solutions,GE,GE 8S (5.0-10.0 MHz) Sector Ultrasound Transducer,Call for Quote,2.5 time exhange cost,Call for Quote,1.5 time exhange cost,Each,Each,Refurbished,Y,1.000000,Same Day,,,,
GE 9L-RS,Avante Health Solutions,GE,GE 9L-RS Linear Array Ultrasound Transducer,Call for Quote,2.5 time exhange cost,Call for Quote,1.5 time exhange cost,Each,Each,Refurbished,Y,5.000000,Same Day,,,,
GE AC2-5,Avante Health Solutions,GE,GE AC2-5,Call for Quote,2.5 time exhange cost,Call for Quote,1.5 time exhange cost,Each,Each,Refurbished,Y,1.000000,Same Day,,,,
GE L10-22-RS-N,Avante Health Solutions,GE,GE L10-22-RS Linear Ultrasound Transducer,Call for Quote,2.5 time exhange cost,Call for Quote,1.5 time exhange cost,Each,Each,New OEM Original,Y,2.000000,Same Day,,,,
GE M5SC-D,Avante Health Solutions,GE,GE M5Sc-D Ultrasound Transducer (VIVID E9),Call for Quote,2.5 time exhange cost,Call for Quote,1.5 time exhange cost,Each,Each,Refurbished,Y,2.000000,Same Day,,,,
5171709-5,Avante Health Solutions,GE,"LOGIQ P5, 4D Upgrade Kit (Includes Monitor Conroller Unit and Cables)",Call for Quote,2.5 time exhange cost,Call for Quote,1.5 time exhange cost,Each,Each,Refurbished,Y,2.000000,Same Day,,,,
5179267-3,Avante Health Solutions,GE,"GE Logiq P5, L1SYSCON BASE BOARD",Call for Quote,2.5 time exhange cost,Call for Quote,1.5 time exhange cost,Each,Each,Refurbished,Y,2.000000,Same Day,,,,
5182594,Avante Health Solutions,,Discovery MR 450-1.5T Split Head Coil,Call for Quote,2.5 time exhange cost,Call for Quote,1.5 time exhange cost,Each,Each,Refurbished,Y,1.000000,Same Day,,,,
5183504-2,Avante Health Solutions,,PIB PANTHER,Call for Quote,2.5 time exhange cost,Call for Quote,1.5 time exhange cost,Each,Each,Refurbished,Y,2.000000,Same Day,,,,
5183750,Avante Health Solutions,GE,"LCD Arm with cable, LOGIQ E9",Call for Quote,2.5 time exhange cost,Call for Quote,1.5 time exhange cost,Each,Each,Refurbished,Y,3.000000,Same Day,,,,
5189456,Avante Health Solutions,GE,Cable Asm - IPC Power,Call for Quote,2.5 time exhange cost,Call for Quote,1.5 time exhange cost,Each,Each,Refurbished,Y,1.000000,Same Day,,,,
5192989,Avante Health Solutions,GE,IMS Motor Assy. Collector,Call for Quote,2.5 time exhange cost,Call for Quote,1.5 time exhange cost,Each,Each,Refurbished,Y,1.000000,Same Day,,,,
5193967,Avante Health Solutions,GE,Cable - TGPU J5 to LAN Switch 1,Call for Quote,2.5 time exhange cost,Call for Quote,1.5 time exhange cost,Each,Each,Refurbished,Y,1.000000,Same Day,,,,
5194006-3,Avante Health Solutions,GE,DIFB for VCT Halo & HD_Colorado Detector,Call for Quote,2.5 time exhange cost,Call for Quote,1.5 time exhange cost,Each,Each,Refurbished,Y,88.000000,Same Day,,,,
5196401,Avante Health Solutions,GE,Halo and Saturn Detector Class 1 HDAS64,Call for Quote,2.5 time exhange cost,Call for Quote,1.5 time exhange cost,Each,Each,Refurbished,Y,16.000000,Same Day,,,,
5196503,Avante Health Solutions,GE,"LOGIQ 5, FECII ASSY",Call for Quote,2.5 time exhange cost,Call for Quote,1.5 time exhange cost,Each,Each,Refurbished,Y,1.000000,Same Day,,,,
5393800-2,Avante Health Solutions,GE,"Logiq/Vivid E9, BEP Power Supply",Call for Quote,2.5 time exhange cost,Call for Quote,1.5 time exhange cost,Each,Each,Refurbished,Y,1.000000,Same Day,,,,
5393908,Avante Health Solutions,GE,"LOGIQ E9, MRX PCB w/CW",Call for Quote,2.5 time exhange cost,Call for Quote,1.5 time exhange cost,Each,Each,Refurbished,Y,2.000000,Same Day,,,,
5393908-2,Avante Health Solutions,GE,"LOGIQ E9, MRX PCB non CW, R3.1.1 or later",Call for Quote,2.5 time exhange cost,Call for Quote,1.5 time exhange cost,Each,Each,Refurbished,Y,1.000000,Same Day,,,,
5393908-8,Avante Health Solutions,GE,"LOGIQ E9, MRX PCB non CW, R6 and later",Call for Quote,2.5 time exhange cost,Call for Quote,1.5 time exhange cost,Each,Each,Refurbished,Y,1.000000,Same Day,,,,
5393912-2,Avante Health Solutions,GE,"E9, Front Plane MRX",Call for Quote,2.5 time exhange cost,Call for Quote,1.5 time exhange cost,Each,Each,Refurbished,Y,9.000000,Same Day,,,,
5394406-2,Avante Health Solutions,GE,"LOGIQ E9, Fan Tray Assembly for R5 Systems",Call for Quote,2.5 time exhange cost,Call for Quote,1.5 time exhange cost,Each,Each,Refurbished,Y,5.000000,Same Day,,,,
5408840,Avante Health Solutions,GE,IQ Smart Box Refresh Edition,Call for Quote,2.5 time exhange cost,Call for Quote,1.5 time exhange cost,Each,Each,Refurbished,Y,3.000000,Same Day,,,,
5412236,Avante Health Solutions,GE,LD Processor 56800 V3 FRU,Call for Quote,2.5 time exhange cost,Call for Quote,1.5 time exhange cost,Each,Each,Refurbished,Y,1.000000,Same Day,,,,
5413249-2,Avante Health Solutions,GE,"LOGIQ S8, CPS Assy",Call for Quote,2.5 time exhange cost,Call for Quote,1.5 time exhange cost,Each,Each,Refurbished,Y,2.000000,Same Day,,,,
5418145,Avante Health Solutions,GE,"LOGIQ S8, LS8 Pencil CW HW Kit",Call for Quote,2.5 time exhange cost,Call for Quote,1.5 time exhange cost,Each,Each,Refurbished,Y,1.000000,Same Day,,,,
5422540-2,Avante Health Solutions,GE,"LOGIQ S7, Probe Interface Board",Call for Quote,2.5 time exhange cost,Call for Quote,1.5 time exhange cost,Each,Each,Refurbished,Y,2.000000,Same Day,,,,
5197846,Avante Health Solutions,GE,PC2IP3,Call for Quote,2.5 time exhange cost,Call for Quote,1.5 time exhange cost,Each,Each,Refurbished,Y,2.000000,Same Day,,,,
5201044-6,Avante Health Solutions,GE,"GE LOGIQ E9, TRANSMIT BOARD    GTX 2.5",Call for Quote,2.5 time exhange cost,Call for Quote,1.5 time exhange cost,Each,Each,Refurbished,Y,3.000000,Same Day,,,,
5205052-3,Avante Health Solutions,GE,Logiq E9 Main Power Supply,Call for Quote,2.5 time exhange cost,Call for Quote,1.5 time exhange cost,Each,Each,Refurbished,Y,2.000000,Same Day,,,,
5207000-29,Avante Health Solutions,GE,GE Joystick Encoder,Call for Quote,2.5 time exhange cost,Call for Quote,1.5 time exhange cost,Each,Each,Refurbished,Y,1.000000,Same Day,,,,
5207000-9,Avante Health Solutions,GE,"LOGIQ E9, Knob Kit, Slide Pot Kit",Call for Quote,2.5 time exhange cost,Call for Quote,1.5 time exhange cost,Each,Each,Refurbished,Y,1.000000,Same Day,,,,
5214948,Avante Health Solutions,GE,C-ARC END COVER WITH BUMPER,Call for Quote,2.5 time exhange cost,Call for Quote,1.5 time exhange cost,Each,Each,Refurbished,Y,6.000000,Same Day,,,,
5214960,Avante Health Solutions,GE,31CM LIFT BOTTOM COVER WITH BUMPER,Call for Quote,2.5 time exhange cost,Call for Quote,1.5 time exhange cost,Each,Each,Refurbished,Y,1.000000,Same Day,,,,
5229757,Avante Health Solutions,GE,LS1 Phase Monitoring Relay - DPA01DM48,Call for Quote,2.5 time exhange cost,Call for Quote,1.5 time exhange cost,Each,Each,Refurbished,Y,8.000000,Same Day,,,,
5246843,Avante Health Solutions,Siemens,"DMA Bd., Old Style",Call for Quote,2.5 time exhange cost,Call for Quote,1.5 time exhange cost,Each,Each,Refurbished,Y,1.000000,Same Day,,,,
5250104,Avante Health Solutions,GE,Diode Board XLT Patient Data Module Circuit Board,Call for Quote,2.5 time exhange cost,Call for Quote,1.5 time exhange cost,Each,Each,Refurbished,Y,4.000000,Same Day,,,,
5260810,Avante Health Solutions,SIEMENS,Siemens 5.0L40 Linear Transducer,Call for Quote,2.5 time exhange cost,Call for Quote,1.5 time exhange cost,Each,Each,Refurbished,Y,1.000000,Same Day,,,,
5433408-1,Avante Health Solutions,GE,I/O Board BEP6,Call for Quote,2.5 time exhange cost,Call for Quote,1.5 time exhange cost,Each,Each,Refurbished,Y,1.000000,Same Day,,,,
5435719,Avante Health Solutions,GE,"AC Adapter, Vivid I (R2422706) - USES 5120411-2 PWR CORD",Call for Quote,2.5 time exhange cost,Call for Quote,1.5 time exhange cost,Each,Each,Refurbished,Y,2.000000,Same Day,,,,
5440179-5,Avante Health Solutions,GE,XYZ Motor Controller for spring actuated brakes,Call for Quote,2.5 time exhange cost,Call for Quote,1.5 time exhange cost,Each,Each,Refurbished,Y,4.000000,Same Day,,,,
5449434,Avante Health Solutions,GE,Biplane TSSC CDRH Silver Edition,Call for Quote,2.5 time exhange cost,Call for Quote,1.5 time exhange cost,Each,Each,Refurbished,Y,2.000000,Same Day,,,,
5451284-2,Avante Health Solutions,GE,"LOGIQe, R6 Battery Pack",Call for Quote,2.5 time exhange cost,Call for Quote,1.5 time exhange cost,Each,Each,Refurbished,Y,2.000000,Same Day,,,,
5451500,Avante Health Solutions,GE,GE Isolation Cart Castor Kit,Call for Quote,2.5 time exhange cost,Call for Quote,1.5 time exhange cost,Each,Each,Refurbished,Y,2.000000,Same Day,,,,
5460229-S,Avante Health Solutions,GE,LogiqE Next Gen Power Adapter,Call for Quote,2.5 time exhange cost,Call for Quote,1.5 time exhange cost,Each,Each,Refurbished,Y,1.000000,Same Day,,,,
5481133,Avante Health Solutions,GE,DVD-RW Samsung T084M (Vivid I),Call for Quote,2.5 time exhange cost,Call for Quote,1.5 time exhange cost,Each,Each,Refurbished,Y,1.000000,Same Day,,,,
5488450,Avante Health Solutions,GE,LOGIQ e R6 Left Fan Assembly Kits,Call for Quote,2.5 time exhange cost,Call for Quote,1.5 time exhange cost,Each,Each,Refurbished,Y,1.000000,Same Day,,,,
5490091,Avante Health Solutions,GE,AUO V5 LCD FULL ASSEMBLY        REPLACEMENT KIT,Call for Quote,2.5 time exhange cost,Call for Quote,1.5 time exhange cost,Each,Each,Refurbished,Y,2.000000,Same Day,,,,
5497468,Avante Health Solutions,GE,"Voluson S8, RFS Assembly",Call for Quote,2.5 time exhange cost,Call for Quote,1.5 time exhange cost,Each,Each,Refurbished,Y,1.000000,Same Day,,,,
GE M5S-D,Avante Health Solutions,GE,GE M5S-D Ultrasound Transducer (VIVID E9),Call for Quote,2.5 time exhange cost,Call for Quote,1.5 time exhange cost,Each,Each,Refurbished,Y,3.000000,Same Day,,,,
GE RAB2-5L,Avante Health Solutions,GE,GE 2-5 MHz Volumetric Transducer,Call for Quote,2.5 time exhange cost,Call for Quote,1.5 time exhange cost,Each,Each,Refurbished,Y,1.000000,Same Day,,,,
GE RAB6-RS,Avante Health Solutions,GE,GE RAB6-RS (3D/4D) Ultrasound Transducer,Call for Quote,2.5 time exhange cost,Call for Quote,1.5 time exhange cost,Each,Each,Refurbished,Y,2.000000,Same Day,,,,
GE S1-5-D,Avante Health Solutions,GE,GE S1-5-D Broad Spectrum Sector Ultrasound Transducer,Call for Quote,2.5 time exhange cost,Call for Quote,1.5 time exhange cost,Each,Each,Refurbished,Y,19.000000,Same Day,,,,
GE.S1-5,Avante Health Solutions,GE,"GE S1-5 Abdominal, OB/GYN Transducer  (5269878)",Call for Quote,2.5 time exhange cost,Call for Quote,1.5 time exhange cost,Each,Each,Refurbished,Y,15.000000,Same Day,,,,
GRADIENT AMP LIFT,Avante Health Solutions,,Tool for lifting Gradient Amps,Call for Quote,2.5 time exhange cost,Call for Quote,1.5 time exhange cost,Each,Each,Refurbished,Y,1.000000,Same Day,,,,
HP DESKJET 1112 COMPACT P,Avante Health Solutions,MULTIPLE,HP DeskJet 1112,Call for Quote,2.5 time exhange cost,Call for Quote,1.5 time exhange cost,Each,Each,Refurbished,Y,1.000000,Same Day,,,,
HSL1079,Avante Health Solutions,,12V 9AH 36W SLA 250 High Rate Battery,Call for Quote,2.5 time exhange cost,Call for Quote,1.5 time exhange cost,Each,Each,Refurbished,Y,2.000000,Same Day,,,,
HUC101860CS4204,Avante Health Solutions,Siemens,"HGST Hitachi Ultrastar 600GB, 10K RPM, SAS 12Gbps 128MB Cache, 2.5"" Internal Hard Drive",Call for Quote,2.5 time exhange cost,Call for Quote,1.5 time exhange cost,Each,Each,Refurbished,Y,25.000000,Same Day,,,,
IU/IE UMB 7600,Avante Health Solutions,PHILIPS,IU/IE UMB ASSY (7600 Video Cards Installed) Any SW level,Call for Quote,2.5 time exhange cost,Call for Quote,1.5 time exhange cost,Each,Each,Refurbished,Y,1.000000,Same Day,,,,
KTD100272,Avante Health Solutions,GE,Touch Panel Display RTU3-6 Rafi Voluson E6_E8,Call for Quote,2.5 time exhange cost,Call for Quote,1.5 time exhange cost,Each,Each,Refurbished,Y,1.000000,Same Day,,,,
5515445,Avante Health Solutions,Siemens,1.5T Shoulder Coil Baseplate,Call for Quote,2.5 time exhange cost,Call for Quote,1.5 time exhange cost,Each,Each,Refurbished,Y,1.000000,Same Day,,,,
5516583,Avante Health Solutions,Siemens,Small Shoulder Array Coil (165mm),Call for Quote,2.5 time exhange cost,Call for Quote,1.5 time exhange cost,Each,Each,Refurbished,Y,1.000000,Same Day,,,,
5589004-3,Avante Health Solutions,GE,GE Logiq E10 ECB1,Call for Quote,2.5 time exhange cost,Call for Quote,1.5 time exhange cost,Each,Each,Refurbished,Y,1.000000,Same Day,,,,
5628577-S,Avante Health Solutions,,"AFU LCD Cover Kits, Logiq V2",Call for Quote,2.5 time exhange cost,Call for Quote,1.5 time exhange cost,Each,Each,Refurbished,Y,1.000000,Same Day,,,,
5716000-2,Avante Health Solutions,GE,LE10 ETX192 Frontplane PWA,Call for Quote,2.5 time exhange cost,Call for Quote,1.5 time exhange cost,Each,Each,Refurbished,Y,1.000000,Same Day,,,,
5717815-S-N,Avante Health Solutions,GE,Sage Track Pad Kit (GE VIVID IQ),Call for Quote,2.5 time exhange cost,Call for Quote,1.5 time exhange cost,Each,Each,New OEM Original,Y,1.000000,Same Day,,,,
5720850,Avante Health Solutions,GE,Basic Cart for Logiq V2 (V Cart),Call for Quote,2.5 time exhange cost,Call for Quote,1.5 time exhange cost,Each,Each,Refurbished,Y,6.000000,Same Day,,,,
5722184,Avante Health Solutions,GE,23INCH MONITOR ARM SPC310,Call for Quote,2.5 time exhange cost,Call for Quote,1.5 time exhange cost,Each,Each,Refurbished,Y,1.000000,Same Day,,,,
5725515,Avante Health Solutions,,Can-Service D16 Board,Call for Quote,2.5 time exhange cost,Call for Quote,1.5 time exhange cost,Each,Each,Refurbished,Y,1.000000,Same Day,,,,
5750877-2,Avante Health Solutions,,GE Vivid S70N AC Box Module,Call for Quote,2.5 time exhange cost,Call for Quote,1.5 time exhange cost,Each,Each,Refurbished,Y,2.000000,Same Day,,,,
5758936,Avante Health Solutions,GE,"Cover, UI Upper Assembly",Call for Quote,2.5 time exhange cost,Call for Quote,1.5 time exhange cost,Each,Each,Refurbished,Y,1.000000,Same Day,,,,
5763460,Avante Health Solutions,,USB 2 button scroll mouse,Call for Quote,2.5 time exhange cost,Call for Quote,1.5 time exhange cost,Each,Each,Refurbished,Y,1.000000,Same Day,,,,
GE M3S,Avante Health Solutions,GE,GE M3S (1.5-4 MHZ) Phased Array Ultrasound Transducer,Call for Quote,2.5 time exhange cost,Call for Quote,1.5 time exhange cost,Each,Each,Refurbished,Y,2.000000,Same Day,,,,
GE ML6-15-D,Avante Health Solutions,GE,GE ML6-15-D Ultrasound Transducer,Call for Quote,2.5 time exhange cost,Call for Quote,1.5 time exhange cost,Each,Each,Refurbished,Y,4.000000,Same Day,,,,
GE RAB6-D-N,Avante Health Solutions,GE,"VOLUSON E8, GE RAB6-D ULTRSOUND TRANSDUCER",Call for Quote,2.5 time exhange cost,Call for Quote,1.5 time exhange cost,Each,Each,New OEM Original,Y,4.000000,Same Day,,,,
GE RAB6-RS-N,Avante Health Solutions,GE,GE RAB6-RS 3D/4D Ultrasound Transducer,Call for Quote,2.5 time exhange cost,Call for Quote,1.5 time exhange cost,Each,Each,New OEM Original,Y,1.000000,Same Day,,,,
GE RIC5-9W-RS,Avante Health Solutions,GE,GE RIC5-9W-RS Ultrasound Transducer,Call for Quote,2.5 time exhange cost,Call for Quote,1.5 time exhange cost,Each,Each,Refurbished,Y,2.000000,Same Day,,,,
GE RNA5-9,Avante Health Solutions,GE,Micro-Convex 4D Probe (V730),Call for Quote,2.5 time exhange cost,Call for Quote,1.5 time exhange cost,Each,Each,Refurbished,Y,1.000000,Same Day,,,,
GOC6.6,Avante Health Solutions,GE,Complete GOC6.6 Console,Call for Quote,2.5 time exhange cost,Call for Quote,1.5 time exhange cost,Each,Each,Refurbished,Y,1.000000,Same Day,,,,
GPM14012T,Avante Health Solutions,Philips,Switching 12V Power Supply,Call for Quote,2.5 time exhange cost,Call for Quote,1.5 time exhange cost,Each,Each,Refurbished,Y,2.000000,Same Day,,,,
GPM140-12-T,Avante Health Solutions,Philips,Power Supply Assy,Call for Quote,2.5 time exhange cost,Call for Quote,1.5 time exhange cost,Each,Each,Refurbished,Y,4.000000,Same Day,,,,
H46022MT,Avante Health Solutions,GE,MTZ 6.5 MHz Intercavity Transducer (LOGIQa200) GE Part# P9603AU,Call for Quote,2.5 time exhange cost,Call for Quote,1.5 time exhange cost,Each,Each,Refurbished,Y,1.000000,Same Day,,,,
HP2-6460P,Avante Health Solutions,Siemens,EMACS HP2-6460P 460W Computer Power Supply,Call for Quote,2.5 time exhange cost,Call for Quote,1.5 time exhange cost,Each,Each,Refurbished,Y,1.000000,Same Day,,,,
5261237,Avante Health Solutions,GE,"VIVID 7, LCD MONITOR ASSY",Call for Quote,2.5 time exhange cost,Call for Quote,1.5 time exhange cost,Each,Each,Refurbished,Y,1.000000,Same Day,,,,
526230004,Avante Health Solutions,Siemens,Reciever,Call for Quote,2.5 time exhange cost,Call for Quote,1.5 time exhange cost,Each,Each,Refurbished,Y,1.000000,Same Day,,,,
526260002,Avante Health Solutions,,TRANSMITTER,Call for Quote,2.5 time exhange cost,Call for Quote,1.5 time exhange cost,Each,Each,Refurbished,Y,2.000000,Same Day,,,,
5264954,Avante Health Solutions,GE,"Switch, Ethernet 8-port Gbe",Call for Quote,2.5 time exhange cost,Call for Quote,1.5 time exhange cost,Each,Each,Refurbished,Y,2.000000,Same Day,,,,
5265207,Avante Health Solutions,GE,HARMONY BACKPLANE,Call for Quote,2.5 time exhange cost,Call for Quote,1.5 time exhange cost,Each,Each,Refurbished,Y,1.000000,Same Day,,,,
5265804,Avante Health Solutions,GE,"Cable asm - Network Switch Power, Kitty Hawk",Call for Quote,2.5 time exhange cost,Call for Quote,1.5 time exhange cost,Each,Each,Refurbished,Y,1.000000,Same Day,,,,
5266222,Avante Health Solutions,GE,ICOM Console Intercom Prescribed Tilt Hub,Call for Quote,2.5 time exhange cost,Call for Quote,1.5 time exhange cost,Each,Each,Refurbished,Y,3.000000,Same Day,,,,
5269993-2,Avante Health Solutions,GE,Regulation interconnect,Call for Quote,2.5 time exhange cost,Call for Quote,1.5 time exhange cost,Each,Each,Refurbished,Y,1.000000,Same Day,,,,
5271812,Avante Health Solutions,GE,Power Brush Tip Kit 5 Pieces,Call for Quote,2.5 time exhange cost,Call for Quote,1.5 time exhange cost,Each,Each,Refurbished,Y,1.000000,Same Day,,,,
5301040-5,Avante Health Solutions,GE,"DRX-5 (Digital Receiver Board), E9",Call for Quote,2.5 time exhange cost,Call for Quote,1.5 time exhange cost,Each,Each,Refurbished,Y,11.000000,Same Day,,,,
5301212-2,Avante Health Solutions,GE,"LOGIQ E9, Power Distribution Panel - MRX",Call for Quote,2.5 time exhange cost,Call for Quote,1.5 time exhange cost,Each,Each,Refurbished,Y,26.000000,Same Day,,,,
5314448-2,Avante Health Solutions,GE,Cradle Driver Cable,Call for Quote,2.5 time exhange cost,Call for Quote,1.5 time exhange cost,Each,Each,Refurbished,Y,1.000000,Same Day,,,,
5771402,Avante Health Solutions,Siemens,Table Tilt Assy.,Call for Quote,2.5 time exhange cost,Call for Quote,1.5 time exhange cost,Each,Each,Refurbished,Y,1.000000,Same Day,,,,
5855006-2,Avante Health Solutions,GE,Gantry Intercom BD,Call for Quote,2.5 time exhange cost,Call for Quote,1.5 time exhange cost,Each,Each,Refurbished,Y,3.000000,Same Day,,,,
5915827,Avante Health Solutions,Siemens,BUS TERMINATOR AXIOM,Call for Quote,2.5 time exhange cost,Call for Quote,1.5 time exhange cost,Each,Each,Refurbished,Y,1.000000,Same Day,,,,
"60""MONITORPROTECTOR",Avante Health Solutions,,"60"" MONITOR PROTECTOR",Call for Quote,2.5 time exhange cost,Call for Quote,1.5 time exhange cost,Each,Each,Refurbished,Y,1.000000,Same Day,,,,
610-842,Avante Health Solutions,MULTIPLE,Sterile Endocavity Needle Guide - Box of 24,Call for Quote,2.5 time exhange cost,Call for Quote,1.5 time exhange cost,Each,Each,Refurbished,Y,1.000000,Same Day,,,,
61744083,Avante Health Solutions,,PX4800,Call for Quote,2.5 time exhange cost,Call for Quote,1.5 time exhange cost,Each,Each,Refurbished,Y,1.000000,Same Day,,,,
6209000-1,Avante Health Solutions,GE,Logiq E10 Upper Touch Panel Assembly,Call for Quote,2.5 time exhange cost,Call for Quote,1.5 time exhange cost,Each,Each,Refurbished,Y,9.000000,Same Day,,,,
6209000-2,Avante Health Solutions,GE,Logiq E10 Upper Touch Panel Assembly,Call for Quote,2.5 time exhange cost,Call for Quote,1.5 time exhange cost,Each,Each,Refurbished,Y,2.000000,Same Day,,,,
6306402-3 CLASS 3,Avante Health Solutions,GE,Colorado Class 3 Module HDAS_HD slots 2-20 / 37-56,Call for Quote,2.5 time exhange cost,Call for Quote,1.5 time exhange cost,Each,Each,Refurbished,Y,176.000000,Same Day,,,,
6324556-2,Avante Health Solutions,GE,Type 6 COM Express with 8G Memory,Call for Quote,2.5 time exhange cost,Call for Quote,1.5 time exhange cost,Each,Each,Refurbished,Y,1.000000,Same Day,,,,
6371196-2,Avante Health Solutions,GE,"GE LOGIQ S7 Expert, GFS ASSY, MIDPROCESSOR WO SOM",Call for Quote,2.5 time exhange cost,Call for Quote,1.5 time exhange cost,Each,Each,Refurbished,Y,1.000000,Same Day,,,,
5321216-4,Avante Health Solutions,GE,GE Logiq E10 ETX128 PCB,Call for Quote,2.5 time exhange cost,Call for Quote,1.5 time exhange cost,Each,Each,Refurbished,Y,6.000000,Same Day,,,,
5337049-3,Avante Health Solutions,GE,Logiq E9 Right Cover with black logo,Call for Quote,2.5 time exhange cost,Call for Quote,1.5 time exhange cost,Each,Each,Refurbished,Y,1.000000,Same Day,,,,
5340738,Avante Health Solutions,GE,Gantry Top Cover Fan AC115V 50-60Hz,Call for Quote,2.5 time exhange cost,Call for Quote,1.5 time exhange cost,Each,Each,Refurbished,Y,1.000000,Same Day,,,,
5341631,Avante Health Solutions,GE,LOGIQ E9 Trackball Assy,Call for Quote,2.5 time exhange cost,Call for Quote,1.5 time exhange cost,Each,Each,Refurbished,Y,3.000000,Same Day,,,,
5344419,Avante Health Solutions,GE,"Cable - 440VAC, Gantry Bulkhead to Axial Drive TS",Call for Quote,2.5 time exhange cost,Call for Quote,1.5 time exhange cost,Each,Each,Refurbished,Y,1.000000,Same Day,,,,
5351829,Avante Health Solutions,GE,"Power Supply Assy, 24vdc 50w",Call for Quote,2.5 time exhange cost,Call for Quote,1.5 time exhange cost,Each,Each,Refurbished,Y,1.000000,Same Day,,,,
5364098,Avante Health Solutions,GE,"Voluson S6/S8, RFS Assy - Must buy from GE or AMI to be able to get codes generated",Call for Quote,2.5 time exhange cost,Call for Quote,1.5 time exhange cost,Each,Each,Refurbished,Y,1.000000,Same Day,,,,
5391509,Avante Health Solutions,GE,BEP6 TO GFI AND CARDRACK BACKPLANE CABLE,Call for Quote,2.5 time exhange cost,Call for Quote,1.5 time exhange cost,Each,Each,Refurbished,Y,1.000000,Same Day,,,,
5393439-21-N,Avante Health Solutions,GE,"TRACKBALL, removable style, LOGIQ E10, improved cup, polyester ball NEW",Call for Quote,2.5 time exhange cost,Call for Quote,1.5 time exhange cost,Each,Each,New OEM Original,Y,4.000000,Same Day,,,,
5393908-6,Avante Health Solutions,GE,"LOGIQ E9, MRX PCB non CW, R4 and Later",Call for Quote,2.5 time exhange cost,Call for Quote,1.5 time exhange cost,Each,Each,Refurbished,Y,4.000000,Same Day,,,,
5393913,Avante Health Solutions,GE,"E9, Front Plane MRX",Call for Quote,2.5 time exhange cost,Call for Quote,1.5 time exhange cost,Each,Each,Refurbished,Y,13.000000,Same Day,,,,
GE PA6-8,Avante Health Solutions,GE,GE PA6-8,Call for Quote,2.5 time exhange cost,Call for Quote,1.5 time exhange cost,Each,Each,Refurbished,Y,2.000000,Same Day,,,,
GE RAB4-8P,Avante Health Solutions,GE,GE RAB4-8P (4-8 MHZ) 4D Volumetric Ultrasound Transducer,Call for Quote,2.5 time exhange cost,Call for Quote,1.5 time exhange cost,Each,Each,Refurbished,Y,1.000000,Same Day,,,,
GE RAB6-D,Avante Health Solutions,GE,GE RAB6-D ULTRSOUND TRANSDUCER,Call for Quote,2.5 time exhange cost,Call for Quote,1.5 time exhange cost,Each,Each,Refurbished,Y,3.000000,Same Day,,,,
GE RIC5-9-D,Avante Health Solutions,GE,GE RIC5-9-D Endocavity Ultrasound Transducer,Call for Quote,2.5 time exhange cost,Call for Quote,1.5 time exhange cost,Each,Each,Refurbished,Y,1.000000,Same Day,,,,
GE.10L,Avante Health Solutions,GE,GE 10L 4.0-10.0 Mhz Linear Transducer(L7/9),Call for Quote,2.5 time exhange cost,Call for Quote,1.5 time exhange cost,Each,Each,Refurbished,Y,4.000000,Same Day,,,,
GE.M12L,Avante Health Solutions,GE,GE M12L 5.0-13.0 Mhz Linear X'dcr(L7/L9),Call for Quote,2.5 time exhange cost,Call for Quote,1.5 time exhange cost,Each,Each,Refurbished,Y,1.000000,Same Day,,,,
GSTGST2148DB036063,Avante Health Solutions,PHILIPS,Netgear 16 port 10/100/1000 Mbps Switch,Call for Quote,2.5 time exhange cost,Call for Quote,1.5 time exhange cost,Each,Each,Refurbished,Y,1.000000,Same Day,,,,
H2125P01,Avante Health Solutions,GE,HV Cable Tips,Call for Quote,2.5 time exhange cost,Call for Quote,1.5 time exhange cost,Each,Each,Refurbished,Y,30.000000,Same Day,,,,
HSL1080-N,Avante Health Solutions,Siemens,Battery - High Rate Flame Retardant 12V 9Ah 36W per Cell / 15 Min,Call for Quote,2.5 time exhange cost,Call for Quote,1.5 time exhange cost,Each,Each,New OEM Original,Y,4.000000,Same Day,,,,
IE33 CPUI-DEFGR,Avante Health Solutions,PHILIPS,IE33 CPUI ASSEMBLY (D/E/F/G/R CARTS),Call for Quote,2.5 time exhange cost,Call for Quote,1.5 time exhange cost,Each,Each,Refurbished,Y,7.000000,Same Day,,,,
IU/IE HOST ABC,Avante Health Solutions,PHILIPS,IU/IE HOST ASSY - ABC CARTS (CUSTOM BUILD),Call for Quote,2.5 time exhange cost,Call for Quote,1.5 time exhange cost,Each,Each,Refurbished,Y,2.000000,Same Day,,,,
KTI303149-5,Avante Health Solutions,GE,"GE GEB1100 Main Computer VE6, 8, 10-BT20",Call for Quote,2.5 time exhange cost,Call for Quote,1.5 time exhange cost,Each,Each,Refurbished,Y,1.000000,Same Day,,,,
KTZ154679,Avante Health Solutions,GE,Fan for GEF-Box (Single); Voluson 730,Call for Quote,2.5 time exhange cost,Call for Quote,1.5 time exhange cost,Each,Each,Refurbished,Y,1.000000,Same Day,,,,
KTZ154741,Avante Health Solutions,GE,GPF1 Fan Assy VividQ,Call for Quote,2.5 time exhange cost,Call for Quote,1.5 time exhange cost,Each,Each,Refurbished,Y,3.000000,Same Day,,,,
KTZ154748,Avante Health Solutions,GE,Fan for GEB-PC-box - BackEnd (2 fan) for Voluson 730,Call for Quote,2.5 time exhange cost,Call for Quote,1.5 time exhange cost,Each,Each,Refurbished,Y,1.000000,Same Day,,,,
KTZ196256,Avante Health Solutions,GE,GE Voluson E8 RTV Board,Call for Quote,2.5 time exhange cost,Call for Quote,1.5 time exhange cost,Each,Each,Refurbished,Y,2.000000,Same Day,,,,
KTZ207109,Avante Health Solutions,GE,OP Controler,Call for Quote,2.5 time exhange cost,Call for Quote,1.5 time exhange cost,Each,Each,Refurbished,Y,2.000000,Same Day,,,,
KTZ207257,Avante Health Solutions,GE,Voluson E8 CD disk drive,Call for Quote,2.5 time exhange cost,Call for Quote,1.5 time exhange cost,Each,Each,Refurbished,Y,1.000000,Same Day,,,,
KTZ220898,Avante Health Solutions,GE,Voluson E8 disk drive,Call for Quote,2.5 time exhange cost,Call for Quote,1.5 time exhange cost,Each,Each,Refurbished,Y,1.000000,Same Day,,,,
KTZ280090,Avante Health Solutions,GE,"VOLUSON E8, Beamformer Module w/o Sub-boards, GBF80",Call for Quote,2.5 time exhange cost,Call for Quote,1.5 time exhange cost,Each,Each,Refurbished,Y,2.000000,Same Day,,,,
KTZ280229,Avante Health Solutions,GE,Voluson E8 TrackBall Kit,Call for Quote,2.5 time exhange cost,Call for Quote,1.5 time exhange cost,Each,Each,Refurbished,Y,1.000000,Same Day,,,,
KTZ300387,Avante Health Solutions,GE,GE RTK20.P5 Motherboard Assy,Call for Quote,2.5 time exhange cost,Call for Quote,1.5 time exhange cost,Each,Each,Refurbished,Y,2.000000,Same Day,,,,
6400000-10,Avante Health Solutions,GE,Z800 NIOHD 64 Computer,Call for Quote,2.5 time exhange cost,Call for Quote,1.5 time exhange cost,Each,Each,Refurbished,Y,1.000000,Same Day,,,,
6606847,Avante Health Solutions,Siemens,D50,Call for Quote,2.5 time exhange cost,Call for Quote,1.5 time exhange cost,Each,Each,Refurbished,Y,2.000000,Same Day,,,,
6GF6210-2EM01,Avante Health Solutions,Siemens,Siemens Monitor,Call for Quote,2.5 time exhange cost,Call for Quote,1.5 time exhange cost,Each,Each,Refurbished,Y,2.000000,Same Day,,,,
7034270,Avante Health Solutions,Siemens,Sp. Part Horizontal Drive Table Top,Call for Quote,2.5 time exhange cost,Call for Quote,1.5 time exhange cost,Each,Each,Refurbished,Y,2.000000,Same Day,,,,
7109171,Avante Health Solutions,Siemens,W384 CABLE W/ MIC,Call for Quote,2.5 time exhange cost,Call for Quote,1.5 time exhange cost,Each,Each,Refurbished,Y,1.000000,Same Day,,,,
7274298,Avante Health Solutions,SIEMENS,DMS Power Supply application 1,Call for Quote,2.5 time exhange cost,Call for Quote,1.5 time exhange cost,Each,Each,Refurbished,Y,2.000000,Same Day,,,,
7324557-10,Avante Health Solutions,GE,"COM Express MODULE,Type6,i5-6440EQ, 8G Memory, Heatsink with FAN",Call for Quote,2.5 time exhange cost,Call for Quote,1.5 time exhange cost,Each,Each,Refurbished,Y,1.000000,Same Day,,,,
7324559,Avante Health Solutions,GE,SPC330 i3 Skylake 6100E with 8Gbyte RAM,Call for Quote,2.5 time exhange cost,Call for Quote,1.5 time exhange cost,Each,Each,Refurbished,Y,6.000000,Same Day,,,,
7325330,Avante Health Solutions,Siemens,PCA COMM DMA INTERFACE (COM1) BSR,Call for Quote,2.5 time exhange cost,Call for Quote,1.5 time exhange cost,Each,Each,Refurbished,Y,1.000000,Same Day,,,,
7393338,Avante Health Solutions,Siemens,Siemens Water Cabinet Cooling System W-W,Call for Quote,2.5 time exhange cost,Call for Quote,1.5 time exhange cost,Each,Each,Refurbished,Y,1.000000,Same Day,,,,
7396091,Avante Health Solutions,Siemens,Balancing Weight Kit,Call for Quote,2.5 time exhange cost,Call for Quote,1.5 time exhange cost,Each,Each,Refurbished,Y,1.000000,Same Day,,,,
7396315,Avante Health Solutions,Siemens,D510 Board / C-box,Call for Quote,2.5 time exhange cost,Call for Quote,1.5 time exhange cost,Each,Each,Refurbished,Y,1.000000,Same Day,,,,
5394406,Avante Health Solutions,GE,"LOGIQ E9, Fan Tray Assembly (not compatible with 5394406-2)",Call for Quote,2.5 time exhange cost,Call for Quote,1.5 time exhange cost,Each,Each,Refurbished,Y,8.000000,Same Day,,,,
5399194,Avante Health Solutions,GE,Logiq P5 BT11 Sub Keyboard Assy,Call for Quote,2.5 time exhange cost,Call for Quote,1.5 time exhange cost,Each,Each,Refurbished,Y,1.000000,Same Day,,,,
5400392,Avante Health Solutions,GE,Swivel Lock Caster Logiq S8,Call for Quote,2.5 time exhange cost,Call for Quote,1.5 time exhange cost,Each,Each,Refurbished,Y,1.000000,Same Day,,,,
5407237-6,Avante Health Solutions,GE,PPC KV Control,Call for Quote,2.5 time exhange cost,Call for Quote,1.5 time exhange cost,Each,Each,Refurbished,Y,1.000000,Same Day,,,,
5407372-6,Avante Health Solutions,GE,TX PCB (Vivid S70),Call for Quote,2.5 time exhange cost,Call for Quote,1.5 time exhange cost,Each,Each,Refurbished,Y,4.000000,Same Day,,,,
5408076,Avante Health Solutions,GE,Voluson S6/S8 DUMMY COVER,Call for Quote,2.5 time exhange cost,Call for Quote,1.5 time exhange cost,Each,Each,Refurbished,Y,1.000000,Same Day,,,,
5419296,Avante Health Solutions,GE,Le BT12 KBD Cover Assy,Call for Quote,2.5 time exhange cost,Call for Quote,1.5 time exhange cost,Each,Each,Refurbished,Y,1.000000,Same Day,,,,
5431800,Avante Health Solutions,GE,Le BT12 Trackball Assy,Call for Quote,2.5 time exhange cost,Call for Quote,1.5 time exhange cost,Each,Each,Refurbished,Y,2.000000,Same Day,,,,
5433408-12,Avante Health Solutions,GE,GE Logiq E9 Side I/O Board,Call for Quote,2.5 time exhange cost,Call for Quote,1.5 time exhange cost,Each,Each,Refurbished,Y,1.000000,Same Day,,,,
5437484-3,Avante Health Solutions,GE,GE Voluson P8 VP8P6 Lower OPIO Assembly with English AN Keyboard BT16,Call for Quote,2.5 time exhange cost,Call for Quote,1.5 time exhange cost,Each,Each,Refurbished,Y,2.000000,Same Day,,,,
5439139,Avante Health Solutions,GE,OPIO Upper Plastic Cover,Call for Quote,2.5 time exhange cost,Call for Quote,1.5 time exhange cost,Each,Each,Refurbished,Y,1.000000,Same Day,,,,
KTZ301522,Avante Health Solutions,GE,"Volusoni LCD Display 15""",Call for Quote,2.5 time exhange cost,Call for Quote,1.5 time exhange cost,Each,Each,Refurbished,Y,1.000000,Same Day,,,,
KTZ301983,Avante Health Solutions,GE,VOLUSON E8 - Receiver Board,Call for Quote,2.5 time exhange cost,Call for Quote,1.5 time exhange cost,Each,Each,Refurbished,Y,17.000000,Same Day,,,,
KTZ302039,Avante Health Solutions,GE,"VOLUSONi, GPC10 - Back End (PC) Assy",Call for Quote,2.5 time exhange cost,Call for Quote,1.5 time exhange cost,Each,Each,Refurbished,Y,1.000000,Same Day,,,,
LATERAL BRAKE RAIL AD7,Avante Health Solutions,Philips,Lateral Brake Rail AD7,Call for Quote,2.5 time exhange cost,Call for Quote,1.5 time exhange cost,Each,Each,Refurbished,Y,1.000000,Same Day,,,,
LCD1980SXI,Avante Health Solutions,NEC,"NEC 19"" COLOR MONITOR",Call for Quote,2.5 time exhange cost,Call for Quote,1.5 time exhange cost,Each,Each,Refurbished,Y,3.000000,Same Day,,,,
LCD1990SXIBK,Avante Health Solutions,NEC,"Multisync Monitor 19""",Call for Quote,2.5 time exhange cost,Call for Quote,1.5 time exhange cost,Each,Each,Refurbished,Y,1.000000,Same Day,,,,
LCD19V,Avante Health Solutions,Siemens,"NEC LCD MONITOR 19"" LCD 19V SN: 84M05059NA",Call for Quote,2.5 time exhange cost,Call for Quote,1.5 time exhange cost,Each,Each,Refurbished,Y,1.000000,Same Day,,,,
LCD2090UXI,Avante Health Solutions,Siemens,"NEC LCD MONITOR 20"" MULTISYNC",Call for Quote,2.5 time exhange cost,Call for Quote,1.5 time exhange cost,Each,Each,Refurbished,Y,1.000000,Same Day,,,,
M2540-60060,Avante Health Solutions,PHILIPS,Philips Envisor BPAP,Call for Quote,2.5 time exhange cost,Call for Quote,1.5 time exhange cost,Each,Each,Refurbished,Y,1.000000,Same Day,,,,
MEDISON C3-7EN,Avante Health Solutions,MEDISON,Medison C3-7EN Transducer,Call for Quote,2.5 time exhange cost,Call for Quote,1.5 time exhange cost,Each,Each,Refurbished,Y,1.000000,Same Day,,,,
MEDISON L4-7EL,Avante Health Solutions,MEDISON,Medison L4-7EL,Call for Quote,2.5 time exhange cost,Call for Quote,1.5 time exhange cost,Each,Each,Refurbished,Y,1.000000,Same Day,,,,
MI96-01427A,Avante Health Solutions,SAMSUNG,"ASSY TOUCH PANEL-WR;WS80A,10.1,change pa",Call for Quote,2.5 time exhange cost,Call for Quote,1.5 time exhange cost,Each,Each,Refurbished,Y,1.000000,Same Day,,,,
IU/IE UMB 8600,Avante Health Solutions,PHILIPS,IU/IE UMB ASSY (8600 Video Cards Installed) 5.X Higher,Call for Quote,2.5 time exhange cost,Call for Quote,1.5 time exhange cost,Each,Each,Refurbished,Y,3.000000,Same Day,,,,
IU/IE UMB 9800,Avante Health Solutions,PHILIPS,IU/IE UMB ASSY (9800 Video Cards Installed) 6.x and higher,Call for Quote,2.5 time exhange cost,Call for Quote,1.5 time exhange cost,Each,Each,Refurbished,Y,2.000000,Same Day,,,,
K9300210,Avante Health Solutions,Philips,BARCO 18in LCD DISPLAYMN: MFCD 1218,Call for Quote,2.5 time exhange cost,Call for Quote,1.5 time exhange cost,Each,Each,Refurbished,Y,2.000000,Same Day,,,,
KTZ134643,Avante Health Solutions,GE,TOP-COVER VE8,Call for Quote,2.5 time exhange cost,Call for Quote,1.5 time exhange cost,Each,Each,Refurbished,Y,6.000000,Same Day,,,,
KTZ134657,Avante Health Solutions,GE,Probe Holder for Endocavity Probes,Call for Quote,2.5 time exhange cost,Call for Quote,1.5 time exhange cost,Each,Each,Refurbished,Y,1.000000,Same Day,,,,
KTZ154673,Avante Health Solutions,GE,GEM3-3a MO Drive and CD-RW Drive,Call for Quote,2.5 time exhange cost,Call for Quote,1.5 time exhange cost,Each,Each,Refurbished,Y,1.000000,Same Day,,,,
KTZ154812,Avante Health Solutions,GE,"GE Voluson E8, 19"" Color LCD",Call for Quote,2.5 time exhange cost,Call for Quote,1.5 time exhange cost,Each,Each,Refurbished,Y,1.000000,Same Day,,,,
KTZ154814,Avante Health Solutions,GE,Voluson E8 BEP BT08,Call for Quote,2.5 time exhange cost,Call for Quote,1.5 time exhange cost,Each,Each,Refurbished,Y,1.000000,Same Day,,,,
KTZ196212,Avante Health Solutions,GE,"VOLUSONi, RF Board",Call for Quote,2.5 time exhange cost,Call for Quote,1.5 time exhange cost,Each,Each,Refurbished,Y,2.000000,Same Day,,,,
KTZ196221,Avante Health Solutions,GE,"Voluson E8, Beamformer Assy",Call for Quote,2.5 time exhange cost,Call for Quote,1.5 time exhange cost,Each,Each,Refurbished,Y,1.000000,Same Day,,,,
KTZ207034,Avante Health Solutions,GE,"GE, Video Manager PCB",Call for Quote,2.5 time exhange cost,Call for Quote,1.5 time exhange cost,Each,Each,Refurbished,Y,1.000000,Same Day,,,,
7396414,Avante Health Solutions,Siemens,Brake Assy E322,Call for Quote,2.5 time exhange cost,Call for Quote,1.5 time exhange cost,Each,Each,Refurbished,Y,2.000000,Same Day,,,,
7396653,Avante Health Solutions,Siemens,CCR Combination Phantom,Call for Quote,2.5 time exhange cost,Call for Quote,1.5 time exhange cost,Each,Each,Refurbished,Y,1.000000,Same Day,,,,
742-306,Avante Health Solutions,MULTIPLE,Sterile Endocavity Needle Guide (Box of 24),Call for Quote,2.5 time exhange cost,Call for Quote,1.5 time exhange cost,Each,Each,Refurbished,Y,1.000000,Same Day,,,,
7455533,Avante Health Solutions,Siemens,Patient Table Foot Switch CPL,Call for Quote,2.5 time exhange cost,Call for Quote,1.5 time exhange cost,Each,Each,Refurbished,Y,1.000000,Same Day,,,,
7500-0843,Avante Health Solutions,PHILIPS,"ATL, Disk Drive PCB",Call for Quote,2.5 time exhange cost,Call for Quote,1.5 time exhange cost,Each,Each,Refurbished,Y,1.000000,Same Day,,,,
7500-1316,Avante Health Solutions,PHILIPS,"ATL, PIM (HDI 5000)",Call for Quote,2.5 time exhange cost,Call for Quote,1.5 time exhange cost,Each,Each,Refurbished,Y,2.000000,Same Day,,,,
7500-1398,Avante Health Solutions,PHILIPS,ATL PERIPHERAL INTERFACE,Call for Quote,2.5 time exhange cost,Call for Quote,1.5 time exhange cost,Each,Each,Refurbished,Y,2.000000,Same Day,,,,
7500-1952,Avante Health Solutions,PHILIPS,Signal Processing Module (ATL 5000),Call for Quote,2.5 time exhange cost,Call for Quote,1.5 time exhange cost,Each,Each,Refurbished,Y,1.000000,Same Day,,,,
7500-2085-02,Avante Health Solutions,PHILIPS,IU/IE Power Distibution (A Cart),Call for Quote,2.5 time exhange cost,Call for Quote,1.5 time exhange cost,Each,Each,Refurbished,Y,2.000000,Same Day,,,,
7555308,Avante Health Solutions,Siemens,PX4800 Detector,Call for Quote,2.5 time exhange cost,Call for Quote,1.5 time exhange cost,Each,Each,Refurbished,Y,1.000000,Same Day,,,,
7562593,Avante Health Solutions,Siemens,D451 Board,Call for Quote,2.5 time exhange cost,Call for Quote,1.5 time exhange cost,Each,Each,Refurbished,Y,1.000000,Same Day,,,,
7581932,Avante Health Solutions,Siemens,Socket Group 1.5T-2,Call for Quote,2.5 time exhange cost,Call for Quote,1.5 time exhange cost,Each,Each,Refurbished,Y,1.000000,Same Day,,,,
IC59D.CABLE,Avante Health Solutions,GE,GE IC5-9D Cables,Call for Quote,2.5 time exhange cost,Call for Quote,1.5 time exhange cost,Each,Each,Refurbished,Y,2.000000,Same Day,,,,
IP30 195 4X64,Avante Health Solutions,GE / SGI,030-0887-005 IP30 SysteBoard / 030-0888-00x 195MHz processor module / 4x64MB third party DIMMs,Call for Quote,2.5 time exhange cost,Call for Quote,1.5 time exhange cost,Each,Each,Refurbished,Y,1.000000,Same Day,,,,
IU22 OVERLAY,Avante Health Solutions,PHILIPS,"Overlay, Control Panel, English (IU22)",Call for Quote,2.5 time exhange cost,Call for Quote,1.5 time exhange cost,Each,Each,Refurbished,Y,1.000000,Same Day,,,,
JWS50-5/A,Avante Health Solutions,GE,Enclosed AC/DC Power Supply,Call for Quote,2.5 time exhange cost,Call for Quote,1.5 time exhange cost,Each,Each,Refurbished,Y,1.000000,Same Day,,,,
KTZ134633,Avante Health Solutions,GE,VE8 Footreset,Call for Quote,2.5 time exhange cost,Call for Quote,1.5 time exhange cost,Each,Each,Refurbished,Y,3.000000,Same Day,,,,
KTZ134696,Avante Health Solutions,GE,Voluson Cover VE8,Call for Quote,2.5 time exhange cost,Call for Quote,1.5 time exhange cost,Each,Each,Refurbished,Y,1.000000,Same Day,,,,
KTZ154730,Avante Health Solutions,GE,"V730, GEU70 User Interface",Call for Quote,2.5 time exhange cost,Call for Quote,1.5 time exhange cost,Each,Each,Refurbished,Y,1.000000,Same Day,,,,
KTZ196001,Avante Health Solutions,GE,GEM 21-21B DVD+(R)W,Call for Quote,2.5 time exhange cost,Call for Quote,1.5 time exhange cost,Each,Each,Refurbished,Y,1.000000,Same Day,,,,
KTZ196208,Avante Health Solutions,GE,"VOLUSON E8, Video Management Board, RTV2a.P2",Call for Quote,2.5 time exhange cost,Call for Quote,1.5 time exhange cost,Each,Each,Refurbished,Y,5.000000,Same Day,,,,
KTZ196269,Avante Health Solutions,GE,Wireless Network Adapter GE Voluson SW 7.1.4 & 8.2.0 rev.b & higher is required),Call for Quote,2.5 time exhange cost,Call for Quote,1.5 time exhange cost,Each,Each,Refurbished,Y,1.000000,Same Day,,,,
KTZ220388,Avante Health Solutions,GE,CA-NET NETZKABEL EUROPA F3G by GE,Call for Quote,2.5 time exhange cost,Call for Quote,1.5 time exhange cost,Each,Each,Refurbished,Y,2.000000,Same Day,,,,
KTZ207274,Avante Health Solutions,GE,CPP81-82.P3 Power Supply Board,Call for Quote,2.5 time exhange cost,Call for Quote,1.5 time exhange cost,Each,Each,Refurbished,Y,2.000000,Same Day,,,,
KTZ208498,Avante Health Solutions,GE,CPP90a.P2 power supply board,Call for Quote,2.5 time exhange cost,Call for Quote,1.5 time exhange cost,Each,Each,Refurbished,Y,3.000000,Same Day,,,,
KTZ280029,Avante Health Solutions,GE,HUB (internal) D-Cart/Voluson Station,Call for Quote,2.5 time exhange cost,Call for Quote,1.5 time exhange cost,Each,Each,Refurbished,Y,1.000000,Same Day,,,,
KTZ280247,Avante Health Solutions,GE,"Voluson E8, Monitor Arm 19” (incl. cables and cover)",Call for Quote,2.5 time exhange cost,Call for Quote,1.5 time exhange cost,Each,Each,Refurbished,Y,1.000000,Same Day,,,,
KTZ301089,Avante Health Solutions,GE,"GE VOLUSON E8, BEP (GEB800)",Call for Quote,2.5 time exhange cost,Call for Quote,1.5 time exhange cost,Each,Each,Refurbished,Y,2.000000,Same Day,,,,
KTZ302927,Avante Health Solutions,GE,GE Voluson E8 RTF300.Px - Probe Control Board,Call for Quote,2.5 time exhange cost,Call for Quote,1.5 time exhange cost,Each,Each,Refurbished,Y,1.000000,Same Day,,,,
KTZ303915,Avante Health Solutions,GE,"Voluson E8, RFM221 FE-MAINBOARD W,O MUX SCW",Call for Quote,2.5 time exhange cost,Call for Quote,1.5 time exhange cost,Each,Each,Refurbished,Y,1.000000,Same Day,,,,
L123.CABLE,Avante Health Solutions,,L123 Cable Snap In Cables,Call for Quote,2.5 time exhange cost,Call for Quote,1.5 time exhange cost,Each,Each,Refurbished,Y,1.000000,Same Day,,,,
LCD1760NX,Avante Health Solutions,,LCD MONITOR,Call for Quote,2.5 time exhange cost,Call for Quote,1.5 time exhange cost,Each,Each,Refurbished,Y,1.000000,Same Day,,,,
LCD1880SX03,Avante Health Solutions,NEC,MULTISYNC LCD 1880SX MONITOR,Call for Quote,2.5 time exhange cost,Call for Quote,1.5 time exhange cost,Each,Each,Refurbished,Y,3.000000,Same Day,,,,
LCD1990SXI-WH,Avante Health Solutions,GE,"LCD Monitor 19"" White",Call for Quote,2.5 time exhange cost,Call for Quote,1.5 time exhange cost,Each,Each,Refurbished,Y,2.000000,Same Day,,,,
5441000,Avante Health Solutions,GE,"LOGIQ E9, GRLY PCB (R4.x or later)",Call for Quote,2.5 time exhange cost,Call for Quote,1.5 time exhange cost,Each,Each,Refurbished,Y,19.000000,Same Day,,,,
5451539-2,Avante Health Solutions,GE,VP8P6 keyboard Assembly TOP BT16,Call for Quote,2.5 time exhange cost,Call for Quote,1.5 time exhange cost,Each,Each,Refurbished,Y,3.000000,Same Day,,,,
5451883,Avante Health Solutions,GE,Martek  Power Modules 48VDC,Call for Quote,2.5 time exhange cost,Call for Quote,1.5 time exhange cost,Each,Each,Refurbished,Y,9.000000,Same Day,,,,
5457377-2,Avante Health Solutions,GE,"Voluson P8, Trackball Assy",Call for Quote,2.5 time exhange cost,Call for Quote,1.5 time exhange cost,Each,Each,Refurbished,Y,1.000000,Same Day,,,,
5503294-2,Avante Health Solutions,GE,GE LOGIQ E10 CRX2 PCB (Non-CW),Call for Quote,2.5 time exhange cost,Call for Quote,1.5 time exhange cost,Each,Each,Refurbished,Y,2.000000,Same Day,,,,
5512053,Avante Health Solutions,Siemens,Large CP Flex,Call for Quote,2.5 time exhange cost,Call for Quote,1.5 time exhange cost,Each,Each,Refurbished,Y,1.000000,Same Day,,,,
5534990-N,Avante Health Solutions,Siemens,Dura 352 MV X-ray Tube,Call for Quote,2.5 time exhange cost,Call for Quote,1.5 time exhange cost,Each,Each,New OEM Original,Y,1.000000,Same Day,,,,
55573,Avante Health Solutions,SIEMENS,Sequoia Future's module,Call for Quote,2.5 time exhange cost,Call for Quote,1.5 time exhange cost,Each,Each,Refurbished,Y,1.000000,Same Day,,,,
5669734,Avante Health Solutions,GE,WH23 LCDMON,Call for Quote,2.5 time exhange cost,Call for Quote,1.5 time exhange cost,Each,Each,Refurbished,Y,3.000000,Same Day,,,,
5716000,Avante Health Solutions,GE,Eagle Frontplane PWA,Call for Quote,2.5 time exhange cost,Call for Quote,1.5 time exhange cost,Each,Each,Refurbished,Y,6.000000,Same Day,,,,
5721572,Avante Health Solutions,GE,"i3 SOM with 8G Memory, VOLUSON P8 BT16",Call for Quote,2.5 time exhange cost,Call for Quote,1.5 time exhange cost,Each,Each,Refurbished,Y,1.000000,Same Day,,,,
5722350,Avante Health Solutions,GE,Voluson S10 alpha numeric keyboard,Call for Quote,2.5 time exhange cost,Call for Quote,1.5 time exhange cost,Each,Each,Refurbished,Y,1.000000,Same Day,,,,
77100-65210,Avante Health Solutions,PHILIPS,HP/PHILIPS  DOPPLER PROCESSO,Call for Quote,2.5 time exhange cost,Call for Quote,1.5 time exhange cost,Each,Each,Refurbished,Y,2.000000,Same Day,,,,
77100-66010,Avante Health Solutions,PHILIPS,HP Video I/O Board,Call for Quote,2.5 time exhange cost,Call for Quote,1.5 time exhange cost,Each,Each,Refurbished,Y,2.000000,Same Day,,,,
77100-66130,Avante Health Solutions,PHILIPS,HP PROCESSOR / GRAPHICS,Call for Quote,2.5 time exhange cost,Call for Quote,1.5 time exhange cost,Each,Each,Refurbished,Y,1.000000,Same Day,,,,
77110-60200,Avante Health Solutions,PHILIPS,HP CLOCK,Call for Quote,2.5 time exhange cost,Call for Quote,1.5 time exhange cost,Each,Each,Refurbished,Y,4.000000,Same Day,,,,
77110-60540,Avante Health Solutions,PHILIPS,Front end PCB (HP7500),Call for Quote,2.5 time exhange cost,Call for Quote,1.5 time exhange cost,Each,Each,Refurbished,Y,6.000000,Same Day,,,,
77110-62200,Avante Health Solutions,PHILIPS,HP DSCC,Call for Quote,2.5 time exhange cost,Call for Quote,1.5 time exhange cost,Each,Each,Refurbished,Y,1.000000,Same Day,,,,
77110-62320,Avante Health Solutions,PHILIPS,HP 5500 Beam Pcb.,Call for Quote,2.5 time exhange cost,Call for Quote,1.5 time exhange cost,Each,Each,Refurbished,Y,4.000000,Same Day,,,,
77110-68030,Avante Health Solutions,PHILIPS,HP5500 REAR I/O ASSY (non interlaced),Call for Quote,2.5 time exhange cost,Call for Quote,1.5 time exhange cost,Each,Each,Refurbished,Y,2.000000,Same Day,,,,
7735108,Avante Health Solutions,,Tube collimator P10G,Call for Quote,2.5 time exhange cost,Call for Quote,1.5 time exhange cost,Each,Each,Refurbished,Y,1.000000,Same Day,,,,
77921-60620,Avante Health Solutions,PHILIPS,HP PHYSIO PCB (5500),Call for Quote,2.5 time exhange cost,Call for Quote,1.5 time exhange cost,Each,Each,Refurbished,Y,2.000000,Same Day,,,,
77921-61400,Avante Health Solutions,PHILIPS,Keyboard HP Function,Call for Quote,2.5 time exhange cost,Call for Quote,1.5 time exhange cost,Each,Each,Refurbished,Y,2.000000,Same Day,,,,
7CF1 TRANSDUCER S2000,Avante Health Solutions,Siemens,7CF1 Transducer S2000,Call for Quote,2.5 time exhange cost,Call for Quote,1.5 time exhange cost,Each,Each,Refurbished,Y,1.000000,Same Day,,,,
MI96-01427B,Avante Health Solutions,SAMSUNG,"ASSY TOUCH PANEL-WR;WS80A,10.1,Touch",Call for Quote,2.5 time exhange cost,Call for Quote,1.5 time exhange cost,Each,Each,Refurbished,Y,1.000000,Same Day,,,,
MI97-02507A,Avante Health Solutions,SAMSUNG,WS80A MONITOR ARM ASSY,Call for Quote,2.5 time exhange cost,Call for Quote,1.5 time exhange cost,Each,Each,Refurbished,Y,1.000000,Same Day,,,,
MINDRAY L14-6NS,Avante Health Solutions,MINDRAY,Mindray L14-6Ns,Call for Quote,2.5 time exhange cost,Call for Quote,1.5 time exhange cost,Each,Each,Refurbished,Y,1.000000,Same Day,,,,
MINDRAY SP5-1S-N,Avante Health Solutions,MINDRAY,Mindray SP5-1s - Single crystal phased array transducer,Call for Quote,2.5 time exhange cost,Call for Quote,1.5 time exhange cost,Each,Each,New OEM Original,Y,1.000000,Same Day,,,,
MR 2P2,Avante Health Solutions,MINDRAY,2P2 Phased Array  (DC-3/DC-6),Call for Quote,2.5 time exhange cost,Call for Quote,1.5 time exhange cost,Each,Each,Refurbished,Y,1.000000,Same Day,,,,
MR 75L38EA,Avante Health Solutions,MINDRAY,Mindray 75L38EA Probe,Call for Quote,2.5 time exhange cost,Call for Quote,1.5 time exhange cost,Each,Each,Refurbished,Y,3.000000,Same Day,,,,
MR C5-2,Avante Health Solutions,MINDRAY,Mindray C5-2 Abdominal Transducer (DC-7),Call for Quote,2.5 time exhange cost,Call for Quote,1.5 time exhange cost,Each,Each,Refurbished,Y,1.000000,Same Day,,,,
MR C5-2S,Avante Health Solutions,MINDRAY,C5-2s Convex Transducer,Call for Quote,2.5 time exhange cost,Call for Quote,1.5 time exhange cost,Each,Each,Refurbished,Y,1.000000,Same Day,,,,
MR P4-2S,Avante Health Solutions,MINDRAY,Mindray P4-2s Phased Array Transducer (FBW 2-4 MHz),Call for Quote,2.5 time exhange cost,Call for Quote,1.5 time exhange cost,Each,Each,Refurbished,Y,1.000000,Same Day,,,,
MT5634ZBA,Avante Health Solutions,GE,MULTI MODEM,Call for Quote,2.5 time exhange cost,Call for Quote,1.5 time exhange cost,Each,Each,Refurbished,Y,1.000000,Same Day,,,,
OMNISMART350HG,Avante Health Solutions,MULTIPLE,OmniSmart 330VA Medical grade Tower 120V UPS,Call for Quote,2.5 time exhange cost,Call for Quote,1.5 time exhange cost,Each,Each,Refurbished,Y,1.000000,Same Day,,,,
5722513,Avante Health Solutions,GE,LOGIQ F SERIES NEW FLEXIBLE ARM,Call for Quote,2.5 time exhange cost,Call for Quote,1.5 time exhange cost,Each,Each,Refurbished,Y,1.000000,Same Day,,,,
5728959,Avante Health Solutions,GE,"Voluson S8, BF128",Call for Quote,2.5 time exhange cost,Call for Quote,1.5 time exhange cost,Each,Each,Refurbished,Y,1.000000,Same Day,,,,
5746460,Avante Health Solutions,GE,Logiq F Series 19” Display Assy,Call for Quote,2.5 time exhange cost,Call for Quote,1.5 time exhange cost,Each,Each,Refurbished,Y,1.000000,Same Day,,,,
5751000,Avante Health Solutions,GE,GE Logiq E10 Power Module,Call for Quote,2.5 time exhange cost,Call for Quote,1.5 time exhange cost,Each,Each,Refurbished,Y,5.000000,Same Day,,,,
5764506-N,Avante Health Solutions,Siemens,Megalix Cat 125/35/80-121GW Tube,Call for Quote,2.5 time exhange cost,Call for Quote,1.5 time exhange cost,Each,Each,New OEM Original,Y,1.000000,Same Day,,,,
5764555,Avante Health Solutions,Siemens,Siemens Tube Chiller (Laird w/ Brass QD),Call for Quote,2.5 time exhange cost,Call for Quote,1.5 time exhange cost,Each,Each,Refurbished,Y,9.000000,Same Day,,,,
5765222,Avante Health Solutions,Siemens,Megalix Cat 125/15/40/80-122GW Tube,Call for Quote,2.5 time exhange cost,Call for Quote,1.5 time exhange cost,Each,Each,Refurbished,Y,1.000000,Same Day,,,,
5765222-N,Avante Health Solutions,Siemens,Megalix Cat 125/15/40/80-122GW Tube,Call for Quote,2.5 time exhange cost,Call for Quote,1.5 time exhange cost,Each,Each,New OEM Original,Y,1.000000,Same Day,,,,
5769950,Avante Health Solutions,Siemens,TIL POTENTIOMETER,Call for Quote,2.5 time exhange cost,Call for Quote,1.5 time exhange cost,Each,Each,Refurbished,Y,2.000000,Same Day,,,,
5773602,Avante Health Solutions,GE,GE Voluson DBM128G Voluson BT18,Call for Quote,2.5 time exhange cost,Call for Quote,1.5 time exhange cost,Each,Each,Refurbished,Y,2.000000,Same Day,,,,
5779734-S,Avante Health Solutions,GE,MainKBD PWA for Versana Premier R1.x,Call for Quote,2.5 time exhange cost,Call for Quote,1.5 time exhange cost,Each,Each,Refurbished,Y,1.000000,Same Day,,,,
M2540-60000,Avante Health Solutions,PHILIPS,"Envisor, Motherboard",Call for Quote,2.5 time exhange cost,Call for Quote,1.5 time exhange cost,Each,Each,Refurbished,Y,3.000000,Same Day,,,,
M2540-62200,Avante Health Solutions,PHILIPS,"Transducer Connector Module, Envisor",Call for Quote,2.5 time exhange cost,Call for Quote,1.5 time exhange cost,Each,Each,Refurbished,Y,1.000000,Same Day,,,,
M5SC.ASSEMBLY,Avante Health Solutions,GE,GE M5SC-D Assembly,Call for Quote,2.5 time exhange cost,Call for Quote,1.5 time exhange cost,Each,Each,Refurbished,Y,4.000000,Same Day,,,,
MAW3073NP,Avante Health Solutions,Siemens,"Fujitsu/HP 73gb, 10K RPM, Wide Ultra 320 SCSI Hard Drive",Call for Quote,2.5 time exhange cost,Call for Quote,1.5 time exhange cost,Each,Each,Refurbished,Y,12.000000,Same Day,,,,
MEDIAWALL4200,Avante Health Solutions,Philips,MEDIAWALL4200,Call for Quote,2.5 time exhange cost,Call for Quote,1.5 time exhange cost,Each,Each,Refurbished,Y,1.000000,Same Day,,,,
MEDISON 3D2-6ET,Avante Health Solutions,MEDISON,Medison 3D2-6ET (4D) Volume Abdominal Ultrasound Transducer,Call for Quote,2.5 time exhange cost,Call for Quote,1.5 time exhange cost,Each,Each,Refurbished,Y,1.000000,Same Day,,,,
MEDISON 3D5-9EK,Avante Health Solutions,MEDISON,"Medison 3D5-9EK, 3D/4D Transducer",Call for Quote,2.5 time exhange cost,Call for Quote,1.5 time exhange cost,Each,Each,Refurbished,Y,3.000000,Same Day,,,,
MI59-01111A,Avante Health Solutions,SAMSUNG,WS80A TRACKBALL ASSY.,Call for Quote,2.5 time exhange cost,Call for Quote,1.5 time exhange cost,Each,Each,Refurbished,Y,1.000000,Same Day,,,,
MI61-02510A,Avante Health Solutions,SAMSUNG,Bracket Latch,Call for Quote,2.5 time exhange cost,Call for Quote,1.5 time exhange cost,Each,Each,Refurbished,Y,1.000000,Same Day,,,,
MI63-01759C,Avante Health Solutions,SAMSUNG,HM70A Cover Assy,Call for Quote,2.5 time exhange cost,Call for Quote,1.5 time exhange cost,Each,Each,Refurbished,Y,2.000000,Same Day,,,,
MI92-01639G,Avante Health Solutions,SONOACE,Main board SonoAce R7,Call for Quote,2.5 time exhange cost,Call for Quote,1.5 time exhange cost,Each,Each,Refurbished,Y,1.000000,Same Day,,,,
MI92-02419C,Avante Health Solutions,SAMSUNG,"ASSY BOARD-AC;HS70A,WS80A,AC,1B,Supporti",Call for Quote,2.5 time exhange cost,Call for Quote,1.5 time exhange cost,Each,Each,Refurbished,Y,1.000000,Same Day,,,,
KTZ220492,Avante Health Solutions,GE,GE VOLUSON E8 CASTER BACK,Call for Quote,2.5 time exhange cost,Call for Quote,1.5 time exhange cost,Each,Each,Refurbished,Y,2.000000,Same Day,,,,
KTZ221015,Avante Health Solutions,GE,Distribution Board hub (RTH) Voluson E8,Call for Quote,2.5 time exhange cost,Call for Quote,1.5 time exhange cost,Each,Each,Refurbished,Y,1.000000,Same Day,,,,
KTZ280064,Avante Health Solutions,GE,"Voluson E8, Alpha Numeric Keyboard",Call for Quote,2.5 time exhange cost,Call for Quote,1.5 time exhange cost,Each,Each,Refurbished,Y,1.000000,Same Day,,,,
KTZ300242,Avante Health Solutions,GE,"VOLUSON E8, Primary Power Supply, RTN5",Call for Quote,2.5 time exhange cost,Call for Quote,1.5 time exhange cost,Each,Each,Refurbished,Y,6.000000,Same Day,,,,
KTZ301148,Avante Health Solutions,GE,VOLUSON E8 - Transmit Sub Board,Call for Quote,2.5 time exhange cost,Call for Quote,1.5 time exhange cost,Each,Each,Refurbished,Y,16.000000,Same Day,,,,
KTZ303892,Avante Health Solutions,GE,"Voluson E8, RSP3-3c – Power Supply",Call for Quote,2.5 time exhange cost,Call for Quote,1.5 time exhange cost,Each,Each,Refurbished,Y,2.000000,Same Day,,,,
KTZ303939,Avante Health Solutions,GE,Voluson E10 Trackball Assy,Call for Quote,2.5 time exhange cost,Call for Quote,1.5 time exhange cost,Each,Each,Refurbished,Y,1.000000,Same Day,,,,
KTZ304058,Avante Health Solutions,GE,GE Voluson E10 Casters Back Universal 2 Pieces,Call for Quote,2.5 time exhange cost,Call for Quote,1.5 time exhange cost,Each,Each,Refurbished,Y,5.000000,Same Day,,,,
LT12X19-C-24VDC,Avante Health Solutions,GE,Solendoid Motor Assy,Call for Quote,2.5 time exhange cost,Call for Quote,1.5 time exhange cost,Each,Each,Refurbished,Y,2.000000,Same Day,,,,
LW-2090040/3A,Avante Health Solutions,MULTIPLE,"40"", 3 ECG/EKG Leadwire Set",Call for Quote,2.5 time exhange cost,Call for Quote,1.5 time exhange cost,Each,Each,Refurbished,Y,1.000000,Same Day,,,,
MEDICAP USB100,Avante Health Solutions,MULTIPLE,MEDICAP USB100,Call for Quote,2.5 time exhange cost,Call for Quote,1.5 time exhange cost,Each,Each,Refurbished,Y,1.000000,Same Day,,,,
MI97-02218B,Avante Health Solutions,SAMSUNG,HM70A Assy Cover CP,Call for Quote,2.5 time exhange cost,Call for Quote,1.5 time exhange cost,Each,Each,Refurbished,Y,2.000000,Same Day,,,,
MI97-02781B,Avante Health Solutions,SAMSUNG,"ASSY CASTER-REAR;RS80A,6'TWIN WHEEL,B RS80A",Call for Quote,2.5 time exhange cost,Call for Quote,1.5 time exhange cost,Each,Each,Refurbished,Y,1.000000,Same Day,,,,
MR 3C1,Avante Health Solutions,MINDRAY,Mindray 3C1 Convex Array X'dcr,Call for Quote,2.5 time exhange cost,Call for Quote,1.5 time exhange cost,Each,Each,Refurbished,Y,2.000000,Same Day,,,,
MR 75LT38EA,Avante Health Solutions,MINDRAY,Mindray 75LT38EA T-SHAPED Linear Array X'dcr,Call for Quote,2.5 time exhange cost,Call for Quote,1.5 time exhange cost,Each,Each,Refurbished,Y,1.000000,Same Day,,,,
NI-100,Avante Health Solutions,Philips,NI-100 Network Isolator,Call for Quote,2.5 time exhange cost,Call for Quote,1.5 time exhange cost,Each,Each,Refurbished,Y,1.000000,Same Day,,,,
OFTD0947,Avante Health Solutions,Siemens,FLEXSCAN S2000 20” Color Monitor,Call for Quote,2.5 time exhange cost,Call for Quote,1.5 time exhange cost,Each,Each,Refurbished,Y,1.000000,Same Day,,,,
OFTD1460,Avante Health Solutions,GE,RADIFORCE MX 300W,Call for Quote,2.5 time exhange cost,Call for Quote,1.5 time exhange cost,Each,Each,Refurbished,Y,1.000000,Same Day,,,,
OFTD2217,Avante Health Solutions,SIEMENS,Monitor,Call for Quote,2.5 time exhange cost,Call for Quote,1.5 time exhange cost,Each,Each,Refurbished,Y,2.000000,Same Day,,,,
P02046-02,Avante Health Solutions,SONOSITE,Sonosite PC Direct Cable,Call for Quote,2.5 time exhange cost,Call for Quote,1.5 time exhange cost,Each,Each,Refurbished,Y,2.000000,Same Day,,,,
P02450A,Avante Health Solutions,SONOSITE,Sonosite (ICT/7-4) Endfire X'dcr. (180+),Call for Quote,2.5 time exhange cost,Call for Quote,1.5 time exhange cost,Each,Each,Refurbished,Y,1.000000,Same Day,,,,
P03834,Avante Health Solutions,SONOSITE,Sonosite Titan Shield Perimeter (Long),Call for Quote,2.5 time exhange cost,Call for Quote,1.5 time exhange cost,Each,Each,Refurbished,Y,3.000000,Same Day,,,,
P05661-10,Avante Health Solutions,SONOSITE,Sonosite P17/5-1 for MicroMaxx,Call for Quote,2.5 time exhange cost,Call for Quote,1.5 time exhange cost,Each,Each,Refurbished,Y,1.000000,Same Day,,,,
5957000-40,Avante Health Solutions,GE,Ultrasound Global LCD Arm,Call for Quote,2.5 time exhange cost,Call for Quote,1.5 time exhange cost,Each,Each,Refurbished,Y,6.000000,Same Day,,,,
6151413A,Avante Health Solutions,AVANTE,DVD/CD replacement kit for the FD10 R1.2,Call for Quote,2.5 time exhange cost,Call for Quote,1.5 time exhange cost,Each,Each,Refurbished,Y,2.000000,Same Day,,,,
6208000-10,Avante Health Solutions,GE,Logiq E10 Lower OPIO,Call for Quote,2.5 time exhange cost,Call for Quote,1.5 time exhange cost,Each,Each,Refurbished,Y,1.000000,Same Day,,,,
6614486,Avante Health Solutions,Siemens,SSFD Rotation Cover,Call for Quote,2.5 time exhange cost,Call for Quote,1.5 time exhange cost,Each,Each,Refurbished,Y,1.000000,Same Day,,,,
66799,Avante Health Solutions,SIEMENS,"Acuson, Fan Tray Assy",Call for Quote,2.5 time exhange cost,Call for Quote,1.5 time exhange cost,Each,Each,Refurbished,Y,2.000000,Same Day,,,,
6GF62102JG11,Avante Health Solutions,GE,19” Color Monitor/EIZO LX1910,Call for Quote,2.5 time exhange cost,Call for Quote,1.5 time exhange cost,Each,Each,Refurbished,Y,2.000000,Same Day,,,,
6GF6211-2EB02,Avante Health Solutions,GE,19in COLOR MONITOR,Call for Quote,2.5 time exhange cost,Call for Quote,1.5 time exhange cost,Each,Each,Refurbished,Y,1.000000,Same Day,,,,
7109213,Avante Health Solutions,Siemens,W387 Cable w/ Microphone,Call for Quote,2.5 time exhange cost,Call for Quote,1.5 time exhange cost,Each,Each,Refurbished,Y,3.000000,Same Day,,,,
7273050,Avante Health Solutions,Siemens,RCOM Assy,Call for Quote,2.5 time exhange cost,Call for Quote,1.5 time exhange cost,Each,Each,Refurbished,Y,1.000000,Same Day,,,,
7273605,Avante Health Solutions,,Spare Part module bridge M4,Call for Quote,2.5 time exhange cost,Call for Quote,1.5 time exhange cost,Each,Each,Refurbished,Y,17.000000,Same Day,,,,
7273738,Avante Health Solutions,,Spare Part module bridge M4 EXT,Call for Quote,2.5 time exhange cost,Call for Quote,1.5 time exhange cost,Each,Each,Refurbished,Y,29.000000,Same Day,,,,
7273811,Avante Health Solutions,Siemens,ADM W/ CABLE,Call for Quote,2.5 time exhange cost,Call for Quote,1.5 time exhange cost,Each,Each,Refurbished,Y,4.000000,Same Day,,,,
OVW2-25-2MD,Avante Health Solutions,GE,ROTARY ENCODERRESOLUTION 2500 P/R,Call for Quote,2.5 time exhange cost,Call for Quote,1.5 time exhange cost,Each,Each,Refurbished,Y,1.000000,Same Day,,,,
P03769,Avante Health Solutions,SONOSITE,"Sonosite Titan, Transducer Assembly",Call for Quote,2.5 time exhange cost,Call for Quote,1.5 time exhange cost,Each,Each,Refurbished,Y,1.000000,Same Day,,,,
P06287,Avante Health Solutions,SONOSITE,"Knob, TGC M-Turbo",Call for Quote,2.5 time exhange cost,Call for Quote,1.5 time exhange cost,Each,Each,Refurbished,Y,4.000000,Same Day,,,,
P12834-40,Avante Health Solutions,SONOSITE,Sonosite PowerPark Dock,Call for Quote,2.5 time exhange cost,Call for Quote,1.5 time exhange cost,Each,Each,Refurbished,Y,1.000000,Same Day,,,,
P15637,Avante Health Solutions,SONOSITE,"Display, Edge, Service Assembly",Call for Quote,2.5 time exhange cost,Call for Quote,1.5 time exhange cost,Each,Each,Refurbished,Y,1.000000,Same Day,,,,
P20194,Avante Health Solutions,SONOSITE,"Display, Edge, Service Assembly",Call for Quote,2.5 time exhange cost,Call for Quote,1.5 time exhange cost,Each,Each,Refurbished,Y,1.000000,Same Day,,,,
P20668,Avante Health Solutions,SONOSITE,Upper Gain Knob Edge II,Call for Quote,2.5 time exhange cost,Call for Quote,1.5 time exhange cost,Each,Each,Refurbished,Y,1.000000,Same Day,,,,
PET-512MC,Avante Health Solutions,TOSHIBA,Toshiba PET-512MC Adult TEE Multi-Plane Transesophageal Ultrasound Transducer,Call for Quote,2.5 time exhange cost,Call for Quote,1.5 time exhange cost,Each,Each,Refurbished,Y,1.000000,Same Day,,,,
PHILIPS CX50 CART,Avante Health Solutions,MULTIPLE,Philips CX50 Cart,Call for Quote,2.5 time exhange cost,Call for Quote,1.5 time exhange cost,Each,Each,Refurbished,Y,2.000000,Same Day,,,,
PHILIPS.C62.COMPACT,Avante Health Solutions,PHILIPS,Philips C6-2 (QLC for Affiniti and Epiq),Call for Quote,2.5 time exhange cost,Call for Quote,1.5 time exhange cost,Each,Each,Refurbished,Y,1.000000,Same Day,,,,
PHILIPS.S83.EXP,Avante Health Solutions,PHILIPS,Philips S8-3 (3-8 MHZ) Sector Ultrasound Transducer,Call for Quote,2.5 time exhange cost,Call for Quote,1.5 time exhange cost,Each,Each,Refurbished,Y,6.000000,Same Day,,,,
800443,Avante Health Solutions,GE,1.5t HDx Precision Breast Array Coil,Call for Quote,2.5 time exhange cost,Call for Quote,1.5 time exhange cost,Each,Each,Refurbished,Y,1.000000,Same Day,,,,
8097649,Avante Health Solutions,SIEMENS,Frequency converter,Call for Quote,2.5 time exhange cost,Call for Quote,1.5 time exhange cost,Each,Each,Refurbished,Y,7.000000,Same Day,,,,
8098084,Avante Health Solutions,Siemens,"Gantry Panel Control, Left",Call for Quote,2.5 time exhange cost,Call for Quote,1.5 time exhange cost,Each,Each,Refurbished,Y,7.000000,Same Day,,,,
8112588,Avante Health Solutions,Siemens,Supplied Functions A4120,Call for Quote,2.5 time exhange cost,Call for Quote,1.5 time exhange cost,Each,Each,Refurbished,Y,1.000000,Same Day,,,,
8365988,Avante Health Solutions,SIEMENS,Matrix XGR-Box Spare Part,Call for Quote,2.5 time exhange cost,Call for Quote,1.5 time exhange cost,Each,Each,Refurbished,Y,5.000000,Same Day,,,,
8370806,Avante Health Solutions,,MCB2_SoC_CT,Call for Quote,2.5 time exhange cost,Call for Quote,1.5 time exhange cost,Each,Each,Refurbished,Y,2.000000,Same Day,,,,
8377603,Avante Health Solutions,Siemens,C-BOX-E510 STRATON-P30F,Call for Quote,2.5 time exhange cost,Call for Quote,1.5 time exhange cost,Each,Each,Refurbished,Y,3.000000,Same Day,,,,
8377694,Avante Health Solutions,Siemens,IRS3-REC,Call for Quote,2.5 time exhange cost,Call for Quote,1.5 time exhange cost,Each,Each,Refurbished,Y,2.000000,Same Day,,,,
8377793,Avante Health Solutions,Siemens,IRS3 TCR,Call for Quote,2.5 time exhange cost,Call for Quote,1.5 time exhange cost,Each,Each,Refurbished,Y,3.000000,Same Day,,,,
8378502,Avante Health Solutions,Siemens,Transmitter Unit,Call for Quote,2.5 time exhange cost,Call for Quote,1.5 time exhange cost,Each,Each,Refurbished,Y,2.000000,Same Day,,,,
8429800,Avante Health Solutions,,DMS A cpl.,Call for Quote,2.5 time exhange cost,Call for Quote,1.5 time exhange cost,Each,Each,Refurbished,Y,1.000000,Same Day,,,,
8537135,Avante Health Solutions,,GROSCHOPP MOTOR,Call for Quote,2.5 time exhange cost,Call for Quote,1.5 time exhange cost,Each,Each,Refurbished,Y,1.000000,Same Day,,,,
MEDISON 3D4-8ET,Avante Health Solutions,MEDISON,Medison 3D4-8ET,Call for Quote,2.5 time exhange cost,Call for Quote,1.5 time exhange cost,Each,Each,Refurbished,Y,1.000000,Same Day,,,,
MEDISON C2-8,Avante Health Solutions,MEDISON,Medison C2-8 Convex Ultrasound Transducer,Call for Quote,2.5 time exhange cost,Call for Quote,1.5 time exhange cost,Each,Each,Refurbished,Y,11.000000,Same Day,,,,
MEDISON EC4-9/10ED,Avante Health Solutions,MEDISON,Medison EC4-9/10ED,Call for Quote,2.5 time exhange cost,Call for Quote,1.5 time exhange cost,Each,Each,Refurbished,Y,1.000000,Same Day,,,,
MI68-02566A,Avante Health Solutions,SAMSUNG,Samsung Label- I/O Port,Call for Quote,2.5 time exhange cost,Call for Quote,1.5 time exhange cost,Each,Each,Refurbished,Y,1.000000,Same Day,,,,
MI92-01923K,Avante Health Solutions,SAMSUNG,"ASSY BOARD-BE;WS80AV4.0,BACKEND,0K,CPLD",Call for Quote,2.5 time exhange cost,Call for Quote,1.5 time exhange cost,Each,Each,Refurbished,Y,1.000000,Same Day,,,,
MI96-01047B,Avante Health Solutions,SONOACE,POWER AY DC-DC MODULE R7,Call for Quote,2.5 time exhange cost,Call for Quote,1.5 time exhange cost,Each,Each,Refurbished,Y,1.000000,Same Day,,,,
MI96-01299B,Avante Health Solutions,SAMSUNG,"ASSY TRANS;HS70A,WS80A,AIM(AC Input Module",Call for Quote,2.5 time exhange cost,Call for Quote,1.5 time exhange cost,Each,Each,Refurbished,Y,1.000000,Same Day,,,,
MI96-01403A,Avante Health Solutions,SAMSUNG,Samsung HS60 Assy Fan Top,Call for Quote,2.5 time exhange cost,Call for Quote,1.5 time exhange cost,Each,Each,Refurbished,Y,1.000000,Same Day,,,,
MI97-02222B,Avante Health Solutions,SAMSUNG,"ASSY ETC;HM70A,KNOB TGC HM70A",Call for Quote,2.5 time exhange cost,Call for Quote,1.5 time exhange cost,Each,Each,Refurbished,Y,8.000000,Same Day,,,,
MR 3C5A,Avante Health Solutions,MINDRAY,Mindray 3C5A Convex Array X'dcr,Call for Quote,2.5 time exhange cost,Call for Quote,1.5 time exhange cost,Each,Each,Refurbished,Y,1.000000,Same Day,,,,
MR L7-3S,Avante Health Solutions,MINDRAY,Mindray L7-3s,Call for Quote,2.5 time exhange cost,Call for Quote,1.5 time exhange cost,Each,Each,Refurbished,Y,1.000000,Same Day,,,,
OFTD1923,Avante Health Solutions,,"Eizo 19"" Monitor Flexscan 1923",Call for Quote,2.5 time exhange cost,Call for Quote,1.5 time exhange cost,Each,Each,Refurbished,Y,1.000000,Same Day,,,,
P12745,Avante Health Solutions,SONOSITE,"Power Supply PCB, Nanomaxx",Call for Quote,2.5 time exhange cost,Call for Quote,1.5 time exhange cost,Each,Each,Refurbished,Y,1.000000,Same Day,,,,
P14627-50,Avante Health Solutions,SONOSITE,Sonosite X-porte Monitor,Call for Quote,2.5 time exhange cost,Call for Quote,1.5 time exhange cost,Each,Each,Refurbished,Y,2.000000,Same Day,,,,
P14729,Avante Health Solutions,SONOSITE,Cable Assy/Main to Control Panel,Call for Quote,2.5 time exhange cost,Call for Quote,1.5 time exhange cost,Each,Each,Refurbished,Y,1.000000,Same Day,,,,
P20311-10,Avante Health Solutions,SONOSITE,Sonosite HFL38xi Ultrasound Transducer,Call for Quote,2.5 time exhange cost,Call for Quote,1.5 time exhange cost,Each,Each,Refurbished,Y,1.000000,Same Day,,,,
P20458,Avante Health Solutions,SONOSITE,Lower Gain Knob Edge II,Call for Quote,2.5 time exhange cost,Call for Quote,1.5 time exhange cost,Each,Each,Refurbished,Y,1.000000,Same Day,,,,
PC832-102-N-4122-11,Avante Health Solutions,GE,BRUSHLESS SERVO DRIVE,Call for Quote,2.5 time exhange cost,Call for Quote,1.5 time exhange cost,Each,Each,New OEM Original,Y,2.000000,Same Day,,,,
PHILIPS.3D62.EXP,Avante Health Solutions,PHILIPS,Philips 3D6-2 Curved Ultrasound Transducer,Call for Quote,2.5 time exhange cost,Call for Quote,1.5 time exhange cost,Each,Each,Refurbished,Y,6.000000,Same Day,,,,
PHILIPS.C51.EXP,Avante Health Solutions,PHILIPS,Philips C5-1 Curved Array Ultrasound Transducer (Explora),Call for Quote,2.5 time exhange cost,Call for Quote,1.5 time exhange cost,Each,Each,Refurbished,Y,1.000000,Same Day,,,,
PHILIPS.C92.COMPACT,Avante Health Solutions,PHILIPS,PHILIPS C9-2 Ultrasound Transducer,Call for Quote,2.5 time exhange cost,Call for Quote,1.5 time exhange cost,Each,Each,Refurbished,Y,2.000000,Same Day,,,,
PHILIPS.C93V.COMPACT,Avante Health Solutions,PHILIPS,Philips C9-3v Ultrasound Transducer,Call for Quote,2.5 time exhange cost,Call for Quote,1.5 time exhange cost,Each,Each,Refurbished,Y,1.000000,Same Day,,,,
PHILIPS.C94.EXP,Avante Health Solutions,PHILIPS,Philips C9-4 Mhz Curved  Transducer (IU22/HD11),Call for Quote,2.5 time exhange cost,Call for Quote,1.5 time exhange cost,Each,Each,Refurbished,Y,12.000000,Same Day,,,,
7389195,Avante Health Solutions,Siemens,RFIS Motherboard D14,Call for Quote,2.5 time exhange cost,Call for Quote,1.5 time exhange cost,Each,Each,Refurbished,Y,1.000000,Same Day,,,,
7396299,Avante Health Solutions,Siemens,ADU - D513 Board,Call for Quote,2.5 time exhange cost,Call for Quote,1.5 time exhange cost,Each,Each,Refurbished,Y,3.000000,Same Day,,,,
7396349K1619,Avante Health Solutions,Siemens,ECG BOARD,Call for Quote,2.5 time exhange cost,Call for Quote,1.5 time exhange cost,Each,Each,Refurbished,Y,1.000000,Same Day,,,,
7409514,Avante Health Solutions,Siemens,FUSE 6.3X32 3AMP F 250V,Call for Quote,2.5 time exhange cost,Call for Quote,1.5 time exhange cost,Each,Each,Refurbished,Y,1.000000,Same Day,,,,
7445666,Avante Health Solutions,Siemens,Carbon Fiber Head Support,Call for Quote,2.5 time exhange cost,Call for Quote,1.5 time exhange cost,Each,Each,Refurbished,Y,2.000000,Same Day,,,,
7455228-N,Avante Health Solutions,Siemens,E703X1 Cable Foot Pedal Bridge,Call for Quote,2.5 time exhange cost,Call for Quote,1.5 time exhange cost,Each,Each,New OEM Original,Y,1.000000,Same Day,,,,
7500-0932,Avante Health Solutions,PHILIPS,"ATL, FEC (HDI 5000)",Call for Quote,2.5 time exhange cost,Call for Quote,1.5 time exhange cost,Each,Each,Refurbished,Y,2.000000,Same Day,,,,
7500-1291,Avante Health Solutions,PHILIPS,ATL INTERNAL INTERFACE,Call for Quote,2.5 time exhange cost,Call for Quote,1.5 time exhange cost,Each,Each,Refurbished,Y,2.000000,Same Day,,,,
7500-1328,Avante Health Solutions,PHILIPS,ATL ADAPTR II (3000/5000),Call for Quote,2.5 time exhange cost,Call for Quote,1.5 time exhange cost,Each,Each,Refurbished,Y,2.000000,Same Day,,,,
7562924,Avante Health Solutions,Siemens,D10 DAC Bd.,Call for Quote,2.5 time exhange cost,Call for Quote,1.5 time exhange cost,Each,Each,Refurbished,Y,1.000000,Same Day,,,,
7580025,Avante Health Solutions,Siemens,Shoulder Array Coil Set,Call for Quote,2.5 time exhange cost,Call for Quote,1.5 time exhange cost,Each,Each,Refurbished,Y,1.000000,Same Day,,,,
7687507,Avante Health Solutions,SIEMENS,"DMS P46C-LC(20,40,64)",Call for Quote,2.5 time exhange cost,Call for Quote,1.5 time exhange cost,Each,Each,Refurbished,Y,1.000000,Same Day,,,,
OFTD1931,Avante Health Solutions,GE,FlexScan S1923 CT Monitor Color Display,Call for Quote,2.5 time exhange cost,Call for Quote,1.5 time exhange cost,Each,Each,Refurbished,Y,4.000000,Same Day,,,,
P02860,Avante Health Solutions,SONOSITE,"MicroMaxx Nestplate, Interposer",Call for Quote,2.5 time exhange cost,Call for Quote,1.5 time exhange cost,Each,Each,Refurbished,Y,1.000000,Same Day,,,,
P04101-61,Avante Health Solutions,SONOSITE,Sonosite L38/10-5 Linear Transducer,Call for Quote,2.5 time exhange cost,Call for Quote,1.5 time exhange cost,Each,Each,Refurbished,Y,1.000000,Same Day,,,,
P06073-13,Avante Health Solutions,SONOSITE,SonoSite P17/5-1 Sector Transducer,Call for Quote,2.5 time exhange cost,Call for Quote,1.5 time exhange cost,Each,Each,Refurbished,Y,1.000000,Same Day,,,,
P07750,Avante Health Solutions,SONOSITE,Assy Nest Frame Turbo,Call for Quote,2.5 time exhange cost,Call for Quote,1.5 time exhange cost,Each,Each,Refurbished,Y,1.000000,Same Day,,,,
P11159,Avante Health Solutions,SONOSITE,"Top Enclosure, M-Turbo",Call for Quote,2.5 time exhange cost,Call for Quote,1.5 time exhange cost,Each,Each,Refurbished,Y,1.000000,Same Day,,,,
P14750,Avante Health Solutions,SONOSITE,Sonosite Edge II Foot,Call for Quote,2.5 time exhange cost,Call for Quote,1.5 time exhange cost,Each,Each,Refurbished,Y,1.000000,Same Day,,,,
P18805,Avante Health Solutions,SONOSITE,"CASTER,TWIN WHEEL,4 IN,LOCKING,GRIP RING STEM,BLACK,SOFT GREY TREAD,ROHS",Call for Quote,2.5 time exhange cost,Call for Quote,1.5 time exhange cost,Each,Each,Refurbished,Y,1.000000,Same Day,,,,
P21783,Avante Health Solutions,SONOSITE,Sonosite Edge II Hinge Cover,Call for Quote,2.5 time exhange cost,Call for Quote,1.5 time exhange cost,Each,Each,Refurbished,Y,1.000000,Same Day,,,,
PB-EC4-9EDN,Avante Health Solutions,SAMSUNG,Samsung EC4-9/10-EDN,Call for Quote,2.5 time exhange cost,Call for Quote,1.5 time exhange cost,Each,Each,Refurbished,Y,1.000000,Same Day,,,,
PHILIPS BP10-5EC-EXP,Avante Health Solutions,PHILIPS,Philips BP10-5ec,Call for Quote,2.5 time exhange cost,Call for Quote,1.5 time exhange cost,Each,Each,Refurbished,Y,1.000000,Same Day,,,,
PHILIPS.X82T.COMPACT,Avante Health Solutions,PHILIPS,Philips X8-2T TEE xMatrix Ultrasound Transducer,Call for Quote,2.5 time exhange cost,Call for Quote,1.5 time exhange cost,Each,Each,Refurbished,Y,1.000000,Same Day,,,,
PLI-1205BX,Avante Health Solutions,TOSHIBA,Toshiba PLI-1205BX (i18LX5 TUS-A1800) Ultrasound Transducer,Call for Quote,2.5 time exhange cost,Call for Quote,1.5 time exhange cost,Each,Each,Refurbished,Y,1.000000,Same Day,,,,
PLT-1204MV,Avante Health Solutions,TOSHIBA,Toshiba PLT-1204MV Linear Small Parts Ultrasound Transducer,Call for Quote,2.5 time exhange cost,Call for Quote,1.5 time exhange cost,Each,Each,Refurbished,Y,2.000000,Same Day,,,,
PM30-29950,Avante Health Solutions,TOSHIBA,"Aplio, TI Assy",Call for Quote,2.5 time exhange cost,Call for Quote,1.5 time exhange cost,Each,Each,Refurbished,Y,2.000000,Same Day,,,,
PM30-30385,Avante Health Solutions,TOSHIBA,APLIO REFLOW PCB,Call for Quote,2.5 time exhange cost,Call for Quote,1.5 time exhange cost,Each,Each,Refurbished,Y,3.000000,Same Day,,,,
PM30-32088,Avante Health Solutions,TOSHIBA,RC PCB for Toshiba Aplio,Call for Quote,2.5 time exhange cost,Call for Quote,1.5 time exhange cost,Each,Each,Refurbished,Y,2.000000,Same Day,,,,
PM30-35071-1,Avante Health Solutions,TOSHIBA,BE PCB for Toshiba Aplio,Call for Quote,2.5 time exhange cost,Call for Quote,1.5 time exhange cost,Each,Each,Refurbished,Y,4.000000,Same Day,,,,
PM30-36748,Avante Health Solutions,TOSHIBA,Toshiba PC Assembly for Aplio MX,Call for Quote,2.5 time exhange cost,Call for Quote,1.5 time exhange cost,Each,Each,Refurbished,Y,1.000000,Same Day,,,,
PST-25ST,Avante Health Solutions,TOSHIBA,TOSHIBA PST-25ST Cardiac Ultrasound Transducer (VIAMO),Call for Quote,2.5 time exhange cost,Call for Quote,1.5 time exhange cost,Each,Each,Refurbished,Y,3.000000,Same Day,,,,
PVM-375MV,Avante Health Solutions,TOSHIBA,"6.0-3.0 MHz 4D Transducer, Nemio",Call for Quote,2.5 time exhange cost,Call for Quote,1.5 time exhange cost,Each,Each,Refurbished,Y,1.000000,Same Day,,,,
PVT-375BT,Avante Health Solutions,TOSHIBA,Toshiba PVT-375BT Convex Array Ultrasound Transducer,Call for Quote,2.5 time exhange cost,Call for Quote,1.5 time exhange cost,Each,Each,Refurbished,Y,3.000000,Same Day,,,,
7687580,Avante Health Solutions,Siemens,M4 Module,Call for Quote,2.5 time exhange cost,Call for Quote,1.5 time exhange cost,Each,Each,Refurbished,Y,59.000000,Same Day,,,,
77100-65870,Avante Health Solutions,PHILIPS,"Turbocine PCB (HP5500, rev. C)",Call for Quote,2.5 time exhange cost,Call for Quote,1.5 time exhange cost,Each,Each,Refurbished,Y,3.000000,Same Day,,,,
77110-68000,Avante Health Solutions,PHILIPS,HP 5500/7500 Distribution Board Non-3D,Call for Quote,2.5 time exhange cost,Call for Quote,1.5 time exhange cost,Each,Each,Refurbished,Y,1.000000,Same Day,,,,
7735082,Avante Health Solutions,Siemens,MAS 2 Board With Daughter Boards,Call for Quote,2.5 time exhange cost,Call for Quote,1.5 time exhange cost,Each,Each,Refurbished,Y,1.000000,Same Day,,,,
7741239,Avante Health Solutions,SIEMENS,Transmitter,Call for Quote,2.5 time exhange cost,Call for Quote,1.5 time exhange cost,Each,Each,Refurbished,Y,4.000000,Same Day,,,,
77922-69040,Avante Health Solutions,HP,HP Chassis Drive Assembly,Call for Quote,2.5 time exhange cost,Call for Quote,1.5 time exhange cost,Each,Each,Refurbished,Y,1.000000,Same Day,,,,
800239,Avante Health Solutions,GE,1.5T Breast Biopsy Array Coil,Call for Quote,2.5 time exhange cost,Call for Quote,1.5 time exhange cost,Each,Each,Refurbished,Y,1.000000,Same Day,,,,
8096211,Avante Health Solutions,Siemens,UMAR,Call for Quote,2.5 time exhange cost,Call for Quote,1.5 time exhange cost,Each,Each,Refurbished,Y,5.000000,Same Day,,,,
80GB SATA HDD,Avante Health Solutions,MULTIPLE,80GB SATA HDD,Call for Quote,2.5 time exhange cost,Call for Quote,1.5 time exhange cost,Each,Each,Refurbished,Y,2.000000,Same Day,,,,
8269954,Avante Health Solutions,SIEMENS,"EV-8F5 Transducer, Siemens G50",Call for Quote,2.5 time exhange cost,Call for Quote,1.5 time exhange cost,Each,Each,Refurbished,Y,1.000000,Same Day,,,,
8364130,Avante Health Solutions,Siemens,E-BOX P30F,Call for Quote,2.5 time exhange cost,Call for Quote,1.5 time exhange cost,Each,Each,Refurbished,Y,1.000000,Same Day,,,,
8365004,Avante Health Solutions,Siemens,HV Transformer P30,Call for Quote,2.5 time exhange cost,Call for Quote,1.5 time exhange cost,Each,Each,Refurbished,Y,7.000000,Same Day,,,,
8596632,Avante Health Solutions,Siemens,Connect D553 Board,Call for Quote,2.5 time exhange cost,Call for Quote,1.5 time exhange cost,Each,Each,Refurbished,Y,1.000000,Same Day,,,,
8614468,Avante Health Solutions,SIEMENS,Safety relay (K701),Call for Quote,2.5 time exhange cost,Call for Quote,1.5 time exhange cost,Each,Each,Refurbished,Y,1.000000,Same Day,,,,
8614492,Avante Health Solutions,SIEMENS,"*Rectifier 600V,35A (V702)",Call for Quote,2.5 time exhange cost,Call for Quote,1.5 time exhange cost,Each,Each,Refurbished,Y,2.000000,Same Day,,,,
8690062,Avante Health Solutions,Siemens,Fujitsu Tower HiPro 700W Power Supply,Call for Quote,2.5 time exhange cost,Call for Quote,1.5 time exhange cost,Each,Each,Refurbished,Y,2.000000,Same Day,,,,
8879587,Avante Health Solutions,Siemens,Bolt,Call for Quote,2.5 time exhange cost,Call for Quote,1.5 time exhange cost,Each,Each,Refurbished,Y,1.000000,Same Day,,,,
8879645,Avante Health Solutions,Siemens,Rubber Compression Spring,Call for Quote,2.5 time exhange cost,Call for Quote,1.5 time exhange cost,Each,Each,Refurbished,Y,1.000000,Same Day,,,,
941503188713,Avante Health Solutions,Philips,Clea Stand Power Supply,Call for Quote,2.5 time exhange cost,Call for Quote,1.5 time exhange cost,Each,Each,Refurbished,Y,9.000000,Same Day,,,,
980640282602,Avante Health Solutions,Philips,HT Cable kit,Call for Quote,2.5 time exhange cost,Call for Quote,1.5 time exhange cost,Each,Each,Refurbished,Y,2.000000,Same Day,,,,
989000002698,Avante Health Solutions,Philips,Rotor Control HS,Call for Quote,2.5 time exhange cost,Call for Quote,1.5 time exhange cost,Each,Each,Refurbished,Y,1.000000,Same Day,,,,
989000085143,Avante Health Solutions,Philips,MRC 200 0508 Rot-GS 1003 Tube,Call for Quote,2.5 time exhange cost,Call for Quote,1.5 time exhange cost,Each,Each,Refurbished,Y,1.000000,Same Day,,,,
989600002682,Avante Health Solutions,Philips,IMAGING TSO ON:400017605 SN:2346 AUG 2005,Call for Quote,2.5 time exhange cost,Call for Quote,1.5 time exhange cost,Each,Each,Refurbished,Y,1.000000,Same Day,,,,
989600133052,Avante Health Solutions,Philips,CLEA SPACER,Call for Quote,2.5 time exhange cost,Call for Quote,1.5 time exhange cost,Each,Each,Refurbished,Y,6.000000,Same Day,,,,
PHILIPS CLA 4.0 40MM,Avante Health Solutions,PHILIPS,Philips CLA 4.0 40mm,Call for Quote,2.5 time exhange cost,Call for Quote,1.5 time exhange cost,Each,Each,Refurbished,Y,1.000000,Same Day,,,,
PHILIPS.C103V.COMPACT,Avante Health Solutions,PHILIPS,"PHILIPS C10-3V COMPACT TRANSDUCER (EPIQ 5/7, AFFINITI 70, CX50)",Call for Quote,2.5 time exhange cost,Call for Quote,1.5 time exhange cost,Each,Each,Refurbished,Y,4.000000,Same Day,,,,
PHILIPS.C51.COMPACT,Avante Health Solutions,PHILIPS,"PHILIPS C5-1 COMPACT TRANSDUCER (EPIQ 5/7, AFFINITI 70, CX50)",Call for Quote,2.5 time exhange cost,Call for Quote,1.5 time exhange cost,Each,Each,Refurbished,Y,13.000000,Same Day,,,,
PHILIPS.C95EC.EXP,Avante Health Solutions,PHILIPS,Philips C9-5ec Endocavity Transducer,Call for Quote,2.5 time exhange cost,Call for Quote,1.5 time exhange cost,Each,Each,Refurbished,Y,1.000000,Same Day,,,,
PHILIPS.L123.COMPACT,Avante Health Solutions,PHILIPS,"PHILIPS L12-3 COMPACT Transducer (CX50, EPIQ 5/7/Affinity)",Call for Quote,2.5 time exhange cost,Call for Quote,1.5 time exhange cost,Each,Each,Refurbished,Y,4.000000,Same Day,,,,
PHILIPS.L125.COMPACT,Avante Health Solutions,PHILIPS,"PHILIPS L12-5 COMPACT TRANSDUCER (EPIQ 5/7, CX50, AFFINITY 50/70)",Call for Quote,2.5 time exhange cost,Call for Quote,1.5 time exhange cost,Each,Each,Refurbished,Y,4.000000,Same Day,,,,
PHILIPS.L157IO.COMPACT,Avante Health Solutions,PHILIPS,Philips L15-7io Linear Ultrasound Transducer (Compact),Call for Quote,2.5 time exhange cost,Call for Quote,1.5 time exhange cost,Each,Each,Refurbished,Y,1.000000,Same Day,,,,
PHILIPS.L175.EXP,Avante Health Solutions,PHILIPS,Philips L17-5 Linear Array Ultrasound Transducer,Call for Quote,2.5 time exhange cost,Call for Quote,1.5 time exhange cost,Each,Each,Refurbished,Y,21.000000,Same Day,,,,
PHILIPS.S73T.COMPACT,Avante Health Solutions,PHILIPS,Philips S7-3t Compact Ultrasound Transducer,Call for Quote,2.5 time exhange cost,Call for Quote,1.5 time exhange cost,Each,Each,Refurbished,Y,2.000000,Same Day,,,,
PM30-32039,Avante Health Solutions,TOSHIBA,"Video Interface Board, Aplio",Call for Quote,2.5 time exhange cost,Call for Quote,1.5 time exhange cost,Each,Each,Refurbished,Y,2.000000,Same Day,,,,
PM30-35821,Avante Health Solutions,TOSHIBA,Toshiba Aplio XG/MX power supply,Call for Quote,2.5 time exhange cost,Call for Quote,1.5 time exhange cost,Each,Each,Refurbished,Y,1.000000,Same Day,,,,
PHILIPS.L123.COMPACT-ERGO,Avante Health Solutions,PHILIPS,"Philips L12-3 Ergo, must have 4.x software or higher (EPIQ/AFFINITI) - 45356196543x",Call for Quote,2.5 time exhange cost,Call for Quote,1.5 time exhange cost,Each,Each,Refurbished,Y,4.000000,Same Day,,,,
PHILIPS.X51.EXP,Avante Health Solutions,PHILIPS,Philips X5-1 Matrix Array Ultrasound Transducer (Explora),Call for Quote,2.5 time exhange cost,Call for Quote,1.5 time exhange cost,Each,Each,Refurbished,Y,3.000000,Same Day,,,,
PHILIPS.X61.EXP,Avante Health Solutions,PHILIPS,Philips X6-1 xMatrix Array Ultrasound Transducer (Explora),Call for Quote,2.5 time exhange cost,Call for Quote,1.5 time exhange cost,Each,Each,Refurbished,Y,40.000000,Same Day,,,,
PHILIPS.X72T.COMPACT-N,Avante Health Solutions,PHILIPS,"Philips X7-2t COMPACT Transducer (EPIQ 5/7, CX50, AFFINITI 50/70)",Call for Quote,2.5 time exhange cost,Call for Quote,1.5 time exhange cost,Each,Each,New OEM Original,Y,3.000000,Same Day,,,,
PLM-703AT,Avante Health Solutions,TOSHIBA,Toshiba PLM-703AT (11-6 MHZ) Linear Ultrasound Transducer,Call for Quote,2.5 time exhange cost,Call for Quote,1.5 time exhange cost,Each,Each,Refurbished,Y,1.000000,Same Day,,,,
PM30-32263,Avante Health Solutions,TOSHIBA,TR PCB for Toshiba Aplio,Call for Quote,2.5 time exhange cost,Call for Quote,1.5 time exhange cost,Each,Each,Refurbished,Y,3.000000,Same Day,,,,
PM30-33148,Avante Health Solutions,TOSHIBA,"APLIO MX, POWER SUPPLY",Call for Quote,2.5 time exhange cost,Call for Quote,1.5 time exhange cost,Each,Each,Refurbished,Y,2.000000,Same Day,,,,
PM30-34970,Avante Health Solutions,TOSHIBA,Toshiba Xario I/O Assy,Call for Quote,2.5 time exhange cost,Call for Quote,1.5 time exhange cost,Each,Each,Refurbished,Y,1.000000,Same Day,,,,
PM30-35065,Avante Health Solutions,TOSHIBA,Toshiba Xario RC Board,Call for Quote,2.5 time exhange cost,Call for Quote,1.5 time exhange cost,Each,Each,Refurbished,Y,5.000000,Same Day,,,,
PM30-38881,Avante Health Solutions,TOSHIBA,Toshiba Xario Trans-Unit,Call for Quote,2.5 time exhange cost,Call for Quote,1.5 time exhange cost,Each,Each,Refurbished,Y,1.000000,Same Day,,,,
PM30-39546,Avante Health Solutions,TOSHIBA,APLIO 300/500 ATX Power Supply,Call for Quote,2.5 time exhange cost,Call for Quote,1.5 time exhange cost,Each,Each,Refurbished,Y,1.000000,Same Day,,,,
PVT-675MVL,Avante Health Solutions,TOSHIBA,Toshiba PVT-675MVL Ultrasound Transducer (Aplio/Xario),Call for Quote,2.5 time exhange cost,Call for Quote,1.5 time exhange cost,Each,Each,Refurbished,Y,1.000000,Same Day,,,,
PX74-06047-3,Avante Health Solutions,Toshiba,MHR-FC,Call for Quote,2.5 time exhange cost,Call for Quote,1.5 time exhange cost,Each,Each,Refurbished,Y,1.000000,Same Day,,,,
PX77-96252*A,Avante Health Solutions,Toshiba,PRTM,Call for Quote,2.5 time exhange cost,Call for Quote,1.5 time exhange cost,Each,Each,Refurbished,Y,1.000000,Same Day,,,,
QUADRO FX580 VIDEO CARD,Avante Health Solutions,,Quadro FX580 Video Card,Call for Quote,2.5 time exhange cost,Call for Quote,1.5 time exhange cost,Each,Each,Refurbished,Y,1.000000,Same Day,,,,
RX3004-00-01,Avante Health Solutions,GE,SS14500-3 Hobolink Magnet Monitoring System - Cellular,Call for Quote,2.5 time exhange cost,Call for Quote,1.5 time exhange cost,Each,Each,Refurbished,Y,2.000000,Same Day,,,,
S2354258-7,Avante Health Solutions,GE,TR32 Board (Vivid I / Q),Call for Quote,2.5 time exhange cost,Call for Quote,1.5 time exhange cost,Each,Each,Refurbished,Y,1.000000,Same Day,,,,
S2422978,Avante Health Solutions,GE,"VIVID Q, USB Hub PCB",Call for Quote,2.5 time exhange cost,Call for Quote,1.5 time exhange cost,Each,Each,Refurbished,Y,1.000000,Same Day,,,,
S26381H73M701,Avante Health Solutions,Siemens,FUJITSU KEYBOARD,Call for Quote,2.5 time exhange cost,Call for Quote,1.5 time exhange cost,Each,Each,Refurbished,Y,1.000000,Same Day,,,,
S5399322,Avante Health Solutions,GE,CFE - cSound Front End module FRU Vivid S70,Call for Quote,2.5 time exhange cost,Call for Quote,1.5 time exhange cost,Each,Each,Refurbished,Y,2.000000,Same Day,,,,
S5409443,Avante Health Solutions,GE,BIF- Back End Interface module Vivid S70,Call for Quote,2.5 time exhange cost,Call for Quote,1.5 time exhange cost,Each,Each,Refurbished,Y,3.000000,Same Day,,,,
SAMSUNG C2-6 TRANSDUCER,Avante Health Solutions,SAMSUNG,Samsung C2-6 Transducer,Call for Quote,2.5 time exhange cost,Call for Quote,1.5 time exhange cost,Each,Each,Refurbished,Y,1.000000,Same Day,,,,
SAMSUNG SC1-6,Avante Health Solutions,SAMSUNG,Samsung SC1-6 Convex Ultrasound Transducer,Call for Quote,2.5 time exhange cost,Call for Quote,1.5 time exhange cost,Each,Each,Refurbished,Y,2.000000,Same Day,,,,
989600182686,Avante Health Solutions,Philips,TSM Swingarm,Call for Quote,2.5 time exhange cost,Call for Quote,1.5 time exhange cost,Each,Each,Refurbished,Y,3.000000,Same Day,,,,
989600183333,Avante Health Solutions,Philips,HANDSWITCH WALL MOUNT,Call for Quote,2.5 time exhange cost,Call for Quote,1.5 time exhange cost,Each,Each,Refurbished,Y,10.000000,Same Day,,,,
989600183334,Avante Health Solutions,Philips,HANDSWITCH WALL MOUNT,Call for Quote,2.5 time exhange cost,Call for Quote,1.5 time exhange cost,Each,Each,Refurbished,Y,1.000000,Same Day,,,,
989600184652,Avante Health Solutions,Philips,Monitor Boom Actuator (Long),Call for Quote,2.5 time exhange cost,Call for Quote,1.5 time exhange cost,Each,Each,Refurbished,Y,1.000000,Same Day,,,,
989600215993,Avante Health Solutions,Philips,LAIRD Detector Chiller,Call for Quote,2.5 time exhange cost,Call for Quote,1.5 time exhange cost,Each,Each,Refurbished,Y,10.000000,Same Day,,,,
989601022311,Avante Health Solutions,Philips,NICOL V2 VASC FD COLLIMATOR (ONLY FOR FD),Call for Quote,2.5 time exhange cost,Call for Quote,1.5 time exhange cost,Each,Each,Refurbished,Y,3.000000,Same Day,,,,
989601028101,Avante Health Solutions,Philips,FD10 GRID,Call for Quote,2.5 time exhange cost,Call for Quote,1.5 time exhange cost,Each,Each,Refurbished,Y,1.000000,Same Day,,,,
989601029531,Avante Health Solutions,Philips,FD20 GRID,Call for Quote,2.5 time exhange cost,Call for Quote,1.5 time exhange cost,Each,Each,Refurbished,Y,2.000000,Same Day,,,,
989601040071,Avante Health Solutions,Philips,Footswitch,Call for Quote,2.5 time exhange cost,Call for Quote,1.5 time exhange cost,Each,Each,Refurbished,Y,1.000000,Same Day,,,,
989601060691,Avante Health Solutions,,fd10 grid,Call for Quote,2.5 time exhange cost,Call for Quote,1.5 time exhange cost,Each,Each,Refurbished,Y,5.000000,Same Day,,,,
991932051092,Avante Health Solutions,Philips,"18"" Monochrome Monitor",Call for Quote,2.5 time exhange cost,Call for Quote,1.5 time exhange cost,Each,Each,Refurbished,Y,1.000000,Same Day,,,,
991932051531,Avante Health Solutions,Philips,"19"" Monochrome Monitor CR",Call for Quote,2.5 time exhange cost,Call for Quote,1.5 time exhange cost,Each,Each,Refurbished,Y,6.000000,Same Day,,,,
PM30-41168-2,Avante Health Solutions,TOSHIBA,Toshiba TX Assembly,Call for Quote,2.5 time exhange cost,Call for Quote,1.5 time exhange cost,Each,Each,Refurbished,Y,1.000000,Same Day,,,,
PM30-41458,Avante Health Solutions,TOSHIBA,TRANSDUCER INTERFACE ASSEMBLY REV E i800,Call for Quote,2.5 time exhange cost,Call for Quote,1.5 time exhange cost,Each,Each,Refurbished,Y,1.000000,Same Day,,,,
SAMSUNG L032FGA,Avante Health Solutions,SAMSUNG,LA3-16AI Intraoperative Probe,Call for Quote,2.5 time exhange cost,Call for Quote,1.5 time exhange cost,Each,Each,Refurbished,Y,1.000000,Same Day,,,,
SAMSUNG L06FN2A,Avante Health Solutions,Samsung,LS6-15 Hockey Stick Linear Array Probe,Call for Quote,2.5 time exhange cost,Call for Quote,1.5 time exhange cost,Each,Each,Refurbished,Y,1.000000,Same Day,,,,
SIEMENS 3.5C40H,Avante Health Solutions,SIEMENS,Siemens 3.5C40H,Call for Quote,2.5 time exhange cost,Call for Quote,1.5 time exhange cost,Each,Each,Refurbished,Y,1.000000,Same Day,,,,
SIEMENS 7CF2 MP,Avante Health Solutions,SIEMENS,Siemens 7CF2 Curved Ultrasound Transducer,Call for Quote,2.5 time exhange cost,Call for Quote,1.5 time exhange cost,Each,Each,Refurbished,Y,1.000000,Same Day,,,,
SIEMENS C5-2 FOR G20,Avante Health Solutions,SIEMENS,Siemens C5-2 for G20,Call for Quote,2.5 time exhange cost,Call for Quote,1.5 time exhange cost,Each,Each,Refurbished,Y,1.000000,Same Day,,,,
SIEMENS P5-1,Avante Health Solutions,SIEMENS,Siemens 1.0-5.0 MHz Phased Array,Call for Quote,2.5 time exhange cost,Call for Quote,1.5 time exhange cost,Each,Each,Refurbished,Y,1.000000,Same Day,,,,
SLA1079,Avante Health Solutions,GE,12V 8AH BATTERY,Call for Quote,2.5 time exhange cost,Call for Quote,1.5 time exhange cost,Each,Each,Refurbished,Y,3.000000,Same Day,,,,
SOHO-GSW608T,Avante Health Solutions,Siemens,Ethernet Switch,Call for Quote,2.5 time exhange cost,Call for Quote,1.5 time exhange cost,Each,Each,Refurbished,Y,1.000000,Same Day,,,,
ST500DM002,Avante Health Solutions,Philips,"500GB N/A 16MB Cache SATA 6.0Gb/s 3.5"" Internal Hard Drive",Call for Quote,2.5 time exhange cost,Call for Quote,1.5 time exhange cost,Each,Each,Refurbished,Y,2.000000,Same Day,,,,
PM30-38696,Avante Health Solutions,TOSHIBA,Toshiba Aplio BV PCB,Call for Quote,2.5 time exhange cost,Call for Quote,1.5 time exhange cost,Each,Each,Refurbished,Y,2.000000,Same Day,,,,
PM30-39260,Avante Health Solutions,TOSHIBA,"Toshiba Aplio-A Series, TI Assy.",Call for Quote,2.5 time exhange cost,Call for Quote,1.5 time exhange cost,Each,Each,Refurbished,Y,5.000000,Same Day,,,,
PM30-39847,Avante Health Solutions,TOSHIBA,APLIO 300/500 Power supply,Call for Quote,2.5 time exhange cost,Call for Quote,1.5 time exhange cost,Each,Each,Refurbished,Y,2.000000,Same Day,,,,
PSF-50ET,Avante Health Solutions,TOSHIBA,Neonatal Cephalic Transducer,Call for Quote,2.5 time exhange cost,Call for Quote,1.5 time exhange cost,Each,Each,Refurbished,Y,1.000000,Same Day,,,,
PSM-37CT,Avante Health Solutions,TOSHIBA,Toshiba 3.2-5.0 Mhz Sector X'dcr.,Call for Quote,2.5 time exhange cost,Call for Quote,1.5 time exhange cost,Each,Each,Refurbished,Y,1.000000,Same Day,,,,
PVT-382BT,Avante Health Solutions,TOSHIBA,Toshiba PVT-382BT (1.8-5.5 MHZ) Convex Ultrasound Transducer,Call for Quote,2.5 time exhange cost,Call for Quote,1.5 time exhange cost,Each,Each,Refurbished,Y,28.000000,Same Day,,,,
PVT-681MV,Avante Health Solutions,TOSHIBA,TOSHIBA 3D/4D Intracavity X'dcr,Call for Quote,2.5 time exhange cost,Call for Quote,1.5 time exhange cost,Each,Each,Refurbished,Y,1.000000,Same Day,,,,
PX79-11180*C,Avante Health Solutions,Toshiba,GCIFA w/Daughter Board,Call for Quote,2.5 time exhange cost,Call for Quote,1.5 time exhange cost,Each,Each,Refurbished,Y,1.000000,Same Day,,,,
PX79-26870*B,Avante Health Solutions,Toshiba,"PWB, GCIFA",Call for Quote,2.5 time exhange cost,Call for Quote,1.5 time exhange cost,Each,Each,Refurbished,Y,1.000000,Same Day,,,,
R2354258-12,Avante Health Solutions,GE,TR32 Board (Vivid I),Call for Quote,2.5 time exhange cost,Call for Quote,1.5 time exhange cost,Each,Each,Refurbished,Y,4.000000,Same Day,,,,
S2418592,Avante Health Solutions,GE,"GE, PSB Board-VS6 RSPL KIT",Call for Quote,2.5 time exhange cost,Call for Quote,1.5 time exhange cost,Each,Each,Refurbished,Y,1.000000,Same Day,,,,
SIEMENS 10L4 MP456-N,Avante Health Solutions,SIEMENS,Siemens 10L4 MP456 10787114 Sequoia NG,Call for Quote,2.5 time exhange cost,Call for Quote,1.5 time exhange cost,Each,Each,New OEM Original,Y,1.000000,Same Day,,,,
991932252101,Avante Health Solutions,Philips,"19"" Monochrome Monitor CR",Call for Quote,2.5 time exhange cost,Call for Quote,1.5 time exhange cost,Each,Each,Refurbished,Y,17.000000,Same Day,,,,
991932252134,Avante Health Solutions,Philips,"19"" Color LCD Monitor CR (DC19-LCR)",Call for Quote,2.5 time exhange cost,Call for Quote,1.5 time exhange cost,Each,Each,Refurbished,Y,4.000000,Same Day,,,,
991932252144,Avante Health Solutions,Philips,"19"" Color Monitor ER (DC19-LER)",Call for Quote,2.5 time exhange cost,Call for Quote,1.5 time exhange cost,Each,Each,Refurbished,Y,2.000000,Same Day,,,,
991932252192,Avante Health Solutions,Philips,"19"" Monochrome Monitor ER",Call for Quote,2.5 time exhange cost,Call for Quote,1.5 time exhange cost,Each,Each,Refurbished,Y,1.000000,Same Day,,,,
991932612011,Avante Health Solutions,Philips,Proscribe CV-I,Call for Quote,2.5 time exhange cost,Call for Quote,1.5 time exhange cost,Each,Each,Refurbished,Y,5.000000,Same Day,,,,
991932612021,Avante Health Solutions,Philips,Proscribe CV-A,Call for Quote,2.5 time exhange cost,Call for Quote,1.5 time exhange cost,Each,Each,Refurbished,Y,5.000000,Same Day,,,,
A70P15-1,Avante Health Solutions,GE,"A70P 15 Amp, 700V, Semiconductor, Ferraz A70P15-1, A70P 15A Fuse",Call for Quote,2.5 time exhange cost,Call for Quote,1.5 time exhange cost,Each,Each,Refurbished,Y,25.000000,Same Day,,,,
ACU V4C,Avante Health Solutions,SIEMENS,Acuson V4C,Call for Quote,2.5 time exhange cost,Call for Quote,1.5 time exhange cost,Each,Each,Refurbished,Y,1.000000,Same Day,,,,
ACUSON 4V1C PINLESS,Avante Health Solutions,SIEMENS,4V1c Sector Array Transducer 4-1 MHz. For transthoracic adult and pediatric cardiology stress echo coronary artery imaging stress echo coronary artery imaging contrast agent studies and transcranial applications.,Call for Quote,2.5 time exhange cost,Call for Quote,1.5 time exhange cost,Each,Each,Refurbished,Y,1.000000,Same Day,,,,
ACUSON 6L3,Avante Health Solutions,SIEMENS,Acuson 6.-3. Mhz Linear Transducer,Call for Quote,2.5 time exhange cost,Call for Quote,1.5 time exhange cost,Each,Each,Refurbished,Y,25.000000,Same Day,,,,
ACUSON 6L3 PINLESS,Avante Health Solutions,SIEMENS,Acuson 6L3 Pinless,Call for Quote,2.5 time exhange cost,Call for Quote,1.5 time exhange cost,Each,Each,Refurbished,Y,2.000000,Same Day,,,,
SIEMENS 14L5 MP456,Avante Health Solutions,SIEMENS,SIEMENS 14L5 (MP456) Ultrasound Transducer (New Sequoia),Call for Quote,2.5 time exhange cost,Call for Quote,1.5 time exhange cost,Each,Each,Refurbished,Y,1.000000,Same Day,,,,
SIEMENS 3.5C40S,Avante Health Solutions,SIEMENS,Siemens 3.5C40S Curved Ultrasound Transducer,Call for Quote,2.5 time exhange cost,Call for Quote,1.5 time exhange cost,Each,Each,Refurbished,Y,6.000000,Same Day,,,,
SIEMENS 6.5EV13S,Avante Health Solutions,SIEMENS,Siemens 6.5EV13S,Call for Quote,2.5 time exhange cost,Call for Quote,1.5 time exhange cost,Each,Each,Refurbished,Y,1.000000,Same Day,,,,
SIEMENS 7CF1,Avante Health Solutions,SIEMENS,Siemens 7CF1,Call for Quote,2.5 time exhange cost,Call for Quote,1.5 time exhange cost,Each,Each,Refurbished,Y,2.000000,Same Day,,,,
SIEMENS CW2,Avante Health Solutions,SIEMENS,Siemens CW2 Doppler Pencil Transducer (10789380 S2000 SC2000 X-Series ),Call for Quote,2.5 time exhange cost,Call for Quote,1.5 time exhange cost,Each,Each,Refurbished,Y,5.000000,Same Day,,,,
SIEMENS EV9F4,Avante Health Solutions,SIEMENS,Siemens 9-4MHz 3D/4D Endo Transducer,Call for Quote,2.5 time exhange cost,Call for Quote,1.5 time exhange cost,Each,Each,Refurbished,Y,1.000000,Same Day,,,,
SIEMENS PH4-1,Avante Health Solutions,SIEMENS,Siemens PH4-1 (1-2 MHZ) Phased Ultrasound Transducer,Call for Quote,2.5 time exhange cost,Call for Quote,1.5 time exhange cost,Each,Each,Refurbished,Y,28.000000,Same Day,,,,
ST336807FC,Avante Health Solutions,Toshiba,Seagate Cheetah 10K.7 36GB Hard Drive,Call for Quote,2.5 time exhange cost,Call for Quote,1.5 time exhange cost,Each,Each,Refurbished,Y,1.000000,Same Day,,,,
ST3500418AS,Avante Health Solutions,GE,Hard Drive 500 GB,Call for Quote,2.5 time exhange cost,Call for Quote,1.5 time exhange cost,Each,Each,Refurbished,Y,9.000000,Same Day,,,,
ST373454LC,Avante Health Solutions,GE,"Seagate Cheetah 15K Hard Drive, 73gb, Ultra320 SCSI, 8MB Cache, 80 pin",Call for Quote,2.5 time exhange cost,Call for Quote,1.5 time exhange cost,Each,Each,Refurbished,Y,4.000000,Same Day,,,,
ST373455LW,Avante Health Solutions,GE,GE IP DISK,Call for Quote,2.5 time exhange cost,Call for Quote,1.5 time exhange cost,Each,Each,Refurbished,Y,13.000000,Same Day,,,,
8365707,Avante Health Solutions,Siemens,HT TANK,Call for Quote,2.5 time exhange cost,Call for Quote,1.5 time exhange cost,Each,Each,Refurbished,Y,10.000000,Same Day,,,,
8377637,Avante Health Solutions,Siemens,C-Box Backplane Assembly,Call for Quote,2.5 time exhange cost,Call for Quote,1.5 time exhange cost,Each,Each,Refurbished,Y,3.000000,Same Day,,,,
8428018,Avante Health Solutions,Siemens,DAS Control,Call for Quote,2.5 time exhange cost,Call for Quote,1.5 time exhange cost,Each,Each,Refurbished,Y,4.000000,Same Day,,,,
8428299,Avante Health Solutions,Siemens,Module P29F cpl,Call for Quote,2.5 time exhange cost,Call for Quote,1.5 time exhange cost,Each,Each,Refurbished,Y,1.000000,Same Day,,,,
8501560,Avante Health Solutions,GE,GE Logiq P9 23.8 inch monitor,Call for Quote,2.5 time exhange cost,Call for Quote,1.5 time exhange cost,Each,Each,Refurbished,Y,1.000000,Same Day,,,,
8614369,Avante Health Solutions,SIEMENS,*Timing belt TS,Call for Quote,2.5 time exhange cost,Call for Quote,1.5 time exhange cost,Each,Each,Refurbished,Y,2.000000,Same Day,,,,
8614450,Avante Health Solutions,SIEMENS,*Fuse 1 AT,Call for Quote,2.5 time exhange cost,Call for Quote,1.5 time exhange cost,Each,Each,Refurbished,Y,4.000000,Same Day,,,,
8614484,Avante Health Solutions,SIEMENS,Relay (K709),Call for Quote,2.5 time exhange cost,Call for Quote,1.5 time exhange cost,Each,Each,Refurbished,Y,2.000000,Same Day,,,,
8614617,Avante Health Solutions,SIEMENS,Foot cover left PHS3,Call for Quote,2.5 time exhange cost,Call for Quote,1.5 time exhange cost,Each,Each,Refurbished,Y,2.000000,Same Day,,,,
8614831,Avante Health Solutions,,SENSOR STT,Call for Quote,2.5 time exhange cost,Call for Quote,1.5 time exhange cost,Each,Each,Refurbished,Y,2.000000,Same Day,,,,
8617792,Avante Health Solutions,SIEMENS,Cable set MPT2,Call for Quote,2.5 time exhange cost,Call for Quote,1.5 time exhange cost,Each,Each,Refurbished,Y,1.000000,Same Day,,,,
8673530,Avante Health Solutions,,Frequency converter,Call for Quote,2.5 time exhange cost,Call for Quote,1.5 time exhange cost,Each,Each,Refurbished,Y,8.000000,Same Day,,,,
ULTRASONIX MONITOR,Avante Health Solutions,ULTRASONIX,Ultrasonix MONITOR,Call for Quote,2.5 time exhange cost,Call for Quote,1.5 time exhange cost,Each,Each,Refurbished,Y,1.000000,Same Day,,,,
USP-C025G0A,Avante Health Solutions,SAMSUNG,C2-5 convex probe with a frequency range of 2-5 MHZ designed for Abdominal and  OB/GYN imaging.,Call for Quote,2.5 time exhange cost,Call for Quote,1.5 time exhange cost,Each,Each,Refurbished,Y,1.000000,Same Day,,,,
USP-L03GN4A,Avante Health Solutions,SAMSUNG,"LA3-16AD  linear array probe with a frequency range of 3-16 MHz and a footprint of 40 mm designed for  vascular, small parts and musculoskeletal imaging",Call for Quote,2.5 time exhange cost,Call for Quote,1.5 time exhange cost,Each,Each,Refurbished,Y,2.000000,Same Day,,,,
USP-L03MF2A/WR,Avante Health Solutions,SAMSUNG,"LA3-22AI, Samsung ""Hockey Stick"" shaped linear transducer with frequency range of 3-22 MHZ",Call for Quote,2.5 time exhange cost,Call for Quote,1.5 time exhange cost,Each,Each,Refurbished,Y,1.000000,Same Day,,,,
USP-L05DF4B,Avante Health Solutions,SAMSUNG,"LF5-13  linear array probe with a frequency range of 5-13 MHz and a footprint of 38 mm designed for  vascular, small parts and musculoskeletal imaging",Call for Quote,2.5 time exhange cost,Call for Quote,1.5 time exhange cost,Each,Each,Refurbished,Y,1.000000,Same Day,,,,
USP-P024N0B/WR,Avante Health Solutions,SAMSUNG,Samsung PN2-4 (2-4 MHz) Phased Array Ultrasound Transducer,Call for Quote,2.5 time exhange cost,Call for Quote,1.5 time exhange cost,Each,Each,Refurbished,Y,2.000000,Same Day,,,,
V705B,Avante Health Solutions,,V705B TEE Transducer. For pediatric and neonatal TEE applications,Call for Quote,2.5 time exhange cost,Call for Quote,1.5 time exhange cost,Each,Each,Refurbished,Y,1.000000,Same Day,,,,
V730 DFI-ATX SBC,Avante Health Solutions,GE,Voluson 730 DFI-ATX SBC Generic part number-no part number found in manuals,Call for Quote,2.5 time exhange cost,Call for Quote,1.5 time exhange cost,Each,Each,Refurbished,Y,1.000000,Same Day,,,,
WD2500BHTZ,Avante Health Solutions,Western Digital,Western Digital WD VelociRaptor 250GB Hard Drive WD2500BHTZ,Call for Quote,2.5 time exhange cost,Call for Quote,1.5 time exhange cost,Each,Each,Refurbished,Y,2.000000,Same Day,,,,
WHITE PS2 KEYBOARD,Avante Health Solutions,,"Perixx Periboard (107W) Wired PS2, Full Size Performance Keyboard - White - US English, 2m cable",Call for Quote,2.5 time exhange cost,Call for Quote,1.5 time exhange cost,Each,Each,Refurbished,Y,2.000000,Same Day,,,,
TDL0000-DL,Avante Health Solutions,Philips / Eizo,Dual Link DVI Extender Set,Call for Quote,2.5 time exhange cost,Call for Quote,1.5 time exhange cost,Each,Each,Refurbished,Y,2.000000,Same Day,,,,
TOSHIBA PVT-745BTV,Avante Health Solutions,TOSHIBA,Toshiba PVT-745BTV,Call for Quote,2.5 time exhange cost,Call for Quote,1.5 time exhange cost,Each,Each,Refurbished,Y,1.000000,Same Day,,,,
UF25GC12,Avante Health Solutions,Philips,"10"" Fan Round",Call for Quote,2.5 time exhange cost,Call for Quote,1.5 time exhange cost,Each,Each,Refurbished,Y,15.000000,Same Day,,,,
UP-D897MD,Avante Health Solutions,MULTIPLE,Sony Digital B/W Thermal Printer,Call for Quote,2.5 time exhange cost,Call for Quote,1.5 time exhange cost,Each,Each,Refurbished,Y,3.000000,Same Day,,,,
UP-D898MD,Avante Health Solutions,,Sony UP-D898MD B/W Hybrid Video Graphic Printer,Call for Quote,2.5 time exhange cost,Call for Quote,1.5 time exhange cost,Each,Each,Refurbished,Y,3.000000,Same Day,,,,
USP-L06FN2A,Avante Health Solutions,SAMSUNG,LS6-15  Hockey Stick shaped linear probe with frequency range of 6-15 MHZ and a footprint of 25.6 mm designed for superficial MSK and Vascular imaging. Supported on HM0A with Plus,Call for Quote,2.5 time exhange cost,Call for Quote,1.5 time exhange cost,Each,Each,Refurbished,Y,2.000000,Same Day,,,,
USP-P015FSA/WR,Avante Health Solutions,Samsung,PA1-5A S-Vue phased array sector probe,Call for Quote,2.5 time exhange cost,Call for Quote,1.5 time exhange cost,Each,Each,Refurbished,Y,1.000000,Same Day,,,,
USP-P015NSA/WR,Avante Health Solutions,SAMSUNG,PA1-5A S-Vue phased array sector probe,Call for Quote,2.5 time exhange cost,Call for Quote,1.5 time exhange cost,Each,Each,Refurbished,Y,1.000000,Same Day,,,,
USP-P04CG0A,Avante Health Solutions,SAMSUNG,P4-12 phased array sector probe with a frequency range of 3-8 MHz designed for pediatric cardiology and cranial imaging.,Call for Quote,2.5 time exhange cost,Call for Quote,1.5 time exhange cost,Each,Each,Refurbished,Y,1.000000,Same Day,,,,
VCQK2000-PB,Avante Health Solutions,Siemens,NVIDIA Quadro K2000,Call for Quote,2.5 time exhange cost,Call for Quote,1.5 time exhange cost,Each,Each,Refurbished,Y,1.000000,Same Day,,,,
WDS100T3B0A,Avante Health Solutions,Western Digital,"WD Blue 1TB Sata 6.0Gb/s 2.5"" Internal SSD",Call for Quote,2.5 time exhange cost,Call for Quote,1.5 time exhange cost,Each,Each,Refurbished,Y,4.000000,Same Day,,,,
8675956,Avante Health Solutions,,S301 Switch,Call for Quote,2.5 time exhange cost,Call for Quote,1.5 time exhange cost,Each,Each,Refurbished,Y,1.000000,Same Day,,,,
8677051,Avante Health Solutions,Siemens,"Monitor 19"" B&W DSB 1906-DC",Call for Quote,2.5 time exhange cost,Call for Quote,1.5 time exhange cost,Each,Each,Refurbished,Y,1.000000,Same Day,,,,
8681426,Avante Health Solutions,Siemens,AC DC IN230V NV350 350W Power Supply,Call for Quote,2.5 time exhange cost,Call for Quote,1.5 time exhange cost,Each,Each,Refurbished,Y,1.000000,Same Day,,,,
8685567,Avante Health Solutions,SIEMENS,NOISE FILTER 480V 50/60Hz 3x35A,Call for Quote,2.5 time exhange cost,Call for Quote,1.5 time exhange cost,Each,Each,Refurbished,Y,12.000000,Same Day,,,,
8770000-123-N,Avante Health Solutions,GE,Enterprise Performance 10k.8 300gb Sas-12gbps 128mb Buffer 2.5inch Internal Hard Disk Drive,Call for Quote,2.5 time exhange cost,Call for Quote,1.5 time exhange cost,Each,Each,New OEM Original,Y,3.000000,Same Day,,,,
8770000-41,Avante Health Solutions,GE,HP Z840 E5-2640V3 64GB Nvidia SAS HDD for HDE5,Call for Quote,2.5 time exhange cost,Call for Quote,1.5 time exhange cost,Each,Each,Refurbished,Y,1.000000,Same Day,,,,
8872900,Avante Health Solutions,Siemens,P30L Collimator,Call for Quote,2.5 time exhange cost,Call for Quote,1.5 time exhange cost,Each,Each,Refurbished,Y,2.000000,Same Day,,,,
8879595,Avante Health Solutions,Siemens,Screw,Call for Quote,2.5 time exhange cost,Call for Quote,1.5 time exhange cost,Each,Each,Refurbished,Y,1.000000,Same Day,,,,
8902319,Avante Health Solutions,SIEMENS,Balancing sensor_front,Call for Quote,2.5 time exhange cost,Call for Quote,1.5 time exhange cost,Each,Each,Refurbished,Y,7.000000,Same Day,,,,
8902665,Avante Health Solutions,,W396 Fiber Optic Cable,Call for Quote,2.5 time exhange cost,Call for Quote,1.5 time exhange cost,Each,Each,Refurbished,Y,1.000000,Same Day,,,,
8K0462,Avante Health Solutions,Philips,Hitachi 82.3GB IDE,Call for Quote,2.5 time exhange cost,Call for Quote,1.5 time exhange cost,Each,Each,Refurbished,Y,2.000000,Same Day,,,,
WS1.1-750-420A-L075-SIE2,Avante Health Solutions,Siemens,Vertical Encoder,Call for Quote,2.5 time exhange cost,Call for Quote,1.5 time exhange cost,Each,Each,Refurbished,Y,1.000000,Same Day,,,,
SIEMENS 18L6 MP456,Avante Health Solutions,SIEMENS,Siemens 18L6  (MP456) Linear Ultrasound Transducer 10787113 (NEW SEQUOIA),Call for Quote,2.5 time exhange cost,Call for Quote,1.5 time exhange cost,Each,Each,Refurbished,Y,1.000000,Same Day,,,,
SIEMENS 5.0HDPL40 (FOR EL,Avante Health Solutions,SIEMENS,Siemens 5.0HDPL40 (for Elegra Sys.),Call for Quote,2.5 time exhange cost,Call for Quote,1.5 time exhange cost,Each,Each,Refurbished,Y,2.000000,Same Day,,,,
SIEMENS 5.0L45 X'DCR. (G6,Avante Health Solutions,SIEMENS,SIEMENS 5.0L45 X'Dcr. (G60),Call for Quote,2.5 time exhange cost,Call for Quote,1.5 time exhange cost,Each,Each,Refurbished,Y,1.000000,Same Day,,,,
SIEMENS C5-2,Avante Health Solutions,SIEMENS,Siemens C5-2 Convex Transducer,Call for Quote,2.5 time exhange cost,Call for Quote,1.5 time exhange cost,Each,Each,Refurbished,Y,1.000000,Same Day,,,,
SIEMENS MC9-4 MP,Avante Health Solutions,SIEMENS,Siemens MC9-4 Ultrasound Transducer (S1000/2000/3000),Call for Quote,2.5 time exhange cost,Call for Quote,1.5 time exhange cost,Each,Each,Refurbished,Y,3.000000,Same Day,,,,
SIEMENS P4-2,Avante Health Solutions,SIEMENS,Siemens P4-2 Phased Array (08648045) (G40/X150/X300),Call for Quote,2.5 time exhange cost,Call for Quote,1.5 time exhange cost,Each,Each,Refurbished,Y,5.000000,Same Day,,,,
SIEMENS VF13-5SP,Avante Health Solutions,SIEMENS,Siemens VF13-5SP Ultrasound Transducer,Call for Quote,2.5 time exhange cost,Call for Quote,1.5 time exhange cost,Each,Each,Refurbished,Y,1.000000,Same Day,,,,
ST3146855LW,Avante Health Solutions,,"Seagate Cheetah 15K.5, 147GB, 15K RPM, 16MB Cache, SCSI Ultra320 68pin 3.5"" Hard Drive",Call for Quote,2.5 time exhange cost,Call for Quote,1.5 time exhange cost,Each,Each,Refurbished,Y,3.000000,Same Day,,,,
ST3300656SS,Avante Health Solutions,,Seagate Cheetah 15K.6 300GB SCSI Hard Drive,Call for Quote,2.5 time exhange cost,Call for Quote,1.5 time exhange cost,Each,Each,Refurbished,Y,2.000000,Same Day,,,,
T252P5,Avante Health Solutions,GE,THERMO-TEK DETECTOR CHILLER,Call for Quote,2.5 time exhange cost,Call for Quote,1.5 time exhange cost,Each,Each,Refurbished,Y,1.000000,Same Day,,,,
TERASON  12L5-V,Avante Health Solutions,TERASON,Terason  12L5-V,Call for Quote,2.5 time exhange cost,Call for Quote,1.5 time exhange cost,Each,Each,Refurbished,Y,1.000000,Same Day,,,,
X100R/R,Avante Health Solutions,Philips,ADDERLINK X100,Call for Quote,2.5 time exhange cost,Call for Quote,1.5 time exhange cost,Each,Each,Refurbished,Y,2.000000,Same Day,,,,
ZONARE P10-4,Avante Health Solutions,ZONARE,Zonare P10-4 Pediatric Cardiology Ultrasound Transducer,Call for Quote,2.5 time exhange cost,Call for Quote,1.5 time exhange cost,Each,Each,Refurbished,Y,2.000000,Same Day,,,,
ACUSON 8L5,Avante Health Solutions,SIEMENS,Acuson 8L5 Linear Transducer (Sequoia),Call for Quote,2.5 time exhange cost,Call for Quote,1.5 time exhange cost,Each,Each,Refurbished,Y,12.000000,Same Day,,,,
AD-7200S,Avante Health Solutions,Siemens,DVD Burner (ICS 10) FWI.83,Call for Quote,2.5 time exhange cost,Call for Quote,1.5 time exhange cost,Each,Each,Refurbished,Y,1.000000,Same Day,,,,
ADP1210-01,Avante Health Solutions,MINDRAY,Mindray M5/M7 Adapter,Call for Quote,2.5 time exhange cost,Call for Quote,1.5 time exhange cost,Each,Each,Refurbished,Y,1.000000,Same Day,,,,
AJT50,Avante Health Solutions,Philips,"AJT 50 Amp, 600V, Class J, Ferraz AJT50, AJT 50A",Call for Quote,2.5 time exhange cost,Call for Quote,1.5 time exhange cost,Each,Each,Refurbished,Y,25.000000,Same Day,,,,
ALOKA UST-579T-7.7,Avante Health Solutions,ALOKA,Aloka UST-579T 7.7 MHz Ultrasound Transducer,Call for Quote,2.5 time exhange cost,Call for Quote,1.5 time exhange cost,Each,Each,Refurbished,Y,1.000000,Same Day,,,,
ATDR1/4,Avante Health Solutions,Philips,"ATDR 1/4 Amp, 600V, Class CC Fuse",Call for Quote,2.5 time exhange cost,Call for Quote,1.5 time exhange cost,Each,Each,Refurbished,Y,21.000000,Same Day,,,,
AT-MR420TR,Avante Health Solutions,GE,CENTRECOM MR420TR,Call for Quote,2.5 time exhange cost,Call for Quote,1.5 time exhange cost,Each,Each,Refurbished,Y,2.000000,Same Day,,,,
AT-MR820TR,Avante Health Solutions,GE,CENTRECOM MR820TR,Call for Quote,2.5 time exhange cost,Call for Quote,1.5 time exhange cost,Each,Each,Refurbished,Y,3.000000,Same Day,,,,
AU200-N,Avante Health Solutions,,D3189T - MX200 replacement,Call for Quote,2.5 time exhange cost,Call for Quote,1.5 time exhange cost,Each,Each,New OEM Original,Y,2.000000,Same Day,,,,
AVANTE INHIBITED GLYCOL,Avante Health Solutions,ChemWorld / Avante Health Solutions,"INHIBITED 50% GLYCOL, 1 GALLON. For use in all Philips and Siemens Cath applications",Call for Quote,2.5 time exhange cost,Call for Quote,1.5 time exhange cost,Each,Each,Refurbished,Y,10.000000,Same Day,,,,
BK 8558 IP57 7.5,Avante Health Solutions,BK,BK 8558 IP57 7.5 MHz MFI,Call for Quote,2.5 time exhange cost,Call for Quote,1.5 time exhange cost,Each,Each,Refurbished,Y,1.000000,Same Day,,,,
TOSHIBA PLM-503AT,Avante Health Solutions,TOSHIBA,Toshiba PLM-503AT,Call for Quote,2.5 time exhange cost,Call for Quote,1.5 time exhange cost,Each,Each,Refurbished,Y,1.000000,Same Day,,,,
TYP 4658N,Avante Health Solutions,GE,"230V Fan 5 1/2""",Call for Quote,2.5 time exhange cost,Call for Quote,1.5 time exhange cost,Each,Each,Refurbished,Y,6.000000,Same Day,,,,
U1-150027,Avante Health Solutions,,HNS Neck Phantom,Call for Quote,2.5 time exhange cost,Call for Quote,1.5 time exhange cost,Each,Each,Refurbished,Y,1.000000,Same Day,,,,
U1-150162,Avante Health Solutions,,HNS TL Phantom,Call for Quote,2.5 time exhange cost,Call for Quote,1.5 time exhange cost,Each,Each,Refurbished,Y,2.000000,Same Day,,,,
ULTRASONIX L14-5/38,Avante Health Solutions,ULTRASONIX,Ultrasonix L14-5/38,Call for Quote,2.5 time exhange cost,Call for Quote,1.5 time exhange cost,Each,Each,Refurbished,Y,1.000000,Same Day,,,,
USP-L029FSA/WR,Avante Health Solutions,Samsung,"Samsung's LA2-9S Linear Transducer/multi-frequency 2-9 MHz/center frequency 5.6 MHz/Footprint 50.2mm (RS85, V8, V7)",Call for Quote,2.5 time exhange cost,Call for Quote,1.5 time exhange cost,Each,Each,Refurbished,Y,1.000000,Same Day,,,,
USP-L047N0A,Avante Health Solutions,SAMSUNG,L4-7  linear array probe with a frequency range of 4-7 MHz and a footprint of 44 mm designed for vascular imaging,Call for Quote,2.5 time exhange cost,Call for Quote,1.5 time exhange cost,Each,Each,Refurbished,Y,2.000000,Same Day,,,,
USX PA4-2,Avante Health Solutions,ULTRASONIX,USX (2.0-4.0 MHz) Phased Array X'dcr.,Call for Quote,2.5 time exhange cost,Call for Quote,1.5 time exhange cost,Each,Each,Refurbished,Y,1.000000,Same Day,,,,
UT6902PH-N,Avante Health Solutions,Philips,Mavig Lower Body Protection for Philips,Call for Quote,2.5 time exhange cost,Call for Quote,1.5 time exhange cost,Each,Each,New OEM Original,Y,2.000000,Same Day,,,,
941503126701,Avante Health Solutions,Philips,POWER SUPPLY,Call for Quote,2.5 time exhange cost,Call for Quote,1.5 time exhange cost,Each,Each,Refurbished,Y,2.000000,Same Day,,,,
9770001,Avante Health Solutions,BARD,"Site Rite6, L-VA Linear Vascular Access Ultrasound Transducer",Call for Quote,2.5 time exhange cost,Call for Quote,1.5 time exhange cost,Each,Each,Refurbished,Y,1.000000,Same Day,,,,
989600035772,Avante Health Solutions,Philips,IMAGING MODULE,Call for Quote,2.5 time exhange cost,Call for Quote,1.5 time exhange cost,Each,Each,Refurbished,Y,1.000000,Same Day,,,,
989600130113,Avante Health Solutions,Philips,Cable Carriage,Call for Quote,2.5 time exhange cost,Call for Quote,1.5 time exhange cost,Each,Each,Refurbished,Y,11.000000,Same Day,,,,
989600130561,Avante Health Solutions,Philips,Inturis Cardiology Module Kit (R1),Call for Quote,2.5 time exhange cost,Call for Quote,1.5 time exhange cost,Each,Each,Refurbished,Y,3.000000,Same Day,,,,
989600180802,Avante Health Solutions,Philips,Viewpad,Call for Quote,2.5 time exhange cost,Call for Quote,1.5 time exhange cost,Each,Each,Refurbished,Y,1.000000,Same Day,,,,
989600183931,Avante Health Solutions,Philips,MONITOR SHELF,Call for Quote,2.5 time exhange cost,Call for Quote,1.5 time exhange cost,Each,Each,Refurbished,Y,3.000000,Same Day,,,,
989600200542,Avante Health Solutions,Philips,REVIEW MODULE,Call for Quote,2.5 time exhange cost,Call for Quote,1.5 time exhange cost,Each,Each,Refurbished,Y,6.000000,Same Day,,,,
989600200601,Avante Health Solutions,Philips,Biplane Table Clamp and Belly Bar,Call for Quote,2.5 time exhange cost,Call for Quote,1.5 time exhange cost,Each,Each,Refurbished,Y,1.000000,Same Day,,,,
989600205012,Avante Health Solutions,Philips,GEO Tilt Module V5,Call for Quote,2.5 time exhange cost,Call for Quote,1.5 time exhange cost,Each,Each,Refurbished,Y,1.000000,Same Day,,,,
989600219842,Avante Health Solutions,Philips,AD7 NEURO TABLE TOP W/TOOTH RACK,Call for Quote,2.5 time exhange cost,Call for Quote,1.5 time exhange cost,Each,Each,Refurbished,Y,1.000000,Same Day,,,,
989601040771,Avante Health Solutions,Philips,Wallbox VGA Booster,Call for Quote,2.5 time exhange cost,Call for Quote,1.5 time exhange cost,Each,Each,Refurbished,Y,2.000000,Same Day,,,,
BK 8667,Avante Health Solutions,BK,BK 8667,Call for Quote,2.5 time exhange cost,Call for Quote,1.5 time exhange cost,Each,Each,Refurbished,Y,2.000000,Same Day,,,,
BM31-4472,Avante Health Solutions,TOSHIBA,APLIO AC POWER SUPPLY,Call for Quote,2.5 time exhange cost,Call for Quote,1.5 time exhange cost,Each,Each,Refurbished,Y,1.000000,Same Day,,,,
BS LA523,Avante Health Solutions,Siemens,Bisound LA523 (7.5-10MHZ) Ultrasound Transducer,Call for Quote,2.5 time exhange cost,Call for Quote,1.5 time exhange cost,Each,Each,Refurbished,Y,2.000000,Same Day,,,,
BSM31-2553*E,Avante Health Solutions,TOSHIBA,Physio Module (Toshiba),Call for Quote,2.5 time exhange cost,Call for Quote,1.5 time exhange cost,Each,Each,Refurbished,Y,1.000000,Same Day,,,,
BSM31-3070,Avante Health Solutions,TOSHIBA,CONTROL PANEL (CPCT) NEMIO 20/30,Call for Quote,2.5 time exhange cost,Call for Quote,1.5 time exhange cost,Each,Each,Refurbished,Y,1.000000,Same Day,,,,
BSM31-3099,Avante Health Solutions,TOSHIBA,RXBF-A (NEMIO),Call for Quote,2.5 time exhange cost,Call for Quote,1.5 time exhange cost,Each,Each,Refurbished,Y,1.000000,Same Day,,,,
BSM31-7129-03,Avante Health Solutions,TOSHIBA,Toshiba Aplio Keyboard Assembly,Call for Quote,2.5 time exhange cost,Call for Quote,1.5 time exhange cost,Each,Each,Refurbished,Y,1.000000,Same Day,,,,
BSM34-0104-01,Avante Health Solutions,TOSHIBA,Toshiba Upper Touch Assembly (Aplio 500),Call for Quote,2.5 time exhange cost,Call for Quote,1.5 time exhange cost,Each,Each,Refurbished,Y,1.000000,Same Day,,,,
BSM34-0383,Avante Health Solutions,TOSHIBA,"Toshiba Aplio SSA 790A, Trackball Assy",Call for Quote,2.5 time exhange cost,Call for Quote,1.5 time exhange cost,Each,Each,Refurbished,Y,1.000000,Same Day,,,,
BSM34-5117,Avante Health Solutions,TOSHIBA,Toshiba APLIO I700/I800 Power Supply,Call for Quote,2.5 time exhange cost,Call for Quote,1.5 time exhange cost,Each,Each,Refurbished,Y,1.000000,Same Day,,,,
BSX77-3807D,Avante Health Solutions,,Opticoder,Call for Quote,2.5 time exhange cost,Call for Quote,1.5 time exhange cost,Each,Each,Refurbished,Y,1.000000,Same Day,,,,
CB-515006,Avante Health Solutions,GE,ECG Trunk Cable for GE Vivid Series,Call for Quote,2.5 time exhange cost,Call for Quote,1.5 time exhange cost,Each,Each,Refurbished,Y,6.000000,Same Day,,,,
989603013432,Avante Health Solutions,Philips,Sense 1.5T 4 Ch Shoulder Coil,Call for Quote,2.5 time exhange cost,Call for Quote,1.5 time exhange cost,Each,Each,Refurbished,Y,1.000000,Same Day,,,,
991932050716,Avante Health Solutions,Philips,MONITOR,Call for Quote,2.5 time exhange cost,Call for Quote,1.5 time exhange cost,Each,Each,Refurbished,Y,1.000000,Same Day,,,,
991932242021,Avante Health Solutions,Philips,18in MONOCHROME MONITOR,Call for Quote,2.5 time exhange cost,Call for Quote,1.5 time exhange cost,Each,Each,Refurbished,Y,2.000000,Same Day,,,,
991932252142,Avante Health Solutions,Philips,"19"" Color Monitor ER (DC19-LER)",Call for Quote,2.5 time exhange cost,Call for Quote,1.5 time exhange cost,Each,Each,Refurbished,Y,1.000000,Same Day,,,,
991932472052,Avante Health Solutions,,"21"" Color LCD Monitor CR",Call for Quote,2.5 time exhange cost,Call for Quote,1.5 time exhange cost,Each,Each,Refurbished,Y,5.000000,Same Day,,,,
991932612012,Avante Health Solutions,Philips,Proscribe CV-I,Call for Quote,2.5 time exhange cost,Call for Quote,1.5 time exhange cost,Each,Each,Refurbished,Y,4.000000,Same Day,,,,
991932812062,Avante Health Solutions,Philips,TSM IB Module,Call for Quote,2.5 time exhange cost,Call for Quote,1.5 time exhange cost,Each,Each,Refurbished,Y,3.000000,Same Day,,,,
ACUSON 10V4,Avante Health Solutions,SIEMENS,Acuson 10v4 - 10.0-4.0 Mhz Vector Array Transducer,Call for Quote,2.5 time exhange cost,Call for Quote,1.5 time exhange cost,Each,Each,Refurbished,Y,12.000000,Same Day,,,,
ACUSON 15L8,Avante Health Solutions,SIEMENS,"Acuson, 8.0-15.0 Mhz 26mm Linear Transducer",Call for Quote,2.5 time exhange cost,Call for Quote,1.5 time exhange cost,Each,Each,Refurbished,Y,5.000000,Same Day,,,,
ACUSON 4V2 PINLESS,Avante Health Solutions,SIEMENS,Acuson 4V2 Pinless,Call for Quote,2.5 time exhange cost,Call for Quote,1.5 time exhange cost,Each,Each,Refurbished,Y,1.000000,Same Day,,,,
ACUSON 6C2,Avante Health Solutions,SIEMENS,Acuson 6C2 Ultrasound Transducer,Call for Quote,2.5 time exhange cost,Call for Quote,1.5 time exhange cost,Each,Each,Refurbished,Y,5.000000,Same Day,,,,
ACUSON 8L5T,Avante Health Solutions,SIEMENS,Acuson 8L5T Linear Array Ultrasound Transducer,Call for Quote,2.5 time exhange cost,Call for Quote,1.5 time exhange cost,Each,Each,Refurbished,Y,2.000000,Same Day,,,,
CB-813029R,Avante Health Solutions,PHILIPS,3-Lead ECG Cable for HP5500,Call for Quote,2.5 time exhange cost,Call for Quote,1.5 time exhange cost,Each,Each,Refurbished,Y,5.000000,Same Day,,,,
CB-81385R,Avante Health Solutions,PHILIPS,ECG Trunk Cable for Philips HD11,Call for Quote,2.5 time exhange cost,Call for Quote,1.5 time exhange cost,Each,Each,Refurbished,Y,11.000000,Same Day,,,,
EP572200,Avante Health Solutions,,ULTRASONIC BOARD,Call for Quote,2.5 time exhange cost,Call for Quote,1.5 time exhange cost,Each,Each,Refurbished,Y,1.000000,Same Day,,,,
FA200765,Avante Health Solutions,GE,"GE, BF32",Call for Quote,2.5 time exhange cost,Call for Quote,1.5 time exhange cost,Each,Each,Refurbished,Y,2.000000,Same Day,,,,
FB200197,Avante Health Solutions,GE,"GE, IIO Assy L9 & V7",Call for Quote,2.5 time exhange cost,Call for Quote,1.5 time exhange cost,Each,Each,Refurbished,Y,5.000000,Same Day,,,,
FB200274,Avante Health Solutions,GE,GE PCVIC (VIVID 7),Call for Quote,2.5 time exhange cost,Call for Quote,1.5 time exhange cost,Each,Each,Refurbished,Y,1.000000,Same Day,,,,
FB200320,Avante Health Solutions,GE,"LOGIQ 9, Console Flex Cable",Call for Quote,2.5 time exhange cost,Call for Quote,1.5 time exhange cost,Each,Each,Refurbished,Y,1.000000,Same Day,,,,
FB200952,Avante Health Solutions,GE,"Footswitch, 3-Pedals (GE)",Call for Quote,2.5 time exhange cost,Call for Quote,1.5 time exhange cost,Each,Each,Refurbished,Y,3.000000,Same Day,,,,
FB307296,Avante Health Solutions,GE,"LOGIQ 9, Z-Release handle",Call for Quote,2.5 time exhange cost,Call for Quote,1.5 time exhange cost,Each,Each,Refurbished,Y,1.000000,Same Day,,,,
FB307376,Avante Health Solutions,GE,"LOGIQ 9, Socket",Call for Quote,2.5 time exhange cost,Call for Quote,1.5 time exhange cost,Each,Each,Refurbished,Y,1.000000,Same Day,,,,
FC200230,Avante Health Solutions,GE,"VIVID 7, Backplane",Call for Quote,2.5 time exhange cost,Call for Quote,1.5 time exhange cost,Each,Each,Refurbished,Y,2.000000,Same Day,,,,
FC200239,Avante Health Solutions,GE,"XDBUS-3 , VIVID 7",Call for Quote,2.5 time exhange cost,Call for Quote,1.5 time exhange cost,Each,Each,Refurbished,Y,8.000000,Same Day,,,,
ALOKA UST-5542,Avante Health Solutions,ALOKA,Aloka UST-5542 Transducer,Call for Quote,2.5 time exhange cost,Call for Quote,1.5 time exhange cost,Each,Each,Refurbished,Y,1.000000,Same Day,,,,
ATL P4-2,Avante Health Solutions,PHILIPS,ATL P4-2,Call for Quote,2.5 time exhange cost,Call for Quote,1.5 time exhange cost,Each,Each,Refurbished,Y,3.000000,Same Day,,,,
B84131-M1-G135,Avante Health Solutions,Siemens,Power Line Filters 35A 440/250V 4 - Lines,Call for Quote,2.5 time exhange cost,Call for Quote,1.5 time exhange cost,Each,Each,Refurbished,Y,1.000000,Same Day,,,,
BD-335-BF,Avante Health Solutions,MEDISON,Medison SA6000 BF PCB,Call for Quote,2.5 time exhange cost,Call for Quote,1.5 time exhange cost,Each,Each,Refurbished,Y,1.000000,Same Day,,,,
BD-355-MAIN,Avante Health Solutions,TOSHIBA,Main Board Sonoace R7,Call for Quote,2.5 time exhange cost,Call for Quote,1.5 time exhange cost,Each,Each,Refurbished,Y,6.000000,Same Day,,,,
BEA-540H-N,Avante Health Solutions,Siemens,Industrial PC power supply / 400W / 90-264VAC / ATX12V / 80plus / AC-DC / PS2 / 24-7 / 62368-1,Call for Quote,2.5 time exhange cost,Call for Quote,1.5 time exhange cost,Each,Each,New OEM Original,Y,2.000000,Same Day,,,,
BSM31-2482,Avante Health Solutions,TOSHIBA,Aplio Color Monitor,Call for Quote,2.5 time exhange cost,Call for Quote,1.5 time exhange cost,Each,Each,Refurbished,Y,1.000000,Same Day,,,,
BSM34-0927,Avante Health Solutions,TOSHIBA,Toshiba Xario 200 Monitor,Call for Quote,2.5 time exhange cost,Call for Quote,1.5 time exhange cost,Each,Each,Refurbished,Y,3.000000,Same Day,,,,
BSM34-1630,Avante Health Solutions,TOSHIBA,Toshiba Aplio 500 Trackball,Call for Quote,2.5 time exhange cost,Call for Quote,1.5 time exhange cost,Each,Each,Refurbished,Y,4.000000,Same Day,,,,
BSM34-2232,Avante Health Solutions,TOSHIBA,POWER SUPPLY MODEL RPS-5582 REV 9 i800,Call for Quote,2.5 time exhange cost,Call for Quote,1.5 time exhange cost,Each,Each,Refurbished,Y,3.000000,Same Day,,,,
BZ-2RQ241-D5-N,Avante Health Solutions,GE,Dock Switch,Call for Quote,2.5 time exhange cost,Call for Quote,1.5 time exhange cost,Each,Each,New OEM Original,Y,1.000000,Same Day,,,,
C16D.CABLE,Avante Health Solutions,GE,GE C1-6-D Cable,Call for Quote,2.5 time exhange cost,Call for Quote,1.5 time exhange cost,Each,Each,Refurbished,Y,8.000000,Same Day,,,,
C51.ARRAY,Avante Health Solutions,PHILIPS,PHILIPS C5-1 ARRAY,Call for Quote,2.5 time exhange cost,Call for Quote,1.5 time exhange cost,Each,Each,Refurbished,Y,3.000000,Same Day,,,,
D3887T,Avante Health Solutions,GE,Performix 40 Plus Tube (LMB),Call for Quote,2.5 time exhange cost,Call for Quote,1.5 time exhange cost,Each,Each,Refurbished,Y,1.000000,Same Day,,,,
DL36-03II,Avante Health Solutions,MULTIPLE,"CONMED 36"" ECG Leadwires",Call for Quote,2.5 time exhange cost,Call for Quote,1.5 time exhange cost,Each,Each,Refurbished,Y,2.000000,Same Day,,,,
DR MACH 130 FP EXAM LIGHT,Avante Health Solutions,Philips,DR Mach 130 FP Exam Light,Call for Quote,2.5 time exhange cost,Call for Quote,1.5 time exhange cost,Each,Each,Refurbished,Y,1.000000,Same Day,,,,
EP572100BB,Avante Health Solutions,HITACHI,HITACHI PRB BOARD,Call for Quote,2.5 time exhange cost,Call for Quote,1.5 time exhange cost,Each,Each,Refurbished,Y,1.000000,Same Day,,,,
EPIQ RAFI FULL CP,Avante Health Solutions,PHILIPS,"EPIQ, Horizontal Control Panel FRU (RAFI) WITH Touchscreen",Call for Quote,2.5 time exhange cost,Call for Quote,1.5 time exhange cost,Each,Each,Refurbished,Y,3.000000,Same Day,,,,
EPIQ RAFI HORIZONTAL CP,Avante Health Solutions,PHILIPS,EPIQ HORIZONTAL CONTROL PANEL FRU (RAFI) WITHOUT Touchscreen,Call for Quote,2.5 time exhange cost,Call for Quote,1.5 time exhange cost,Each,Each,Refurbished,Y,1.000000,Same Day,,,,
EU-9165,Avante Health Solutions,HITACHI,HITACHI KEYBOARD,Call for Quote,2.5 time exhange cost,Call for Quote,1.5 time exhange cost,Each,Each,Refurbished,Y,1.000000,Same Day,,,,
FB200198-15,Avante Health Solutions,GE,External I/O Assembly (Vivid 7),Call for Quote,2.5 time exhange cost,Call for Quote,1.5 time exhange cost,Each,Each,Refurbished,Y,1.000000,Same Day,,,,
FB200581,Avante Health Solutions,GE,"GE, AC Transformer L9 & V7",Call for Quote,2.5 time exhange cost,Call for Quote,1.5 time exhange cost,Each,Each,Refurbished,Y,2.000000,Same Day,,,,
FC200459,Avante Health Solutions,GE,TX128-5 Transmitter PCB (Vivid 7),Call for Quote,2.5 time exhange cost,Call for Quote,1.5 time exhange cost,Each,Each,Refurbished,Y,3.000000,Same Day,,,,
FMAC-OF40-2513,Avante Health Solutions,Siemens,PWM inverter frequency,Call for Quote,2.5 time exhange cost,Call for Quote,1.5 time exhange cost,Each,Each,Refurbished,Y,1.000000,Same Day,,,,
FN258-42-33,Avante Health Solutions,,AC Filter 3-PH Inverter/PDS,Call for Quote,2.5 time exhange cost,Call for Quote,1.5 time exhange cost,Each,Each,Refurbished,Y,1.000000,Same Day,,,,
FNQ-30,Avante Health Solutions,,"FNQ 30 Amp, 500V, Midget Fuse, Bussmann",Call for Quote,2.5 time exhange cost,Call for Quote,1.5 time exhange cost,Each,Each,Refurbished,Y,30.000000,Same Day,,,,
FWP-25A14FA,Avante Health Solutions,GE,Fuse 25 Amps 700V 2.5m Seconds,Call for Quote,2.5 time exhange cost,Call for Quote,1.5 time exhange cost,Each,Each,Refurbished,Y,20.000000,Same Day,,,,
G836104LPNEU0/02,Avante Health Solutions,Siemens,CHERRY KEYBOARD,Call for Quote,2.5 time exhange cost,Call for Quote,1.5 time exhange cost,Each,Each,Refurbished,Y,1.000000,Same Day,,,,
GA200715,Avante Health Solutions,GE,Power Supply Cable,Call for Quote,2.5 time exhange cost,Call for Quote,1.5 time exhange cost,Each,Each,Refurbished,Y,1.000000,Same Day,,,,
GA200730-5,Avante Health Solutions,GE,VIVID E95 Aurora Main Power Supply,Call for Quote,2.5 time exhange cost,Call for Quote,1.5 time exhange cost,Each,Each,Refurbished,Y,10.000000,Same Day,,,,
GA200760,Avante Health Solutions,GE,"GE VIVID E9, Frontplane",Call for Quote,2.5 time exhange cost,Call for Quote,1.5 time exhange cost,Each,Each,Refurbished,Y,14.000000,Same Day,,,,
GA200800,Avante Health Solutions,GE,Backend Processor for Vivid E9 BEP5,Call for Quote,2.5 time exhange cost,Call for Quote,1.5 time exhange cost,Each,Each,Refurbished,Y,2.000000,Same Day,,,,
GA200822,Avante Health Solutions,GE,"Vivid E9, Upper User Interface",Call for Quote,2.5 time exhange cost,Call for Quote,1.5 time exhange cost,Each,Each,Refurbished,Y,2.000000,Same Day,,,,
GA200971,Avante Health Solutions,GE,"Dust gasket and fixing ring for laser trackball, Vivid E9",Call for Quote,2.5 time exhange cost,Call for Quote,1.5 time exhange cost,Each,Each,Refurbished,Y,1.000000,Same Day,,,,
GA307233,Avante Health Solutions,GE,"GE Vivid E9 Handle, Left Top, Metal finish",Call for Quote,2.5 time exhange cost,Call for Quote,1.5 time exhange cost,Each,Each,Refurbished,Y,5.000000,Same Day,,,,
GA307235-3,Avante Health Solutions,GE,Handle Right Top Anthracite Metallic,Call for Quote,2.5 time exhange cost,Call for Quote,1.5 time exhange cost,Each,Each,Refurbished,Y,1.000000,Same Day,,,,
GAB10-N,Avante Health Solutions,Philips,"GAB 10 Amp, 250V, Ceramic Fuse",Call for Quote,2.5 time exhange cost,Call for Quote,1.5 time exhange cost,Each,Each,New OEM Original,Y,25.000000,Same Day,,,,
GB200020,Avante Health Solutions,GE,"VIVID E9, GRX128 PCB",Call for Quote,2.5 time exhange cost,Call for Quote,1.5 time exhange cost,Each,Each,Refurbished,Y,5.000000,Same Day,,,,
GB200020-1,Avante Health Solutions,GE,"VIVID E9, GRX128 PCB",Call for Quote,2.5 time exhange cost,Call for Quote,1.5 time exhange cost,Each,Each,Refurbished,Y,5.000000,Same Day,,,,
GB200025,Avante Health Solutions,GE,GRX64 Board w/o CW,Call for Quote,2.5 time exhange cost,Call for Quote,1.5 time exhange cost,Each,Each,Refurbished,Y,13.000000,Same Day,,,,
GB200058,Avante Health Solutions,GE,"VIVID E9, 17"" LCD Monitor w/ LED Backlight",Call for Quote,2.5 time exhange cost,Call for Quote,1.5 time exhange cost,Each,Each,Refurbished,Y,2.000000,Same Day,,,,
GC200018S,Avante Health Solutions,GE,"GE Vivid E95, BEP Aurora",Call for Quote,2.5 time exhange cost,Call for Quote,1.5 time exhange cost,Each,Each,Refurbished,Y,1.000000,Same Day,,,,
GC200131,Avante Health Solutions,GE,Loudspeaker Left Assembly Vivid E95,Call for Quote,2.5 time exhange cost,Call for Quote,1.5 time exhange cost,Each,Each,Refurbished,Y,1.000000,Same Day,,,,
GC200132,Avante Health Solutions,GE,Loudspeaker Right Assembly Vivid E95,Call for Quote,2.5 time exhange cost,Call for Quote,1.5 time exhange cost,Each,Each,Refurbished,Y,1.000000,Same Day,,,,
GC307140,Avante Health Solutions,GE,GE Vivid E95 Loudspeaker Storage,Call for Quote,2.5 time exhange cost,Call for Quote,1.5 time exhange cost,Each,Each,Refurbished,Y,8.000000,Same Day,,,,
FB200991,Avante Health Solutions,GE,"VIVID 7, IMP-2B PCB",Call for Quote,2.5 time exhange cost,Call for Quote,1.5 time exhange cost,Each,Each,Refurbished,Y,2.000000,Same Day,,,,
FC200375,Avante Health Solutions,GE,"TX128-4, Vivid 7",Call for Quote,2.5 time exhange cost,Call for Quote,1.5 time exhange cost,Each,Each,Refurbished,Y,4.000000,Same Day,,,,
FNQ-R-3,Avante Health Solutions,GE,"FNQ-R 3 Amp, 600V, Class CC, Bussmann",Call for Quote,2.5 time exhange cost,Call for Quote,1.5 time exhange cost,Each,Each,Refurbished,Y,1.000000,Same Day,,,,
FOVT-025B,Avante Health Solutions,Siemens,Line Filter,Call for Quote,2.5 time exhange cost,Call for Quote,1.5 time exhange cost,Each,Each,Refurbished,Y,7.000000,Same Day,,,,
FQMQ8305,Avante Health Solutions,,GE Marquette Tram-Rac 4A Module Rack W/Power supply(Finished),Call for Quote,2.5 time exhange cost,Call for Quote,1.5 time exhange cost,Each,Each,Refurbished,Y,1.000000,Same Day,,,,
GA200105-7,Avante Health Solutions,GE,"LOGIQ E9, GRX",Call for Quote,2.5 time exhange cost,Call for Quote,1.5 time exhange cost,Each,Each,Refurbished,Y,1.000000,Same Day,,,,
GA200625,Avante Health Solutions,GE,"VIVID E9, GTX PCB",Call for Quote,2.5 time exhange cost,Call for Quote,1.5 time exhange cost,Each,Each,Refurbished,Y,9.000000,Same Day,,,,
GA200695-2,Avante Health Solutions,GE,GE Vivid E95 GRLY,Call for Quote,2.5 time exhange cost,Call for Quote,1.5 time exhange cost,Each,Each,Refurbished,Y,7.000000,Same Day,,,,
GA200742,Avante Health Solutions,GE,"VIVID E9, Trackball",Call for Quote,2.5 time exhange cost,Call for Quote,1.5 time exhange cost,Each,Each,Refurbished,Y,1.000000,Same Day,,,,
GA200824,Avante Health Solutions,GE,VIVID E9 Card Cage and Backplane,Call for Quote,2.5 time exhange cost,Call for Quote,1.5 time exhange cost,Each,Each,Refurbished,Y,1.000000,Same Day,,,,
GA200946,Avante Health Solutions,GE,XY Mechanism for the Logiq E9,Call for Quote,2.5 time exhange cost,Call for Quote,1.5 time exhange cost,Each,Each,Refurbished,Y,5.000000,Same Day,,,,
GA200994,Avante Health Solutions,GE,"GE E9, XYZ CONTROL MODULE ASSEMBLY",Call for Quote,2.5 time exhange cost,Call for Quote,1.5 time exhange cost,Each,Each,Refurbished,Y,4.000000,Same Day,,,,
GDL2,Avante Health Solutions,Philips,"MDL 2 Amp, 250V, Glass Fuse for Philips CT Couch Table",Call for Quote,2.5 time exhange cost,Call for Quote,1.5 time exhange cost,Each,Each,Refurbished,Y,25.000000,Same Day,,,,
GE 10C-SC,Avante Health Solutions,GE,Micro-convex Ultrasound Transducer Venue 40/50,Call for Quote,2.5 time exhange cost,Call for Quote,1.5 time exhange cost,Each,Each,Refurbished,Y,1.000000,Same Day,,,,
GE 10S-RS,Avante Health Solutions,GE,GE 10S-RS (1.5-4 MHZ) Sector Ultrasound Transducer,Call for Quote,2.5 time exhange cost,Call for Quote,1.5 time exhange cost,Each,Each,Refurbished,Y,8.000000,Same Day,,,,
GE 12S-RS,Avante Health Solutions,GE,GE 12S-RS Ultrasound Transducer,Call for Quote,2.5 time exhange cost,Call for Quote,1.5 time exhange cost,Each,Each,Refurbished,Y,10.000000,Same Day,,,,
GE 3.5C,Avante Health Solutions,GE,GE 3.5C (2.4-5 MHZ) Convex Ultrasound Transducer,Call for Quote,2.5 time exhange cost,Call for Quote,1.5 time exhange cost,Each,Each,Refurbished,Y,25.000000,Same Day,,,,
GE 3C-RS-N,Avante Health Solutions,GE,GE 3C-RS 2.0-5.0 Mhz Convex Probe,Call for Quote,2.5 time exhange cost,Call for Quote,1.5 time exhange cost,Each,Each,New OEM Original,Y,1.000000,Same Day,,,,
GE 8C-RS,Avante Health Solutions,GE,GE 8C-RS Convex Ultrasound Transducer,Call for Quote,2.5 time exhange cost,Call for Quote,1.5 time exhange cost,Each,Each,Refurbished,Y,4.000000,Same Day,,,,
GE 8L-RS,Avante Health Solutions,GE,GE 8L-RS (4-10 MHZ) Ultrasound Transducer,Call for Quote,2.5 time exhange cost,Call for Quote,1.5 time exhange cost,Each,Each,Refurbished,Y,1.000000,Same Day,,,,
GE 9L,Avante Health Solutions,GE,GE 9L (3-8 MHz) Linear Ultrasound Transducer,Call for Quote,2.5 time exhange cost,Call for Quote,1.5 time exhange cost,Each,Each,Refurbished,Y,42.000000,Same Day,,,,
GE C1-6-D,Avante Health Solutions,GE,GE C1-6-D Convex Abdominal Ultrasound Transducer,Call for Quote,2.5 time exhange cost,Call for Quote,1.5 time exhange cost,Each,Each,Refurbished,Y,1.000000,Same Day,,,,
GE C2-7VN-N,Avante Health Solutions,GE,GE C2-7VN Microvex GE Logiq 9,Call for Quote,2.5 time exhange cost,Call for Quote,1.5 time exhange cost,Each,Each,New OEM Original,Y,1.000000,Same Day,,,,
GA307236-3,Avante Health Solutions,GE,"Handle, Right Lower Anthracite Metallic",Call for Quote,2.5 time exhange cost,Call for Quote,1.5 time exhange cost,Each,Each,Refurbished,Y,2.000000,Same Day,,,,
GA307515,Avante Health Solutions,GE,"VIVID E9, Cover Filter",Call for Quote,2.5 time exhange cost,Call for Quote,1.5 time exhange cost,Each,Each,Refurbished,Y,1.000000,Same Day,,,,
GC200017,Avante Health Solutions,GE,Frontplane Vivid E95,Call for Quote,2.5 time exhange cost,Call for Quote,1.5 time exhange cost,Each,Each,Refurbished,Y,14.000000,Same Day,,,,
GC200126,Avante Health Solutions,GE,Card Rack with Backplane Vivid,Call for Quote,2.5 time exhange cost,Call for Quote,1.5 time exhange cost,Each,Each,Refurbished,Y,1.000000,Same Day,,,,
GC200141,Avante Health Solutions,GE,Bulkhead Board 2,Call for Quote,2.5 time exhange cost,Call for Quote,1.5 time exhange cost,Each,Each,Refurbished,Y,9.000000,Same Day,,,,
GE 4S,Avante Health Solutions,GE,"GE 4S 2.0-5.0 Mhz Transducer (Logiq 7,9 and Vivid)",Call for Quote,2.5 time exhange cost,Call for Quote,1.5 time exhange cost,Each,Each,Refurbished,Y,20.000000,Same Day,,,,
GE 4V-D,Avante Health Solutions,GE,GE 4V-D Volume Cardiac (4D) Ultrasound Transducer,Call for Quote,2.5 time exhange cost,Call for Quote,1.5 time exhange cost,Each,Each,Refurbished,Y,26.000000,Same Day,,,,
GE 5.0TV,Avante Health Solutions,GE,GE (5.0MHz) Transvaginal Bent Handle Ultrasound Transducer,Call for Quote,2.5 time exhange cost,Call for Quote,1.5 time exhange cost,Each,Each,Refurbished,Y,1.000000,Same Day,,,,
GE 6VT-D-N,Avante Health Solutions,GE,GE 6VT-D (4D) Cardiac TEE Ultrasound Transducer,Call for Quote,2.5 time exhange cost,Call for Quote,1.5 time exhange cost,Each,Each,New OEM Original,Y,1.000000,Same Day,,,,
GE AB2-7-D,Avante Health Solutions,GE,GE AB2-7-D,Call for Quote,2.5 time exhange cost,Call for Quote,1.5 time exhange cost,Each,Each,Refurbished,Y,8.000000,Same Day,,,,
GE C1-5-D,Avante Health Solutions,GE,GE C1-5-D Convex Abdominal/OB Transducer (5304539),Call for Quote,2.5 time exhange cost,Call for Quote,1.5 time exhange cost,Each,Each,Refurbished,Y,6.000000,Same Day,,,,
GE C2-7VN-D,Avante Health Solutions,GE,GE C2-7VN-D,Call for Quote,2.5 time exhange cost,Call for Quote,1.5 time exhange cost,Each,Each,Refurbished,Y,2.000000,Same Day,,,,
GE IC5-9-D,Avante Health Solutions,GE,GE IC5-9-D (5-9 MHZ) TV (2D) Transvaginal Ultrasound Transducer,Call for Quote,2.5 time exhange cost,Call for Quote,1.5 time exhange cost,Each,Each,Refurbished,Y,6.000000,Same Day,,,,
GE L12N-SC-N,Avante Health Solutions,GE,GE L12N-SC  Ultrasound Transducer,Call for Quote,2.5 time exhange cost,Call for Quote,1.5 time exhange cost,Each,Each,New OEM Original,Y,1.000000,Same Day,,,,
GE L2-9-D,Avante Health Solutions,GE,GE L2-9-D XDClear Linear Array Ultrasound Transducer,Call for Quote,2.5 time exhange cost,Call for Quote,1.5 time exhange cost,Each,Each,Refurbished,Y,3.000000,Same Day,,,,
GE L4-12T-RS,Avante Health Solutions,GE,GE L4-12T-RS Linear Ultrasound Transducer,Call for Quote,2.5 time exhange cost,Call for Quote,1.5 time exhange cost,Each,Each,Refurbished,Y,2.000000,Same Day,,,,
GE MTZ 6.5 MHZ,Avante Health Solutions,GE,GE MTZ 6.5 MHz,Call for Quote,2.5 time exhange cost,Call for Quote,1.5 time exhange cost,Each,Each,Refurbished,Y,1.000000,Same Day,,,,
GE RAB2-5-D,Avante Health Solutions,GE,GE RAB2-5-D Convex Ultrasound Transducer,Call for Quote,2.5 time exhange cost,Call for Quote,1.5 time exhange cost,Each,Each,Refurbished,Y,1.000000,Same Day,,,,
GE RAB4-8-D,Avante Health Solutions,GE,GE RAB4-8-D WideBand Convex Ultrasound Transducer,Call for Quote,2.5 time exhange cost,Call for Quote,1.5 time exhange cost,Each,Each,Refurbished,Y,1.000000,Same Day,,,,
GE RAB4-8P-N,Avante Health Solutions,GE,GE 4-8 Mhz 4D Volumetric Transducer,Call for Quote,2.5 time exhange cost,Call for Quote,1.5 time exhange cost,Each,Each,New OEM Original,Y,2.000000,Same Day,,,,
GPU288*3,Avante Health Solutions,Philips,Toshiba I/O Module 24v-dc Rev A8,Call for Quote,2.5 time exhange cost,Call for Quote,1.5 time exhange cost,Each,Each,Refurbished,Y,2.000000,Same Day,,,,
IQST ACCESORIES,Avante Health Solutions,,IQST_ACCESORIES__________,Call for Quote,2.5 time exhange cost,Call for Quote,1.5 time exhange cost,Each,Each,Refurbished,Y,1.000000,Same Day,,,,
GE CAE 5MHZ,Avante Health Solutions,GE,GE CAE 5MHz,Call for Quote,2.5 time exhange cost,Call for Quote,1.5 time exhange cost,Each,Each,Refurbished,Y,1.000000,Same Day,,,,
GE E8C,Avante Health Solutions,GE,GE E8C (4-10 MHZ) Endocavity Ultrasound Transducer,Call for Quote,2.5 time exhange cost,Call for Quote,1.5 time exhange cost,Each,Each,Refurbished,Y,2.000000,Same Day,,,,
GE IC5-9-D-N,Avante Health Solutions,GE,GE IC5-9-D (5-9 MHZ) TV (2D) Transvaginal Ultrasound Transducer,Call for Quote,2.5 time exhange cost,Call for Quote,1.5 time exhange cost,Each,Each,New OEM Original,Y,3.000000,Same Day,,,,
GE KE100003,Avante Health Solutions,GE,GE P2D-RS Transducer (VIVIDE E / LOGIQ E / LOGIQ I),Call for Quote,2.5 time exhange cost,Call for Quote,1.5 time exhange cost,Each,Each,Refurbished,Y,2.000000,Same Day,,,,
GE M6C,Avante Health Solutions,GE,GE M6C Ultrasound Transducer,Call for Quote,2.5 time exhange cost,Call for Quote,1.5 time exhange cost,Each,Each,Refurbished,Y,40.000000,Same Day,,,,
GE ML6-15-D-N,Avante Health Solutions,GE,GE ML6-15-D Ultrasound Transducer,Call for Quote,2.5 time exhange cost,Call for Quote,1.5 time exhange cost,Each,Each,New OEM Original,Y,4.000000,Same Day,,,,
GE PA6-8-D,Avante Health Solutions,GE,GE PA6-8-D,Call for Quote,2.5 time exhange cost,Call for Quote,1.5 time exhange cost,Each,Each,Refurbished,Y,4.000000,Same Day,,,,
GE RM6C,Avante Health Solutions,GE,"VOLUSON E8 Expert, RM6C Transducer (H48671ZG)",Call for Quote,2.5 time exhange cost,Call for Quote,1.5 time exhange cost,Each,Each,Refurbished,Y,1.000000,Same Day,,,,
GE.M4S,Avante Health Solutions,GE,GE M4S (1.5-4.3 MHZ) Phased Ultrasound Transducer,Call for Quote,2.5 time exhange cost,Call for Quote,1.5 time exhange cost,Each,Each,Refurbished,Y,1.000000,Same Day,,,,
HP 21221A,Avante Health Solutions,PHILIPS,HP 21221A,Call for Quote,2.5 time exhange cost,Call for Quote,1.5 time exhange cost,Each,Each,Refurbished,Y,4.000000,Same Day,,,,
HP-W700WC3,Avante Health Solutions,,700W POWER SUPPLY,Call for Quote,2.5 time exhange cost,Call for Quote,1.5 time exhange cost,Each,Each,Refurbished,Y,2.000000,Same Day,,,,
IU/IE EMB 9800,Avante Health Solutions,PHILIPS,IU/IE EMB ASSY (9800 Video Cards Installed) 6.X and higher,Call for Quote,2.5 time exhange cost,Call for Quote,1.5 time exhange cost,Each,Each,Refurbished,Y,9.000000,Same Day,,,,
IU/IE SIP ABC,Avante Health Solutions,PHILIPS,IU/IE SIP ASSY - ABC CARTS (CUSTOM BUILD),Call for Quote,2.5 time exhange cost,Call for Quote,1.5 time exhange cost,Each,Each,Refurbished,Y,1.000000,Same Day,,,,
IU22 CPUI-ABC,Avante Health Solutions,PHILIPS,IU22 CPUI ASSEMBLY (A/B/C CART),Call for Quote,2.5 time exhange cost,Call for Quote,1.5 time exhange cost,Each,Each,Refurbished,Y,5.000000,Same Day,,,,
IU22 CPUI-DEFGR,Avante Health Solutions,PHILIPS,IU22 CPUI ASSEMBLY (D/E/F/G/R CART),Call for Quote,2.5 time exhange cost,Call for Quote,1.5 time exhange cost,Each,Each,Refurbished,Y,3.000000,Same Day,,,,
KTZ154770,Avante Health Solutions,GE,FAN TRAY FOR GW200,Call for Quote,2.5 time exhange cost,Call for Quote,1.5 time exhange cost,Each,Each,Refurbished,Y,1.000000,Same Day,,,,
KTZ196132,Avante Health Solutions,GE,LCD Voluson I/E,Call for Quote,2.5 time exhange cost,Call for Quote,1.5 time exhange cost,Each,Each,Refurbished,Y,1.000000,Same Day,,,,
KTZ208446,Avante Health Solutions,GE,GE SET MONITOR REAR-HOUSING,Call for Quote,2.5 time exhange cost,Call for Quote,1.5 time exhange cost,Each,Each,Refurbished,Y,1.000000,Same Day,,,,
KTZ221009,Avante Health Solutions,GE,"GE Voluson E8, 19"" Color LCD",Call for Quote,2.5 time exhange cost,Call for Quote,1.5 time exhange cost,Each,Each,Refurbished,Y,1.000000,Same Day,,,,
KTZ280065,Avante Health Solutions,GE,"E8, Console Interface Board",Call for Quote,2.5 time exhange cost,Call for Quote,1.5 time exhange cost,Each,Each,Refurbished,Y,1.000000,Same Day,,,,
KTZ280234,Avante Health Solutions,GE,"VOLUSON E8, Console Main Board Right (Whanam)",Call for Quote,2.5 time exhange cost,Call for Quote,1.5 time exhange cost,Each,Each,Refurbished,Y,1.000000,Same Day,,,,
KTZ301103,Avante Health Solutions,GE,"Voluson E8, Monitor Arm 19” (incl. cables and cover)",Call for Quote,2.5 time exhange cost,Call for Quote,1.5 time exhange cost,Each,Each,Refurbished,Y,1.000000,Same Day,,,,
IE33 CPUI-ABC,Avante Health Solutions,PHILIPS,IE33 CPUI ASSEMBLY (A/B/C CART),Call for Quote,2.5 time exhange cost,Call for Quote,1.5 time exhange cost,Each,Each,Refurbished,Y,1.000000,Same Day,,,,
IU/IE UMB GF610,Avante Health Solutions,PHILIPS,IU/IE UMB GF610,Call for Quote,2.5 time exhange cost,Call for Quote,1.5 time exhange cost,Each,Each,Refurbished,Y,4.000000,Same Day,,,,
J3G90AT,Avante Health Solutions,GE / HP,HP Quadro K5200 Graphic Card 8GB GDDR5 SDRAM PCi Express 3.0 X16 Full-height 4096 X 2160 Displayport Dvi,Call for Quote,2.5 time exhange cost,Call for Quote,1.5 time exhange cost,Each,Each,Refurbished,Y,1.000000,Same Day,,,,
JWS50-12/A,Avante Health Solutions,,AC/DC CONVERTER 12V,Call for Quote,2.5 time exhange cost,Call for Quote,1.5 time exhange cost,Each,Each,Refurbished,Y,1.000000,Same Day,,,,
KTZ134646,Avante Health Solutions,GE,E8 Console Cover,Call for Quote,2.5 time exhange cost,Call for Quote,1.5 time exhange cost,Each,Each,Refurbished,Y,3.000000,Same Day,,,,
KTZ196063,Avante Health Solutions,GE,CPV90a.P6 module board,Call for Quote,2.5 time exhange cost,Call for Quote,1.5 time exhange cost,Each,Each,Refurbished,Y,1.000000,Same Day,,,,
KTZ196142,Avante Health Solutions,GE,Voluson E8 RFI board - requires programming to be installed.,Call for Quote,2.5 time exhange cost,Call for Quote,1.5 time exhange cost,Each,Each,Refurbished,Y,2.000000,Same Day,,,,
KTZ196182,Avante Health Solutions,GE,RBF2.P3 Beamformer for Voluson I,Call for Quote,2.5 time exhange cost,Call for Quote,1.5 time exhange cost,Each,Each,Refurbished,Y,2.000000,Same Day,,,,
KTZ208212,Avante Health Solutions,GE,alpha-numeric keyboard V730 Expert,Call for Quote,2.5 time exhange cost,Call for Quote,1.5 time exhange cost,Each,Each,Refurbished,Y,1.000000,Same Day,,,,
KTZ220867,Avante Health Solutions,GE,"VOLUSON E8, TRACKBALL KIT – MECHANICAL",Call for Quote,2.5 time exhange cost,Call for Quote,1.5 time exhange cost,Each,Each,Refurbished,Y,2.000000,Same Day,,,,
KTZ221014,Avante Health Solutions,GE,"VOLUSON E8, Distribution Board Top, RTT3.P3",Call for Quote,2.5 time exhange cost,Call for Quote,1.5 time exhange cost,Each,Each,Refurbished,Y,3.000000,Same Day,,,,
KTZ301928,Avante Health Solutions,GE,"Voluson/i, Keyboard Module",Call for Quote,2.5 time exhange cost,Call for Quote,1.5 time exhange cost,Each,Each,Refurbished,Y,1.000000,Same Day,,,,
KTZ302683,Avante Health Solutions,GE,"Volusoni, GPP6 DC/DC Power Supply (cam re[;ace GPP2, GPP3. GPP4, GPP5)",Call for Quote,2.5 time exhange cost,Call for Quote,1.5 time exhange cost,Each,Each,Refurbished,Y,5.000000,Same Day,,,,
KTZ303955,Avante Health Solutions,GE,Probe Control Board Voluson E10,Call for Quote,2.5 time exhange cost,Call for Quote,1.5 time exhange cost,Each,Each,Refurbished,Y,1.000000,Same Day,,,,
KTZ304071,Avante Health Solutions,GE,Voluson E10 RTU110,Call for Quote,2.5 time exhange cost,Call for Quote,1.5 time exhange cost,Each,Each,Refurbished,Y,1.000000,Same Day,,,,
KTZ304077,Avante Health Solutions,GE,"GE Voluson E10 Cable Harness 3 (Grounding, Console, Monitor DVI, USB3.0, USB UI and USB Hub Cable)",Call for Quote,2.5 time exhange cost,Call for Quote,1.5 time exhange cost,Each,Each,Refurbished,Y,1.000000,Same Day,,,,
KTZ304082,Avante Health Solutions,GE,Voluson E8/E10 probe control board,Call for Quote,2.5 time exhange cost,Call for Quote,1.5 time exhange cost,Each,Each,Refurbished,Y,1.000000,Same Day,,,,
LPJ-20SP,Avante Health Solutions,Philips,"LPJ 20 Amp, 600V, Class J, Bussmann LPJ-20SP, LPJ 20A Fuse",Call for Quote,2.5 time exhange cost,Call for Quote,1.5 time exhange cost,Each,Each,Refurbished,Y,17.000000,Same Day,,,,
M2540-60010,Avante Health Solutions,PHILIPS,Distribution Board for Philips Envisor,Call for Quote,2.5 time exhange cost,Call for Quote,1.5 time exhange cost,Each,Each,Refurbished,Y,4.000000,Same Day,,,,
M2540-60220,Avante Health Solutions,PHILIPS,FRONT SIGNAL DISTRIBUTION (HD11),Call for Quote,2.5 time exhange cost,Call for Quote,1.5 time exhange cost,Each,Each,Refurbished,Y,5.000000,Same Day,,,,
M2540-60260,Avante Health Solutions,PHILIPS,"HD11, Signal Processing Board",Call for Quote,2.5 time exhange cost,Call for Quote,1.5 time exhange cost,Each,Each,Refurbished,Y,1.000000,Same Day,,,,
M2540-60290,Avante Health Solutions,PHILIPS,PENCIL SWITCH (HD11),Call for Quote,2.5 time exhange cost,Call for Quote,1.5 time exhange cost,Each,Each,Refurbished,Y,1.000000,Same Day,,,,
KTZ280233,Avante Health Solutions,GE,Voluson E6 Keyboard,Call for Quote,2.5 time exhange cost,Call for Quote,1.5 time exhange cost,Each,Each,Refurbished,Y,1.000000,Same Day,,,,
KTZ280307,Avante Health Solutions,GE,RTF100.PX PROBE CONTROL BOARD Voluson E6,Call for Quote,2.5 time exhange cost,Call for Quote,1.5 time exhange cost,Each,Each,Refurbished,Y,1.000000,Same Day,,,,
KTZ302752,Avante Health Solutions,GE,"Voluson E8, EC250 RSP Power Supply",Call for Quote,2.5 time exhange cost,Call for Quote,1.5 time exhange cost,Each,Each,Refurbished,Y,1.000000,Same Day,,,,
KTZ303149,Avante Health Solutions,GE,"VOLUSON E8, Back End Processor (BEP)",Call for Quote,2.5 time exhange cost,Call for Quote,1.5 time exhange cost,Each,Each,Refurbished,Y,2.000000,Same Day,,,,
KTZ303710,Avante Health Solutions,GE,"Voluson E8, 19"" LCD Monitor",Call for Quote,2.5 time exhange cost,Call for Quote,1.5 time exhange cost,Each,Each,Refurbished,Y,1.000000,Same Day,,,,
KTZ303935,Avante Health Solutions,GE,RTU100 Console (Control Panel),Call for Quote,2.5 time exhange cost,Call for Quote,1.5 time exhange cost,Each,Each,Refurbished,Y,1.000000,Same Day,,,,
KTZ304057,Avante Health Solutions,GE,GE Vouson E10 Front Casters- 2 pieces,Call for Quote,2.5 time exhange cost,Call for Quote,1.5 time exhange cost,Each,Each,Refurbished,Y,6.000000,Same Day,,,,
KTZ304106,Avante Health Solutions,GE,Graphic Card 7 EC3x0 GTX1050,Call for Quote,2.5 time exhange cost,Call for Quote,1.5 time exhange cost,Each,Each,Refurbished,Y,1.000000,Same Day,,,,
KTZ304200,Avante Health Solutions,GE,Voluson E6 LCD monitor,Call for Quote,2.5 time exhange cost,Call for Quote,1.5 time exhange cost,Each,Each,Refurbished,Y,1.000000,Same Day,,,,
LCD1990SXI-BK (L),Avante Health Solutions,GE,"Multisync Monitor 19""",Call for Quote,2.5 time exhange cost,Call for Quote,1.5 time exhange cost,Each,Each,Refurbished,Y,1.000000,Same Day,,,,
LW-3300051/3I,Avante Health Solutions,MULTIPLE,HD11 ECG Leads,Call for Quote,2.5 time exhange cost,Call for Quote,1.5 time exhange cost,Each,Each,Refurbished,Y,3.000000,Same Day,,,,
LW-3410029/3A,Avante Health Solutions,MULTIPLE,ECG Leadwires for the GE Vivid Series,Call for Quote,2.5 time exhange cost,Call for Quote,1.5 time exhange cost,Each,Each,Refurbished,Y,8.000000,Same Day,,,,
MCS7079,Avante Health Solutions,GE,"Performix Pro Tube, 80kw",Call for Quote,2.5 time exhange cost,Call for Quote,1.5 time exhange cost,Each,Each,Refurbished,Y,1.000000,Same Day,,,,
MCS-7079,Avante Health Solutions,GE,Performix Pro Tube 80kw,Call for Quote,2.5 time exhange cost,Call for Quote,1.5 time exhange cost,Each,Each,Refurbished,Y,4.000000,Same Day,,,,
MEDISON EC4-9,Avante Health Solutions,MEDISON,Medison 4-9 Mhz 10mm (8000),Call for Quote,2.5 time exhange cost,Call for Quote,1.5 time exhange cost,Each,Each,Refurbished,Y,2.000000,Same Day,,,,
MEDISON EV4-9/10ED,Avante Health Solutions,MEDISON,Medison EV4-9/10ED Ultrasound Transducer,Call for Quote,2.5 time exhange cost,Call for Quote,1.5 time exhange cost,Each,Each,Refurbished,Y,1.000000,Same Day,,,,
MEDISON PB-99EC4-9IS,Avante Health Solutions,MEDISON,Medison EC4-9IS Endocavity Ultrasound Transducer,Call for Quote,2.5 time exhange cost,Call for Quote,1.5 time exhange cost,Each,Each,Refurbished,Y,2.000000,Same Day,,,,
MEDISON PB-EC4-9ES-N,Avante Health Solutions,MEDISON,Medison PB-EC4-9ES-N,Call for Quote,2.5 time exhange cost,Call for Quote,1.5 time exhange cost,Each,Each,New OEM Original,Y,1.000000,Same Day,,,,
MI59-01082A,Avante Health Solutions,SAMSUNG,TRACK BALL;AY-TB305-ORACOM HM70A,Call for Quote,2.5 time exhange cost,Call for Quote,1.5 time exhange cost,Each,Each,Refurbished,Y,2.000000,Same Day,,,,
MI64-01766B,Avante Health Solutions,SAMSUNG,Samsung HS60 Handle CP-Bottom,Call for Quote,2.5 time exhange cost,Call for Quote,1.5 time exhange cost,Each,Each,Refurbished,Y,1.000000,Same Day,,,,
MI92-02615A,Avante Health Solutions,SAMSUNG,ASSY BOARD-PSA 4P - HS60/HS50,Call for Quote,2.5 time exhange cost,Call for Quote,1.5 time exhange cost,Each,Each,Refurbished,Y,2.000000,Same Day,,,,
MI96-01052A,Avante Health Solutions,SAMSUNG,Accuvix A30 DDM Power Supply,Call for Quote,2.5 time exhange cost,Call for Quote,1.5 time exhange cost,Each,Each,Refurbished,Y,1.000000,Same Day,,,,
MI96-01187D,Avante Health Solutions,SAMSUNG,Samsung H60 Power Supply,Call for Quote,2.5 time exhange cost,Call for Quote,1.5 time exhange cost,Each,Each,Refurbished,Y,1.000000,Same Day,,,,
M2424-66050,Avante Health Solutions,PHILIPS,HP7500 Video I/O PCB,Call for Quote,2.5 time exhange cost,Call for Quote,1.5 time exhange cost,Each,Each,Refurbished,Y,2.000000,Same Day,,,,
M2540-60210,Avante Health Solutions,PHILIPS,BACKPLANE (HD11),Call for Quote,2.5 time exhange cost,Call for Quote,1.5 time exhange cost,Each,Each,Refurbished,Y,2.000000,Same Day,,,,
M2540-60240,Avante Health Solutions,PHILIPS,TR BOARD HD11,Call for Quote,2.5 time exhange cost,Call for Quote,1.5 time exhange cost,Each,Each,Refurbished,Y,12.000000,Same Day,,,,
MBA3147RC,Avante Health Solutions,GE / Fujitsu,"Fujitsu MBA3147RC 147GB 15000 RPM 16MB Cache Serial Attached SCSI (SAS) 3.5"" Internal Hard Drive",Call for Quote,2.5 time exhange cost,Call for Quote,1.5 time exhange cost,Each,Each,Refurbished,Y,26.000000,Same Day,,,,
MEDISON C3-7ED,Avante Health Solutions,MEDISON,Medison C3-7ED Transducer (X4),Call for Quote,2.5 time exhange cost,Call for Quote,1.5 time exhange cost,Each,Each,Refurbished,Y,2.000000,Same Day,,,,
MEDISON P2-4AH,Avante Health Solutions,MEDISON,Medison P2-4AH,Call for Quote,2.5 time exhange cost,Call for Quote,1.5 time exhange cost,Each,Each,Refurbished,Y,1.000000,Same Day,,,,
MI39-02473A,Avante Health Solutions,SAMSUNG,"CBF CABLE-ECG;C3-C-U-ODU-1K,ECG CABLE(AH",Call for Quote,2.5 time exhange cost,Call for Quote,1.5 time exhange cost,Each,Each,Refurbished,Y,2.000000,Same Day,,,,
MI92-01646C,Avante Health Solutions,SAMSUNG,"ASSY BOARD;H60,MOTOR CONTROL,0C,VE",Call for Quote,2.5 time exhange cost,Call for Quote,1.5 time exhange cost,Each,Each,Refurbished,Y,1.000000,Same Day,,,,
MI92-02107D,Avante Health Solutions,SAMSUNG,"ASSY BOARD;WS80A,BF,0A,BEAMFORMER",Call for Quote,2.5 time exhange cost,Call for Quote,1.5 time exhange cost,Each,Each,Refurbished,Y,3.000000,Same Day,,,,
MI96-01299C,Avante Health Solutions,SAMSUNG,"ASSY ADM;HS70A,WS80A,AIM(AC Input Module",Call for Quote,2.5 time exhange cost,Call for Quote,1.5 time exhange cost,Each,Each,Refurbished,Y,1.000000,Same Day,,,,
MI96-01391D,Avante Health Solutions,Samsung,"ASSY POWER;HS50/60,POWER,21ch/364W /AUX1",Call for Quote,2.5 time exhange cost,Call for Quote,1.5 time exhange cost,Each,Each,Refurbished,Y,1.000000,Same Day,,,,
MI96-01355A,Avante Health Solutions,SAMSUNG,"ASSY MONITOR UNIT;WS80A,LED,23"",UNIT,VD",Call for Quote,2.5 time exhange cost,Call for Quote,1.5 time exhange cost,Each,Each,Refurbished,Y,2.000000,Same Day,,,,
MI97-02221B,Avante Health Solutions,SAMSUNG,"ASSY ETC;HM70A,CAP KEY POWER HM70A",Call for Quote,2.5 time exhange cost,Call for Quote,1.5 time exhange cost,Each,Each,Refurbished,Y,1.000000,Same Day,,,,
MICRO SWITCHS,Avante Health Solutions,GE,MICRO SWITCHS,Call for Quote,2.5 time exhange cost,Call for Quote,1.5 time exhange cost,Each,Each,Refurbished,Y,2.000000,Same Day,,,,
MINDRAY 3C5S,Avante Health Solutions,MINDRAY,Mindray 3C5s,Call for Quote,2.5 time exhange cost,Call for Quote,1.5 time exhange cost,Each,Each,Refurbished,Y,1.000000,Same Day,,,,
ML615D.ASSEMBLY,Avante Health Solutions,GE,GE ML6-15-D FULL ASSEMBLY,Call for Quote,2.5 time exhange cost,Call for Quote,1.5 time exhange cost,Each,Each,Refurbished,Y,1.000000,Same Day,,,,
MR 10L4,Avante Health Solutions,MINDRAY,Mindray 10L4 Linear Array Transducer DC3/6,Call for Quote,2.5 time exhange cost,Call for Quote,1.5 time exhange cost,Each,Each,Refurbished,Y,1.000000,Same Day,,,,
MV6500104,Avante Health Solutions,TOSHIBA,Toshiba Aplio XG Power Sypply,Call for Quote,2.5 time exhange cost,Call for Quote,1.5 time exhange cost,Each,Each,Refurbished,Y,1.000000,Same Day,,,,
OFTD0547,Avante Health Solutions,Siemens,Radiforce R22 Color Monitor 21”,Call for Quote,2.5 time exhange cost,Call for Quote,1.5 time exhange cost,Each,Each,Refurbished,Y,1.000000,Same Day,,,,
OFTD2012,Avante Health Solutions,Siemens,Radiforce MX215 21” Color Monitor,Call for Quote,2.5 time exhange cost,Call for Quote,1.5 time exhange cost,Each,Each,Refurbished,Y,1.000000,Same Day,,,,
P01300-07,Avante Health Solutions,SONOSITE,Civco Needle Guides (Sonosite HFL38),Call for Quote,2.5 time exhange cost,Call for Quote,1.5 time exhange cost,Each,Each,Refurbished,Y,1.000000,Same Day,,,,
P02594-20,Avante Health Solutions,SONOSITE,SONOSOTE C15/4 MHz Ultrasound Transducer,Call for Quote,2.5 time exhange cost,Call for Quote,1.5 time exhange cost,Each,Each,Refurbished,Y,1.000000,Same Day,,,,
MI97-02214B,Avante Health Solutions,SAMSUNG,HM70A ASSY-COVER,Call for Quote,2.5 time exhange cost,Call for Quote,1.5 time exhange cost,Each,Each,Refurbished,Y,1.000000,Same Day,,,,
MINDRAY 7L4S,Avante Health Solutions,MINDRAY,Mindray 7L4s,Call for Quote,2.5 time exhange cost,Call for Quote,1.5 time exhange cost,Each,Each,Refurbished,Y,1.000000,Same Day,,,,
MON-LCD-19BNC-N,Avante Health Solutions,,"19"" BNC Surveillance Monitor, LCD with Looping BNC for CCTV, Color",Call for Quote,2.5 time exhange cost,Call for Quote,1.5 time exhange cost,Each,Each,New OEM Original,Y,1.000000,Same Day,,,,
MR 75L38HA,Avante Health Solutions,MINDRAY,Mindray 75L38HA Linear Array X'dcr,Call for Quote,2.5 time exhange cost,Call for Quote,1.5 time exhange cost,Each,Each,Refurbished,Y,2.000000,Same Day,,,,
MRIREMOTEBOX GEFIX,Avante Health Solutions,,MM3 With GE 1.67 FIX,Call for Quote,2.5 time exhange cost,Call for Quote,1.5 time exhange cost,Each,Each,Refurbished,Y,1.000000,Same Day,,,,
NS5767344,Avante Health Solutions,GE,Alton R5 FEPS Module FRU GE Vivid S70,Call for Quote,2.5 time exhange cost,Call for Quote,1.5 time exhange cost,Each,Each,Refurbished,Y,1.000000,Same Day,,,,
OFTD1883,Avante Health Solutions,GE,21' Eizo FlexScan Color Monitor,Call for Quote,2.5 time exhange cost,Call for Quote,1.5 time exhange cost,Each,Each,Refurbished,Y,4.000000,Same Day,,,,
P02461A,Avante Health Solutions,SONOSITE,Sonosite (C15/4-2) Phased X'dcr.(r1.99+),Call for Quote,2.5 time exhange cost,Call for Quote,1.5 time exhange cost,Each,Each,Refurbished,Y,3.000000,Same Day,,,,
P03411,Avante Health Solutions,SONOSITE,Titan Desktop Mini-Dock,Call for Quote,2.5 time exhange cost,Call for Quote,1.5 time exhange cost,Each,Each,Refurbished,Y,1.000000,Same Day,,,,
P04099.US,Avante Health Solutions,SONOSITE,Sonosite HST/10-5 (Titan),Call for Quote,2.5 time exhange cost,Call for Quote,1.5 time exhange cost,Each,Each,Refurbished,Y,1.000000,Same Day,,,,
P07682-30,Avante Health Solutions,SONOSITE,Sonosite HFL38x,Call for Quote,2.5 time exhange cost,Call for Quote,1.5 time exhange cost,Each,Each,Refurbished,Y,1.000000,Same Day,,,,
P03297,Avante Health Solutions,SONOSITE,"LABEL, DISPLAY, TITAN",Call for Quote,2.5 time exhange cost,Call for Quote,1.5 time exhange cost,Each,Each,Refurbished,Y,3.000000,Same Day,,,,
P03869,Avante Health Solutions,SONOSITE,"SONOSITE, TGC ASSY",Call for Quote,2.5 time exhange cost,Call for Quote,1.5 time exhange cost,Each,Each,Refurbished,Y,1.000000,Same Day,,,,
P05174-22,Avante Health Solutions,SONOSITE,Sonosite SLA13-6 Transducer (MicroMAXX),Call for Quote,2.5 time exhange cost,Call for Quote,1.5 time exhange cost,Each,Each,Refurbished,Y,1.000000,Same Day,,,,
P07680-70,Avante Health Solutions,SONOSITE,"Sonosite C60x, 5-2 MHz Convex Array Transducer",Call for Quote,2.5 time exhange cost,Call for Quote,1.5 time exhange cost,Each,Each,Refurbished,Y,1.000000,Same Day,,,,
P07690-20,Avante Health Solutions,SONOSITE,Sonosite  ICTx/8-5,Call for Quote,2.5 time exhange cost,Call for Quote,1.5 time exhange cost,Each,Each,Refurbished,Y,2.000000,Same Day,,,,
P07698-24,Avante Health Solutions,Fujifilm Sonosite,Sonosite P21x/5-1 MHz Sector Array Transducer,Call for Quote,2.5 time exhange cost,Call for Quote,1.5 time exhange cost,Each,Each,Refurbished,Y,2.000000,Same Day,,,,
P07698-24-SXD,Avante Health Solutions,SONOSITE,Sonosite P21x/5-1 MHz Sector Array Transducer,Call for Quote,2.5 time exhange cost,Call for Quote,1.5 time exhange cost,Each,Each,Refurbished,Y,1.000000,Same Day,,,,
P09542,Avante Health Solutions,SONOSITE,Power Supply Shield Cover,Call for Quote,2.5 time exhange cost,Call for Quote,1.5 time exhange cost,Each,Each,Refurbished,Y,1.000000,Same Day,,,,
P134-000-N,Avante Health Solutions,Philips,Display Port to DVI-I Cable Adapter,Call for Quote,2.5 time exhange cost,Call for Quote,1.5 time exhange cost,Each,Each,New OEM Original,Y,1.000000,Same Day,,,,
P20987,Avante Health Solutions,SONOSITE,Sonosite Edge II USB Extension PCB Assy,Call for Quote,2.5 time exhange cost,Call for Quote,1.5 time exhange cost,Each,Each,Refurbished,Y,1.000000,Same Day,,,,
PC-20M,Avante Health Solutions,TOSHIBA,Toshiba Xario Non-Imaging Transducer,Call for Quote,2.5 time exhange cost,Call for Quote,1.5 time exhange cost,Each,Each,Refurbished,Y,7.000000,Same Day,,,,
PHILIPS.3D93V.COMPACT,Avante Health Solutions,PHILIPS,"PHILIPS 3D9-3V Compact (Epiq 5, Epiq 7, Affiniti 50, Affiniti 70)",Call for Quote,2.5 time exhange cost,Call for Quote,1.5 time exhange cost,Each,Each,Refurbished,Y,1.000000,Same Day,,,,
PHILIPS.C85.EXP,Avante Health Solutions,PHILIPS,Philips C8-5 Curved Linear Array Transducer,Call for Quote,2.5 time exhange cost,Call for Quote,1.5 time exhange cost,Each,Each,Refurbished,Y,34.000000,Same Day,,,,
PHILIPS.L125.EXP,Avante Health Solutions,PHILIPS,Philips L12-5 Linear Array Ultrasound Transducer,Call for Quote,2.5 time exhange cost,Call for Quote,1.5 time exhange cost,Each,Each,Refurbished,Y,31.000000,Same Day,,,,
PHILIPS.P42.HDI,Avante Health Solutions,PHILIPS,ATL P4-2 Phased Array Ultrasound Transducer,Call for Quote,2.5 time exhange cost,Call for Quote,1.5 time exhange cost,Each,Each,Refurbished,Y,2.000000,Same Day,,,,
PHILIPS.S124.EXP,Avante Health Solutions,PHILIPS,Philips S12-4 Pediatric Cardiac Ultrasound Transducer,Call for Quote,2.5 time exhange cost,Call for Quote,1.5 time exhange cost,Each,Each,Refurbished,Y,28.000000,Same Day,,,,
PHILIPS.S51.COMPACT,Avante Health Solutions,PHILIPS,"PHILIPS S5-1 COMPACT TRANSDUCER (CX-50, EPIQ 5/7, AFFINITI 70)",Call for Quote,2.5 time exhange cost,Call for Quote,1.5 time exhange cost,Each,Each,Refurbished,Y,1.000000,Same Day,,,,
PHILIPS.S52.EXP,Avante Health Solutions,PHILIPS,Philips S5-2 Transducer,Call for Quote,2.5 time exhange cost,Call for Quote,1.5 time exhange cost,Each,Each,Refurbished,Y,3.000000,Same Day,,,,
PHILIPS.S83T.EXP,Avante Health Solutions,PHILIPS,Philips S8-3T TEE Phased Array Ultrasound Transducer (Explora),Call for Quote,2.5 time exhange cost,Call for Quote,1.5 time exhange cost,Each,Each,Refurbished,Y,1.000000,Same Day,,,,
PHILIPS.X31.EXP,Avante Health Solutions,PHILIPS,PHILIPS X3-1 x Matrix Ultrasound Transducer (45356117661x),Call for Quote,2.5 time exhange cost,Call for Quote,1.5 time exhange cost,Each,Each,Refurbished,Y,1.000000,Same Day,,,,
PHILIPS.X72.EXP,Avante Health Solutions,PHILIPS,Philips X7-2 (2-7 MHz) Ultrasound Transducer,Call for Quote,2.5 time exhange cost,Call for Quote,1.5 time exhange cost,Each,Each,Refurbished,Y,9.000000,Same Day,,,,
PHILIPS.XL143.COMPACT,Avante Health Solutions,PHILIPS,Philips XL14-3 Ultrasound Transducer,Call for Quote,2.5 time exhange cost,Call for Quote,1.5 time exhange cost,Each,Each,Refurbished,Y,1.000000,Same Day,,,,
PC-25M,Avante Health Solutions,TOSHIBA,Toshiba 2.5 MHz CW Transducer,Call for Quote,2.5 time exhange cost,Call for Quote,1.5 time exhange cost,Each,Each,Refurbished,Y,1.000000,Same Day,,,,
PHILIPS 21221B,Avante Health Solutions,PHILIPS,Philips 21221B,Call for Quote,2.5 time exhange cost,Call for Quote,1.5 time exhange cost,Each,Each,Refurbished,Y,5.000000,Same Day,,,,
PHILIPS BP10-5EC COMPACT,Avante Health Solutions,PHILIPS,Philips BP10-5EC COMPACT,Call for Quote,2.5 time exhange cost,Call for Quote,1.5 time exhange cost,Each,Each,Refurbished,Y,1.000000,Same Day,,,,
PHILIPS D2CWC EPIQ/IUIE,Avante Health Solutions,PHILIPS,Philips D2CWC (2.0 MHZ) Pedoff Ultrasound Transducer,Call for Quote,2.5 time exhange cost,Call for Quote,1.5 time exhange cost,Each,Each,Refurbished,Y,3.000000,Same Day,,,,
PHILIPS D5CWC,Avante Health Solutions,PHILIPS,Philips 5.0 MHz CW Doppler X'dcr,Call for Quote,2.5 time exhange cost,Call for Quote,1.5 time exhange cost,Each,Each,Refurbished,Y,1.000000,Same Day,,,,
PHILIPS X7-2,Avante Health Solutions,PHILIPS,Philips X7-2,Call for Quote,2.5 time exhange cost,Call for Quote,1.5 time exhange cost,Each,Each,Refurbished,Y,1.000000,Same Day,,,,
PHILIPS.C52.CAR,Avante Health Solutions,PHILIPS,PHILIPS C5-2 Ultrasound Transducer (Cartridge),Call for Quote,2.5 time exhange cost,Call for Quote,1.5 time exhange cost,Each,Each,Refurbished,Y,7.000000,Same Day,,,,
PHILIPS.C52.EXP,Avante Health Solutions,PHILIPS,Philips C5-2 Transducer (EXPLORA-iU/iE/HD),Call for Quote,2.5 time exhange cost,Call for Quote,1.5 time exhange cost,Each,Each,Refurbished,Y,44.000000,Same Day,,,,
PHILIPS.C94V.COMPACT,Avante Health Solutions,PHILIPS,Philips C9-4v Ultrasound Transducer (Compact),Call for Quote,2.5 time exhange cost,Call for Quote,1.5 time exhange cost,Each,Each,Refurbished,Y,1.000000,Same Day,,,,
PHILIPS.C94V.EXP,Avante Health Solutions,PHILIPS,Philips C9-4v Curved Ultrasound Transducer,Call for Quote,2.5 time exhange cost,Call for Quote,1.5 time exhange cost,Each,Each,Refurbished,Y,15.000000,Same Day,,,,
PHILIPS.L124.COMPACT,Avante Health Solutions,PHILIPS,PHILIPS L12-4 COMPACT Transducer (CX30 AND SPARQ ONLY),Call for Quote,2.5 time exhange cost,Call for Quote,1.5 time exhange cost,Each,Each,Refurbished,Y,1.000000,Same Day,,,,
PHS ADJUSTMENT BRACKET,Avante Health Solutions,,Siemens PHS Table Adjustment Bracket,Call for Quote,2.5 time exhange cost,Call for Quote,1.5 time exhange cost,Each,Each,Refurbished,Y,1.000000,Same Day,,,,
PLM-1202S,Avante Health Solutions,TOSHIBA,Toshiba 14.0/12.0/8.0 Mhz Linear Transducer,Call for Quote,2.5 time exhange cost,Call for Quote,1.5 time exhange cost,Each,Each,Refurbished,Y,2.000000,Same Day,,,,
PLT-1204BT,Avante Health Solutions,TOSHIBA,Toshiba PLT-1204BT Linear Ultrasound Transducer,Call for Quote,2.5 time exhange cost,Call for Quote,1.5 time exhange cost,Each,Each,Refurbished,Y,2.000000,Same Day,,,,
PLT-604AT,Avante Health Solutions,TOSHIBA,Toshiba PLT-604AT (4-9.2 MHZ) 38mm Linear Ultrasound Transducer,Call for Quote,2.5 time exhange cost,Call for Quote,1.5 time exhange cost,Each,Each,Refurbished,Y,5.000000,Same Day,,,,
PM30-37850,Avante Health Solutions,TOSHIBA,Toshiba Aplio MX I/O Board,Call for Quote,2.5 time exhange cost,Call for Quote,1.5 time exhange cost,Each,Each,Refurbished,Y,1.000000,Same Day,,,,
PM30-39534,Avante Health Solutions,TOSHIBA,BV Assy for Aplio 300/500,Call for Quote,2.5 time exhange cost,Call for Quote,1.5 time exhange cost,Each,Each,Refurbished,Y,1.000000,Same Day,,,,
PSI-30BX,Avante Health Solutions,TOSHIBA,Toshiba PSI-30BX I800 Cardiac,Call for Quote,2.5 time exhange cost,Call for Quote,1.5 time exhange cost,Each,Each,Refurbished,Y,2.000000,Same Day,,,,
PSM-20CT,Avante Health Solutions,TOSHIBA,Toshiba (3.0/2.5/2.0/T3.8/,Call for Quote,2.5 time exhange cost,Call for Quote,1.5 time exhange cost,Each,Each,Refurbished,Y,1.000000,Same Day,,,,
PSN-37CT,Avante Health Solutions,TOSHIBA,Toshiba 5.0-3.2 Mhz Sector Transducer,Call for Quote,2.5 time exhange cost,Call for Quote,1.5 time exhange cost,Each,Each,Refurbished,Y,1.000000,Same Day,,,,
PX75-05113,Avante Health Solutions,Toshiba,MONITOR,Call for Quote,2.5 time exhange cost,Call for Quote,1.5 time exhange cost,Each,Each,Refurbished,Y,1.000000,Same Day,,,,
PX79-47828E,Avante Health Solutions,,GMSC,Call for Quote,2.5 time exhange cost,Call for Quote,1.5 time exhange cost,Each,Each,Refurbished,Y,1.000000,Same Day,,,,
PHILIPS.L157IO.EXP,Avante Health Solutions,PHILIPS,Philips L15-7io Linear Ultrasound Transducer (Explora),Call for Quote,2.5 time exhange cost,Call for Quote,1.5 time exhange cost,Each,Each,Refurbished,Y,7.000000,Same Day,,,,
PHILIPS.L84.EXP,Avante Health Solutions,PHILIPS,Philips L8-4 Linear Array X'dcr,Call for Quote,2.5 time exhange cost,Call for Quote,1.5 time exhange cost,Each,Each,Refurbished,Y,5.000000,Same Day,,,,
PHILIPS.S42.CAR,Avante Health Solutions,PHILIPS,Philips S4-2 Ultrasound Transducer (Cartridge),Call for Quote,2.5 time exhange cost,Call for Quote,1.5 time exhange cost,Each,Each,Refurbished,Y,2.000000,Same Day,,,,
PHILIPS.S42.COMPACT,Avante Health Solutions,PHILIPS,Philips S4-2 Compact for Affiniti,Call for Quote,2.5 time exhange cost,Call for Quote,1.5 time exhange cost,Each,Each,Refurbished,Y,1.000000,Same Day,,,,
PHI-USB-MINI2N,Avante Health Solutions,,MINI EXTENDER,Call for Quote,2.5 time exhange cost,Call for Quote,1.5 time exhange cost,Each,Each,Refurbished,Y,2.000000,Same Day,,,,
PLM-805AT,Avante Health Solutions,TOSHIBA,Toshiba PLM-805AT 12.0/9.0/6.0 Mhz Linear Transducer,Call for Quote,2.5 time exhange cost,Call for Quote,1.5 time exhange cost,Each,Each,Refurbished,Y,2.000000,Same Day,,,,
PLT-704SBT,Avante Health Solutions,TOSHIBA,Toshiba PLT-704SBT (4-12 MHZ) Linear Ultrasound Transducer,Call for Quote,2.5 time exhange cost,Call for Quote,1.5 time exhange cost,Each,Each,Refurbished,Y,7.000000,Same Day,,,,
PM30-32732,Avante Health Solutions,TOSHIBA,"Toshiba XARIO, TX PCB",Call for Quote,2.5 time exhange cost,Call for Quote,1.5 time exhange cost,Each,Each,Refurbished,Y,10.000000,Same Day,,,,
PM30-32733,Avante Health Solutions,TOSHIBA,"Toshiba XARIO, RX PCB",Call for Quote,2.5 time exhange cost,Call for Quote,1.5 time exhange cost,Each,Each,Refurbished,Y,4.000000,Same Day,,,,
PM30-38329,Avante Health Solutions,TOSHIBA,Toshiba Xario XG CPU,Call for Quote,2.5 time exhange cost,Call for Quote,1.5 time exhange cost,Each,Each,Refurbished,Y,2.000000,Same Day,,,,
PM30-38694,Avante Health Solutions,TOSHIBA,Toshiba Aplio 300/500 MC Board,Call for Quote,2.5 time exhange cost,Call for Quote,1.5 time exhange cost,Each,Each,Refurbished,Y,4.000000,Same Day,,,,
PNL-132-1,Avante Health Solutions,HITACHI,HITACHI LCD TOUCH PANEL,Call for Quote,2.5 time exhange cost,Call for Quote,1.5 time exhange cost,Each,Each,Refurbished,Y,1.000000,Same Day,,,,
PNL-132-2,Avante Health Solutions,HITACHI,HITACHI LOWER PANEL,Call for Quote,2.5 time exhange cost,Call for Quote,1.5 time exhange cost,Each,Each,Refurbished,Y,1.000000,Same Day,,,,
PROVIS,Avante Health Solutions,GE,MED RAD MARK V PROVIS INJECTOR SYSTEM,Call for Quote,2.5 time exhange cost,Call for Quote,1.5 time exhange cost,Each,Each,Refurbished,Y,1.000000,Same Day,,,,
PST-65AT,Avante Health Solutions,TOSHIBA,Toshiba PST-65AT Ultrasound Transducer,Call for Quote,2.5 time exhange cost,Call for Quote,1.5 time exhange cost,Each,Each,Refurbished,Y,1.000000,Same Day,,,,
PVT-375AT,Avante Health Solutions,TOSHIBA,Toshiba PVT-375AT (2.5-5.5 MHZ) Convex Ultrasound Transducer,Call for Quote,2.5 time exhange cost,Call for Quote,1.5 time exhange cost,Each,Each,Refurbished,Y,1.000000,Same Day,,,,
PVT-375ST,Avante Health Solutions,TOSHIBA,Toshiba PVT-375ST Convex Ultrasound Transducer,Call for Quote,2.5 time exhange cost,Call for Quote,1.5 time exhange cost,Each,Each,Refurbished,Y,1.000000,Same Day,,,,
PVT-674BT,Avante Health Solutions,TOSHIBA,Toshiba PVT-674BT Abdominal Ultrasound Transducer,Call for Quote,2.5 time exhange cost,Call for Quote,1.5 time exhange cost,Each,Each,Refurbished,Y,1.000000,Same Day,,,,
PX74-06047-2,Avante Health Solutions,Toshiba,MHR-DP,Call for Quote,2.5 time exhange cost,Call for Quote,1.5 time exhange cost,Each,Each,Refurbished,Y,1.000000,Same Day,,,,
PX74-06056-2,Avante Health Solutions,Toshiba,GTYS GCIFA PWB Daughter Board,Call for Quote,2.5 time exhange cost,Call for Quote,1.5 time exhange cost,Each,Each,Refurbished,Y,1.000000,Same Day,,,,
RIC5-9-D CABLE,Avante Health Solutions,GE,RIC5-9-D CABLE,Call for Quote,2.5 time exhange cost,Call for Quote,1.5 time exhange cost,Each,Each,Refurbished,Y,6.000000,Same Day,,,,
ROTHENBERGER PUMP,Avante Health Solutions,Siemens,Rothenberger Pump for Siemens CT Water Cabinet,Call for Quote,2.5 time exhange cost,Call for Quote,1.5 time exhange cost,Each,Each,Refurbished,Y,4.000000,Same Day,,,,
S2418272-4,Avante Health Solutions,GE,PIB V6 Vivid S5/S6,Call for Quote,2.5 time exhange cost,Call for Quote,1.5 time exhange cost,Each,Each,Refurbished,Y,1.000000,Same Day,,,,
S2418525-2,Avante Health Solutions,GE,"VIVID S6/S5, 17"" LCD",Call for Quote,2.5 time exhange cost,Call for Quote,1.5 time exhange cost,Each,Each,Refurbished,Y,1.000000,Same Day,,,,
S5407376,Avante Health Solutions,GE,Vivid S70 TRX32 Board,Call for Quote,2.5 time exhange cost,Call for Quote,1.5 time exhange cost,Each,Each,Refurbished,Y,5.000000,Same Day,,,,
S5766993-4,Avante Health Solutions,,BIF Module FRU updated firmware V40,Call for Quote,2.5 time exhange cost,Call for Quote,1.5 time exhange cost,Each,Each,Refurbished,Y,1.000000,Same Day,,,,
S6208000-12,Avante Health Solutions,GE,GE LOGIQ E10S - LOWER OP PANEL WITH HEAT SHRINK SHIELD TUBE FIRMWARE UPDATE FOR KEY LAGGING,Call for Quote,2.5 time exhange cost,Call for Quote,1.5 time exhange cost,Each,Each,Refurbished,Y,1.000000,Same Day,,,,
SCA80,Avante Health Solutions,,SCSI 68 Pin to 80 Pin Adapter / IDE to SCSI Converter,Call for Quote,2.5 time exhange cost,Call for Quote,1.5 time exhange cost,Each,Each,Refurbished,Y,1.000000,Same Day,,,,
SIEMENS 14L5 SP,Avante Health Solutions,SIEMENS,Siemens 14L5 SP Linear Array Ultrasound Transducer,Call for Quote,2.5 time exhange cost,Call for Quote,1.5 time exhange cost,Each,Each,Refurbished,Y,11.000000,Same Day,,,,
SIEMENS 4V1 MP456,Avante Health Solutions,SIEMENS,SIEMENS 4V1 MP456 Vector Ultrasound Transducer (New Sequoia),Call for Quote,2.5 time exhange cost,Call for Quote,1.5 time exhange cost,Each,Each,Refurbished,Y,2.000000,Same Day,,,,
SIEMENS 7.5L40+,Avante Health Solutions,SIEMENS,Siemens 7.5L40+,Call for Quote,2.5 time exhange cost,Call for Quote,1.5 time exhange cost,Each,Each,Refurbished,Y,1.000000,Same Day,,,,
SIEMENS CH6-2,Avante Health Solutions,SIEMENS,Siemens CH6-2 Curved Array Ultrasound Transducer,Call for Quote,2.5 time exhange cost,Call for Quote,1.5 time exhange cost,Each,Each,Refurbished,Y,8.000000,Same Day,,,,
SIEMENS EC9-4 MP,Avante Health Solutions,SIEMENS,Siemens EC9-4 Ultrasound Transducer - Siemens S1000/2000/3000,Call for Quote,2.5 time exhange cost,Call for Quote,1.5 time exhange cost,Each,Each,Refurbished,Y,1.000000,Same Day,,,,
S2133-BK-N,Avante Health Solutions,Eizo,"21.3"" FlexScan S2133 Height Adjustable Monitor w/ IPS Panel",Call for Quote,2.5 time exhange cost,Call for Quote,1.5 time exhange cost,Each,Each,New OEM Original,Y,1.000000,Same Day,,,,
S5444781,Avante Health Solutions,GE,"LCD Only 19"", Vivid S70",Call for Quote,2.5 time exhange cost,Call for Quote,1.5 time exhange cost,Each,Each,Refurbished,Y,1.000000,Same Day,,,,
SHIMADZU TV11R-055U,Avante Health Solutions,SHIMADZU,Shimadzu TV11R-055U,Call for Quote,2.5 time exhange cost,Call for Quote,1.5 time exhange cost,Each,Each,Refurbished,Y,1.000000,Same Day,,,,
SHIMADZU VA40R-035U,Avante Health Solutions,SHIMADZU,Shimadzu VA40R-035U,Call for Quote,2.5 time exhange cost,Call for Quote,1.5 time exhange cost,Each,Each,Refurbished,Y,3.000000,Same Day,,,,
SIEMENS 14L5 MP,Avante Health Solutions,SIEMENS,Siemens 14L5 (5-14 MHZ) Ultrasound Transducer,Call for Quote,2.5 time exhange cost,Call for Quote,1.5 time exhange cost,Each,Each,Refurbished,Y,2.000000,Same Day,,,,
SIEMENS 14L5 MP456-N,Avante Health Solutions,SIEMENS,SIEMENS 14L5 MP456 NEW SEQUOIA,Call for Quote,2.5 time exhange cost,Call for Quote,1.5 time exhange cost,Each,Each,New OEM Original,Y,2.000000,Same Day,,,,
SIEMENS 4Z1C,Avante Health Solutions,SIEMENS,Siemens 4Z1c Matrix Array Ultrasound Transducer - S2000,Call for Quote,2.5 time exhange cost,Call for Quote,1.5 time exhange cost,Each,Each,Refurbished,Y,39.000000,Same Day,,,,
SIEMENS 5.0HDPL40,Avante Health Solutions,SIEMENS,Siemens 5.0HDPL40,Call for Quote,2.5 time exhange cost,Call for Quote,1.5 time exhange cost,Each,Each,Refurbished,Y,1.000000,Same Day,,,,
SIEMENS 5C1 MP456-N,Avante Health Solutions,SIEMENS,Siemens 5C1 MP456 NEW SEQUOIA ULTRASOUND TRANSDUCER,Call for Quote,2.5 time exhange cost,Call for Quote,1.5 time exhange cost,Each,Each,New OEM Original,Y,1.000000,Same Day,,,,
SIEMENS 7.5L45S,Avante Health Solutions,SIEMENS,Siemens 7.5L45S,Call for Quote,2.5 time exhange cost,Call for Quote,1.5 time exhange cost,Each,Each,Refurbished,Y,1.000000,Same Day,,,,
SIEMENS C5F1,Avante Health Solutions,SIEMENS,C5F1 4D Transducer (for ANTARES),Call for Quote,2.5 time exhange cost,Call for Quote,1.5 time exhange cost,Each,Each,Refurbished,Y,1.000000,Same Day,,,,
SIEMENS VF7-3,Avante Health Solutions,SIEMENS,Siemens VF 7-3 Linear Transducer (Antares),Call for Quote,2.5 time exhange cost,Call for Quote,1.5 time exhange cost,Each,Each,Refurbished,Y,4.000000,Same Day,,,,
SIEMENS VFX13-5,Avante Health Solutions,SIEMENS,SIEMENS VFX13-5 (ANTARES),Call for Quote,2.5 time exhange cost,Call for Quote,1.5 time exhange cost,Each,Each,Refurbished,Y,1.000000,Same Day,,,,
SITE RITE 6 CART BATTERY,Avante Health Solutions,MULTIPLE,NL2020ED22 10.8V 8.8Ah 95WH,Call for Quote,2.5 time exhange cost,Call for Quote,1.5 time exhange cost,Each,Each,Refurbished,Y,1.000000,Same Day,,,,
SONOSITE ICT/7-4MHZ TITAN,Avante Health Solutions,SONOSITE,SonoSite ICT/7-4 MHz for Titan,Call for Quote,2.5 time exhange cost,Call for Quote,1.5 time exhange cost,Each,Each,Refurbished,Y,1.000000,Same Day,,,,
ST250DM000,Avante Health Solutions,GE,DL8M2 OS Drive,Call for Quote,2.5 time exhange cost,Call for Quote,1.5 time exhange cost,Each,Each,Refurbished,Y,27.000000,Same Day,,,,
ST3120211AS,Avante Health Solutions,Siemens,SEAGATE BARRACUDA 120GB,Call for Quote,2.5 time exhange cost,Call for Quote,1.5 time exhange cost,Each,Each,Refurbished,Y,4.000000,Same Day,,,,
ST3250310NS,Avante Health Solutions,,Seagate Barracuda 250GB SATA,Call for Quote,2.5 time exhange cost,Call for Quote,1.5 time exhange cost,Each,Each,Refurbished,Y,5.000000,Same Day,,,,
ST3250312AS,Avante Health Solutions,,Seagate Barracuda 7200.12 250GB Hard Drive ST3250312AS (Unfinished),Call for Quote,2.5 time exhange cost,Call for Quote,1.5 time exhange cost,Each,Each,Refurbished,Y,10.000000,Same Day,,,,
ST380215A,Avante Health Solutions,Siemens,"Siemens RTPC Drive : Barracuda 80GB 7200RPM IDE UltraATA100, 3.5""",Call for Quote,2.5 time exhange cost,Call for Quote,1.5 time exhange cost,Each,Each,Refurbished,Y,4.000000,Same Day,,,,
ST9250610NS,Avante Health Solutions,,SEAGATE CONSTELLATION 2 hard drive,Call for Quote,2.5 time exhange cost,Call for Quote,1.5 time exhange cost,Each,Each,Refurbished,Y,22.000000,Same Day,,,,
TOSHIBA PLT-1204AX,Avante Health Solutions,TOSHIBA,Toshiba PLT-1204AX,Call for Quote,2.5 time exhange cost,Call for Quote,1.5 time exhange cost,Each,Each,Refurbished,Y,1.000000,Same Day,,,,
SIEMENS C5F1 4D,Avante Health Solutions,SIEMENS,Siemens C5F1 4D,Call for Quote,2.5 time exhange cost,Call for Quote,1.5 time exhange cost,Each,Each,Refurbished,Y,2.000000,Same Day,,,,
SIEMENS P10-4,Avante Health Solutions,SIEMENS,Siemens P10-4,Call for Quote,2.5 time exhange cost,Call for Quote,1.5 time exhange cost,Each,Each,Refurbished,Y,1.000000,Same Day,,,,
SONO-4018,Avante Health Solutions,MULTIPLE,"Sono Ultrasound Wipes, One Step Cleaner-Disinfectant",Call for Quote,2.5 time exhange cost,Call for Quote,1.5 time exhange cost,Each,Each,Refurbished,Y,96.000000,Same Day,,,,
ST336607LW,Avante Health Solutions,GE,Seagate Cheetah 10K.6 36.4GB 10K RPM Ultra-320 SCSI 68-Pin 8MB Cache 3.5-inch Internal Hard Drive,Call for Quote,2.5 time exhange cost,Call for Quote,1.5 time exhange cost,Each,Each,Refurbished,Y,12.000000,Same Day,,,,
ST373207LW,Avante Health Solutions,Siemens,Seagate Cheetah 10K.7 73GB Internal Ultra 3208 Hard Drive,Call for Quote,2.5 time exhange cost,Call for Quote,1.5 time exhange cost,Each,Each,Refurbished,Y,2.000000,Same Day,,,,
SWITCHS INNOVA,Avante Health Solutions,GE,micro switchs,Call for Quote,2.5 time exhange cost,Call for Quote,1.5 time exhange cost,Each,Each,Refurbished,Y,10.000000,Same Day,,,,
TDL0000-DL-N,Avante Health Solutions,Philips / Eizo,Dual Link DVI Extender Set,Call for Quote,2.5 time exhange cost,Call for Quote,1.5 time exhange cost,Each,Each,New OEM Original,Y,2.000000,Same Day,,,,
TEAC UR-50BD,Avante Health Solutions,MULTIPLE,Teac Blu Ray DVR with HDMI,Call for Quote,2.5 time exhange cost,Call for Quote,1.5 time exhange cost,Each,Each,Refurbished,Y,1.000000,Same Day,,,,
TOSHIBA PVT-382MV,Avante Health Solutions,TOSHIBA,Toshiba PVT-382MV,Call for Quote,2.5 time exhange cost,Call for Quote,1.5 time exhange cost,Each,Each,Refurbished,Y,1.000000,Same Day,,,,
TQ100002,Avante Health Solutions,GE,GE P6D PW Doppler Pencil Ultrasound Transducer,Call for Quote,2.5 time exhange cost,Call for Quote,1.5 time exhange cost,Each,Each,Refurbished,Y,1.000000,Same Day,,,,
U1-100401,Avante Health Solutions,GE,3T 8 Ch Torso Coil,Call for Quote,2.5 time exhange cost,Call for Quote,1.5 time exhange cost,Each,Each,Refurbished,Y,1.000000,Same Day,,,,
TOSHIBA PLT-705BTF,Avante Health Solutions,TOSHIBA,Toshiba PLT-705BTF,Call for Quote,2.5 time exhange cost,Call for Quote,1.5 time exhange cost,Each,Each,Refurbished,Y,1.000000,Same Day,,,,
TOSHIBA PVT-375MV,Avante Health Solutions,TOSHIBA,Toshiba PVT-375MV,Call for Quote,2.5 time exhange cost,Call for Quote,1.5 time exhange cost,Each,Each,Refurbished,Y,1.000000,Same Day,,,,
ULT-PC-15,Avante Health Solutions,MULTIPLE,"Probe, Dual Conductivity (Medium)",Call for Quote,2.5 time exhange cost,Call for Quote,1.5 time exhange cost,Each,Each,Refurbished,Y,1.000000,Same Day,,,,
UPC-21S,Avante Health Solutions,MULTIPLE,Sony Color Print Pack Small,Call for Quote,2.5 time exhange cost,Call for Quote,1.5 time exhange cost,Each,Each,Refurbished,Y,1.000000,Same Day,,,,
USP-C017NSC/WR,Avante Health Solutions,SAMSUNG,CA1-7AD S-Vue convex probe with a frequency range of 1-7 MHZ,Call for Quote,2.5 time exhange cost,Call for Quote,1.5 time exhange cost,Each,Each,Refurbished,Y,1.000000,Same Day,,,,
USP-L029F4A/WR,Avante Health Solutions,SAMSUNG,LA2-9A  linear array probe,Call for Quote,2.5 time exhange cost,Call for Quote,1.5 time exhange cost,Each,Each,Refurbished,Y,1.000000,Same Day,,,,
USP-L03GF2A/WR,Avante Health Solutions,SAMSUNG,LA3-16AI  Hockey Stick shaped linear probe,Call for Quote,2.5 time exhange cost,Call for Quote,1.5 time exhange cost,Each,Each,Refurbished,Y,4.000000,Same Day,,,,
USP-L03MN2A/WR,Avante Health Solutions,SAMSUNG,Samsung's LA3-22AI hockey stick linear transducer/multi-frequency 3-22MHz/ center frequency 10 MHz/footprint 25mm.,Call for Quote,2.5 time exhange cost,Call for Quote,1.5 time exhange cost,Each,Each,Refurbished,Y,1.000000,Same Day,,,,
USP-LF3MN2A/WR,Avante Health Solutions,SAMSUNG,"Samsung L3-22 High Frequency Linear Transducer for HM70 EVO, HS40",Call for Quote,2.5 time exhange cost,Call for Quote,1.5 time exhange cost,Each,Each,Refurbished,Y,1.000000,Same Day,,,,
USP-LF4IF4B/WR,Avante Health Solutions,SAMSUNG,Samsung LA4-18BD linear array probe,Call for Quote,2.5 time exhange cost,Call for Quote,1.5 time exhange cost,Each,Each,Refurbished,Y,1.000000,Same Day,,,,
USP-PN24E0A,Avante Health Solutions,SAMSUNG,PN2-4 phased array sector probe with a frequency range of 2-4 MHz designed for pediatric cardiology and cranial imaging. (R7/HS40),Call for Quote,2.5 time exhange cost,Call for Quote,1.5 time exhange cost,Each,Each,Refurbished,Y,1.000000,Same Day,,,,
U1-150032,Avante Health Solutions,,HNS HEAD Phantom,Call for Quote,2.5 time exhange cost,Call for Quote,1.5 time exhange cost,Each,Each,Refurbished,Y,1.000000,Same Day,,,,
ULTRASONIX OP,Avante Health Solutions,ULTRASONIX,Ultrasonix Sonix Operator Panel,Call for Quote,2.5 time exhange cost,Call for Quote,1.5 time exhange cost,Each,Each,Refurbished,Y,1.000000,Same Day,,,,
USP-C03AF5C/WR,Avante Health Solutions,Samsung,CA3‐10A S‐Vue convex probe with a frequency range of 3‐10 MHZ designed for Abdominal and OB/GYN imaging,Call for Quote,2.5 time exhange cost,Call for Quote,1.5 time exhange cost,Each,Each,Refurbished,Y,1.000000,Same Day,,,,
USP-CE28F7A,Avante Health Solutions,SAMSUNG,CA2-8AD convex probe with a frequency range of 2-8 MHZ designed for Abdominal and  OB/GYN imaging.,Call for Quote,2.5 time exhange cost,Call for Quote,1.5 time exhange cost,Each,Each,Refurbished,Y,1.000000,Same Day,,,,
USP-L03GN4B/WR,Avante Health Solutions,SAMSUNG,LA3-16AD  linear array probe with a frequency range of 3-16 MHz and a footprint of 40 mm,Call for Quote,2.5 time exhange cost,Call for Quote,1.5 time exhange cost,Each,Each,Refurbished,Y,1.000000,Same Day,,,,
USP-W020H0A/WR,Avante Health Solutions,Samsung,DP2B continuous wave pedoff probe for cardiac applications..,Call for Quote,2.5 time exhange cost,Call for Quote,1.5 time exhange cost,Each,Each,Refurbished,Y,2.000000,Same Day,,,,
VERTICAL ENCODER,Avante Health Solutions,Siemens,LONGITUDINAL POT,Call for Quote,2.5 time exhange cost,Call for Quote,1.5 time exhange cost,Each,Each,Refurbished,Y,2.000000,Same Day,,,,
WD5000AZLX,Avante Health Solutions,,"Western Digital Blue 500GB 7200 RPM 32MB Cache SATA 6.0Gb/s 3.5"" Internal Hard Drive Bare Drive",Call for Quote,2.5 time exhange cost,Call for Quote,1.5 time exhange cost,Each,Each,Refurbished,Y,1.000000,Same Day,,,,
XGCP-830BA,Avante Health Solutions,Toshiba,Table Side Console,Call for Quote,2.5 time exhange cost,Call for Quote,1.5 time exhange cost,Each,Each,Refurbished,Y,1.000000,Same Day,,,,
USP-PZ24NA0,Avante Health Solutions,SAMSUNG,PE2-4 phased array sector probe with a frequency range of 2-4 MHz designed for pediatric cardiology and cranial imaging.,Call for Quote,2.5 time exhange cost,Call for Quote,1.5 time exhange cost,Each,Each,Refurbished,Y,1.000000,Same Day,,,,
UT69-99,Avante Health Solutions,,Black Knob for UT69,Call for Quote,2.5 time exhange cost,Call for Quote,1.5 time exhange cost,Each,Each,Refurbished,Y,1.000000,Same Day,,,,
WHITE PS2 MOUSE,Avante Health Solutions,,"Perixx Permice-209 P, Wired PS2 Optical Mouse with Scroll Wheel and 1000 DPI, White (11832), 1.8m cable",Call for Quote,2.5 time exhange cost,Call for Quote,1.5 time exhange cost,Each,Each,Refurbished,Y,3.000000,Same Day,,,,
ZONARE C5-2,Avante Health Solutions,ZONARE,Zonare C5-2 Convex Transducer,Call for Quote,2.5 time exhange cost,Call for Quote,1.5 time exhange cost,Each,Each,Refurbished,Y,2.000000,Same Day,,,,
2111431,Avante Health Solutions,GE,BOLUS CHASE HANDSWITCH,Call for Quote,2.5 time exhange cost,Call for Quote,1.5 time exhange cost,Each,Each,Refurbished,Y,1.000000,Same Day,,,,
2115403,Avante Health Solutions,GE,AC DISTRIBUTION PANEL,Call for Quote,2.5 time exhange cost,Call for Quote,1.5 time exhange cost,Each,Each,Refurbished,Y,1.000000,Same Day,,,,
2115984-N,Avante Health Solutions,GE,Extender Pad,Call for Quote,2.5 time exhange cost,Call for Quote,1.5 time exhange cost,Each,Each,New OEM Original,Y,1.000000,Same Day,,,,
2123507,Avante Health Solutions,,Table Lat. Pot. 403 W/ SWITCH,Call for Quote,2.5 time exhange cost,Call for Quote,1.5 time exhange cost,Each,Each,Refurbished,Y,1.000000,Same Day,,,,
21350A,Avante Health Solutions,PHILIPS,HP (S8) 3.0-8.0 Mhz Sector Transducer,Call for Quote,2.5 time exhange cost,Call for Quote,1.5 time exhange cost,Each,Each,Refurbished,Y,3.000000,Same Day,,,,
2137701,Avante Health Solutions,GE,LARM MOTOR ASSY,Call for Quote,2.5 time exhange cost,Call for Quote,1.5 time exhange cost,Each,Each,Refurbished,Y,1.000000,Same Day,,,,
2137893,Avante Health Solutions,GE,G/B INTERFACE,Call for Quote,2.5 time exhange cost,Call for Quote,1.5 time exhange cost,Each,Each,Refurbished,Y,3.000000,Same Day,,,,
21378A,Avante Health Solutions,PHILIPS,HP 21378A (2-7MHZ) (TYPE III) TEE Ultrasound Transducer,Call for Quote,2.5 time exhange cost,Call for Quote,1.5 time exhange cost,Each,Each,Refurbished,Y,1.000000,Same Day,,,,
2140004,Avante Health Solutions,,Table Cover,Call for Quote,2.5 time exhange cost,Call for Quote,1.5 time exhange cost,Each,Each,Refurbished,Y,1.000000,Same Day,,,,
2161307,Avante Health Solutions,GE,Anode HV Tank,Call for Quote,2.5 time exhange cost,Call for Quote,1.5 time exhange cost,Each,Each,Refurbished,Y,2.000000,Same Day,,,,
2165445,Avante Health Solutions,GE,RP GE Gantry Position Potentiometer,Call for Quote,2.5 time exhange cost,Call for Quote,1.5 time exhange cost,Each,Each,Refurbished,Y,1.000000,Same Day,,,,
2169940-45,Avante Health Solutions,GE,"System Module w/o Processor, or DIMMS",Call for Quote,2.5 time exhange cost,Call for Quote,1.5 time exhange cost,Each,Each,Refurbished,Y,1.000000,Same Day,,,,
2178677,Avante Health Solutions,GE,Tilt Pot Assy.,Call for Quote,2.5 time exhange cost,Call for Quote,1.5 time exhange cost,Each,Each,Refurbished,Y,1.000000,Same Day,,,,
2179022-2,Avante Health Solutions,,Xdisplay Board Assembly,Call for Quote,2.5 time exhange cost,Call for Quote,1.5 time exhange cost,Each,Each,Refurbished,Y,3.000000,Same Day,,,,
218159016,Avante Health Solutions,GE,MPPU CPU BOARD,Call for Quote,2.5 time exhange cost,Call for Quote,1.5 time exhange cost,Each,Each,Refurbished,Y,1.000000,Same Day,,,,
218159018,Avante Health Solutions,GE,Generator CPU Bd.,Call for Quote,2.5 time exhange cost,Call for Quote,1.5 time exhange cost,Each,Each,Refurbished,Y,2.000000,Same Day,,,,
21818122,Avante Health Solutions,GE,RP Front Cover Anti-noise w/o Door,Call for Quote,2.5 time exhange cost,Call for Quote,1.5 time exhange cost,Each,Each,Refurbished,Y,2.000000,Same Day,,,,
2181813,Avante Health Solutions,GE,REAR LEFT SOUND PROOFED COVER,Call for Quote,2.5 time exhange cost,Call for Quote,1.5 time exhange cost,Each,Each,Refurbished,Y,2.000000,Same Day,,,,
2185725,Avante Health Solutions,GE,RP P300 Vertical POTENTIOMETER ASSEMBLY,Call for Quote,2.5 time exhange cost,Call for Quote,1.5 time exhange cost,Each,Each,Refurbished,Y,3.000000,Same Day,,,,
2209840-4,Avante Health Solutions,GE,EMC Filter Tri,Call for Quote,2.5 time exhange cost,Call for Quote,1.5 time exhange cost,Each,Each,Refurbished,Y,2.000000,Same Day,,,,
2229871,Avante Health Solutions,GE,ETC IF Board,Call for Quote,2.5 time exhange cost,Call for Quote,1.5 time exhange cost,Each,Each,Refurbished,Y,1.000000,Same Day,,,,
2256728,Avante Health Solutions,GE,Control Panel Right,Call for Quote,2.5 time exhange cost,Call for Quote,1.5 time exhange cost,Each,Each,Refurbished,Y,4.000000,Same Day,,,,
2256730,Avante Health Solutions,,Display Bd,Call for Quote,2.5 time exhange cost,Call for Quote,1.5 time exhange cost,Each,Each,Refurbished,Y,4.000000,Same Day,,,,
2256730-2,Avante Health Solutions,GE,Display Assembly,Call for Quote,2.5 time exhange cost,Call for Quote,1.5 time exhange cost,Each,Each,Refurbished,Y,1.000000,Same Day,,,,
2259195,Avante Health Solutions,GE,RP ELEVATOR TIMING BELT,Call for Quote,2.5 time exhange cost,Call for Quote,1.5 time exhange cost,Each,Each,Refurbished,Y,1.000000,Same Day,,,,
2260210,Avante Health Solutions,GE,"LOGIQ 9, EQ4",Call for Quote,2.5 time exhange cost,Call for Quote,1.5 time exhange cost,Each,Each,Refurbished,Y,1.000000,Same Day,,,,
2264596-02,Avante Health Solutions,GE,"GE, PREA Assy",Call for Quote,2.5 time exhange cost,Call for Quote,1.5 time exhange cost,Each,Each,Refurbished,Y,2.000000,Same Day,,,,
2264604,Avante Health Solutions,GE,PROMP ASSY FOR GE LOGIQ 7,Call for Quote,2.5 time exhange cost,Call for Quote,1.5 time exhange cost,Each,Each,Refurbished,Y,2.000000,Same Day,,,,
2270465,Avante Health Solutions,GE,20cm Digital Detector,Call for Quote,2.5 time exhange cost,Call for Quote,1.5 time exhange cost,Each,Each,Refurbished,Y,4.000000,Same Day,,,,
2273639-24,Avante Health Solutions,GE,GE LOGIQ 9 EBM PCB,Call for Quote,2.5 time exhange cost,Call for Quote,1.5 time exhange cost,Each,Each,Refurbished,Y,8.000000,Same Day,,,,
2275752,Avante Health Solutions,GE,SCIM,Call for Quote,2.5 time exhange cost,Call for Quote,1.5 time exhange cost,Each,Each,Refurbished,Y,3.000000,Same Day,,,,
2277362-2,Avante Health Solutions,,Filter Left/Right,Call for Quote,2.5 time exhange cost,Call for Quote,1.5 time exhange cost,Each,Each,Refurbished,Y,4.000000,Same Day,,,,
2289697-2,Avante Health Solutions,GE,MRI SCIM (Grey),Call for Quote,2.5 time exhange cost,Call for Quote,1.5 time exhange cost,Each,Each,Refurbished,Y,1.000000,Same Day,,,,
22921622,Avante Health Solutions,GE,Apollo Power Supply,Call for Quote,2.5 time exhange cost,Call for Quote,1.5 time exhange cost,Each,Each,Refurbished,Y,3.000000,Same Day,,,,
22954673,Avante Health Solutions,GE,Jedi Generic Interface Bd.,Call for Quote,2.5 time exhange cost,Call for Quote,1.5 time exhange cost,Each,Each,Refurbished,Y,3.000000,Same Day,,,,
2295467-3,Avante Health Solutions,GE,GENERIC IF V2,Call for Quote,2.5 time exhange cost,Call for Quote,1.5 time exhange cost,Each,Each,Refurbished,Y,4.000000,Same Day,,,,
2301811-3,Avante Health Solutions,GE,GE 1.5T Multicoil Assembly Preamp,Call for Quote,2.5 time exhange cost,Call for Quote,1.5 time exhange cost,Each,Each,Refurbished,Y,2.000000,Same Day,,,,
2304879,Avante Health Solutions,GE,41cm Digital Detector,Call for Quote,2.5 time exhange cost,Call for Quote,1.5 time exhange cost,Each,Each,Refurbished,Y,1.000000,Same Day,,,,
23164876,Avante Health Solutions,GE,230V Martek Power Supply,Call for Quote,2.5 time exhange cost,Call for Quote,1.5 time exhange cost,Each,Each,Refurbished,Y,3.000000,Same Day,,,,
23177412,Avante Health Solutions,GE,Angio Collimator,Call for Quote,2.5 time exhange cost,Call for Quote,1.5 time exhange cost,Each,Each,Refurbished,Y,1.000000,Same Day,,,,
2317741-2,Avante Health Solutions,GE,Angio Collimator,Call for Quote,2.5 time exhange cost,Call for Quote,1.5 time exhange cost,Each,Each,Refurbished,Y,1.000000,Same Day,,,,
2318298-2,Avante Health Solutions,,PDU Control Board,Call for Quote,2.5 time exhange cost,Call for Quote,1.5 time exhange cost,Each,Each,Refurbished,Y,1.000000,Same Day,,,,
2320720,Avante Health Solutions,GE,Gantry Intercom Board,Call for Quote,2.5 time exhange cost,Call for Quote,1.5 time exhange cost,Each,Each,Refurbished,Y,1.000000,Same Day,,,,
2320973,Avante Health Solutions,GE,H4 Power I/F,Call for Quote,2.5 time exhange cost,Call for Quote,1.5 time exhange cost,Each,Each,Refurbished,Y,1.000000,Same Day,,,,
2325630,Avante Health Solutions,GE,LVPS 400,Call for Quote,2.5 time exhange cost,Call for Quote,1.5 time exhange cost,Each,Each,Refurbished,Y,1.000000,Same Day,,,,
2325947-13,Avante Health Solutions,GE,Minerva AP Board,Call for Quote,2.5 time exhange cost,Call for Quote,1.5 time exhange cost,Each,Each,Refurbished,Y,1.000000,Same Day,,,,
2330703,Avante Health Solutions,GE,Right Control Panel,Call for Quote,2.5 time exhange cost,Call for Quote,1.5 time exhange cost,Each,Each,Refurbished,Y,4.000000,Same Day,,,,
2331363,Avante Health Solutions,GE,DL2 Assy.,Call for Quote,2.5 time exhange cost,Call for Quote,1.5 time exhange cost,Each,Each,Refurbished,Y,1.000000,Same Day,,,,
2332244,Avante Health Solutions,GE,RP DL/RTAC Fan Set,Call for Quote,2.5 time exhange cost,Call for Quote,1.5 time exhange cost,Each,Each,Refurbished,Y,1.000000,Same Day,,,,
2333306-2,Avante Health Solutions,GE,Cable Harness Laser Alignment Light,Call for Quote,2.5 time exhange cost,Call for Quote,1.5 time exhange cost,Each,Each,Refurbished,Y,1.000000,Same Day,,,,
2334459,Avante Health Solutions,GE,MDAS 12v Analog DC Power Supply,Call for Quote,2.5 time exhange cost,Call for Quote,1.5 time exhange cost,Each,Each,Refurbished,Y,5.000000,Same Day,,,,
2334820-2,Avante Health Solutions,GE,NGPDU Control Board,Call for Quote,2.5 time exhange cost,Call for Quote,1.5 time exhange cost,Each,Each,Refurbished,Y,5.000000,Same Day,,,,
2338490,Avante Health Solutions,GE,WIRED ENCODER,Call for Quote,2.5 time exhange cost,Call for Quote,1.5 time exhange cost,Each,Each,Refurbished,Y,2.000000,Same Day,,,,
2349543-2,Avante Health Solutions,GE,MTCB CIRCUIT BOARD,Call for Quote,2.5 time exhange cost,Call for Quote,1.5 time exhange cost,Each,Each,Refurbished,Y,4.000000,Same Day,,,,
2349609,Avante Health Solutions,GE,Power Brush Tip Cap,Call for Quote,2.5 time exhange cost,Call for Quote,1.5 time exhange cost,Each,Each,Refurbished,Y,13.000000,Same Day,,,,
2351328,Avante Health Solutions,GE,BEP 2 Computer Assy (Logiq 7),Call for Quote,2.5 time exhange cost,Call for Quote,1.5 time exhange cost,Each,Each,Refurbished,Y,1.000000,Same Day,,,,
2351492,Avante Health Solutions,GE,PDU Fuse,Call for Quote,2.5 time exhange cost,Call for Quote,1.5 time exhange cost,Each,Each,Refurbished,Y,1.000000,Same Day,,,,
2352954,Avante Health Solutions,GE,Innova Viewpad,Call for Quote,2.5 time exhange cost,Call for Quote,1.5 time exhange cost,Each,Each,Refurbished,Y,1.000000,Same Day,,,,
2353390,Avante Health Solutions,GE,FOGALE CAPACITIVE SENSOR BOARD,Call for Quote,2.5 time exhange cost,Call for Quote,1.5 time exhange cost,Each,Each,Refurbished,Y,6.000000,Same Day,,,,
23553606,Avante Health Solutions,GE,LOW VOLLTAGE POWER SUPPLY,Call for Quote,2.5 time exhange cost,Call for Quote,1.5 time exhange cost,Each,Each,Refurbished,Y,1.000000,Same Day,,,,
2355845,Avante Health Solutions,GE,"LOGIQBOOK, Opening Switch",Call for Quote,2.5 time exhange cost,Call for Quote,1.5 time exhange cost,Each,Each,Refurbished,Y,3.000000,Same Day,,,,
23566243,Avante Health Solutions,GE,VCIM Control Module,Call for Quote,2.5 time exhange cost,Call for Quote,1.5 time exhange cost,Each,Each,Refurbished,Y,2.000000,Same Day,,,,
2357525,Avante Health Solutions,GE,"ASSY, HPWR TOP COVER",Call for Quote,2.5 time exhange cost,Call for Quote,1.5 time exhange cost,Each,Each,Refurbished,Y,2.000000,Same Day,,,,
2357621-2,Avante Health Solutions,GE,LOGIQ 9 RF AMP,Call for Quote,2.5 time exhange cost,Call for Quote,1.5 time exhange cost,Each,Each,Refurbished,Y,9.000000,Same Day,,,,
2358627-003,Avante Health Solutions,GE,PIB for Innova 2000,Call for Quote,2.5 time exhange cost,Call for Quote,1.5 time exhange cost,Each,Each,Refurbished,Y,1.000000,Same Day,,,,
2362863,Avante Health Solutions,GE,TD5 - Logiq 9 Transmit Delay PCB,Call for Quote,2.5 time exhange cost,Call for Quote,1.5 time exhange cost,Each,Each,Refurbished,Y,6.000000,Same Day,,,,
2365739,Avante Health Solutions,GE,SCB2,Call for Quote,2.5 time exhange cost,Call for Quote,1.5 time exhange cost,Each,Each,Refurbished,Y,2.000000,Same Day,,,,
2369438,Avante Health Solutions,GE,Hercules Oil Pump,Call for Quote,2.5 time exhange cost,Call for Quote,1.5 time exhange cost,Each,Each,Refurbished,Y,1.000000,Same Day,,,,
2371374003,Avante Health Solutions,GE,ETIQUETTE MAIN VOLTAGE INDICATOR SN# 10090524-09/10,Call for Quote,2.5 time exhange cost,Call for Quote,1.5 time exhange cost,Each,Each,Refurbished,Y,1.000000,Same Day,,,,
2375089,Avante Health Solutions,GE,THERMO CON DETECTOR CHILLER,Call for Quote,2.5 time exhange cost,Call for Quote,1.5 time exhange cost,Each,Each,Refurbished,Y,8.000000,Same Day,,,,
2383623,Avante Health Solutions,GE,1.5T Single Ch Coil Receive only ID Box,Call for Quote,2.5 time exhange cost,Call for Quote,1.5 time exhange cost,Each,Each,Refurbished,Y,1.000000,Same Day,,,,
2404320,Avante Health Solutions,GE,Console Intercom Prescribed-TI LT Hub,Call for Quote,2.5 time exhange cost,Call for Quote,1.5 time exhange cost,Each,Each,Refurbished,Y,7.000000,Same Day,,,,
2405970,Avante Health Solutions,GE,Stepper Controller Bd.,Call for Quote,2.5 time exhange cost,Call for Quote,1.5 time exhange cost,Each,Each,Refurbished,Y,1.000000,Same Day,,,,
24064592,Avante Health Solutions,GE,PIB,Call for Quote,2.5 time exhange cost,Call for Quote,1.5 time exhange cost,Each,Each,Refurbished,Y,1.000000,Same Day,,,,
2406567,Avante Health Solutions,GE,Capacitive Sensor Bd. PCD64,Call for Quote,2.5 time exhange cost,Call for Quote,1.5 time exhange cost,Each,Each,Refurbished,Y,6.000000,Same Day,,,,
2415366,Avante Health Solutions,GE,"1.5T HD 8 Ch Body Array Coil, Anterior",Call for Quote,2.5 time exhange cost,Call for Quote,1.5 time exhange cost,Each,Each,Refurbished,Y,2.000000,Same Day,,,,
2416616,Avante Health Solutions,GE,HD 12 Ch Body Array Coil 1.5T,Call for Quote,2.5 time exhange cost,Call for Quote,1.5 time exhange cost,Each,Each,Refurbished,Y,1.000000,Same Day,,,,
242213207573,Avante Health Solutions,Philips,RELAY 2M20A HE2AN QDC24V,Call for Quote,2.5 time exhange cost,Call for Quote,1.5 time exhange cost,Each,Each,Refurbished,Y,6.000000,Same Day,,,,
2793771,Avante Health Solutions,Siemens,Footswitch / Pedestal Assy,Call for Quote,2.5 time exhange cost,Call for Quote,1.5 time exhange cost,Each,Each,Refurbished,Y,1.000000,Same Day,,,,
282206502315,Avante Health Solutions,Philips,Fast Ethernet Switch 16 Port 10/100,Call for Quote,2.5 time exhange cost,Call for Quote,1.5 time exhange cost,Each,Each,Refurbished,Y,6.000000,Same Day,,,,
3 BUTTON MOUSE KIT,Avante Health Solutions,Avante Health Solutions,"3 Button Corded Mouse, No Scroll Wheel. Black. 59"" USB Cable, PS2 Adapter and 6ft Ext Cable included.",Call for Quote,2.5 time exhange cost,Call for Quote,1.5 time exhange cost,Each,Each,Refurbished,Y,7.000000,Same Day,,,,
3068087,Avante Health Solutions,Siemens,"FAN 230VAC, 50HZ",Call for Quote,2.5 time exhange cost,Call for Quote,1.5 time exhange cost,Each,Each,Refurbished,Y,2.000000,Same Day,,,,
3084464,Avante Health Solutions,Siemens,Lust Comm Box CM-Can1 Drive,Call for Quote,2.5 time exhange cost,Call for Quote,1.5 time exhange cost,Each,Each,Refurbished,Y,3.000000,Same Day,,,,
3115FS-23T-B30-A00-N,Avante Health Solutions,,"Fan Tubeaxial 230VAC, Square - 80mm x 80mm x 38mm, Ball 33.0 CFM (0.924m³/min), 2 Terminals",Call for Quote,2.5 time exhange cost,Call for Quote,1.5 time exhange cost,Each,Each,New OEM Original,Y,11.000000,Same Day,,,,
3500-3391-01,Avante Health Solutions,PHILIPS,IU/IE AC TRAY,Call for Quote,2.5 time exhange cost,Call for Quote,1.5 time exhange cost,Each,Each,Refurbished,Y,3.000000,Same Day,,,,
3500-3429-01,Avante Health Solutions,PHILIPS,"Upper UI, Philips 5000",Call for Quote,2.5 time exhange cost,Call for Quote,1.5 time exhange cost,Each,Each,Refurbished,Y,1.000000,Same Day,,,,
3500-3430-01,Avante Health Solutions,PHILIPS,"Lower UI, Philips 5000",Call for Quote,2.5 time exhange cost,Call for Quote,1.5 time exhange cost,Each,Each,Refurbished,Y,1.000000,Same Day,,,,
36004606,Avante Health Solutions,GE,INTERFACE 1 BOARD,Call for Quote,2.5 time exhange cost,Call for Quote,1.5 time exhange cost,Each,Each,Refurbished,Y,3.000000,Same Day,,,,
4000-0263,Avante Health Solutions,PHILIPS,ATL L10-5 Mhz 38mm Linear Transducer(3/5000),Call for Quote,2.5 time exhange cost,Call for Quote,1.5 time exhange cost,Each,Each,Refurbished,Y,1.000000,Same Day,,,,
4000-0283,Avante Health Solutions,PHILIPS,ATL A6-3 Mhz 8 ele.,Call for Quote,2.5 time exhange cost,Call for Quote,1.5 time exhange cost,Each,Each,Refurbished,Y,3.000000,Same Day,,,,
4000-0307,Avante Health Solutions,,D2 CW Doppler Transducer 2 MHz.,Call for Quote,2.5 time exhange cost,Call for Quote,1.5 time exhange cost,Each,Each,Refurbished,Y,1.000000,Same Day,,,,
4000-0648,Avante Health Solutions,PHILIPS,ATL 11-5 Mhz 40mm Linear Transducer (1500),Call for Quote,2.5 time exhange cost,Call for Quote,1.5 time exhange cost,Each,Each,Refurbished,Y,1.000000,Same Day,,,,
4015772,Avante Health Solutions,,Tower UPS 230V  2200VA,Call for Quote,2.5 time exhange cost,Call for Quote,1.5 time exhange cost,Each,Each,Refurbished,Y,1.000000,Same Day,,,,
41312,Avante Health Solutions,SIEMENS,Acuson IOB2 Board,Call for Quote,2.5 time exhange cost,Call for Quote,1.5 time exhange cost,Each,Each,Refurbished,Y,2.000000,Same Day,,,,
417335-003,Avante Health Solutions,GE,70ft TRAM Communication Cable,Call for Quote,2.5 time exhange cost,Call for Quote,1.5 time exhange cost,Each,Each,Refurbished,Y,1.000000,Same Day,,,,
442028-001,Avante Health Solutions,GE,HP XW8400 Computer Motherboard,Call for Quote,2.5 time exhange cost,Call for Quote,1.5 time exhange cost,Each,Each,Refurbished,Y,1.000000,Same Day,,,,
451210472329,Avante Health Solutions,Philips,Converter 8E,Call for Quote,2.5 time exhange cost,Call for Quote,1.5 time exhange cost,Each,Each,Refurbished,Y,1.000000,Same Day,,,,
451210509021,Avante Health Solutions,Philips,GS SUPERVISOR CONTROL,Call for Quote,2.5 time exhange cost,Call for Quote,1.5 time exhange cost,Each,Each,Refurbished,Y,1.000000,Same Day,,,,
451210511409,Avante Health Solutions,Philips,Mains Interface Unit (MIU),Call for Quote,2.5 time exhange cost,Call for Quote,1.5 time exhange cost,Each,Each,Refurbished,Y,2.000000,Same Day,,,,
451210804382,Avante Health Solutions,Philips,PCB SIGNAL BUS *PL258806*W159,Call for Quote,2.5 time exhange cost,Call for Quote,1.5 time exhange cost,Each,Each,Refurbished,Y,2.000000,Same Day,,,,
451210805543,Avante Health Solutions,Philips,YD102,Call for Quote,2.5 time exhange cost,Call for Quote,1.5 time exhange cost,Each,Each,Refurbished,Y,1.000000,Same Day,,,,
451213064824,Avante Health Solutions,Philips,FREQUENCY CONVERTER,Call for Quote,2.5 time exhange cost,Call for Quote,1.5 time exhange cost,Each,Each,Refurbished,Y,1.000000,Same Day,,,,
451217800565,Avante Health Solutions,Philips,KVMA Control Bd.,Call for Quote,2.5 time exhange cost,Call for Quote,1.5 time exhange cost,Each,Each,Refurbished,Y,1.000000,Same Day,,,,
451217800968,Avante Health Solutions,Philips,Cube Assy.,Call for Quote,2.5 time exhange cost,Call for Quote,1.5 time exhange cost,Each,Each,Refurbished,Y,10.000000,Same Day,,,,
451220202172,Avante Health Solutions,Philips,Video Signal Converter,Call for Quote,2.5 time exhange cost,Call for Quote,1.5 time exhange cost,Each,Each,Refurbished,Y,2.000000,Same Day,,,,
452201300511,Avante Health Solutions,,power unit TDK3173,Call for Quote,2.5 time exhange cost,Call for Quote,1.5 time exhange cost,Each,Each,Refurbished,Y,1.000000,Same Day,,,,
452209000162,Avante Health Solutions,Philips,"Unit Power supply multivision (5V, 2x 2A",Call for Quote,2.5 time exhange cost,Call for Quote,1.5 time exhange cost,Each,Each,Refurbished,Y,1.000000,Same Day,,,,
452209008652,Avante Health Solutions,Philips,SYSTEM PCI BOARD MERCURY 400-0576,Call for Quote,2.5 time exhange cost,Call for Quote,1.5 time exhange cost,Each,Each,Refurbished,Y,3.000000,Same Day,,,,
452209009071,Avante Health Solutions,Philips,VIDEO SELECTOR,Call for Quote,2.5 time exhange cost,Call for Quote,1.5 time exhange cost,Each,Each,Refurbished,Y,2.000000,Same Day,,,,
452209010781,Avante Health Solutions,Philips,PRECISION POTENTIOMETER,Call for Quote,2.5 time exhange cost,Call for Quote,1.5 time exhange cost,Each,Each,Refurbished,Y,1.000000,Same Day,,,,
452209014208,Avante Health Solutions,Philips,DVD RECORDER,Call for Quote,2.5 time exhange cost,Call for Quote,1.5 time exhange cost,Each,Each,Refurbished,Y,1.000000,Same Day,,,,
452209017165,Avante Health Solutions,Philips,Extended Processing Board XPB,Call for Quote,2.5 time exhange cost,Call for Quote,1.5 time exhange cost,Each,Each,Refurbished,Y,2.000000,Same Day,,,,
452209021742,Avante Health Solutions,Philips,Fire-X Bd. FDC2-X,Call for Quote,2.5 time exhange cost,Call for Quote,1.5 time exhange cost,Each,Each,Refurbished,Y,1.000000,Same Day,,,,
452209024741,Avante Health Solutions,Philips,FRU Displayport SL DVI ext. TX str 310mm,Call for Quote,2.5 time exhange cost,Call for Quote,1.5 time exhange cost,Each,Each,Refurbished,Y,11.000000,Same Day,,,,
452210483021,Avante Health Solutions,Philips,VIEWING CONSOLE KEYBOARD SN:1452 002400 903070140000,Call for Quote,2.5 time exhange cost,Call for Quote,1.5 time exhange cost,Each,Each,Refurbished,Y,1.000000,Same Day,,,,
452210770413,Avante Health Solutions,Philips,Motor Control Bd.,Call for Quote,2.5 time exhange cost,Call for Quote,1.5 time exhange cost,Each,Each,Refurbished,Y,1.000000,Same Day,,,,
452210815708,Avante Health Solutions,Philips,TPB Bd.,Call for Quote,2.5 time exhange cost,Call for Quote,1.5 time exhange cost,Each,Each,Refurbished,Y,2.000000,Same Day,,,,
452210820181,Avante Health Solutions,Philips,IMAGER CPU,Call for Quote,2.5 time exhange cost,Call for Quote,1.5 time exhange cost,Each,Each,Refurbished,Y,3.000000,Same Day,,,,
452210821142,Avante Health Solutions,Philips,BOARB PCCB3 ACCO,Call for Quote,2.5 time exhange cost,Call for Quote,1.5 time exhange cost,Each,Each,Refurbished,Y,1.000000,Same Day,,,,
452210822296,Avante Health Solutions,Philips,VIEWPAD PHILIPS SN:144836,Call for Quote,2.5 time exhange cost,Call for Quote,1.5 time exhange cost,Each,Each,Refurbished,Y,1.000000,Same Day,,,,
452212511964,Avante Health Solutions,Philips,Guide Roller,Call for Quote,2.5 time exhange cost,Call for Quote,1.5 time exhange cost,Each,Each,Refurbished,Y,3.000000,Same Day,,,,
452212593488,Avante Health Solutions,Philips,Bearing for AD5T Table,Call for Quote,2.5 time exhange cost,Call for Quote,1.5 time exhange cost,Each,Each,Refurbished,Y,3.000000,Same Day,,,,
452212702148,Avante Health Solutions,Philips,LUC V3,Call for Quote,2.5 time exhange cost,Call for Quote,1.5 time exhange cost,Each,Each,Refurbished,Y,1.000000,Same Day,,,,
452212702207,Avante Health Solutions,Philips,LUC V4 Bd.,Call for Quote,2.5 time exhange cost,Call for Quote,1.5 time exhange cost,Each,Each,Refurbished,Y,2.000000,Same Day,,,,
452212702208,Avante Health Solutions,Philips,LUC V4 Bd.,Call for Quote,2.5 time exhange cost,Call for Quote,1.5 time exhange cost,Each,Each,Refurbished,Y,6.000000,Same Day,,,,
452212702664,Avante Health Solutions,Philips,MVR Low Power Board,Call for Quote,2.5 time exhange cost,Call for Quote,1.5 time exhange cost,Each,Each,Refurbished,Y,5.000000,Same Day,,,,
452212702971,Avante Health Solutions,Philips,Cesar Extension Bd.,Call for Quote,2.5 time exhange cost,Call for Quote,1.5 time exhange cost,Each,Each,Refurbished,Y,1.000000,Same Day,,,,
452212703272,Avante Health Solutions,Philips,MVR,Call for Quote,2.5 time exhange cost,Call for Quote,1.5 time exhange cost,Each,Each,Refurbished,Y,1.000000,Same Day,,,,
452212703328,Avante Health Solutions,Philips,LUC V4 Bd.,Call for Quote,2.5 time exhange cost,Call for Quote,1.5 time exhange cost,Each,Each,Refurbished,Y,4.000000,Same Day,,,,
452212703337,Avante Health Solutions,Philips,IPC Adaptor,Call for Quote,2.5 time exhange cost,Call for Quote,1.5 time exhange cost,Each,Each,Refurbished,Y,6.000000,Same Day,,,,
452212703338,Avante Health Solutions,Philips,IPC ADAPTOR,Call for Quote,2.5 time exhange cost,Call for Quote,1.5 time exhange cost,Each,Each,Refurbished,Y,3.000000,Same Day,,,,
452212703365,Avante Health Solutions,Philips,Clea Card Cage w/ Backplane,Call for Quote,2.5 time exhange cost,Call for Quote,1.5 time exhange cost,Each,Each,Refurbished,Y,1.000000,Same Day,,,,
452212805674,Avante Health Solutions,Philips,Longitudinal Pot for AD5,Call for Quote,2.5 time exhange cost,Call for Quote,1.5 time exhange cost,Each,Each,Refurbished,Y,2.000000,Same Day,,,,
452212806613,Avante Health Solutions,Philips,L-ARM MOTOR DRIVE,Call for Quote,2.5 time exhange cost,Call for Quote,1.5 time exhange cost,Each,Each,Refurbished,Y,3.000000,Same Day,,,,
452212812272,Avante Health Solutions,Philips,AD5 MEASURING SWITCH UNIT,Call for Quote,2.5 time exhange cost,Call for Quote,1.5 time exhange cost,Each,Each,Refurbished,Y,3.000000,Same Day,,,,
452212839482,Avante Health Solutions,Philips,AD5 Power Supply TILT C,Call for Quote,2.5 time exhange cost,Call for Quote,1.5 time exhange cost,Each,Each,Refurbished,Y,2.000000,Same Day,,,,
452212883874,Avante Health Solutions,Philips,Motor C-Arc Rotation Assy.,Call for Quote,2.5 time exhange cost,Call for Quote,1.5 time exhange cost,Each,Each,Refurbished,Y,2.000000,Same Day,,,,
452212885002,Avante Health Solutions,Philips,VIEWPAD VASCULAR R7,Call for Quote,2.5 time exhange cost,Call for Quote,1.5 time exhange cost,Each,Each,Refurbished,Y,1.000000,Same Day,,,,
452212886401,Avante Health Solutions,Philips,BOX TBCB BOARD,Call for Quote,2.5 time exhange cost,Call for Quote,1.5 time exhange cost,Each,Each,Refurbished,Y,3.000000,Same Day,,,,
452212888301,Avante Health Solutions,Philips,"Viewpad, Vascular R7",Call for Quote,2.5 time exhange cost,Call for Quote,1.5 time exhange cost,Each,Each,Refurbished,Y,1.000000,Same Day,,,,
452212901552,Avante Health Solutions,Philips,Xper Touch Screen Module,Call for Quote,2.5 time exhange cost,Call for Quote,1.5 time exhange cost,Each,Each,Refurbished,Y,1.000000,Same Day,,,,
452212901553,Avante Health Solutions,Philips,TOUCH SCREEN MODULE,Call for Quote,2.5 time exhange cost,Call for Quote,1.5 time exhange cost,Each,Each,Refurbished,Y,2.000000,Same Day,,,,
452212902445,Avante Health Solutions,Philips,FD20 Detector Cover w/ Sensor,Call for Quote,2.5 time exhange cost,Call for Quote,1.5 time exhange cost,Each,Each,Refurbished,Y,3.000000,Same Day,,,,
452212907451,Avante Health Solutions,Philips,HAND GRIP (YELLOW VERSION),Call for Quote,2.5 time exhange cost,Call for Quote,1.5 time exhange cost,Each,Each,Refurbished,Y,3.000000,Same Day,,,,
45221291743,Avante Health Solutions,Philips,COLLISION SENSOR,Call for Quote,2.5 time exhange cost,Call for Quote,1.5 time exhange cost,Each,Each,Refurbished,Y,1.000000,Same Day,,,,
452212917875,Avante Health Solutions,Philips,PIU BD,Call for Quote,2.5 time exhange cost,Call for Quote,1.5 time exhange cost,Each,Each,Refurbished,Y,2.000000,Same Day,,,,
452212918634,Avante Health Solutions,Philips,TTCB,Call for Quote,2.5 time exhange cost,Call for Quote,1.5 time exhange cost,Each,Each,Refurbished,Y,2.000000,Same Day,,,,
452212919651,Avante Health Solutions,,PIVOT BRAKE ASSY,Call for Quote,2.5 time exhange cost,Call for Quote,1.5 time exhange cost,Each,Each,Refurbished,Y,2.000000,Same Day,,,,
452212919921,Avante Health Solutions,Philips,SMART DRIVE,Call for Quote,2.5 time exhange cost,Call for Quote,1.5 time exhange cost,Each,Each,Refurbished,Y,3.000000,Same Day,,,,
452212924601,Avante Health Solutions,Philips,Rail Cover Set (2 pc set),Call for Quote,2.5 time exhange cost,Call for Quote,1.5 time exhange cost,Each,Each,Refurbished,Y,3.000000,Same Day,,,,
452215034521-N,Avante Health Solutions,,Optical Sensor PM-L54,Call for Quote,2.5 time exhange cost,Call for Quote,1.5 time exhange cost,Each,Each,New OEM Original,Y,10.000000,Same Day,,,,
452216319935,Avante Health Solutions,,XRAY INDICATOR LIGHT,Call for Quote,2.5 time exhange cost,Call for Quote,1.5 time exhange cost,Each,Each,Refurbished,Y,1.000000,Same Day,,,,
452216321721,Avante Health Solutions,Philips,CHARMELEON COMPLETE,Call for Quote,2.5 time exhange cost,Call for Quote,1.5 time exhange cost,Each,Each,Refurbished,Y,1.000000,Same Day,,,,
452216327841,Avante Health Solutions,Philips,Chameleon Power Supply,Call for Quote,2.5 time exhange cost,Call for Quote,1.5 time exhange cost,Each,Each,Refurbished,Y,1.000000,Same Day,,,,
452216333254,Avante Health Solutions,Philips,UNIT PS UI_COLL_ID,Call for Quote,2.5 time exhange cost,Call for Quote,1.5 time exhange cost,Each,Each,Refurbished,Y,4.000000,Same Day,,,,
452216333255,Avante Health Solutions,Philips,UNIT PS UI_COLL_ID,Call for Quote,2.5 time exhange cost,Call for Quote,1.5 time exhange cost,Each,Each,Refurbished,Y,5.000000,Same Day,,,,
452216333274,Avante Health Solutions,Philips,UNIT KM EXTENDER,Call for Quote,2.5 time exhange cost,Call for Quote,1.5 time exhange cost,Each,Each,Refurbished,Y,3.000000,Same Day,,,,
452216334331,Avante Health Solutions,Philips,NICOL V3 C/V Collimator,Call for Quote,2.5 time exhange cost,Call for Quote,1.5 time exhange cost,Each,Each,Refurbished,Y,2.000000,Same Day,,,,
452216610793,Avante Health Solutions,Philips,COMBO V3 BOARD BH-CPU,Call for Quote,2.5 time exhange cost,Call for Quote,1.5 time exhange cost,Each,Each,Refurbished,Y,1.000000,Same Day,,,,
452216700943,Avante Health Solutions,Philips,BH-TVO Bd.,Call for Quote,2.5 time exhange cost,Call for Quote,1.5 time exhange cost,Each,Each,Refurbished,Y,1.000000,Same Day,,,,
452216702473,Avante Health Solutions,Philips,ISB PP 319407,Call for Quote,2.5 time exhange cost,Call for Quote,1.5 time exhange cost,Each,Each,Refurbished,Y,1.000000,Same Day,,,,
452216703565,Avante Health Solutions,Philips,IPB BOARD,Call for Quote,2.5 time exhange cost,Call for Quote,1.5 time exhange cost,Each,Each,Refurbished,Y,5.000000,Same Day,,,,
452216703575,Avante Health Solutions,Philips,Image Storage Bd. (ISB)-X,Call for Quote,2.5 time exhange cost,Call for Quote,1.5 time exhange cost,Each,Each,Refurbished,Y,2.000000,Same Day,,,,
452216703585,Avante Health Solutions,Philips,System Interface Bd. (SIB) - X,Call for Quote,2.5 time exhange cost,Call for Quote,1.5 time exhange cost,Each,Each,Refurbished,Y,3.000000,Same Day,,,,
452216703859,Avante Health Solutions,Philips,IPB Bd.,Call for Quote,2.5 time exhange cost,Call for Quote,1.5 time exhange cost,Each,Each,Refurbished,Y,13.000000,Same Day,,,,
452216703905,Avante Health Solutions,Philips,IPB Fox Bd.,Call for Quote,2.5 time exhange cost,Call for Quote,1.5 time exhange cost,Each,Each,Refurbished,Y,1.000000,Same Day,,,,
452216713573,Avante Health Solutions,Philips,Image Storage Bd.,Call for Quote,2.5 time exhange cost,Call for Quote,1.5 time exhange cost,Each,Each,Refurbished,Y,1.000000,Same Day,,,,
452216800066,Avante Health Solutions,Philips,CONNECTING CORD,Call for Quote,2.5 time exhange cost,Call for Quote,1.5 time exhange cost,Each,Each,Refurbished,Y,1.000000,Same Day,,,,
452230007784,Avante Health Solutions,,BACK COVER LONG L-ARM,Call for Quote,2.5 time exhange cost,Call for Quote,1.5 time exhange cost,Each,Each,Refurbished,Y,1.000000,Same Day,,,,
452230007962-N,Avante Health Solutions,Philips,FD10 Tube Cover Gasket,Call for Quote,2.5 time exhange cost,Call for Quote,1.5 time exhange cost,Each,Each,New OEM Original,Y,5.000000,Same Day,,,,
452230008803,Avante Health Solutions,Philips,PFS272 Power Tray,Call for Quote,2.5 time exhange cost,Call for Quote,1.5 time exhange cost,Each,Each,Refurbished,Y,1.000000,Same Day,,,,
452230013022-N,Avante Health Solutions,Philips,Window Plate,Call for Quote,2.5 time exhange cost,Call for Quote,1.5 time exhange cost,Each,Each,New OEM Original,Y,4.000000,Same Day,,,,
452230016026,Avante Health Solutions,Philips,MPDU Control Unit,Call for Quote,2.5 time exhange cost,Call for Quote,1.5 time exhange cost,Each,Each,Refurbished,Y,5.000000,Same Day,,,,
452230016501,Avante Health Solutions,,3COM Ethernet Board,Call for Quote,2.5 time exhange cost,Call for Quote,1.5 time exhange cost,Each,Each,Refurbished,Y,1.000000,Same Day,,,,
452230017113,Avante Health Solutions,Philips,"Potentiometer assy, Rotation Drive",Call for Quote,2.5 time exhange cost,Call for Quote,1.5 time exhange cost,Each,Each,Refurbished,Y,1.000000,Same Day,,,,
452230023063,Avante Health Solutions,,Rotation Cover FDXD,Call for Quote,2.5 time exhange cost,Call for Quote,1.5 time exhange cost,Each,Each,Refurbished,Y,4.000000,Same Day,,,,
452230024172,Avante Health Solutions,Philips,Nicol V2 Mounting Plate,Call for Quote,2.5 time exhange cost,Call for Quote,1.5 time exhange cost,Each,Each,Refurbished,Y,1.000000,Same Day,,,,
452230025882,Avante Health Solutions,Philips,TABLE HEIGHT ACCUATOR ASSY,Call for Quote,2.5 time exhange cost,Call for Quote,1.5 time exhange cost,Each,Each,Refurbished,Y,5.000000,Same Day,,,,
452230025962,Avante Health Solutions,philips,Height Potmeter Assy.,Call for Quote,2.5 time exhange cost,Call for Quote,1.5 time exhange cost,Each,Each,Refurbished,Y,6.000000,Same Day,,,,
452230025991,Avante Health Solutions,Philips,Lateral Potentiometer Assy.,Call for Quote,2.5 time exhange cost,Call for Quote,1.5 time exhange cost,Each,Each,Refurbished,Y,8.000000,Same Day,,,,
452230027054,Avante Health Solutions,,AD7 Longitudinal Movement Brake Assy.,Call for Quote,2.5 time exhange cost,Call for Quote,1.5 time exhange cost,Each,Each,Refurbished,Y,6.000000,Same Day,,,,
452230028191,Avante Health Solutions,Philips,DELL POWERCONNECT 6024,Call for Quote,2.5 time exhange cost,Call for Quote,1.5 time exhange cost,Each,Each,Refurbished,Y,1.000000,Same Day,,,,
452230032681,Avante Health Solutions,Philips,Lateral Cover Set,Call for Quote,2.5 time exhange cost,Call for Quote,1.5 time exhange cost,Each,Each,Refurbished,Y,1.000000,Same Day,,,,
452230032711,Avante Health Solutions,,Ring Cover,Call for Quote,2.5 time exhange cost,Call for Quote,1.5 time exhange cost,Each,Each,Refurbished,Y,3.000000,Same Day,,,,
452230032732,Avante Health Solutions,,Long Motor Drive AD7,Call for Quote,2.5 time exhange cost,Call for Quote,1.5 time exhange cost,Each,Each,Refurbished,Y,1.000000,Same Day,,,,
452230035081,Avante Health Solutions,,NIU Swivel (Dual Brake),Call for Quote,2.5 time exhange cost,Call for Quote,1.5 time exhange cost,Each,Each,Refurbished,Y,1.000000,Same Day,,,,
453530061253,Avante Health Solutions,Philips,Sense 1.5T 16 Ch NV Coil,Call for Quote,2.5 time exhange cost,Call for Quote,1.5 time exhange cost,Each,Each,Refurbished,Y,1.000000,Same Day,,,,
453561127581,Avante Health Solutions,PHILIPS,Filter Tray/Fan Assembly (IE33),Call for Quote,2.5 time exhange cost,Call for Quote,1.5 time exhange cost,Each,Each,Refurbished,Y,5.000000,Same Day,,,,
453561151071,Avante Health Solutions,PHILIPS,IU/IE Platform Power Supply,Call for Quote,2.5 time exhange cost,Call for Quote,1.5 time exhange cost,Each,Each,Refurbished,Y,1.000000,Same Day,,,,
453561155431,Avante Health Solutions,PHILIPS,Control Panel Articulation Arm,Call for Quote,2.5 time exhange cost,Call for Quote,1.5 time exhange cost,Each,Each,Refurbished,Y,1.000000,Same Day,,,,
453561156017,Avante Health Solutions,PHILIPS,IU/IE Channel PCB (ABCDER Cart),Call for Quote,2.5 time exhange cost,Call for Quote,1.5 time exhange cost,Each,Each,Refurbished,Y,4.000000,Same Day,,,,
453561160675,Avante Health Solutions,PHILIPS,IU22 AIM (A Cart),Call for Quote,2.5 time exhange cost,Call for Quote,1.5 time exhange cost,Each,Each,Refurbished,Y,1.000000,Same Day,,,,
453561163761,Avante Health Solutions,PHILIPS,"Rear Caster, IE33",Call for Quote,2.5 time exhange cost,Call for Quote,1.5 time exhange cost,Each,Each,Refurbished,Y,2.000000,Same Day,,,,
453561170744,Avante Health Solutions,PHILIPS,IU/IE Power Distibution,Call for Quote,2.5 time exhange cost,Call for Quote,1.5 time exhange cost,Each,Each,Refurbished,Y,10.000000,Same Day,,,,
453561176641,Avante Health Solutions,PHILIPS,"HD11, Twivel Hat Monitor Mount",Call for Quote,2.5 time exhange cost,Call for Quote,1.5 time exhange cost,Each,Each,Refurbished,Y,1.000000,Same Day,,,,
453561182431,Avante Health Solutions,PHILIPS,"Cable Assy, SIP POWER",Call for Quote,2.5 time exhange cost,Call for Quote,1.5 time exhange cost,Each,Each,Refurbished,Y,1.000000,Same Day,,,,
453561184013,Avante Health Solutions,PHILIPS,"Envisor, Keyboard Assemby, Control Panel",Call for Quote,2.5 time exhange cost,Call for Quote,1.5 time exhange cost,Each,Each,Refurbished,Y,1.000000,Same Day,,,,
453561189633,Avante Health Solutions,PHILIPS,"IUIE, On/Off Standby Switch",Call for Quote,2.5 time exhange cost,Call for Quote,1.5 time exhange cost,Each,Each,Refurbished,Y,1.000000,Same Day,,,,
453561195832,Avante Health Solutions,PHILIPS,IU/IE USB Hub,Call for Quote,2.5 time exhange cost,Call for Quote,1.5 time exhange cost,Each,Each,Refurbished,Y,5.000000,Same Day,,,,
453561202061,Avante Health Solutions,PHILIPS,IU/IE Image Export Processor (IEP),Call for Quote,2.5 time exhange cost,Call for Quote,1.5 time exhange cost,Each,Each,Refurbished,Y,2.000000,Same Day,,,,
453561202641,Avante Health Solutions,PHILIPS,Video I/O for the HD11,Call for Quote,2.5 time exhange cost,Call for Quote,1.5 time exhange cost,Each,Each,Refurbished,Y,3.000000,Same Day,,,,
453561210224,Avante Health Solutions,PHILIPS,IU/IE NAIM (ABC Cart),Call for Quote,2.5 time exhange cost,Call for Quote,1.5 time exhange cost,Each,Each,Refurbished,Y,1.000000,Same Day,,,,
453561213842,Avante Health Solutions,PHILIPS,"HD11XE, DVD Drive",Call for Quote,2.5 time exhange cost,Call for Quote,1.5 time exhange cost,Each,Each,Refurbished,Y,2.000000,Same Day,,,,
453561259486,Avante Health Solutions,PHILIPS,IU/IE Power Supply Assembly (EFGR Cart),Call for Quote,2.5 time exhange cost,Call for Quote,1.5 time exhange cost,Each,Each,Refurbished,Y,1.000000,Same Day,,,,
453561259922,Avante Health Solutions,PHILIPS,"IE33, Busbar Cable Assembly, Segment 2",Call for Quote,2.5 time exhange cost,Call for Quote,1.5 time exhange cost,Each,Each,Refurbished,Y,2.000000,Same Day,,,,
453561261502,Avante Health Solutions,PHILIPS,"IU22 Control Panel Assembly, Service",Call for Quote,2.5 time exhange cost,Call for Quote,1.5 time exhange cost,Each,Each,Refurbished,Y,1.000000,Same Day,,,,
453561262301,Avante Health Solutions,PHILIPS,IU/IE USB Hub Plus,Call for Quote,2.5 time exhange cost,Call for Quote,1.5 time exhange cost,Each,Each,Refurbished,Y,14.000000,Same Day,,,,
453561278215,Avante Health Solutions,PHILIPS,IU/IE Unified AVIO PCB,Call for Quote,2.5 time exhange cost,Call for Quote,1.5 time exhange cost,Each,Each,Refurbished,Y,2.000000,Same Day,,,,
453561278687,Avante Health Solutions,PHILIPS,IE33/IU22 Keyboard,Call for Quote,2.5 time exhange cost,Call for Quote,1.5 time exhange cost,Each,Each,Refurbished,Y,2.000000,Same Day,,,,
453561287451,Avante Health Solutions,PHILIPS,IU/IE Channel PCB (ABCDER Cart),Call for Quote,2.5 time exhange cost,Call for Quote,1.5 time exhange cost,Each,Each,Refurbished,Y,19.000000,Same Day,,,,
453561303331,Avante Health Solutions,PHILIPS,IU/IE Channel PCB (FGR Cart),Call for Quote,2.5 time exhange cost,Call for Quote,1.5 time exhange cost,Each,Each,Refurbished,Y,9.000000,Same Day,,,,
453561315041,Avante Health Solutions,PHILIPS,Philips IE33/IU22 Touch Panel (D-G.0),Call for Quote,2.5 time exhange cost,Call for Quote,1.5 time exhange cost,Each,Each,Refurbished,Y,7.000000,Same Day,,,,
453561317111,Avante Health Solutions,PHILIPS,"Philips HD11XE, DRIVE,DVD/RW,SONY AW-Q170A-10",Call for Quote,2.5 time exhange cost,Call for Quote,1.5 time exhange cost,Each,Each,Refurbished,Y,1.000000,Same Day,,,,
453561342481,Avante Health Solutions,PHILIPS,"HD11XE, T/R",Call for Quote,2.5 time exhange cost,Call for Quote,1.5 time exhange cost,Each,Each,Refurbished,Y,5.000000,Same Day,,,,
453561345214,Avante Health Solutions,PHILIPS,"AC Tray, CX50",Call for Quote,2.5 time exhange cost,Call for Quote,1.5 time exhange cost,Each,Each,Refurbished,Y,1.000000,Same Day,,,,
453561348041,Avante Health Solutions,PHILIPS,"HD15 Monitor, LCD",Call for Quote,2.5 time exhange cost,Call for Quote,1.5 time exhange cost,Each,Each,Refurbished,Y,1.000000,Same Day,,,,
453561386051,Avante Health Solutions,PHILIPS,IU/IE Channel PCB (GR Cart),Call for Quote,2.5 time exhange cost,Call for Quote,1.5 time exhange cost,Each,Each,Refurbished,Y,16.000000,Same Day,,,,
453561389141,Avante Health Solutions,PHILIPS,"Physio Module Assembly, CX50",Call for Quote,2.5 time exhange cost,Call for Quote,1.5 time exhange cost,Each,Each,Refurbished,Y,1.000000,Same Day,,,,
453561390791,Avante Health Solutions,PHILIPS,"Assembly, Case Side Right/Corner Bracket",Call for Quote,2.5 time exhange cost,Call for Quote,1.5 time exhange cost,Each,Each,Refurbished,Y,2.000000,Same Day,,,,
453561420921,Avante Health Solutions,PHILIPS,Control Panel to SPD (Segment 2),Call for Quote,2.5 time exhange cost,Call for Quote,1.5 time exhange cost,Each,Each,Refurbished,Y,1.000000,Same Day,,,,
453561433347,Avante Health Solutions,PHILIPS,"SPARQ, Onyx Power Module",Call for Quote,2.5 time exhange cost,Call for Quote,1.5 time exhange cost,Each,Each,Refurbished,Y,1.000000,Same Day,,,,
453561440013,Avante Health Solutions,PHILIPS,"SPARQ, User Interface",Call for Quote,2.5 time exhange cost,Call for Quote,1.5 time exhange cost,Each,Each,Refurbished,Y,2.000000,Same Day,,,,
453561470811,Avante Health Solutions,PHILIPS,"Cable, Control Panel USB",Call for Quote,2.5 time exhange cost,Call for Quote,1.5 time exhange cost,Each,Each,Refurbished,Y,5.000000,Same Day,,,,
453561473231,Avante Health Solutions,PHILIPS,"Philips CX50, Channel PCB (SW 2.5.1)",Call for Quote,2.5 time exhange cost,Call for Quote,1.5 time exhange cost,Each,Each,Refurbished,Y,2.000000,Same Day,,,,
453561494512,Avante Health Solutions,PHILIPS,Acquisition Module(Clearvue 650),Call for Quote,2.5 time exhange cost,Call for Quote,1.5 time exhange cost,Each,Each,Refurbished,Y,1.000000,Same Day,,,,
453561497331,Avante Health Solutions,PHILIPS,"PCA,PCI-E VIDEO,GF210",Call for Quote,2.5 time exhange cost,Call for Quote,1.5 time exhange cost,Each,Each,Refurbished,Y,2.000000,Same Day,,,,
453561498772,Avante Health Solutions,PHILIPS,"PCBA, Extended I/O",Call for Quote,2.5 time exhange cost,Call for Quote,1.5 time exhange cost,Each,Each,Refurbished,Y,1.000000,Same Day,,,,
453561620691,Avante Health Solutions,PHILIPS,"Cable, User USB",Call for Quote,2.5 time exhange cost,Call for Quote,1.5 time exhange cost,Each,Each,Refurbished,Y,6.000000,Same Day,,,,
453561634543,Avante Health Solutions,PHILIPS,"PCBA, Acquisition Control Epiq 5G A Cart",Call for Quote,2.5 time exhange cost,Call for Quote,1.5 time exhange cost,Each,Each,Refurbished,Y,12.000000,Same Day,,,,
453561642822,Avante Health Solutions,PHILIPS,"VCM FRONT COVER ASSY, ECG, GRAY",Call for Quote,2.5 time exhange cost,Call for Quote,1.5 time exhange cost,Each,Each,Refurbished,Y,3.000000,Same Day,,,,
453561643981,Avante Health Solutions,PHILIPS,"Cable Assy, OEM Y-Cable Power",Call for Quote,2.5 time exhange cost,Call for Quote,1.5 time exhange cost,Each,Each,Refurbished,Y,2.000000,Same Day,,,,
453561645021,Avante Health Solutions,PHILIPS,"Strain Relieve, Keyboard Cable",Call for Quote,2.5 time exhange cost,Call for Quote,1.5 time exhange cost,Each,Each,Refurbished,Y,1.000000,Same Day,,,,
453561648448,Avante Health Solutions,PHILIPS,Philips Affiniti Control Panel Rafi,Call for Quote,2.5 time exhange cost,Call for Quote,1.5 time exhange cost,Each,Each,Refurbished,Y,1.000000,Same Day,,,,
453561655574,Avante Health Solutions,PHILIPS,TB User Zone Control Cluster FRU,Call for Quote,2.5 time exhange cost,Call for Quote,1.5 time exhange cost,Each,Each,Refurbished,Y,1.000000,Same Day,,,,
453561674752,Avante Health Solutions,PHILIPS,"Cable Assy, CP to DVD, Power",Call for Quote,2.5 time exhange cost,Call for Quote,1.5 time exhange cost,Each,Each,Refurbished,Y,2.000000,Same Day,,,,
453561681364,Avante Health Solutions,PHILIPS,"Philips CX50, NLT LCD Sub-Assembly",Call for Quote,2.5 time exhange cost,Call for Quote,1.5 time exhange cost,Each,Each,Refurbished,Y,1.000000,Same Day,,,,
453561686272,Avante Health Solutions,PHILIPS,"Nameplate Monitor, Epiq 7G",Call for Quote,2.5 time exhange cost,Call for Quote,1.5 time exhange cost,Each,Each,Refurbished,Y,2.000000,Same Day,,,,
453561699232,Avante Health Solutions,PHILIPS,"Enclosure, System Handle, Alpine White/Mid Gray",Call for Quote,2.5 time exhange cost,Call for Quote,1.5 time exhange cost,Each,Each,Refurbished,Y,1.000000,Same Day,,,,
453561716591,Avante Health Solutions,PHILIPS,"Cable Assy, MCM to CP, USB",Call for Quote,2.5 time exhange cost,Call for Quote,1.5 time exhange cost,Each,Each,Refurbished,Y,2.000000,Same Day,,,,
453561727031,Avante Health Solutions,PHILIPS,"Cable, Detent Release Affiniti 70C",Call for Quote,2.5 time exhange cost,Call for Quote,1.5 time exhange cost,Each,Each,Refurbished,Y,1.000000,Same Day,,,,
453561740051,Avante Health Solutions,PHILIPS,"Gas Spring, 500N, Non-locking, Stabilus Affiniti 70C",Call for Quote,2.5 time exhange cost,Call for Quote,1.5 time exhange cost,Each,Each,Refurbished,Y,1.000000,Same Day,,,,
453561763252,Avante Health Solutions,PHILIPS,3.0 Dual Wheel Castor (each),Call for Quote,2.5 time exhange cost,Call for Quote,1.5 time exhange cost,Each,Each,Refurbished,Y,2.000000,Same Day,,,,
453561799091,Avante Health Solutions,PHILIPS,Epiq 7C DVD Drive,Call for Quote,2.5 time exhange cost,Call for Quote,1.5 time exhange cost,Each,Each,Refurbished,Y,2.000000,Same Day,,,,
45356180021,Avante Health Solutions,PHILIPS,Sandia Module/ Heatsink Assy. CX50,Call for Quote,2.5 time exhange cost,Call for Quote,1.5 time exhange cost,Each,Each,Refurbished,Y,1.000000,Same Day,,,,
453561800301,Avante Health Solutions,PHILIPS,"ASSY, PC MODULE - Affniti",Call for Quote,2.5 time exhange cost,Call for Quote,1.5 time exhange cost,Each,Each,Refurbished,Y,1.000000,Same Day,,,,
453561802521,Avante Health Solutions,PHILIPS,"Affiniti 70 Cable Assy, MCM to Display, Video",Call for Quote,2.5 time exhange cost,Call for Quote,1.5 time exhange cost,Each,Each,Refurbished,Y,2.000000,Same Day,,,,
453561803892,Avante Health Solutions,PHILIPS,Philips Affiniti 70G PR Board,Call for Quote,2.5 time exhange cost,Call for Quote,1.5 time exhange cost,Each,Each,Refurbished,Y,2.000000,Same Day,,,,
453561839931,Avante Health Solutions,PHILIPS,"PCBA, Motion Button",Call for Quote,2.5 time exhange cost,Call for Quote,1.5 time exhange cost,Each,Each,Refurbished,Y,1.000000,Same Day,,,,
453561855362,Avante Health Solutions,PHILIPS,EPIQ Horizontal Control Panel RAFI w/touch screen,Call for Quote,2.5 time exhange cost,Call for Quote,1.5 time exhange cost,Each,Each,Refurbished,Y,2.000000,Same Day,,,,
453561874391,Avante Health Solutions,PHILIPS,"Kit, Encoder Knob and Cap",Call for Quote,2.5 time exhange cost,Call for Quote,1.5 time exhange cost,Each,Each,Refurbished,Y,1.000000,Same Day,,,,
453561959031,Avante Health Solutions,PHILIPS,"Philips EPIC PC w/Gasket, EPIQ 5/7, A.X, FRU",Call for Quote,2.5 time exhange cost,Call for Quote,1.5 time exhange cost,Each,Each,Refurbished,Y,1.000000,Same Day,,,,
453561974094,Avante Health Solutions,PHILIPS,"PCBA, Harmony ACB EPIQ7",Call for Quote,2.5 time exhange cost,Call for Quote,1.5 time exhange cost,Each,Each,Refurbished,Y,2.000000,Same Day,,,,
453562052981,Avante Health Solutions,PHILIPS,"24"" LCD EPIQ Elite Monitor",Call for Quote,2.5 time exhange cost,Call for Quote,1.5 time exhange cost,Each,Each,Refurbished,Y,2.000000,Same Day,,,,
453562089601,Avante Health Solutions,PHILIPS,"Voyager Platform Power Module, Service-o EPIQ",Call for Quote,2.5 time exhange cost,Call for Quote,1.5 time exhange cost,Each,Each,Refurbished,Y,2.000000,Same Day,,,,
453566077822,Avante Health Solutions,Philips,Tilt Hard Limit Switch Snap Action 33 Deg,Call for Quote,2.5 time exhange cost,Call for Quote,1.5 time exhange cost,Each,Each,Refurbished,Y,1.000000,Same Day,,,,
453566376311,Avante Health Solutions,PHILIPS,Adjustment Drive,Call for Quote,2.5 time exhange cost,Call for Quote,1.5 time exhange cost,Each,Each,Refurbished,Y,2.000000,Same Day,,,,
453566423431,Avante Health Solutions,PHILIPS,"CONTACTOR,3-POLE 90 AMP",Call for Quote,2.5 time exhange cost,Call for Quote,1.5 time exhange cost,Each,Each,Refurbished,Y,2.000000,Same Day,,,,
453566457381,Avante Health Solutions,,Fuse and Relay Control (FRC) Assembly,Call for Quote,2.5 time exhange cost,Call for Quote,1.5 time exhange cost,Each,Each,Refurbished,Y,1.000000,Same Day,,,,
453566492411,Avante Health Solutions,,Tensioner Assy.,Call for Quote,2.5 time exhange cost,Call for Quote,1.5 time exhange cost,Each,Each,Refurbished,Y,3.000000,Same Day,,,,
453566492541,Avante Health Solutions,Philips,Power Supply Switching 12V 140W,Call for Quote,2.5 time exhange cost,Call for Quote,1.5 time exhange cost,Each,Each,Refurbished,Y,4.000000,Same Day,,,,
453566492542,Avante Health Solutions,Philips,Power Supply Switching 12V 140W,Call for Quote,2.5 time exhange cost,Call for Quote,1.5 time exhange cost,Each,Each,Refurbished,Y,1.000000,Same Day,,,,
453566494231,Avante Health Solutions,PHILIPS,"Transceiver, Stator Side Optical",Call for Quote,2.5 time exhange cost,Call for Quote,1.5 time exhange cost,Each,Each,Refurbished,Y,1.000000,Same Day,,,,
453566500341,Avante Health Solutions,PHILIPS,Receiver,Call for Quote,2.5 time exhange cost,Call for Quote,1.5 time exhange cost,Each,Each,Refurbished,Y,1.000000,Same Day,,,,
453566502771,Avante Health Solutions,Philips,Dual Pot Assy.,Call for Quote,2.5 time exhange cost,Call for Quote,1.5 time exhange cost,Each,Each,Refurbished,Y,3.000000,Same Day,,,,
453567003451,Avante Health Solutions,Philips,Tensioner Assy.,Call for Quote,2.5 time exhange cost,Call for Quote,1.5 time exhange cost,Each,Each,Refurbished,Y,1.000000,Same Day,,,,
453567011211,Avante Health Solutions,Philips,4 Channel Gantry Audio Bd.,Call for Quote,2.5 time exhange cost,Call for Quote,1.5 time exhange cost,Each,Each,Refurbished,Y,10.000000,Same Day,,,,
453567012842,Avante Health Solutions,Philips,Optical TX Rotor / Moog Transmitter,Call for Quote,2.5 time exhange cost,Call for Quote,1.5 time exhange cost,Each,Each,Refurbished,Y,1.000000,Same Day,,,,
453567012852,Avante Health Solutions,Philips,Optical FX Stator Module Receiver,Call for Quote,2.5 time exhange cost,Call for Quote,1.5 time exhange cost,Each,Each,Refurbished,Y,1.000000,Same Day,,,,
453567017741,Avante Health Solutions,Philips,RHost Assy,Call for Quote,2.5 time exhange cost,Call for Quote,1.5 time exhange cost,Each,Each,Refurbished,Y,2.000000,Same Day,,,,
453567027484,Avante Health Solutions,Philips,FRC Assy.,Call for Quote,2.5 time exhange cost,Call for Quote,1.5 time exhange cost,Each,Each,Refurbished,Y,1.000000,Same Day,,,,
453567029271,Avante Health Solutions,Philips,Extron VGA Distribution Amplifier,Call for Quote,2.5 time exhange cost,Call for Quote,1.5 time exhange cost,Each,Each,Refurbished,Y,1.000000,Same Day,,,,
453567030082,Avante Health Solutions,Philips,Stator Data Receiver Box,Call for Quote,2.5 time exhange cost,Call for Quote,1.5 time exhange cost,Each,Each,Refurbished,Y,5.000000,Same Day,,,,
453567030531,Avante Health Solutions,Philips,High Speed Starter HSS Module,Call for Quote,2.5 time exhange cost,Call for Quote,1.5 time exhange cost,Each,Each,Refurbished,Y,2.000000,Same Day,,,,
453567042301,Avante Health Solutions,,BRILLIANCE GHOST ASSEMBLY,Call for Quote,2.5 time exhange cost,Call for Quote,1.5 time exhange cost,Each,Each,Refurbished,Y,1.000000,Same Day,,,,
453567057166,Avante Health Solutions,Philips,FRC Assy.,Call for Quote,2.5 time exhange cost,Call for Quote,1.5 time exhange cost,Each,Each,Refurbished,Y,1.000000,Same Day,,,,
453567062391,Avante Health Solutions,Philips,A Plane Collimator,Call for Quote,2.5 time exhange cost,Call for Quote,1.5 time exhange cost,Each,Each,Refurbished,Y,2.000000,Same Day,,,,
453567062871,Avante Health Solutions,Philips,Gantry Display FT/RR Switch Control,Call for Quote,2.5 time exhange cost,Call for Quote,1.5 time exhange cost,Each,Each,Refurbished,Y,3.000000,Same Day,,,,
453567099401,Avante Health Solutions,Philips,SPIDER COUPLING,Call for Quote,2.5 time exhange cost,Call for Quote,1.5 time exhange cost,Each,Each,Refurbished,Y,1.000000,Same Day,,,,
453567102341,Avante Health Solutions,PHILIPS,"Fiber Assy., B-Dir, Transmit, Stator",Call for Quote,2.5 time exhange cost,Call for Quote,1.5 time exhange cost,Each,Each,Refurbished,Y,4.000000,Same Day,,,,
453567110322,Avante Health Solutions,Philips,Brilliance GHost Assy.,Call for Quote,2.5 time exhange cost,Call for Quote,1.5 time exhange cost,Each,Each,Refurbished,Y,6.000000,Same Day,,,,
453567116151,Avante Health Solutions,Philips,J9 RHost to J6 Interface Cable,Call for Quote,2.5 time exhange cost,Call for Quote,1.5 time exhange cost,Each,Each,Refurbished,Y,1.000000,Same Day,,,,
453567131461,Avante Health Solutions,PHILIPS,"CBL, 12VPS to Optical RX1",Call for Quote,2.5 time exhange cost,Call for Quote,1.5 time exhange cost,Each,Each,Refurbished,Y,1.000000,Same Day,,,,
453567136682-N,Avante Health Solutions,,"CABLE, BR40 JTAG RCOM",Call for Quote,2.5 time exhange cost,Call for Quote,1.5 time exhange cost,Each,Each,New OEM Original,Y,1.000000,Same Day,,,,
453567137821,Avante Health Solutions,Philips,Switch Box Assy,Call for Quote,2.5 time exhange cost,Call for Quote,1.5 time exhange cost,Each,Each,Refurbished,Y,4.000000,Same Day,,,,
453567191911,Avante Health Solutions,,Horizontal Encoder,Call for Quote,2.5 time exhange cost,Call for Quote,1.5 time exhange cost,Each,Each,Refurbished,Y,2.000000,Same Day,,,,
453567377033,Avante Health Solutions,,Front OPERATOR PANEL WITH MICROPHONE LH,Call for Quote,2.5 time exhange cost,Call for Quote,1.5 time exhange cost,Each,Each,Refurbished,Y,1.000000,Same Day,,,,
453567377042,Avante Health Solutions,Philips,Right Front Operator Panel W/ Microphone,Call for Quote,2.5 time exhange cost,Call for Quote,1.5 time exhange cost,Each,Each,Refurbished,Y,6.000000,Same Day,,,,
453567377042 REV F,Avante Health Solutions,Philips,Right Front Operator Panel W/ Microphone,Call for Quote,2.5 time exhange cost,Call for Quote,1.5 time exhange cost,Each,Each,Refurbished,Y,1.000000,Same Day,,,,
453567383792,Avante Health Solutions,Philips,"GM Processor Assy, Programmed",Call for Quote,2.5 time exhange cost,Call for Quote,1.5 time exhange cost,Each,Each,Refurbished,Y,1.000000,Same Day,,,,
453567387501,Avante Health Solutions,Philips,DC-DC Boost Converter,Call for Quote,2.5 time exhange cost,Call for Quote,1.5 time exhange cost,Each,Each,Refurbished,Y,1.000000,Same Day,,,,
453567399251,Avante Health Solutions,Philips,"Assy, Absolute Encoder",Call for Quote,2.5 time exhange cost,Call for Quote,1.5 time exhange cost,Each,Each,Refurbished,Y,1.000000,Same Day,,,,
453567430041,Avante Health Solutions,,Footswitch Tableside Control PCB Assembly,Call for Quote,2.5 time exhange cost,Call for Quote,1.5 time exhange cost,Each,Each,Refurbished,Y,2.000000,Same Day,,,,
453567481661,Avante Health Solutions,,"PWR SUP,85-264VAC IN,48VDC,2X12VDC,24VDC",Call for Quote,2.5 time exhange cost,Call for Quote,1.5 time exhange cost,Each,Each,Refurbished,Y,1.000000,Same Day,,,,
453567553391,Avante Health Solutions,Philips,"Fan 10"" Axial",Call for Quote,2.5 time exhange cost,Call for Quote,1.5 time exhange cost,Each,Each,Refurbished,Y,5.000000,Same Day,,,,
454110262592,Avante Health Solutions,PHILIPS,Explora Connector (453561491741),Call for Quote,2.5 time exhange cost,Call for Quote,1.5 time exhange cost,Each,Each,Refurbished,Y,1.000000,Same Day,,,,
455012004156,Avante Health Solutions,Philips,RCOM ASSY,Call for Quote,2.5 time exhange cost,Call for Quote,1.5 time exhange cost,Each,Each,Refurbished,Y,2.000000,Same Day,,,,
455012005132,Avante Health Solutions,PHILIPS,"Assembly, Signal Distribution Board Panel",Call for Quote,2.5 time exhange cost,Call for Quote,1.5 time exhange cost,Each,Each,Refurbished,Y,1.000000,Same Day,,,,
455012008212,Avante Health Solutions,Philips,RCOM Assy. Big Bore,Call for Quote,2.5 time exhange cost,Call for Quote,1.5 time exhange cost,Each,Each,Refurbished,Y,2.000000,Same Day,,,,
455012009182,Avante Health Solutions,Philips,RCOM Assy.,Call for Quote,2.5 time exhange cost,Call for Quote,1.5 time exhange cost,Each,Each,Refurbished,Y,3.000000,Same Day,,,,
455012009243,Avante Health Solutions,Philips,Orion T Module Class A,Call for Quote,2.5 time exhange cost,Call for Quote,1.5 time exhange cost,Each,Each,Refurbished,Y,9.000000,Same Day,,,,
455012009244,Avante Health Solutions,Philips,Tile single Module - Class A (TDMS),Call for Quote,2.5 time exhange cost,Call for Quote,1.5 time exhange cost,Each,Each,Refurbished,Y,28.000000,Same Day,,,,
455012201471,Avante Health Solutions,Philips,System Phantom Kit,Call for Quote,2.5 time exhange cost,Call for Quote,1.5 time exhange cost,Each,Each,Refurbished,Y,1.000000,Same Day,,,,
455012305371,Avante Health Solutions,Philips,"CBL, Gantry Fiber Optic Cable, 20 M",Call for Quote,2.5 time exhange cost,Call for Quote,1.5 time exhange cost,Each,Each,Refurbished,Y,2.000000,Same Day,,,,
455012309141,Avante Health Solutions,Philips,CABLE-PS 48V DC OUTPUT,Call for Quote,2.5 time exhange cost,Call for Quote,1.5 time exhange cost,Each,Each,Refurbished,Y,1.000000,Same Day,,,,
455013020721,Avante Health Solutions,Philips,ST3146855SS Seagate 146GB 15000RPM SAS 3.0 Gbps 3.5 16MB Cache Cheetah Hard Drive,Call for Quote,2.5 time exhange cost,Call for Quote,1.5 time exhange cost,Each,Each,Refurbished,Y,13.000000,Same Day,,,,
455014008032,Avante Health Solutions,,DMS Left motherboard,Call for Quote,2.5 time exhange cost,Call for Quote,1.5 time exhange cost,Each,Each,Refurbished,Y,5.000000,Same Day,,,,
455014009072,Avante Health Solutions,,U LEFT MOTHERBOARD,Call for Quote,2.5 time exhange cost,Call for Quote,1.5 time exhange cost,Each,Each,Refurbished,Y,1.000000,Same Day,,,,
455014009211,Avante Health Solutions,Philips,DMS T Left Motherboard,Call for Quote,2.5 time exhange cost,Call for Quote,1.5 time exhange cost,Each,Each,Refurbished,Y,3.000000,Same Day,,,,
455018900131,Avante Health Solutions,,PNEUMO CHEST BELLOWS,Call for Quote,2.5 time exhange cost,Call for Quote,1.5 time exhange cost,Each,Each,Refurbished,Y,1.000000,Same Day,,,,
455300008739,Avante Health Solutions,PHILIPS,"19"" LCD display monitor EA193Mi",Call for Quote,2.5 time exhange cost,Call for Quote,1.5 time exhange cost,Each,Each,Refurbished,Y,2.000000,Same Day,,,,
455300008791,Avante Health Solutions,Philips,"19"" Color LCD Monitor, Q19-P",Call for Quote,2.5 time exhange cost,Call for Quote,1.5 time exhange cost,Each,Each,Refurbished,Y,1.000000,Same Day,,,,
459800001844,Avante Health Solutions,Philips,DVI Splitter Box,Call for Quote,2.5 time exhange cost,Call for Quote,1.5 time exhange cost,Each,Each,Refurbished,Y,1.000000,Same Day,,,,
459800003011,Avante Health Solutions,Philips,FD20 Tube Cover w/ Sensor,Call for Quote,2.5 time exhange cost,Call for Quote,1.5 time exhange cost,Each,Each,Refurbished,Y,6.000000,Same Day,,,,
459800009063-N,Avante Health Solutions,,FRU Cable Set IBIS 3 FD Ceiling ST 30m,Call for Quote,2.5 time exhange cost,Call for Quote,1.5 time exhange cost,Each,Each,New OEM Original,Y,1.000000,Same Day,,,,
459800025411,Avante Health Solutions,Philips,AD7 NT Pivot Potmeter,Call for Quote,2.5 time exhange cost,Call for Quote,1.5 time exhange cost,Each,Each,Refurbished,Y,5.000000,Same Day,,,,
459800025511,Avante Health Solutions,Philips,FRU AD7 NT brake assy longitudinal,Call for Quote,2.5 time exhange cost,Call for Quote,1.5 time exhange cost,Each,Each,Refurbished,Y,3.000000,Same Day,,,,
459800030712,Avante Health Solutions,Philips,Sense Spine Coil,Call for Quote,2.5 time exhange cost,Call for Quote,1.5 time exhange cost,Each,Each,Refurbished,Y,2.000000,Same Day,,,,
459800036171,Avante Health Solutions,,bracket DVI extender angled,Call for Quote,2.5 time exhange cost,Call for Quote,1.5 time exhange cost,Each,Each,Refurbished,Y,4.000000,Same Day,,,,
459800061572,Avante Health Solutions,Philips,Clea Stand Power Supply,Call for Quote,2.5 time exhange cost,Call for Quote,1.5 time exhange cost,Each,Each,Refurbished,Y,2.000000,Same Day,,,,
459800076004,Avante Health Solutions,Philips,Footswitch 4P+2 4M Biplane,Call for Quote,2.5 time exhange cost,Call for Quote,1.5 time exhange cost,Each,Each,Refurbished,Y,3.000000,Same Day,,,,
459800119123,Avante Health Solutions,Philips,"Flexvision 2 PC, No HDD",Call for Quote,2.5 time exhange cost,Call for Quote,1.5 time exhange cost,Each,Each,Refurbished,Y,1.000000,Same Day,,,,
459800151576,Avante Health Solutions,Philips,GEO Module Tilt WP,Call for Quote,2.5 time exhange cost,Call for Quote,1.5 time exhange cost,Each,Each,Refurbished,Y,8.000000,Same Day,,,,
459800151654,Avante Health Solutions,Philips,GEO Module Tilt Biplane WP,Call for Quote,2.5 time exhange cost,Call for Quote,1.5 time exhange cost,Each,Each,Refurbished,Y,3.000000,Same Day,,,,
459800151655,Avante Health Solutions,Philips,GEO Module Tilt Biplane WP,Call for Quote,2.5 time exhange cost,Call for Quote,1.5 time exhange cost,Each,Each,Refurbished,Y,5.000000,Same Day,,,,
459800159481,Avante Health Solutions,Philips,WCB2.0 RX Unit,Call for Quote,2.5 time exhange cost,Call for Quote,1.5 time exhange cost,Each,Each,Refurbished,Y,6.000000,Same Day,,,,
459800159831,Avante Health Solutions,Philips,"WCB 2.0, 19"" Rack Mount Shelf",Call for Quote,2.5 time exhange cost,Call for Quote,1.5 time exhange cost,Each,Each,Refurbished,Y,1.000000,Same Day,,,,
459800188892,Avante Health Solutions,Philips,AMC ECat Drive,Call for Quote,2.5 time exhange cost,Call for Quote,1.5 time exhange cost,Each,Each,Refurbished,Y,5.000000,Same Day,,,,
459800230471-N,Avante Health Solutions,Philips,SCS0082P Philips Patient Cushion for Flat Top,Call for Quote,2.5 time exhange cost,Call for Quote,1.5 time exhange cost,Each,Each,New OEM Original,Y,1.000000,Same Day,,,,
459800263491,Avante Health Solutions,,DMS T Right Mother Board,Call for Quote,2.5 time exhange cost,Call for Quote,1.5 time exhange cost,Each,Each,Refurbished,Y,1.000000,Same Day,,,,
459800265771,Avante Health Solutions,Philips,GEO IO Box,Call for Quote,2.5 time exhange cost,Call for Quote,1.5 time exhange cost,Each,Each,Refurbished,Y,3.000000,Same Day,,,,
459800325772,Avante Health Solutions,Philips,"Brush, Pwr Block PCB Assembly",Call for Quote,2.5 time exhange cost,Call for Quote,1.5 time exhange cost,Each,Each,Refurbished,Y,6.000000,Same Day,,,,
459800329111-N,Avante Health Solutions,Philips,Spacer Gasket,Call for Quote,2.5 time exhange cost,Call for Quote,1.5 time exhange cost,Each,Each,New OEM Original,Y,14.000000,Same Day,,,,
459800387571,Avante Health Solutions,Philips,Battery Pack (For Marathon Athlon 3000RM UPS),Call for Quote,2.5 time exhange cost,Call for Quote,1.5 time exhange cost,Each,Each,Refurbished,Y,1.000000,Same Day,,,,
459800429002,Avante Health Solutions,Philips,Cable Set VGA to DVI Converter,Call for Quote,2.5 time exhange cost,Call for Quote,1.5 time exhange cost,Each,Each,Refurbished,Y,1.000000,Same Day,,,,
459800484361,Avante Health Solutions,,Pulmo tool Kit,Call for Quote,2.5 time exhange cost,Call for Quote,1.5 time exhange cost,Each,Each,Refurbished,Y,1.000000,Same Day,,,,
459800709742-N,Avante Health Solutions,PHILIPS,WCB 2.2 TX Full,Call for Quote,2.5 time exhange cost,Call for Quote,1.5 time exhange cost,Each,Each,New OEM Original,Y,1.000000,Same Day,,,,
459800772213,Avante Health Solutions,PHILIPS,BIPLANE FOOTSWITCH (4P+2) 4M,Call for Quote,2.5 time exhange cost,Call for Quote,1.5 time exhange cost,Each,Each,Refurbished,Y,1.000000,Same Day,,,,
459800787171,Avante Health Solutions,,Conn Cord TSM 3M B,Call for Quote,2.5 time exhange cost,Call for Quote,1.5 time exhange cost,Each,Each,Refurbished,Y,4.000000,Same Day,,,,
459800842651,Avante Health Solutions,Philips,Detector Module BR-40 APDM-S FRU,Call for Quote,2.5 time exhange cost,Call for Quote,1.5 time exhange cost,Each,Each,Refurbished,Y,26.000000,Same Day,,,,
459800872131,Avante Health Solutions,Philips,Desktop Support B,Call for Quote,2.5 time exhange cost,Call for Quote,1.5 time exhange cost,Each,Each,Refurbished,Y,3.000000,Same Day,,,,
459801140821,Avante Health Solutions,Philips,"19"" LCD display monitor EA193Mi",Call for Quote,2.5 time exhange cost,Call for Quote,1.5 time exhange cost,Each,Each,Refurbished,Y,4.000000,Same Day,,,,
459801403271,Avante Health Solutions,Philips,"FRU, ASSY, Verticle Motor/Brake 20:1",Call for Quote,2.5 time exhange cost,Call for Quote,1.5 time exhange cost,Each,Each,Refurbished,Y,1.000000,Same Day,,,,
46-136370P23,Avante Health Solutions,GE,024V DC 2P 2T 028V DC 10A Relay,Call for Quote,2.5 time exhange cost,Call for Quote,1.5 time exhange cost,Each,Each,Refurbished,Y,1.000000,Same Day,,,,
46-243167P1,Avante Health Solutions,GE,Cradle Wheel w/ Housing Kit (Set of 6 Wheels),Call for Quote,2.5 time exhange cost,Call for Quote,1.5 time exhange cost,Each,Each,Refurbished,Y,12.000000,Same Day,,,,
46-243167P1AD,Avante Health Solutions,GE,Cradle Wheel Housing,Call for Quote,2.5 time exhange cost,Call for Quote,1.5 time exhange cost,Each,Each,Refurbished,Y,31.000000,Same Day,,,,
46-282764G1,Avante Health Solutions,GE,Dual Coil Adapter Box,Call for Quote,2.5 time exhange cost,Call for Quote,1.5 time exhange cost,Each,Each,Refurbished,Y,1.000000,Same Day,,,,
46-288170G1,Avante Health Solutions,GE,ELEV/TILT AMP,Call for Quote,2.5 time exhange cost,Call for Quote,1.5 time exhange cost,Each,Each,Refurbished,Y,1.000000,Same Day,,,,
46296854P2,Avante Health Solutions,GE,Axial Encoder,Call for Quote,2.5 time exhange cost,Call for Quote,1.5 time exhange cost,Each,Each,Refurbished,Y,3.000000,Same Day,,,,
46-296854P2,Avante Health Solutions,GE,Elevation Encoder,Call for Quote,2.5 time exhange cost,Call for Quote,1.5 time exhange cost,Each,Each,Refurbished,Y,1.000000,Same Day,,,,
46-297805G2,Avante Health Solutions,GE,Jumper Connection,Call for Quote,2.5 time exhange cost,Call for Quote,1.5 time exhange cost,Each,Each,Refurbished,Y,1.000000,Same Day,,,,
46321300G1,Avante Health Solutions,GE,RPSCOM Bd.,Call for Quote,2.5 time exhange cost,Call for Quote,1.5 time exhange cost,Each,Each,Refurbished,Y,1.000000,Same Day,,,,
4757246-N,Avante Health Solutions,Siemens,Squeeze Ball,Call for Quote,2.5 time exhange cost,Call for Quote,1.5 time exhange cost,Each,Each,New OEM Original,Y,3.000000,Same Day,,,,
4775784,Avante Health Solutions,Siemens,Control Module Connection KIT,Call for Quote,2.5 time exhange cost,Call for Quote,1.5 time exhange cost,Each,Each,Refurbished,Y,3.000000,Same Day,,,,
49978,Avante Health Solutions,SIEMENS,"Filter, Acuson Sequoia",Call for Quote,2.5 time exhange cost,Call for Quote,1.5 time exhange cost,Each,Each,Refurbished,Y,2.000000,Same Day,,,,
5000081502,Avante Health Solutions,GE,WATCHPORT USB MONITORING DEVICE,Call for Quote,2.5 time exhange cost,Call for Quote,1.5 time exhange cost,Each,Each,Refurbished,Y,1.000000,Same Day,,,,
5111020-51,Avante Health Solutions,GE,B8 Bezel Cable Harness Hypertronics,Call for Quote,2.5 time exhange cost,Call for Quote,1.5 time exhange cost,Each,Each,Refurbished,Y,1.000000,Same Day,,,,
5114356-2,Avante Health Solutions,GE,1.5T HD 8 Ch T/R Knee Coil,Call for Quote,2.5 time exhange cost,Call for Quote,1.5 time exhange cost,Each,Each,Refurbished,Y,3.000000,Same Day,,,,
5115468,Avante Health Solutions,GE,Top Plane - Logiq 9,Call for Quote,2.5 time exhange cost,Call for Quote,1.5 time exhange cost,Each,Each,Refurbished,Y,3.000000,Same Day,,,,
5116784,Avante Health Solutions,GE,ELEVATOR SWITCH,Call for Quote,2.5 time exhange cost,Call for Quote,1.5 time exhange cost,Each,Each,Refurbished,Y,1.000000,Same Day,,,,
5117070,Avante Health Solutions,GE,ANTI COLLISION SENSOR WITH COUNTER WEIGHT,Call for Quote,2.5 time exhange cost,Call for Quote,1.5 time exhange cost,Each,Each,Refurbished,Y,4.000000,Same Day,,,,
511786624,Avante Health Solutions,GE,"Host Computer, CTPET HP8200 w/ FX1400 Graphics Card & 2gb Memory",Call for Quote,2.5 time exhange cost,Call for Quote,1.5 time exhange cost,Each,Each,Refurbished,Y,2.000000,Same Day,,,,
5118350,Avante Health Solutions,GE,Elevator Safety Switch,Call for Quote,2.5 time exhange cost,Call for Quote,1.5 time exhange cost,Each,Each,Refurbished,Y,1.000000,Same Day,,,,
5118529,Avante Health Solutions,GE,Anti-Collision Assy w/ Counterweight,Call for Quote,2.5 time exhange cost,Call for Quote,1.5 time exhange cost,Each,Each,Refurbished,Y,1.000000,Same Day,,,,
5120610,Avante Health Solutions,GE,Plenum Fan Plate Assembly VCT-HD,Call for Quote,2.5 time exhange cost,Call for Quote,1.5 time exhange cost,Each,Each,Refurbished,Y,3.000000,Same Day,,,,
5120637,Avante Health Solutions,GE,Harness - TGP J11 to Covers - EMC Edition 2,Call for Quote,2.5 time exhange cost,Call for Quote,1.5 time exhange cost,Each,Each,Refurbished,Y,1.000000,Same Day,,,,
5120819-2,Avante Health Solutions,GE,Brush Block Rev 3,Call for Quote,2.5 time exhange cost,Call for Quote,1.5 time exhange cost,Each,Each,Refurbished,Y,1.000000,Same Day,,,,
5121620,Avante Health Solutions,GE,RP Ulysse Upper and Lower Cover Assy.,Call for Quote,2.5 time exhange cost,Call for Quote,1.5 time exhange cost,Each,Each,Refurbished,Y,1.000000,Same Day,,,,
5123238,Avante Health Solutions,GE,Belt 375 UP5M25,Call for Quote,2.5 time exhange cost,Call for Quote,1.5 time exhange cost,Each,Each,Refurbished,Y,1.000000,Same Day,,,,
5124071,Avante Health Solutions,,"Sinwan 5"" AC Fan",Call for Quote,2.5 time exhange cost,Call for Quote,1.5 time exhange cost,Each,Each,Refurbished,Y,6.000000,Same Day,,,,
5125055,Avante Health Solutions,GE,Booster Fan,Call for Quote,2.5 time exhange cost,Call for Quote,1.5 time exhange cost,Each,Each,Refurbished,Y,2.000000,Same Day,,,,
5125269,Avante Health Solutions,GE,Cable - Gantry to MSUB J21,Call for Quote,2.5 time exhange cost,Call for Quote,1.5 time exhange cost,Each,Each,Refurbished,Y,1.000000,Same Day,,,,
5125781,Avante Health Solutions,GE,Cable Assy Track Conn Plate to GTCN,Call for Quote,2.5 time exhange cost,Call for Quote,1.5 time exhange cost,Each,Each,Refurbished,Y,1.000000,Same Day,,,,
5126460,Avante Health Solutions,GE,Hammer Circuit Breaker with Ground Fault,Call for Quote,2.5 time exhange cost,Call for Quote,1.5 time exhange cost,Each,Each,Refurbished,Y,1.000000,Same Day,,,,
5127088,Avante Health Solutions,GE,Cable - Thermistor To CFC,Call for Quote,2.5 time exhange cost,Call for Quote,1.5 time exhange cost,Each,Each,Refurbished,Y,1.000000,Same Day,,,,
5129522,Avante Health Solutions,GE,TGPU J28 RUN# 104 Cable.,Call for Quote,2.5 time exhange cost,Call for Quote,1.5 time exhange cost,Each,Each,Refurbished,Y,1.000000,Same Day,,,,
5131930,Avante Health Solutions,GE,VCT Receiver Antenna & Bracket,Call for Quote,2.5 time exhange cost,Call for Quote,1.5 time exhange cost,Each,Each,Refurbished,Y,1.000000,Same Day,,,,
5133504,Avante Health Solutions,GE,CRADLE LOCK ASSY,Call for Quote,2.5 time exhange cost,Call for Quote,1.5 time exhange cost,Each,Each,Refurbished,Y,1.000000,Same Day,,,,
5133753,Avante Health Solutions,GE,COLLISION SENSOR,Call for Quote,2.5 time exhange cost,Call for Quote,1.5 time exhange cost,Each,Each,Refurbished,Y,11.000000,Same Day,,,,
5134577003,Avante Health Solutions,GE,MOTOR CONTROL BOARD,Call for Quote,2.5 time exhange cost,Call for Quote,1.5 time exhange cost,Each,Each,Refurbished,Y,3.000000,Same Day,,,,
5134585006,Avante Health Solutions,GE,MOTOR CONTROL BOARD,Call for Quote,2.5 time exhange cost,Call for Quote,1.5 time exhange cost,Each,Each,Refurbished,Y,1.000000,Same Day,,,,
5134666,Avante Health Solutions,GE,TS Mid Side-R Assembly Positioning Global Table (GT),Call for Quote,2.5 time exhange cost,Call for Quote,1.5 time exhange cost,Each,Each,Refurbished,Y,1.000000,Same Day,,,,
5137347,Avante Health Solutions,GE,1.5T Multi-Coil Pre-Amp Module,Call for Quote,2.5 time exhange cost,Call for Quote,1.5 time exhange cost,Each,Each,Refurbished,Y,1.000000,Same Day,,,,
5137930,Avante Health Solutions,GE,Footswitch,Call for Quote,2.5 time exhange cost,Call for Quote,1.5 time exhange cost,Each,Each,Refurbished,Y,9.000000,Same Day,,,,
51379303,Avante Health Solutions,GE,Footswitch,Call for Quote,2.5 time exhange cost,Call for Quote,1.5 time exhange cost,Each,Each,Refurbished,Y,6.000000,Same Day,,,,
5140492,Avante Health Solutions,GE,"LOGIQ P5, CL1TRX Board",Call for Quote,2.5 time exhange cost,Call for Quote,1.5 time exhange cost,Each,Each,Refurbished,Y,1.000000,Same Day,,,,
5140589,Avante Health Solutions,GE,PRESSURE SENSOR,Call for Quote,2.5 time exhange cost,Call for Quote,1.5 time exhange cost,Each,Each,Refurbished,Y,2.000000,Same Day,,,,
5142849-4,Avante Health Solutions,GE,Mylar Window,Call for Quote,2.5 time exhange cost,Call for Quote,1.5 time exhange cost,Each,Each,Refurbished,Y,1.000000,Same Day,,,,
5142966-2,Avante Health Solutions,,Heater,Call for Quote,2.5 time exhange cost,Call for Quote,1.5 time exhange cost,Each,Each,Refurbished,Y,1.000000,Same Day,,,,
5144578-2,Avante Health Solutions,GE,"LOGIQ P5, CL1TRX Board",Call for Quote,2.5 time exhange cost,Call for Quote,1.5 time exhange cost,Each,Each,Refurbished,Y,1.000000,Same Day,,,,
51450962002,Avante Health Solutions,GE,CPU CVC RR BOARD,Call for Quote,2.5 time exhange cost,Call for Quote,1.5 time exhange cost,Each,Each,Refurbished,Y,1.000000,Same Day,,,,
51457823,Avante Health Solutions,GE,SMART BOX IQ,Call for Quote,2.5 time exhange cost,Call for Quote,1.5 time exhange cost,Each,Each,Refurbished,Y,1.000000,Same Day,,,,
51466305591,Avante Health Solutions,GE,UPS,Call for Quote,2.5 time exhange cost,Call for Quote,1.5 time exhange cost,Each,Each,Refurbished,Y,1.000000,Same Day,,,,
5147226,Avante Health Solutions,GE,"RCIB, ORP to Coll, with torque limiting jackscrew, VCT",Call for Quote,2.5 time exhange cost,Call for Quote,1.5 time exhange cost,Each,Each,Refurbished,Y,1.000000,Same Day,,,,
5147442,Avante Health Solutions,GE,DARC2 (JR) w/ 16-Slice DIP,Call for Quote,2.5 time exhange cost,Call for Quote,1.5 time exhange cost,Each,Each,Refurbished,Y,5.000000,Same Day,,,,
5148355,Avante Health Solutions,GE,TSSC IQ,Call for Quote,2.5 time exhange cost,Call for Quote,1.5 time exhange cost,Each,Each,Refurbished,Y,4.000000,Same Day,,,,
51487203,Avante Health Solutions,GE,"19"" Monochrome Monitor",Call for Quote,2.5 time exhange cost,Call for Quote,1.5 time exhange cost,Each,Each,Refurbished,Y,4.000000,Same Day,,,,
5148720-3,Avante Health Solutions,GE,19in MONOCHROME LCD MONITOR,Call for Quote,2.5 time exhange cost,Call for Quote,1.5 time exhange cost,Each,Each,Refurbished,Y,3.000000,Same Day,,,,
51487213,Avante Health Solutions,GE,"19"" Color Monitor",Call for Quote,2.5 time exhange cost,Call for Quote,1.5 time exhange cost,Each,Each,Refurbished,Y,2.000000,Same Day,,,,
5148771,Avante Health Solutions,GE,LOGIQe Probe Connector Assy,Call for Quote,2.5 time exhange cost,Call for Quote,1.5 time exhange cost,Each,Each,Refurbished,Y,2.000000,Same Day,,,,
5158944,Avante Health Solutions,GE,Gantry Stationary CFC VCT/HD,Call for Quote,2.5 time exhange cost,Call for Quote,1.5 time exhange cost,Each,Each,Refurbished,Y,3.000000,Same Day,,,,
5161631,Avante Health Solutions,GE,GFI 2 (Global Front End Interface) for E9,Call for Quote,2.5 time exhange cost,Call for Quote,1.5 time exhange cost,Each,Each,Refurbished,Y,3.000000,Same Day,,,,
5161631-3,Avante Health Solutions,GE,Vivid E9 GFI,Call for Quote,2.5 time exhange cost,Call for Quote,1.5 time exhange cost,Each,Each,Refurbished,Y,1.000000,Same Day,,,,
5162689,Avante Health Solutions,GE,Cable TGP-U to CFC J4B,Call for Quote,2.5 time exhange cost,Call for Quote,1.5 time exhange cost,Each,Each,Refurbished,Y,1.000000,Same Day,,,,
5162690,Avante Health Solutions,GE,"CABLE, CFC J2 TO HEATER J1",Call for Quote,2.5 time exhange cost,Call for Quote,1.5 time exhange cost,Each,Each,Refurbished,Y,1.000000,Same Day,,,,
5167302,Avante Health Solutions,GE,LAT XRT INTERCO,Call for Quote,2.5 time exhange cost,Call for Quote,1.5 time exhange cost,Each,Each,Refurbished,Y,2.000000,Same Day,,,,
5170473,Avante Health Solutions,GE,"LOGIQ S6, TRICON Assy",Call for Quote,2.5 time exhange cost,Call for Quote,1.5 time exhange cost,Each,Each,Refurbished,Y,1.000000,Same Day,,,,
5172144,Avante Health Solutions,GE,"LOGIQ A5, BL1TRX ASSY",Call for Quote,2.5 time exhange cost,Call for Quote,1.5 time exhange cost,Each,Each,Refurbished,Y,4.000000,Same Day,,,,
5175647-2,Avante Health Solutions,GE,"LOGIQ A5/P5, CONTROL PANEL ASSY.",Call for Quote,2.5 time exhange cost,Call for Quote,1.5 time exhange cost,Each,Each,Refurbished,Y,2.000000,Same Day,,,,
5175899-2,Avante Health Solutions,GE,"LOGIQ P6/P5, Main Keyboard Assy.",Call for Quote,2.5 time exhange cost,Call for Quote,1.5 time exhange cost,Each,Each,Refurbished,Y,3.000000,Same Day,,,,
5177111-4,Avante Health Solutions,GE,GE SYSCONCM ASSY GE Logiq A5 Only,Call for Quote,2.5 time exhange cost,Call for Quote,1.5 time exhange cost,Each,Each,Refurbished,Y,1.000000,Same Day,,,,
5177273-2,Avante Health Solutions,GE,"LOGIQ P5, P2RLY PWB",Call for Quote,2.5 time exhange cost,Call for Quote,1.5 time exhange cost,Each,Each,Refurbished,Y,2.000000,Same Day,,,,
5179267-4,Avante Health Solutions,GE,"GE Logiq P5, L1SYSCON BASE BOARD",Call for Quote,2.5 time exhange cost,Call for Quote,1.5 time exhange cost,Each,Each,Refurbished,Y,1.000000,Same Day,,,,
5179691,Avante Health Solutions,GE,SCA SCSI DRIVE 73GB,Call for Quote,2.5 time exhange cost,Call for Quote,1.5 time exhange cost,Each,Each,Refurbished,Y,1.000000,Same Day,,,,
5179821,Avante Health Solutions,GE,RTAC 7,Call for Quote,2.5 time exhange cost,Call for Quote,1.5 time exhange cost,Each,Each,Refurbished,Y,5.000000,Same Day,,,,
5180232-4,Avante Health Solutions,GE,"COVER ASM, GANTRY, TOP, LEFT SIDE",Call for Quote,2.5 time exhange cost,Call for Quote,1.5 time exhange cost,Each,Each,Refurbished,Y,2.000000,Same Day,,,,
51825622,Avante Health Solutions,GE,Frontal Gantry Interconnect Bd.,Call for Quote,2.5 time exhange cost,Call for Quote,1.5 time exhange cost,Each,Each,Refurbished,Y,3.000000,Same Day,,,,
5183570,Avante Health Solutions,GE,Pioneer 48v 5kw Rotating Power Supply,Call for Quote,2.5 time exhange cost,Call for Quote,1.5 time exhange cost,Each,Each,Refurbished,Y,1.000000,Same Day,,,,
5184208,Avante Health Solutions,,32 Channel P Connector Quick Disconnect + X-MIT,Call for Quote,2.5 time exhange cost,Call for Quote,1.5 time exhange cost,Each,Each,Refurbished,Y,1.000000,Same Day,,,,
5193634,Avante Health Solutions,GE,TSSC IQ Biplane,Call for Quote,2.5 time exhange cost,Call for Quote,1.5 time exhange cost,Each,Each,Refurbished,Y,2.000000,Same Day,,,,
5193969-2,Avante Health Solutions,GE,Cable - LAN,Call for Quote,2.5 time exhange cost,Call for Quote,1.5 time exhange cost,Each,Each,Refurbished,Y,1.000000,Same Day,,,,
5197802-4,Avante Health Solutions,GE,Pioneer 48v 5kw Rotating Power Supply,Call for Quote,2.5 time exhange cost,Call for Quote,1.5 time exhange cost,Each,Each,Refurbished,Y,1.000000,Same Day,,,,
5201044-3,Avante Health Solutions,GE,GTX 2.4 Board w/CW Resistor,Call for Quote,2.5 time exhange cost,Call for Quote,1.5 time exhange cost,Each,Each,Refurbished,Y,6.000000,Same Day,,,,
5205052-9,Avante Health Solutions,GE,Logiq E9 Main Power Supply Alpha,Call for Quote,2.5 time exhange cost,Call for Quote,1.5 time exhange cost,Each,Each,Refurbished,Y,2.000000,Same Day,,,,
5205054-5,Avante Health Solutions,GE,Logiq E9 Main Power Supply Lambda,Call for Quote,2.5 time exhange cost,Call for Quote,1.5 time exhange cost,Each,Each,Refurbished,Y,4.000000,Same Day,,,,
5207000-82,Avante Health Solutions,GE,"Lower Op Panel Assembly (Volax), E9 (removable trackball)",Call for Quote,2.5 time exhange cost,Call for Quote,1.5 time exhange cost,Each,Each,Refurbished,Y,7.000000,Same Day,,,,
5207000-85,Avante Health Solutions,GE,Concentric Shaft Encoder (Logiq 9),Call for Quote,2.5 time exhange cost,Call for Quote,1.5 time exhange cost,Each,Each,Refurbished,Y,6.000000,Same Day,,,,
5208000-2,Avante Health Solutions,GE,LOGIQ E9 R5/R6 Lower Op Panel Assembly,Call for Quote,2.5 time exhange cost,Call for Quote,1.5 time exhange cost,Each,Each,Refurbished,Y,4.000000,Same Day,,,,
5245004,Avante Health Solutions,GE,"LOGIQ P6, APS II Assy",Call for Quote,2.5 time exhange cost,Call for Quote,1.5 time exhange cost,Each,Each,Refurbished,Y,1.000000,Same Day,,,,
526360002,Avante Health Solutions,,RECIEVER,Call for Quote,2.5 time exhange cost,Call for Quote,1.5 time exhange cost,Each,Each,Refurbished,Y,5.000000,Same Day,,,,
5270510-22,Avante Health Solutions,GE,Single Bay Peripheral Tower with DVD-RW Drive,Call for Quote,2.5 time exhange cost,Call for Quote,1.5 time exhange cost,Each,Each,Refurbished,Y,2.000000,Same Day,,,,
5272357-3,Avante Health Solutions,GE,GE Logiq E9 Main Cable Assembly - revised video cable for flexibility,Call for Quote,2.5 time exhange cost,Call for Quote,1.5 time exhange cost,Each,Each,Refurbished,Y,1.000000,Same Day,,,,
5301040-6,Avante Health Solutions,GE,"DRX-5 (Digital Receiver Board), E9",Call for Quote,2.5 time exhange cost,Call for Quote,1.5 time exhange cost,Each,Each,Refurbished,Y,23.000000,Same Day,,,,
5305181-2,Avante Health Solutions,GE,KVMA Measure Cable,Call for Quote,2.5 time exhange cost,Call for Quote,1.5 time exhange cost,Each,Each,Refurbished,Y,1.000000,Same Day,,,,
5310001-3,Avante Health Solutions,GE,Left CT Control Panel for HDCT with Blue LEDs,Call for Quote,2.5 time exhange cost,Call for Quote,1.5 time exhange cost,Each,Each,Refurbished,Y,10.000000,Same Day,,,,
5310002-3,Avante Health Solutions,GE,Gantry Display for HDCT,Call for Quote,2.5 time exhange cost,Call for Quote,1.5 time exhange cost,Each,Each,Refurbished,Y,4.000000,Same Day,,,,
5310423,Avante Health Solutions,GE,LVPS 400 V3,Call for Quote,2.5 time exhange cost,Call for Quote,1.5 time exhange cost,Each,Each,Refurbished,Y,4.000000,Same Day,,,,
5316598,Avante Health Solutions,GE,Fiber Optic Cable,Call for Quote,2.5 time exhange cost,Call for Quote,1.5 time exhange cost,Each,Each,Refurbished,Y,1.000000,Same Day,,,,
5324279,Avante Health Solutions,GE,MDAS Fan Axial 172X150X51 AC115,Call for Quote,2.5 time exhange cost,Call for Quote,1.5 time exhange cost,Each,Each,Refurbished,Y,1.000000,Same Day,,,,
5324556,Avante Health Solutions,GE,"VOLUSON S6, COM EXPRESS MODULE  WITH INTELCORE 2",Call for Quote,2.5 time exhange cost,Call for Quote,1.5 time exhange cost,Each,Each,Refurbished,Y,1.000000,Same Day,,,,
5332319,Avante Health Solutions,,RCB BOX,Call for Quote,2.5 time exhange cost,Call for Quote,1.5 time exhange cost,Each,Each,Refurbished,Y,3.000000,Same Day,,,,
5364098 -2,Avante Health Solutions,GE,VOLUSON P8 ULTRASOUND RFS BOARD ASSEMBLY,Call for Quote,2.5 time exhange cost,Call for Quote,1.5 time exhange cost,Each,Each,Refurbished,Y,1.000000,Same Day,,,,
5368687,Avante Health Solutions,GE,Scan Control Box,Call for Quote,2.5 time exhange cost,Call for Quote,1.5 time exhange cost,Each,Each,Refurbished,Y,2.000000,Same Day,,,,
5370681,Avante Health Solutions,GE,"LOGIQ S8, PID Assy",Call for Quote,2.5 time exhange cost,Call for Quote,1.5 time exhange cost,Each,Each,Refurbished,Y,4.000000,Same Day,,,,
5371196,Avante Health Solutions,GE,"LOGIQ S8, GFS Assy, Midprocessor without SOM, without HDD",Call for Quote,2.5 time exhange cost,Call for Quote,1.5 time exhange cost,Each,Each,Refurbished,Y,3.000000,Same Day,,,,
5389034,Avante Health Solutions,GE,LOGIQe Probe Connector Assy,Call for Quote,2.5 time exhange cost,Call for Quote,1.5 time exhange cost,Each,Each,Refurbished,Y,2.000000,Same Day,,,,
5392293,Avante Health Solutions,GE,"LOGIQ/VOLUSON S8, 19"" Monitor Assy",Call for Quote,2.5 time exhange cost,Call for Quote,1.5 time exhange cost,Each,Each,Refurbished,Y,1.000000,Same Day,,,,
5392293-21,Avante Health Solutions,GE,"19” LCD Monitor V2             5205000-7 and later consoles LOGIQ E9 R4 or Upgraded, Voluson S6_ S8",Call for Quote,2.5 time exhange cost,Call for Quote,1.5 time exhange cost,Each,Each,Refurbished,Y,2.000000,Same Day,,,,
5392293-23,Avante Health Solutions,GE,"19” LCD Monitor V2             5205000-7 and later consoles LOGIQ E9 R4 or Upgraded, Voluson S6_ S8",Call for Quote,2.5 time exhange cost,Call for Quote,1.5 time exhange cost,Each,Each,Refurbished,Y,1.000000,Same Day,,,,
5392446-3,Avante Health Solutions,GE,"GE, GBF128 ASSY.",Call for Quote,2.5 time exhange cost,Call for Quote,1.5 time exhange cost,Each,Each,Refurbished,Y,3.000000,Same Day,,,,
5393908-7,Avante Health Solutions,GE,GE LOGIQ E9 - MRX PCB,Call for Quote,2.5 time exhange cost,Call for Quote,1.5 time exhange cost,Each,Each,Refurbished,Y,1.000000,Same Day,,,,
5393910,Avante Health Solutions,GE,GE LOGIQ E9 MRX BACKPLANE,Call for Quote,2.5 time exhange cost,Call for Quote,1.5 time exhange cost,Each,Each,Refurbished,Y,4.000000,Same Day,,,,
5396089-2,Avante Health Solutions,GE,"Voluson S8, Upper Keyboard",Call for Quote,2.5 time exhange cost,Call for Quote,1.5 time exhange cost,Each,Each,Refurbished,Y,2.000000,Same Day,,,,
5400391,Avante Health Solutions,GE,Total Lock Caster Logiq S8,Call for Quote,2.5 time exhange cost,Call for Quote,1.5 time exhange cost,Each,Each,Refurbished,Y,15.000000,Same Day,,,,
5408087,Avante Health Solutions,GE,Caster Cap Set Logiq S7/S8,Call for Quote,2.5 time exhange cost,Call for Quote,1.5 time exhange cost,Each,Each,Refurbished,Y,1.000000,Same Day,,,,
5415182-20,Avante Health Solutions,GE,LCD Arm FOR Logiq E9,Call for Quote,2.5 time exhange cost,Call for Quote,1.5 time exhange cost,Each,Each,Refurbished,Y,3.000000,Same Day,,,,
5419965,Avante Health Solutions,GE,Innova Refresh IR Transmitter,Call for Quote,2.5 time exhange cost,Call for Quote,1.5 time exhange cost,Each,Each,Refurbished,Y,1.000000,Same Day,,,,
5420751,Avante Health Solutions,GE,GE Transbox Assy LogiqE Isolation Cart,Call for Quote,2.5 time exhange cost,Call for Quote,1.5 time exhange cost,Each,Each,Refurbished,Y,1.000000,Same Day,,,,
5421433,Avante Health Solutions,GE,LOGIQ F SERIES TOUCH PANEL KIT,Call for Quote,2.5 time exhange cost,Call for Quote,1.5 time exhange cost,Each,Each,Refurbished,Y,1.000000,Same Day,,,,
5437824,Avante Health Solutions,GE,230V Martek Power Supply,Call for Quote,2.5 time exhange cost,Call for Quote,1.5 time exhange cost,Each,Each,Refurbished,Y,1.000000,Same Day,,,,
5438062-N,Avante Health Solutions,GE,ABB AF116-30-11-13 3p 116a 100-250v Contactor,Call for Quote,2.5 time exhange cost,Call for Quote,1.5 time exhange cost,Each,Each,New OEM Original,Y,4.000000,Same Day,,,,
5441000-4,Avante Health Solutions,GE,GE LOGIQ E10 - GRLY,Call for Quote,2.5 time exhange cost,Call for Quote,1.5 time exhange cost,Each,Each,Refurbished,Y,7.000000,Same Day,,,,
5445067,Avante Health Solutions,GE,Silver IPX4 V5 ITUI,Call for Quote,2.5 time exhange cost,Call for Quote,1.5 time exhange cost,Each,Each,Refurbished,Y,3.000000,Same Day,,,,
5446869,Avante Health Solutions,GE,GE logo 100mm blue background,Call for Quote,2.5 time exhange cost,Call for Quote,1.5 time exhange cost,Each,Each,Refurbished,Y,8.000000,Same Day,,,,
5450061-4,Avante Health Solutions,GE,"GE, PYXIS BATTERY PACK",Call for Quote,2.5 time exhange cost,Call for Quote,1.5 time exhange cost,Each,Each,Refurbished,Y,13.000000,Same Day,,,,
5482676,Avante Health Solutions,GE,"VIVID E9, Bulkhead",Call for Quote,2.5 time exhange cost,Call for Quote,1.5 time exhange cost,Each,Each,Refurbished,Y,5.000000,Same Day,,,,
5490535,Avante Health Solutions,GE,Persius LMB Interposer Plate,Call for Quote,2.5 time exhange cost,Call for Quote,1.5 time exhange cost,Each,Each,Refurbished,Y,1.000000,Same Day,,,,
5497712,Avante Health Solutions,GE,GE Voluson S8/P8 DRFM Board (Works on all BT16 SW Versions - 16.0.0 to 16.0.12 ),Call for Quote,2.5 time exhange cost,Call for Quote,1.5 time exhange cost,Each,Each,Refurbished,Y,1.000000,Same Day,,,,
5516591,Avante Health Solutions,Siemens,1.5T Large Shoulder Coil,Call for Quote,2.5 time exhange cost,Call for Quote,1.5 time exhange cost,Each,Each,Refurbished,Y,1.000000,Same Day,,,,
5538531,Avante Health Solutions,GE,LCD ARM POLARIS,Call for Quote,2.5 time exhange cost,Call for Quote,1.5 time exhange cost,Each,Each,Refurbished,Y,3.000000,Same Day,,,,
555-00001-01,Avante Health Solutions,PHILIPS,ATL 3.0 MHz CW Doppler Probe,Call for Quote,2.5 time exhange cost,Call for Quote,1.5 time exhange cost,Each,Each,Refurbished,Y,1.000000,Same Day,,,,
5573639-2,Avante Health Solutions,GE,Voluson DBM64S Beamformer,Call for Quote,2.5 time exhange cost,Call for Quote,1.5 time exhange cost,Each,Each,Refurbished,Y,1.000000,Same Day,,,,
5620382-S,Avante Health Solutions,GE,LOGIQ F6/F8/F8Expert SMIO PWA,Call for Quote,2.5 time exhange cost,Call for Quote,1.5 time exhange cost,Each,Each,Refurbished,Y,1.000000,Same Day,,,,
5662114,Avante Health Solutions,Siemens,N Collimator,Call for Quote,2.5 time exhange cost,Call for Quote,1.5 time exhange cost,Each,Each,Refurbished,Y,1.000000,Same Day,,,,
5694177-2-S,Avante Health Solutions,GE,SAGE KBD PWA SVC Kit,Call for Quote,2.5 time exhange cost,Call for Quote,1.5 time exhange cost,Each,Each,Refurbished,Y,2.000000,Same Day,,,,
5737554,Avante Health Solutions,GE,"LOGIQ E9, TRACKBALL (Removable)",Call for Quote,2.5 time exhange cost,Call for Quote,1.5 time exhange cost,Each,Each,Refurbished,Y,5.000000,Same Day,,,,
5755003,Avante Health Solutions,,HD HIGH CHANNEL BACKPLANE,Call for Quote,2.5 time exhange cost,Call for Quote,1.5 time exhange cost,Each,Each,Refurbished,Y,2.000000,Same Day,,,,
5758058,Avante Health Solutions,GE,CABLE - 24V POWER_MAIN PS TO BW PRINTER,Call for Quote,2.5 time exhange cost,Call for Quote,1.5 time exhange cost,Each,Each,Refurbished,Y,2.000000,Same Day,,,,
5764522,Avante Health Solutions,Siemens,Megalix Cat 125/15/40/80-121GW Tube,Call for Quote,2.5 time exhange cost,Call for Quote,1.5 time exhange cost,Each,Each,Refurbished,Y,3.000000,Same Day,,,,
5767111,Avante Health Solutions,Siemens,TILT LIFT ASSY,Call for Quote,2.5 time exhange cost,Call for Quote,1.5 time exhange cost,Each,Each,Refurbished,Y,3.000000,Same Day,,,,
5851964,Avante Health Solutions,GE,19in Flexscan S1934 Monitor,Call for Quote,2.5 time exhange cost,Call for Quote,1.5 time exhange cost,Each,Each,Refurbished,Y,2.000000,Same Day,,,,
5915801,Avante Health Solutions,Siemens,Examination Control Console Data Cable (ECC v1 & v2 Data Cable),Call for Quote,2.5 time exhange cost,Call for Quote,1.5 time exhange cost,Each,Each,Refurbished,Y,1.000000,Same Day,,,,
5986943,Avante Health Solutions,Siemens,RPAU,Call for Quote,2.5 time exhange cost,Call for Quote,1.5 time exhange cost,Each,Each,Refurbished,Y,1.000000,Same Day,,,,
6020405,Avante Health Solutions,GE,Speaker Assy Pyxis,Call for Quote,2.5 time exhange cost,Call for Quote,1.5 time exhange cost,Each,Each,Refurbished,Y,2.000000,Same Day,,,,
6020740,Avante Health Solutions,GE,Gel warmer 2 LS7/LS8 R1R2,Call for Quote,2.5 time exhange cost,Call for Quote,1.5 time exhange cost,Each,Each,Refurbished,Y,1.000000,Same Day,,,,
6208000-1,Avante Health Solutions,GE,LOGIQ E10 LOWER OPERATOR PANEL,Call for Quote,2.5 time exhange cost,Call for Quote,1.5 time exhange cost,Each,Each,Refurbished,Y,2.000000,Same Day,,,,
62497215,Avante Health Solutions,Philips,PX4700 Detector,Call for Quote,2.5 time exhange cost,Call for Quote,1.5 time exhange cost,Each,Each,Refurbished,Y,4.000000,Same Day,,,,
6306402-3,Avante Health Solutions,,"Colorado AD Board Class 3 (HDAS_HD, slots 2-20, 37-56)",Call for Quote,2.5 time exhange cost,Call for Quote,1.5 time exhange cost,Each,Each,Refurbished,Y,2.000000,Same Day,,,,
6551787,Avante Health Solutions,Siemens,GANTRY ROTATION POT,Call for Quote,2.5 time exhange cost,Call for Quote,1.5 time exhange cost,Each,Each,Refurbished,Y,3.000000,Same Day,,,,
6551837,Avante Health Solutions,Siemens,UL-Ref Sensor U,Call for Quote,2.5 time exhange cost,Call for Quote,1.5 time exhange cost,Each,Each,Refurbished,Y,1.000000,Same Day,,,,
6635598,Avante Health Solutions,Siemens,LUBRICATOR,Call for Quote,2.5 time exhange cost,Call for Quote,1.5 time exhange cost,Each,Each,Refurbished,Y,2.000000,Same Day,,,,
66798,Avante Health Solutions,SIEMENS,Aux CW Mod Assy,Call for Quote,2.5 time exhange cost,Call for Quote,1.5 time exhange cost,Each,Each,Refurbished,Y,1.000000,Same Day,,,,
6750192,Avante Health Solutions,GE,H4 Power I/F,Call for Quote,2.5 time exhange cost,Call for Quote,1.5 time exhange cost,Each,Each,Refurbished,Y,1.000000,Same Day,,,,
69587,Avante Health Solutions,SIEMENS,"Acuson, MO Drive (Fujitsu)",Call for Quote,2.5 time exhange cost,Call for Quote,1.5 time exhange cost,Each,Each,Refurbished,Y,1.000000,Same Day,,,,
6GF6220-1MC,Avante Health Solutions,Siemens,18.1 Inch Monitor SCD 1897-M,Call for Quote,2.5 time exhange cost,Call for Quote,1.5 time exhange cost,Each,Each,Refurbished,Y,2.000000,Same Day,,,,
7058246,Avante Health Solutions,,POWERCABLE POWER BP,Call for Quote,2.5 time exhange cost,Call for Quote,1.5 time exhange cost,Each,Each,Refurbished,Y,1.000000,Same Day,,,,
7109221,Avante Health Solutions,Siemens,K1615 Cable,Call for Quote,2.5 time exhange cost,Call for Quote,1.5 time exhange cost,Each,Each,Refurbished,Y,2.000000,Same Day,,,,
7111169,Avante Health Solutions,Siemens,INTERCOM SPEAKER,Call for Quote,2.5 time exhange cost,Call for Quote,1.5 time exhange cost,Each,Each,Refurbished,Y,1.000000,Same Day,,,,
7274306,Avante Health Solutions,SIEMENS,DMS Power Supply application 2,Call for Quote,2.5 time exhange cost,Call for Quote,1.5 time exhange cost,Each,Each,Refurbished,Y,4.000000,Same Day,,,,
7306041,Avante Health Solutions,SIEMENS,Video Interface board (Antares),Call for Quote,2.5 time exhange cost,Call for Quote,1.5 time exhange cost,Each,Each,Refurbished,Y,2.000000,Same Day,,,,
7307189,Avante Health Solutions,SIEMENS,Siemes Antares Transformer AC,Call for Quote,2.5 time exhange cost,Call for Quote,1.5 time exhange cost,Each,Each,Refurbished,Y,1.000000,Same Day,,,,
7325165,Avante Health Solutions,Siemens,PCA 1K VID DISPLAY (1KD1) BSR,Call for Quote,2.5 time exhange cost,Call for Quote,1.5 time exhange cost,Each,Each,Refurbished,Y,6.000000,Same Day,,,,
7392264,Avante Health Solutions,,FanMPCU5 Box Including Fan,Call for Quote,2.5 time exhange cost,Call for Quote,1.5 time exhange cost,Each,Each,Refurbished,Y,1.000000,Same Day,,,,
7393288,Avante Health Solutions,Siemens,Control Panel Keyboard Front Right,Call for Quote,2.5 time exhange cost,Call for Quote,1.5 time exhange cost,Each,Each,Refurbished,Y,3.000000,Same Day,,,,
7393296,Avante Health Solutions,Siemens,KEYBOARD UPPER W/ CARDIAC DISPLAY OPTION,Call for Quote,2.5 time exhange cost,Call for Quote,1.5 time exhange cost,Each,Each,Refurbished,Y,7.000000,Same Day,,,,
7393601,Avante Health Solutions,Siemens,COLLIMATOR,Call for Quote,2.5 time exhange cost,Call for Quote,1.5 time exhange cost,Each,Each,Refurbished,Y,1.000000,Same Day,,,,
7396273,Avante Health Solutions,Siemens,D540 DPU,Call for Quote,2.5 time exhange cost,Call for Quote,1.5 time exhange cost,Each,Each,Refurbished,Y,1.000000,Same Day,,,,
7463248,Avante Health Solutions,Siemens,JWT100-5FFIC,Call for Quote,2.5 time exhange cost,Call for Quote,1.5 time exhange cost,Each,Each,Refurbished,Y,4.000000,Same Day,,,,
7500-1800-04,Avante Health Solutions,PHILIPS,IU/IE HV Switcher,Call for Quote,2.5 time exhange cost,Call for Quote,1.5 time exhange cost,Each,Each,Refurbished,Y,5.000000,Same Day,,,,
7500-1917,Avante Health Solutions,PHILIPS,"PIM, HDI 5000",Call for Quote,2.5 time exhange cost,Call for Quote,1.5 time exhange cost,Each,Each,Refurbished,Y,2.000000,Same Day,,,,
7577732,Avante Health Solutions,Siemens,Head Matrix TIM Coil,Call for Quote,2.5 time exhange cost,Call for Quote,1.5 time exhange cost,Each,Each,Refurbished,Y,2.000000,Same Day,,,,
7686996,Avante Health Solutions,Siemens,DAS Controller Board DMS Control Board P09F D572,Call for Quote,2.5 time exhange cost,Call for Quote,1.5 time exhange cost,Each,Each,Refurbished,Y,2.000000,Same Day,,,,
77100-65550,Avante Health Solutions,PHILIPS,HP R-THETA Pcb.,Call for Quote,2.5 time exhange cost,Call for Quote,1.5 time exhange cost,Each,Each,Refurbished,Y,2.000000,Same Day,,,,
77100-66030,Avante Health Solutions,PHILIPS,HP Video I/O Board,Call for Quote,2.5 time exhange cost,Call for Quote,1.5 time exhange cost,Each,Each,Refurbished,Y,2.000000,Same Day,,,,
77110-60600,Avante Health Solutions,PHILIPS,HP Comm. Motherboard,Call for Quote,2.5 time exhange cost,Call for Quote,1.5 time exhange cost,Each,Each,Refurbished,Y,2.000000,Same Day,,,,
77110-62000,Avante Health Solutions,PHILIPS,HP Digital Motherboard,Call for Quote,2.5 time exhange cost,Call for Quote,1.5 time exhange cost,Each,Each,Refurbished,Y,2.000000,Same Day,,,,
77110-62100,Avante Health Solutions,PHILIPS,HP Beam I/O Pcb.,Call for Quote,2.5 time exhange cost,Call for Quote,1.5 time exhange cost,Each,Each,Refurbished,Y,1.000000,Same Day,,,,
77110-63000,Avante Health Solutions,PHILIPS,Back End Motherboard (HP5500),Call for Quote,2.5 time exhange cost,Call for Quote,1.5 time exhange cost,Each,Each,Refurbished,Y,2.000000,Same Day,,,,
77110-65100,Avante Health Solutions,PHILIPS,HP Digital Scanner I/O,Call for Quote,2.5 time exhange cost,Call for Quote,1.5 time exhange cost,Each,Each,Refurbished,Y,1.000000,Same Day,,,,
77110-67100,Avante Health Solutions,PHILIPS,"HP, Rear I/O",Call for Quote,2.5 time exhange cost,Call for Quote,1.5 time exhange cost,Each,Each,Refurbished,Y,2.000000,Same Day,,,,
7717825-N,Avante Health Solutions,Siemens,"Spare Part, Fan W198",Call for Quote,2.5 time exhange cost,Call for Quote,1.5 time exhange cost,Each,Each,New OEM Original,Y,11.000000,Same Day,,,,
7736056,Avante Health Solutions,Siemens,Gantry Panel Control - Left,Call for Quote,2.5 time exhange cost,Call for Quote,1.5 time exhange cost,Each,Each,Refurbished,Y,1.000000,Same Day,,,,
7736064,Avante Health Solutions,Siemens,Gantry Panel Control - Right,Call for Quote,2.5 time exhange cost,Call for Quote,1.5 time exhange cost,Each,Each,Refurbished,Y,1.000000,Same Day,,,,
7741197,Avante Health Solutions,,Transmitter,Call for Quote,2.5 time exhange cost,Call for Quote,1.5 time exhange cost,Each,Each,Refurbished,Y,1.000000,Same Day,,,,
7741247,Avante Health Solutions,SIEMENS,Receiver,Call for Quote,2.5 time exhange cost,Call for Quote,1.5 time exhange cost,Each,Each,Refurbished,Y,10.000000,Same Day,,,,
7741536,Avante Health Solutions,Siemens,Front/Rear Lifting Gear,Call for Quote,2.5 time exhange cost,Call for Quote,1.5 time exhange cost,Each,Each,Refurbished,Y,1.000000,Same Day,,,,
7741643,Avante Health Solutions,,Mic  Module,Call for Quote,2.5 time exhange cost,Call for Quote,1.5 time exhange cost,Each,Each,Refurbished,Y,1.000000,Same Day,,,,
7750404,Avante Health Solutions,Siemens,K3 Contactor,Call for Quote,2.5 time exhange cost,Call for Quote,1.5 time exhange cost,Each,Each,Refurbished,Y,1.000000,Same Day,,,,
77921-60200,Avante Health Solutions,PHILIPS,HP MAIN I/O,Call for Quote,2.5 time exhange cost,Call for Quote,1.5 time exhange cost,Each,Each,Refurbished,Y,2.000000,Same Day,,,,
77921-60300,Avante Health Solutions,PHILIPS,HP Physio I/O Pcb,Call for Quote,2.5 time exhange cost,Call for Quote,1.5 time exhange cost,Each,Each,Refurbished,Y,2.000000,Same Day,,,,
7830602,Avante Health Solutions,Siemens,PCA PCI DMA1 ADD-IN CARD (DMA1),Call for Quote,2.5 time exhange cost,Call for Quote,1.5 time exhange cost,Each,Each,Refurbished,Y,8.000000,Same Day,,,,
8004401,Avante Health Solutions,GE,GE Voluson S10 BT18 Power supply,Call for Quote,2.5 time exhange cost,Call for Quote,1.5 time exhange cost,Each,Each,Refurbished,Y,2.000000,Same Day,,,,
8363777,Avante Health Solutions,,Matrix DC link,Call for Quote,2.5 time exhange cost,Call for Quote,1.5 time exhange cost,Each,Each,Refurbished,Y,7.000000,Same Day,,,,
8363983,Avante Health Solutions,SIEMENS,Matrix INV,Call for Quote,2.5 time exhange cost,Call for Quote,1.5 time exhange cost,Each,Each,Refurbished,Y,10.000000,Same Day,,,,
8428034,Avante Health Solutions,Siemens,Backplane Right P30F D582,Call for Quote,2.5 time exhange cost,Call for Quote,1.5 time exhange cost,Each,Each,Refurbished,Y,1.000000,Same Day,,,,
85010080,Avante Health Solutions,Siemens,Accessory Power Strip,Call for Quote,2.5 time exhange cost,Call for Quote,1.5 time exhange cost,Each,Each,Refurbished,Y,3.000000,Same Day,,,,
8613130,Avante Health Solutions,Siemens,LMAS ASSY,Call for Quote,2.5 time exhange cost,Call for Quote,1.5 time exhange cost,Each,Each,Refurbished,Y,2.000000,Same Day,,,,
8613320,Avante Health Solutions,,Drive Unit Vertical Lift,Call for Quote,2.5 time exhange cost,Call for Quote,1.5 time exhange cost,Each,Each,Refurbished,Y,1.000000,Same Day,,,,
8677036-N,Avante Health Solutions,Siemens,5V PSU (Medical),Call for Quote,2.5 time exhange cost,Call for Quote,1.5 time exhange cost,Each,Each,New OEM Original,Y,1.000000,Same Day,,,,
8694072,Avante Health Solutions,GE,5VDC 4x splitter,Call for Quote,2.5 time exhange cost,Call for Quote,1.5 time exhange cost,Each,Each,Refurbished,Y,2.000000,Same Day,,,,
8879652,Avante Health Solutions,Siemens,Guide,Call for Quote,2.5 time exhange cost,Call for Quote,1.5 time exhange cost,Each,Each,Refurbished,Y,1.000000,Same Day,,,,
8902327,Avante Health Solutions,SIEMENS,Balancing sensor_rear,Call for Quote,2.5 time exhange cost,Call for Quote,1.5 time exhange cost,Each,Each,Refurbished,Y,8.000000,Same Day,,,,
8904950,Avante Health Solutions,Siemens,ADU-D513 board,Call for Quote,2.5 time exhange cost,Call for Quote,1.5 time exhange cost,Each,Each,Refurbished,Y,7.000000,Same Day,,,,
932207418682,Avante Health Solutions,Philips,NVRAM Dallas Chip,Call for Quote,2.5 time exhange cost,Call for Quote,1.5 time exhange cost,Each,Each,Refurbished,Y,2.000000,Same Day,,,,
9760034,Avante Health Solutions,0,SiteRite*5 L-VA Vascular Ultrasound Transducer,Call for Quote,2.5 time exhange cost,Call for Quote,1.5 time exhange cost,Each,Each,Refurbished,Y,1.000000,Same Day,,,,
980640262802-N,Avante Health Solutions,,"H.V. CABLE O3-O3, 28 M",Call for Quote,2.5 time exhange cost,Call for Quote,1.5 time exhange cost,Each,Each,New OEM Original,Y,1.000000,Same Day,,,,
989000085891,Avante Health Solutions,Philips,MRC 600 X-Ray Tube,Call for Quote,2.5 time exhange cost,Call for Quote,1.5 time exhange cost,Each,Each,Refurbished,Y,4.000000,Same Day,,,,
989600035433,Avante Health Solutions,Philips,TSO Geometry,Call for Quote,2.5 time exhange cost,Call for Quote,1.5 time exhange cost,Each,Each,Refurbished,Y,2.000000,Same Day,,,,
989600180815,Avante Health Solutions,Philips,Handswitch,Call for Quote,2.5 time exhange cost,Call for Quote,1.5 time exhange cost,Each,Each,Refurbished,Y,9.000000,Same Day,,,,
989600180824,Avante Health Solutions,Philips,HANDSWITCH FOR CARDIAC SYSTEMS,Call for Quote,2.5 time exhange cost,Call for Quote,1.5 time exhange cost,Each,Each,Refurbished,Y,1.000000,Same Day,,,,
989600182582,Avante Health Solutions,Philips,Pan Handle (9 Pin),Call for Quote,2.5 time exhange cost,Call for Quote,1.5 time exhange cost,Each,Each,Refurbished,Y,3.000000,Same Day,,,,
989600182688,Avante Health Solutions,Philips,Stand,Call for Quote,2.5 time exhange cost,Call for Quote,1.5 time exhange cost,Each,Each,Refurbished,Y,1.000000,Same Day,,,,
989600185851,Avante Health Solutions,Philips,PX4700 Detector,Call for Quote,2.5 time exhange cost,Call for Quote,1.5 time exhange cost,Each,Each,Refurbished,Y,2.000000,Same Day,,,,
989600186421,Avante Health Solutions,Philips,KMC 200 Detector Chiller,Call for Quote,2.5 time exhange cost,Call for Quote,1.5 time exhange cost,Each,Each,Refurbished,Y,1.000000,Same Day,,,,
989601029681,Avante Health Solutions,GE,ANTI SCATTER GRID,Call for Quote,2.5 time exhange cost,Call for Quote,1.5 time exhange cost,Each,Each,Refurbished,Y,1.000000,Same Day,,,,
989601040772,Avante Health Solutions,Philips,Wall Connection Box,Call for Quote,2.5 time exhange cost,Call for Quote,1.5 time exhange cost,Each,Each,Refurbished,Y,1.000000,Same Day,,,,
989710002851,Avante Health Solutions,Philips,Wall Connection Box,Call for Quote,2.5 time exhange cost,Call for Quote,1.5 time exhange cost,Each,Each,Refurbished,Y,11.000000,Same Day,,,,
991932050715,Avante Health Solutions,Philips,"18"" Color Monitor",Call for Quote,2.5 time exhange cost,Call for Quote,1.5 time exhange cost,Each,Each,Refurbished,Y,3.000000,Same Day,,,,
991932051493,Avante Health Solutions,Philips,"19"" Color Monitor CR",Call for Quote,2.5 time exhange cost,Call for Quote,1.5 time exhange cost,Each,Each,Refurbished,Y,3.000000,Same Day,,,,
991932051573,Avante Health Solutions,Philips,"18"" Monochrome Monitor ER",Call for Quote,2.5 time exhange cost,Call for Quote,1.5 time exhange cost,Each,Each,Refurbished,Y,2.000000,Same Day,,,,
991932252133,Avante Health Solutions,Philips,"19"" Color Monitor CR",Call for Quote,2.5 time exhange cost,Call for Quote,1.5 time exhange cost,Each,Each,Refurbished,Y,2.000000,Same Day,,,,
991932952021,Avante Health Solutions,Philips,"19"" Color LCD Monitor w/ PVA",Call for Quote,2.5 time exhange cost,Call for Quote,1.5 time exhange cost,Each,Each,Refurbished,Y,9.000000,Same Day,,,,
9LD.ASSEMBLY,Avante Health Solutions,GE,GE 9L-D Assembly,Call for Quote,2.5 time exhange cost,Call for Quote,1.5 time exhange cost,Each,Each,Refurbished,Y,1.000000,Same Day,,,,
A70QS200-4-N,Avante Health Solutions,GE,"A70QS 200 Amp, 700V, Semiconductor Fuse",Call for Quote,2.5 time exhange cost,Call for Quote,1.5 time exhange cost,Each,Each,New OEM Original,Y,10.000000,Same Day,,,,
AC-TIME,Avante Health Solutions,PCI,Count Down Timer,Call for Quote,2.5 time exhange cost,Call for Quote,1.5 time exhange cost,Each,Each,Refurbished,Y,1.000000,Same Day,,,,
ACUSON 10V4C,Avante Health Solutions,SIEMENS,Acuson 10V4c 10-4 MHz Ultrasound Transducer,Call for Quote,2.5 time exhange cost,Call for Quote,1.5 time exhange cost,Each,Each,Refurbished,Y,1.000000,Same Day,,,,
ACUSON 17L5 HD PINLESS,Avante Health Solutions,SIEMENS,Acuson 17L5 HD Pinless,Call for Quote,2.5 time exhange cost,Call for Quote,1.5 time exhange cost,Each,Each,Refurbished,Y,4.000000,Same Day,,,,
ACUSON 4V2,Avante Health Solutions,SIEMENS,Acuson 5.0-2.5 Mhz Vector Transducer,Call for Quote,2.5 time exhange cost,Call for Quote,1.5 time exhange cost,Each,Each,Refurbished,Y,3.000000,Same Day,,,,
ACUSON 7V3C,Avante Health Solutions,SIEMENS,Acuson 7.0-3.0 Mhz Sector Transducer,Call for Quote,2.5 time exhange cost,Call for Quote,1.5 time exhange cost,Each,Each,Refurbished,Y,7.000000,Same Day,,,,
ACUSON 8C3,Avante Health Solutions,SIEMENS,Acuson 8C3HD (3-9 MHZ) Frequency Bandwith Ultrasound Transducer,Call for Quote,2.5 time exhange cost,Call for Quote,1.5 time exhange cost,Each,Each,Refurbished,Y,1.000000,Same Day,,,,
ADP-06,Avante Health Solutions,MULTIPLE,SATA to IDE Bridge Board,Call for Quote,2.5 time exhange cost,Call for Quote,1.5 time exhange cost,Each,Each,Refurbished,Y,7.000000,Same Day,,,,
ALOKA UST-9118,Avante Health Solutions,ALOKA,Aloka UST-9118,Call for Quote,2.5 time exhange cost,Call for Quote,1.5 time exhange cost,Each,Each,Refurbished,Y,1.000000,Same Day,,,,
ATQ8,Avante Health Solutions,GE,"ATQ 8 Amp, 500V, Midget Fuse, Ferraz ATQ8, ATQ 8A",Call for Quote,2.5 time exhange cost,Call for Quote,1.5 time exhange cost,Each,Each,Refurbished,Y,25.000000,Same Day,,,,
B1406140016,Avante Health Solutions,,REAR IO PANEL,Call for Quote,2.5 time exhange cost,Call for Quote,1.5 time exhange cost,Each,Each,Refurbished,Y,1.000000,Same Day,,,,
BD-346-BE,Avante Health Solutions,MEDISON,Medison Accuvix V20 back-end board,Call for Quote,2.5 time exhange cost,Call for Quote,1.5 time exhange cost,Each,Each,Refurbished,Y,1.000000,Same Day,,,,
BK 1850M,Avante Health Solutions,BK,B&K 1850M,Call for Quote,2.5 time exhange cost,Call for Quote,1.5 time exhange cost,Each,Each,Refurbished,Y,1.000000,Same Day,,,,
BK 8808,Avante Health Solutions,BK,BK 8808,Call for Quote,2.5 time exhange cost,Call for Quote,1.5 time exhange cost,Each,Each,Refurbished,Y,4.000000,Same Day,,,,
BLACK PS2 KEYBOARD,Avante Health Solutions,,"Perixx Periboard (107) Wired PS2, Full Size Performance Keyboard - Black - US English, 2m cable",Call for Quote,2.5 time exhange cost,Call for Quote,1.5 time exhange cost,Each,Each,Refurbished,Y,3.000000,Same Day,,,,
BS SL3235,Avante Health Solutions,BIOSOUND,Biosound SL3235 Linear Ultrasound Transducer,Call for Quote,2.5 time exhange cost,Call for Quote,1.5 time exhange cost,Each,Each,Refurbished,Y,1.000000,Same Day,,,,
BSM31-1974-27,Avante Health Solutions,TOSHIBA,QWERTY KEYBOARD (APLIO),Call for Quote,2.5 time exhange cost,Call for Quote,1.5 time exhange cost,Each,Each,Refurbished,Y,1.000000,Same Day,,,,
BSM34-3252,Avante Health Solutions,TOSHIBA,ATX-UNIT W/O HDD (APLIO 300/500),Call for Quote,2.5 time exhange cost,Call for Quote,1.5 time exhange cost,Each,Each,Refurbished,Y,3.000000,Same Day,,,,
CA06227-B260,Avante Health Solutions,PHILIPS,SCSI DRIVE,Call for Quote,2.5 time exhange cost,Call for Quote,1.5 time exhange cost,Each,Each,Refurbished,Y,1.000000,Same Day,,,,
CK95BE300,Avante Health Solutions,GE,"Main Contactor, KM5EJ",Call for Quote,2.5 time exhange cost,Call for Quote,1.5 time exhange cost,Each,Each,Refurbished,Y,3.000000,Same Day,,,,
E89980-A,Avante Health Solutions,Siemens,"AWM Computer Cable, Style 2919",Call for Quote,2.5 time exhange cost,Call for Quote,1.5 time exhange cost,Each,Each,Refurbished,Y,1.000000,Same Day,,,,
FC200057-07,Avante Health Solutions,GE,"VIVID 7, RX",Call for Quote,2.5 time exhange cost,Call for Quote,1.5 time exhange cost,Each,Each,Refurbished,Y,1.000000,Same Day,,,,
FC200100,Avante Health Solutions,GE,"BEAMFORMER - VIVID 7, BF64 4MLA",Call for Quote,2.5 time exhange cost,Call for Quote,1.5 time exhange cost,Each,Each,Refurbished,Y,4.000000,Same Day,,,,
FMAC-0F40-2513,Avante Health Solutions,Siemens,550 VAC Filter,Call for Quote,2.5 time exhange cost,Call for Quote,1.5 time exhange cost,Each,Each,Refurbished,Y,3.000000,Same Day,,,,
FN251-16-07,Avante Health Solutions,GE,440v Line Filter,Call for Quote,2.5 time exhange cost,Call for Quote,1.5 time exhange cost,Each,Each,Refurbished,Y,2.000000,Same Day,,,,
FN352Z-10/29,Avante Health Solutions,,1 Phase Multi Stage EMI Filter,Call for Quote,2.5 time exhange cost,Call for Quote,1.5 time exhange cost,Each,Each,Refurbished,Y,1.000000,Same Day,,,,
FNQ-2,Avante Health Solutions,Philips,"FNQ 2 Amp, 500V, Midget Fuse, Bussmann",Call for Quote,2.5 time exhange cost,Call for Quote,1.5 time exhange cost,Each,Each,Refurbished,Y,25.000000,Same Day,,,,
GA200039,Avante Health Solutions,GE,"Z Mechanism, E9 (see PN 5958000)",Call for Quote,2.5 time exhange cost,Call for Quote,1.5 time exhange cost,Each,Each,Refurbished,Y,16.000000,Same Day,,,,
GA200039-2,Avante Health Solutions,GE,GE Logiq E10 Z Mechanism,Call for Quote,2.5 time exhange cost,Call for Quote,1.5 time exhange cost,Each,Each,Refurbished,Y,10.000000,Same Day,,,,
GA200270-2,Avante Health Solutions,GE,"XYZ SWITCH ASSEMBLY, BLACK STEEL BLUE",Call for Quote,2.5 time exhange cost,Call for Quote,1.5 time exhange cost,Each,Each,Refurbished,Y,1.000000,Same Day,,,,
GA200290-06,Avante Health Solutions,GE,"Bulkhead Board Assembly, Logiq E9",Call for Quote,2.5 time exhange cost,Call for Quote,1.5 time exhange cost,Each,Each,Refurbished,Y,5.000000,Same Day,,,,
GA200605,Avante Health Solutions,GE,GE Vivid E95 Palm Rest Assembly,Call for Quote,2.5 time exhange cost,Call for Quote,1.5 time exhange cost,Each,Each,Refurbished,Y,6.000000,Same Day,,,,
GA200644,Avante Health Solutions,GE,"GE E9, XYZ CONTROL ASSEMBLY",Call for Quote,2.5 time exhange cost,Call for Quote,1.5 time exhange cost,Each,Each,Refurbished,Y,6.000000,Same Day,,,,
GA200685,Avante Health Solutions,GE,"FREY BACKPLANE, VIVID E9",Call for Quote,2.5 time exhange cost,Call for Quote,1.5 time exhange cost,Each,Each,Refurbished,Y,1.000000,Same Day,,,,
GA200714-3,Avante Health Solutions,GE,Logiq E9 GRLY PCB,Call for Quote,2.5 time exhange cost,Call for Quote,1.5 time exhange cost,Each,Each,Refurbished,Y,1.000000,Same Day,,,,
GA200730,Avante Health Solutions,GE,Vivid E9 Main Power Supply,Call for Quote,2.5 time exhange cost,Call for Quote,1.5 time exhange cost,Each,Each,Refurbished,Y,4.000000,Same Day,,,,
GA200890,Avante Health Solutions,GE,Backend Processor for Vivid E9 BEP5,Call for Quote,2.5 time exhange cost,Call for Quote,1.5 time exhange cost,Each,Each,Refurbished,Y,4.000000,Same Day,,,,
GA200900,Avante Health Solutions,GE,"VIVID E9, BEP 5",Call for Quote,2.5 time exhange cost,Call for Quote,1.5 time exhange cost,Each,Each,Refurbished,Y,2.000000,Same Day,,,,
GB200057-1,Avante Health Solutions,GE,"VIVID E9, Keyboard Assy",Call for Quote,2.5 time exhange cost,Call for Quote,1.5 time exhange cost,Each,Each,Refurbished,Y,2.000000,Same Day,,,,
GC200046,Avante Health Solutions,GE,Fan tray assembly Vivid E95,Call for Quote,2.5 time exhange cost,Call for Quote,1.5 time exhange cost,Each,Each,Refurbished,Y,8.000000,Same Day,,,,
GC200350,Avante Health Solutions,GE,"GE E9, 22"" LCD Monitor",Call for Quote,2.5 time exhange cost,Call for Quote,1.5 time exhange cost,Each,Each,Refurbished,Y,3.000000,Same Day,,,,
GC307351-10,Avante Health Solutions,SONOSITE,COVER REAR - SONY OLED MONITOR WITHOUT LABEL,Call for Quote,2.5 time exhange cost,Call for Quote,1.5 time exhange cost,Each,Each,Refurbished,Y,2.000000,Same Day,,,,
GE 16L-RS LINEAR TRANSDUC,Avante Health Solutions,GE,GE 16L-RS Linear Transducer,Call for Quote,2.5 time exhange cost,Call for Quote,1.5 time exhange cost,Each,Each,Refurbished,Y,1.000000,Same Day,,,,
GE 3V,Avante Health Solutions,GE,GE 3V,Call for Quote,2.5 time exhange cost,Call for Quote,1.5 time exhange cost,Each,Each,Refurbished,Y,15.000000,Same Day,,,,
GE 6S,Avante Health Solutions,GE,GE 6S,Call for Quote,2.5 time exhange cost,Call for Quote,1.5 time exhange cost,Each,Each,Refurbished,Y,1.000000,Same Day,,,,
GE 7L,Avante Health Solutions,GE,GE 7L (3.-7 MHz) Linear Array Ultrasound Transducer,Call for Quote,2.5 time exhange cost,Call for Quote,1.5 time exhange cost,Each,Each,Refurbished,Y,4.000000,Same Day,,,,
GE C1-5-RS,Avante Health Solutions,GE,GE C1-5-RS Ultrasound Transducer,Call for Quote,2.5 time exhange cost,Call for Quote,1.5 time exhange cost,Each,Each,Refurbished,Y,3.000000,Same Day,,,,
GE C4-8-D,Avante Health Solutions,GE,GE C4-8-D (2-8 MHZ) Abdominal Ultrasound Transducer,Call for Quote,2.5 time exhange cost,Call for Quote,1.5 time exhange cost,Each,Each,Refurbished,Y,56.000000,Same Day,,,,
GE E8CS-RS,Avante Health Solutions,GE,GE E8Cs-RS Endo Curved Array Ultrasound Transducer,Call for Quote,2.5 time exhange cost,Call for Quote,1.5 time exhange cost,Each,Each,Refurbished,Y,1.000000,Same Day,,,,
GE E8CS-RS-N,Avante Health Solutions,GE,GE E8CS-RS Ultrasound Transducer,Call for Quote,2.5 time exhange cost,Call for Quote,1.5 time exhange cost,Each,Each,New OEM Original,Y,1.000000,Same Day,,,,
GE I12L,Avante Health Solutions,GE,GE i12L I/O Broadband Ultrasound Transducer,Call for Quote,2.5 time exhange cost,Call for Quote,1.5 time exhange cost,Each,Each,Refurbished,Y,2.000000,Same Day,,,,
GE L10-22-RS,Avante Health Solutions,GE,GE L10-22-RS Ultrasound Transducer,Call for Quote,2.5 time exhange cost,Call for Quote,1.5 time exhange cost,Each,Each,Refurbished,Y,1.000000,Same Day,,,,
GE L4-20T-RS,Avante Health Solutions,GE,GE L4-20T-RS,Call for Quote,2.5 time exhange cost,Call for Quote,1.5 time exhange cost,Each,Each,Refurbished,Y,2.000000,Same Day,,,,
GE M4S-D,Avante Health Solutions,GE,GE M4S-D Phased Array Ultrasound Transducer,Call for Quote,2.5 time exhange cost,Call for Quote,1.5 time exhange cost,Each,Each,Refurbished,Y,2.000000,Same Day,,,,
GE M7C,Avante Health Solutions,GE,GE M7C (3-8 MHZ) Linear Array Ultrasound Transducer,Call for Quote,2.5 time exhange cost,Call for Quote,1.5 time exhange cost,Each,Each,Refurbished,Y,18.000000,Same Day,,,,
GE RIC5-9-D-N,Avante Health Solutions,GE,GE RIC5-9-D Endocavity Ultrasound Transducer,Call for Quote,2.5 time exhange cost,Call for Quote,1.5 time exhange cost,Each,Each,New OEM Original,Y,6.000000,Same Day,,,,
GE S4-10,Avante Health Solutions,GE,GE S4-10 Phased Array Neonatal/Pediatric Ultrasound Transducer,Call for Quote,2.5 time exhange cost,Call for Quote,1.5 time exhange cost,Each,Each,Refurbished,Y,12.000000,Same Day,,,,
GE S4-10-D,Avante Health Solutions,GE,GE S4-10-D Broad Specturm Sector Ultrasound Transducer,Call for Quote,2.5 time exhange cost,Call for Quote,1.5 time exhange cost,Each,Each,Refurbished,Y,4.000000,Same Day,,,,
GE SP6-12,Avante Health Solutions,GE,GE SP6-12 (6-12 MHZ) Linear Ultrasound Transducer,Call for Quote,2.5 time exhange cost,Call for Quote,1.5 time exhange cost,Each,Each,Refurbished,Y,2.000000,Same Day,,,,
GE.L8-18I-RS-N,Avante Health Solutions,GE,GE L8-18i-RS Hockey Stick Ultrasound Transducer,Call for Quote,2.5 time exhange cost,Call for Quote,1.5 time exhange cost,Each,Each,New OEM Original,Y,1.000000,Same Day,,,,
H48642LY,Avante Health Solutions,GE,NEZHA BATTERY PACK,Call for Quote,2.5 time exhange cost,Call for Quote,1.5 time exhange cost,Each,Each,Refurbished,Y,1.000000,Same Day,,,,
HY200-2220-100A8,Avante Health Solutions,PHILIPS,Hybrid Motor,Call for Quote,2.5 time exhange cost,Call for Quote,1.5 time exhange cost,Each,Each,Refurbished,Y,1.000000,Same Day,,,,
IC59D.ARRAY,Avante Health Solutions,GE,GE IC5-9D ARRAYS,Call for Quote,2.5 time exhange cost,Call for Quote,1.5 time exhange cost,Each,Each,Refurbished,Y,3.000000,Same Day,,,,
IU/IE EMB 610,Avante Health Solutions,PHILIPS,IU/IE EMB ASSY (610 Video Cards Installed) 6.3.7.345 SW Only,Call for Quote,2.5 time exhange cost,Call for Quote,1.5 time exhange cost,Each,Each,Refurbished,Y,5.000000,Same Day,,,,
IU/IE EMB GF210,Avante Health Solutions,PHILIPS,IU/IE EMB ASSY (9800 Video Cards Installed) - Requires SW 6.0.5.10 or Higher,Call for Quote,2.5 time exhange cost,Call for Quote,1.5 time exhange cost,Each,Each,Refurbished,Y,5.000000,Same Day,,,,
KTZ134639,Avante Health Solutions,GE,Front-Cover-Beamformer,Call for Quote,2.5 time exhange cost,Call for Quote,1.5 time exhange cost,Each,Each,Refurbished,Y,8.000000,Same Day,,,,
KTZ196053,Avante Health Solutions,GE,CPK95.P8 Motherboard V730,Call for Quote,2.5 time exhange cost,Call for Quote,1.5 time exhange cost,Each,Each,Refurbished,Y,1.000000,Same Day,,,,
KTZ196357,Avante Health Solutions,GE,"Voluson E8, RSR14.P9",Call for Quote,2.5 time exhange cost,Call for Quote,1.5 time exhange cost,Each,Each,Refurbished,Y,2.000000,Same Day,,,,
KTZ212317,Avante Health Solutions,GE,"VOLUSON E8, POWER CORD EUROPE 230V",Call for Quote,2.5 time exhange cost,Call for Quote,1.5 time exhange cost,Each,Each,Refurbished,Y,1.000000,Same Day,,,,
KTZ220621,Avante Health Solutions,GE,Console Rubber Bar,Call for Quote,2.5 time exhange cost,Call for Quote,1.5 time exhange cost,Each,Each,Refurbished,Y,8.000000,Same Day,,,,
KTZ220869,Avante Health Solutions,GE,"GE VOLUSON E8, Caster - Front (version 2)",Call for Quote,2.5 time exhange cost,Call for Quote,1.5 time exhange cost,Each,Each,Refurbished,Y,5.000000,Same Day,,,,
KTZ221016,Avante Health Solutions,GE,Distribution board GE Voluson E series,Call for Quote,2.5 time exhange cost,Call for Quote,1.5 time exhange cost,Each,Each,Refurbished,Y,1.000000,Same Day,,,,
KTZ280016,Avante Health Solutions,GE,VOLUSONi HANDLE,Call for Quote,2.5 time exhange cost,Call for Quote,1.5 time exhange cost,Each,Each,Refurbished,Y,1.000000,Same Day,,,,
KTZ301865,Avante Health Solutions,GE,"Voluson E8, RTP7.P9 - Secondary Power Supply Module",Call for Quote,2.5 time exhange cost,Call for Quote,1.5 time exhange cost,Each,Each,Refurbished,Y,1.000000,Same Day,,,,
KTZ301873,Avante Health Solutions,GE,"VOLUSON E8, Monitor Color LCD ""19"" Complete",Call for Quote,2.5 time exhange cost,Call for Quote,1.5 time exhange cost,Each,Each,Refurbished,Y,1.000000,Same Day,,,,
KTZ301908,Avante Health Solutions,GE,VOLUSON E8 RTH5B.P8 DISTRIBUTION BOARD,Call for Quote,2.5 time exhange cost,Call for Quote,1.5 time exhange cost,Each,Each,Refurbished,Y,2.000000,Same Day,,,,
KTZ302043,Avante Health Solutions,GE,"VOLUSON E8, Secondary Power Supply, RTP7a.P9",Call for Quote,2.5 time exhange cost,Call for Quote,1.5 time exhange cost,Each,Each,Refurbished,Y,5.000000,Same Day,,,,
KTZ303933,Avante Health Solutions,GE,Probeholder Set RTU100,Call for Quote,2.5 time exhange cost,Call for Quote,1.5 time exhange cost,Each,Each,Refurbished,Y,1.000000,Same Day,,,,
LCD1980SXI-BK,Avante Health Solutions,NEC,"NEC 19"" COLOR MONITOR",Call for Quote,2.5 time exhange cost,Call for Quote,1.5 time exhange cost,Each,Each,Refurbished,Y,1.000000,Same Day,,,,
LCD2190UXI-BK,Avante Health Solutions,,"NEC LCD MONITOR 21"" MULTISYNC LCD2190UXI",Call for Quote,2.5 time exhange cost,Call for Quote,1.5 time exhange cost,Each,Each,Refurbished,Y,1.000000,Same Day,,,,
LP-CC-15,Avante Health Solutions,Philips,"LP-CC 15 Amp, 600V, Class CC, Bussmann Fuse",Call for Quote,2.5 time exhange cost,Call for Quote,1.5 time exhange cost,Each,Each,Refurbished,Y,12.000000,Same Day,,,,
M1-201SA,Avante Health Solutions,Philips,optiCIS Stretch DVI,Call for Quote,2.5 time exhange cost,Call for Quote,1.5 time exhange cost,Each,Each,Refurbished,Y,5.000000,Same Day,,,,
M2540-60070,Avante Health Solutions,PHILIPS,"Envisor, Honda Switch Board",Call for Quote,2.5 time exhange cost,Call for Quote,1.5 time exhange cost,Each,Each,Refurbished,Y,4.000000,Same Day,,,,
M2540-62000,Avante Health Solutions,PHILIPS,Transducer Connector Module for Envisor,Call for Quote,2.5 time exhange cost,Call for Quote,1.5 time exhange cost,Each,Each,Refurbished,Y,3.000000,Same Day,,,,
MEDISON EC4-9ES,Avante Health Solutions,MEDISON,MEDISON EC4-9ES ULTRASOUND TRANSDUCER,Call for Quote,2.5 time exhange cost,Call for Quote,1.5 time exhange cost,Each,Each,Refurbished,Y,2.000000,Same Day,,,,
MI82-02469A,Avante Health Solutions,SAMSUNG,"A/S Assy-BE; HS30 V1.0,1B W/O PC MODULED",Call for Quote,2.5 time exhange cost,Call for Quote,1.5 time exhange cost,Each,Each,Refurbished,Y,1.000000,Same Day,,,,
MI92-01987C,Avante Health Solutions,SAMSUNG,"ASSY BOARD-DOCKING-CP;WS80A,DOCKING-CP,2",Call for Quote,2.5 time exhange cost,Call for Quote,1.5 time exhange cost,Each,Each,Refurbished,Y,1.000000,Same Day,,,,
MI92-02420B,Avante Health Solutions,SAMSUNG,"ASSY BOARD-PSA 4P NONCW;HS70A,PSA,0B,1",Call for Quote,2.5 time exhange cost,Call for Quote,1.5 time exhange cost,Each,Each,Refurbished,Y,1.000000,Same Day,,,,
MI96-01047C,Avante Health Solutions,SAMSUNG,"SonoAce R7, Power Supply",Call for Quote,2.5 time exhange cost,Call for Quote,1.5 time exhange cost,Each,Each,Refurbished,Y,1.000000,Same Day,,,,
MI97-02217B,Avante Health Solutions,SAMSUNG,HM70A Assy Cover Handle,Call for Quote,2.5 time exhange cost,Call for Quote,1.5 time exhange cost,Each,Each,Refurbished,Y,2.000000,Same Day,,,,
MINDRAY L10-3S-N,Avante Health Solutions,MINDRAY,Mindray L10-3S Linear array transducer Requires software version 02.02.00 or higher,Call for Quote,2.5 time exhange cost,Call for Quote,1.5 time exhange cost,Each,Each,New OEM Original,Y,2.000000,Same Day,,,,
MR 35C50EA,Avante Health Solutions,MINDRAY,Mindray 35C50EA Convex  Transducer (DP-6600),Call for Quote,2.5 time exhange cost,Call for Quote,1.5 time exhange cost,Each,Each,Refurbished,Y,6.000000,Same Day,,,,
MR 65EC10HA,Avante Health Solutions,MINDRAY,Mindray 65EC10HA  Transducer (DP-9900),Call for Quote,2.5 time exhange cost,Call for Quote,1.5 time exhange cost,Each,Each,Refurbished,Y,1.000000,Same Day,,,,
MR L14-6NS,Avante Health Solutions,MINDRAY,Mindray L14-6Ns Linear Transducer,Call for Quote,2.5 time exhange cost,Call for Quote,1.5 time exhange cost,Each,Each,Refurbished,Y,1.000000,Same Day,,,,
MSA510-0001,Avante Health Solutions,Siemens,Magnetic Sensor MSA510-0001,Call for Quote,2.5 time exhange cost,Call for Quote,1.5 time exhange cost,Each,Each,Refurbished,Y,2.000000,Same Day,,,,
P03833,Avante Health Solutions,SONOSITE,Sonosite Titan Shield Perimeter (Short),Call for Quote,2.5 time exhange cost,Call for Quote,1.5 time exhange cost,Each,Each,Refurbished,Y,2.000000,Same Day,,,,
P03870,Avante Health Solutions,SONOSITE,Service Assembly Power Supply (Titan),Call for Quote,2.5 time exhange cost,Call for Quote,1.5 time exhange cost,Each,Each,Refurbished,Y,1.000000,Same Day,,,,
P03872,Avante Health Solutions,SONOSITE,"Speaker Assy, Micromaxx",Call for Quote,2.5 time exhange cost,Call for Quote,1.5 time exhange cost,Each,Each,Refurbished,Y,5.000000,Same Day,,,,
P04105-01,Avante Health Solutions,SONOSITE,Sonosite ICT/8-5 MHz Transducer,Call for Quote,2.5 time exhange cost,Call for Quote,1.5 time exhange cost,Each,Each,Refurbished,Y,3.000000,Same Day,,,,
P05471,Avante Health Solutions,SONOSITE,PHILIPS PORT NEONATAL CO2/FLOW SENSOR ***PACK OF 10***,Call for Quote,2.5 time exhange cost,Call for Quote,1.5 time exhange cost,Each,Each,Refurbished,Y,4.000000,Same Day,,,,
P05964,Avante Health Solutions,SONOSITE,Sonosite Minidock (Titan & Micromaxx),Call for Quote,2.5 time exhange cost,Call for Quote,1.5 time exhange cost,Each,Each,Refurbished,Y,1.000000,Same Day,,,,
P07698-20,Avante Health Solutions,SONOSITE,Sonosite P21x/5-1 MHz Sector Array Transducer,Call for Quote,2.5 time exhange cost,Call for Quote,1.5 time exhange cost,Each,Each,Refurbished,Y,1.000000,Same Day,,,,
P07698-70,Avante Health Solutions,SONOSITE,Sonosite P21x/5-1 MHz Sector Array Transducer,Call for Quote,2.5 time exhange cost,Call for Quote,1.5 time exhange cost,Each,Each,Refurbished,Y,1.000000,Same Day,,,,
P08939,Avante Health Solutions,SONOSITE,"SONOSITE, SERVICE ASSEMBLY, MAIN PCBA, M-TURBO",Call for Quote,2.5 time exhange cost,Call for Quote,1.5 time exhange cost,Each,Each,Refurbished,Y,1.000000,Same Day,,,,
P11878,Avante Health Solutions,SONOSITE,C60n / 5-2 MHz Transducer,Call for Quote,2.5 time exhange cost,Call for Quote,1.5 time exhange cost,Each,Each,Refurbished,Y,1.000000,Same Day,,,,
P16665-03,Avante Health Solutions,SONOSITE,Sonosite P11x/10-5 MHz Ultrasound Transducer,Call for Quote,2.5 time exhange cost,Call for Quote,1.5 time exhange cost,Each,Each,Refurbished,Y,1.000000,Same Day,,,,
P20311-20,Avante Health Solutions,SONOSITE,Sonosite HFL38xi Ultrasound Transducer,Call for Quote,2.5 time exhange cost,Call for Quote,1.5 time exhange cost,Each,Each,Refurbished,Y,1.000000,Same Day,,,,
P21619,Avante Health Solutions,SONOSITE,DUAL FAN ASSEMBLY,Call for Quote,2.5 time exhange cost,Call for Quote,1.5 time exhange cost,Each,Each,Refurbished,Y,2.000000,Same Day,,,,
PDC0200,Avante Health Solutions,,Large format monitor video adaptors w/power supply and signal,Call for Quote,2.5 time exhange cost,Call for Quote,1.5 time exhange cost,Each,Each,Refurbished,Y,3.000000,Same Day,,,,
PEU-ARIETTA 70,Avante Health Solutions,ALOKA,ALOKA V70 PEU,Call for Quote,2.5 time exhange cost,Call for Quote,1.5 time exhange cost,Each,Each,Refurbished,Y,1.000000,Same Day,,,,
PHILIPS C9-4EC,Avante Health Solutions,PHILIPS,Philips C9-4EC Transducer,Call for Quote,2.5 time exhange cost,Call for Quote,1.5 time exhange cost,Each,Each,Refurbished,Y,1.000000,Same Day,,,,
PHILIPS VL13-5,Avante Health Solutions,PHILIPS,Philips VL13-5,Call for Quote,2.5 time exhange cost,Call for Quote,1.5 time exhange cost,Each,Each,Refurbished,Y,1.000000,Same Day,,,,
PHILIPS.C63.EXP,Avante Health Solutions,PHILIPS,Philips C6-3 Ultrasound Transducer (Explora),Call for Quote,2.5 time exhange cost,Call for Quote,1.5 time exhange cost,Each,Each,Refurbished,Y,1.000000,Same Day,,,,
PHILIPS.L185.COMPACT,Avante Health Solutions,PHILIPS,Philips L18-5 Linear Broadband Ultrasound Transducer (Compact),Call for Quote,2.5 time exhange cost,Call for Quote,1.5 time exhange cost,Each,Each,Refurbished,Y,1.000000,Same Day,,,,
PHILIPS.L93.EXP,Avante Health Solutions,PHILIPS,Philips L9-3 Linear Array Ultrasound Transducer,Call for Quote,2.5 time exhange cost,Call for Quote,1.5 time exhange cost,Each,Each,Refurbished,Y,23.000000,Same Day,,,,
PHILIPS.S41.EXP,Avante Health Solutions,PHILIPS,Philips S4-1 Phased Array Ultrasound Transducer,Call for Quote,2.5 time exhange cost,Call for Quote,1.5 time exhange cost,Each,Each,Refurbished,Y,25.000000,Same Day,,,,
PHILIPS.S51.EXP,Avante Health Solutions,PHILIPS,Philips S5-1 Phased Array Ultrasound Transducer,Call for Quote,2.5 time exhange cost,Call for Quote,1.5 time exhange cost,Each,Each,Refurbished,Y,3.000000,Same Day,,,,
PHILIPS.V62.CLEARVUE,Avante Health Solutions,PHILIPS,Philips V6-2 (3D/4D) Cartridge - for Clearvue,Call for Quote,2.5 time exhange cost,Call for Quote,1.5 time exhange cost,Each,Each,Refurbished,Y,1.000000,Same Day,,,,
PHILIPS.V62.EXP,Avante Health Solutions,PHILIPS,Philips V6-2 (3D/4D) Ultrasound Transducer (Explora),Call for Quote,2.5 time exhange cost,Call for Quote,1.5 time exhange cost,Each,Each,Refurbished,Y,7.000000,Same Day,,,,
PHILIPS.X51C.COMPACT-N,Avante Health Solutions,Philips,PHILIPS X5-1c COMPACT ULTRASOUND TRANSDUCER,Call for Quote,2.5 time exhange cost,Call for Quote,1.5 time exhange cost,Each,Each,New OEM Original,Y,28.000000,Same Day,,,,
PLI-2004BX,Avante Health Solutions,TOSHIBA,Toshiba PLI-2004BX Ultrasound Transducer (i24LX8),Call for Quote,2.5 time exhange cost,Call for Quote,1.5 time exhange cost,Each,Each,Refurbished,Y,1.000000,Same Day,,,,
PLT 2002BT-N,Avante Health Solutions,TOSHIBA,"Toshiba PLI-2002BT Aplio, Artida, Xario",Call for Quote,2.5 time exhange cost,Call for Quote,1.5 time exhange cost,Each,Each,New OEM Original,Y,1.000000,Same Day,,,,
PLT-1202S,Avante Health Solutions,TOSHIBA,Toshiba PLT-1202S Hockey Stick Ultrasound Transducer,Call for Quote,2.5 time exhange cost,Call for Quote,1.5 time exhange cost,Each,Each,Refurbished,Y,3.000000,Same Day,,,,
PLT-1204AT,Avante Health Solutions,TOSHIBA,Toshiba PLT-1204AT (7-14 MHZ) Linear Ultrasound Transducer,Call for Quote,2.5 time exhange cost,Call for Quote,1.5 time exhange cost,Each,Each,Refurbished,Y,4.000000,Same Day,,,,
PLT-704AT,Avante Health Solutions,TOSHIBA,Toshiba PLT-704AT (5-11 MHZ) Linear Ultrasound Trasnducer,Call for Quote,2.5 time exhange cost,Call for Quote,1.5 time exhange cost,Each,Each,Refurbished,Y,1.000000,Same Day,,,,
PM30-35897,Avante Health Solutions,TOSHIBA,TOSHIBA XARIO TI PCB,Call for Quote,2.5 time exhange cost,Call for Quote,1.5 time exhange cost,Each,Each,Refurbished,Y,1.000000,Same Day,,,,
PM30-38691,Avante Health Solutions,TOSHIBA,Toshiba Aplio TX PCB,Call for Quote,2.5 time exhange cost,Call for Quote,1.5 time exhange cost,Each,Each,Refurbished,Y,7.000000,Same Day,,,,
POWERPANHARNESS,Avante Health Solutions,GE,Power Pan Cable Harness,Call for Quote,2.5 time exhange cost,Call for Quote,1.5 time exhange cost,Each,Each,Refurbished,Y,1.000000,Same Day,,,,
PVT-661VT,Avante Health Solutions,TOSHIBA,Toshiba PVT-661VT Convex EV Ultrasound Transducer,Call for Quote,2.5 time exhange cost,Call for Quote,1.5 time exhange cost,Each,Each,Refurbished,Y,1.000000,Same Day,,,,
PVT-675MV,Avante Health Solutions,TOSHIBA,Toshiba PVT-675MV Convex Ultrasound Transducer,Call for Quote,2.5 time exhange cost,Call for Quote,1.5 time exhange cost,Each,Each,Refurbished,Y,2.000000,Same Day,,,,
PX820SA,Avante Health Solutions,Siemens,Plextor PX-820SA DVD RAM Drive,Call for Quote,2.5 time exhange cost,Call for Quote,1.5 time exhange cost,Each,Each,Refurbished,Y,1.000000,Same Day,,,,
S2419175,Avante Health Solutions,GE,CABLE: MONITOR DVI TO DISTRIBUTION,Call for Quote,2.5 time exhange cost,Call for Quote,1.5 time exhange cost,Each,Each,Refurbished,Y,1.000000,Same Day,,,,
S2419681-4,Avante Health Solutions,0,Vivid S6 Distribution Module (DIB),Call for Quote,2.5 time exhange cost,Call for Quote,1.5 time exhange cost,Each,Each,Refurbished,Y,1.000000,Same Day,,,,
S2424557,Avante Health Solutions,GE,Lead Wire Kit USA Black/Red/White GE Vivid I,Call for Quote,2.5 time exhange cost,Call for Quote,1.5 time exhange cost,Each,Each,Refurbished,Y,1.000000,Same Day,,,,
S5409449,Avante Health Solutions,GE,Front End Power Supply Vivid S70,Call for Quote,2.5 time exhange cost,Call for Quote,1.5 time exhange cost,Each,Each,Refurbished,Y,1.000000,Same Day,,,,
SE-T084,Avante Health Solutions,MULTIPLE,Samsung DVD-RW,Call for Quote,2.5 time exhange cost,Call for Quote,1.5 time exhange cost,Each,Each,Refurbished,Y,1.000000,Same Day,,,,
SHIMADZU VA57R-0375U,Avante Health Solutions,SHIMADZU,Shimadzu VA57R-0375U,Call for Quote,2.5 time exhange cost,Call for Quote,1.5 time exhange cost,Each,Each,Refurbished,Y,1.000000,Same Day,,,,
SIEMENS 18L6HD,Avante Health Solutions,SIEMENS,Siemens 18L6 HD (6-18 MHZ) Linear Ultrasound Transducer S1000/S2000/S3000,Call for Quote,2.5 time exhange cost,Call for Quote,1.5 time exhange cost,Each,Each,Refurbished,Y,1.000000,Same Day,,,,
SIEMENS C7F2,Avante Health Solutions,SIEMENS,"Siemens 2-7 Mhz ""4D"" Transducer  (Antares)",Call for Quote,2.5 time exhange cost,Call for Quote,1.5 time exhange cost,Each,Each,Refurbished,Y,2.000000,Same Day,,,,
SIEMENS VF13-5,Avante Health Solutions,SIEMENS,5.0-13.0 MHz Linear (G40/X150/X300),Call for Quote,2.5 time exhange cost,Call for Quote,1.5 time exhange cost,Each,Each,Refurbished,Y,4.000000,Same Day,,,,
SIEMENS Z6MS,Avante Health Solutions,SIEMENS,Siemens Z6Ms TEE Ultrasound Transducer,Call for Quote,2.5 time exhange cost,Call for Quote,1.5 time exhange cost,Each,Each,Refurbished,Y,1.000000,Same Day,,,,
SLA1056,Avante Health Solutions,,"General Purpose Battery, 12V 5.0AH",Call for Quote,2.5 time exhange cost,Call for Quote,1.5 time exhange cost,Each,Each,Refurbished,Y,19.000000,Same Day,,,,
SONOSITE C60N,Avante Health Solutions,SONOSITE,SonoSite C60N,Call for Quote,2.5 time exhange cost,Call for Quote,1.5 time exhange cost,Each,Each,Refurbished,Y,1.000000,Same Day,,,,
SQS859.00,Avante Health Solutions,Siemens,Siemens Electromotoric Actuator,Call for Quote,2.5 time exhange cost,Call for Quote,1.5 time exhange cost,Each,Each,Refurbished,Y,1.000000,Same Day,,,,
ST31000524NS,Avante Health Solutions,,"Seagate Constellation ES ST31000524NS 1TB 7200 RPM 32MB Cache SATA 3.0Gb/s 3.5"" Internal Hard Drive Bare Drive",Call for Quote,2.5 time exhange cost,Call for Quote,1.5 time exhange cost,Each,Each,Refurbished,Y,8.000000,Same Day,,,,
ST373455LC,Avante Health Solutions,,Seagate Cheetah 15K.5 73.4GB Ultra-320 SCSI 80-Pin 15000RPM 16MB Cache 3.5-inch Internal Hard Drive,Call for Quote,2.5 time exhange cost,Call for Quote,1.5 time exhange cost,Each,Each,Refurbished,Y,17.000000,Same Day,,,,
TCRC-MSW13002-07,Avante Health Solutions,,16 fast net adder link,Call for Quote,2.5 time exhange cost,Call for Quote,1.5 time exhange cost,Each,Each,Refurbished,Y,3.000000,Same Day,,,,
TVR7012DS1,Avante Health Solutions,Philips,videorelais/ MTS,Call for Quote,2.5 time exhange cost,Call for Quote,1.5 time exhange cost,Each,Each,Refurbished,Y,1.000000,Same Day,,,,
USP-C029FSA/WR,Avante Health Solutions,Samsung,CA2-9AD S-Vue convex probe,Call for Quote,2.5 time exhange cost,Call for Quote,1.5 time exhange cost,Each,Each,Refurbished,Y,1.000000,Same Day,,,,
USP-L06FG0A,Avante Health Solutions,SAMSUNG,LS6-15  Hockey Stick shaped linear probe for PT60A  with frequency range of 6-15 MHZ and a footprint of 25.6 mm designed for superficial MSK and Vascular imaging. Supported on HM0A with Plus,Call for Quote,2.5 time exhange cost,Call for Quote,1.5 time exhange cost,Each,Each,Refurbished,Y,2.000000,Same Day,,,,
USP-LN5CE0A,Avante Health Solutions,SAMSUNG,"LN5-12  linear array probe with a frequency range of 5-12 MHz and a footprint of 40 mm designed for  vascular, small parts and musculoskeletal imaging",Call for Quote,2.5 time exhange cost,Call for Quote,1.5 time exhange cost,Each,Each,Refurbished,Y,1.000000,Same Day,,,,
USP-LZ7GNSA,Avante Health Solutions,SAMSUNG,"L7-16  linear array probe with a frequency range of 7-16 MHz and a footprint of 38 mm designed for  vascular, small parts and musculoskeletal imaging",Call for Quote,2.5 time exhange cost,Call for Quote,1.5 time exhange cost,Each,Each,Refurbished,Y,1.000000,Same Day,,,,
UST-981-5,Avante Health Solutions,ALOKA,Aloka Probe,Call for Quote,2.5 time exhange cost,Call for Quote,1.5 time exhange cost,Each,Each,Refurbished,Y,1.000000,Same Day,,,,
W5520-EXT,Avante Health Solutions,,Extension  Cable For W5520 Cable,Call for Quote,2.5 time exhange cost,Call for Quote,1.5 time exhange cost,Each,Each,Refurbished,Y,1.000000,Same Day,,,,
WD1500BLFS,Avante Health Solutions,,WD Velocciraptor 150GB GE IGS,Call for Quote,2.5 time exhange cost,Call for Quote,1.5 time exhange cost,Each,Each,Refurbished,Y,3.000000,Same Day,,,,
WD2500AAJS,Avante Health Solutions,GE,DL8 OS Drive,Call for Quote,2.5 time exhange cost,Call for Quote,1.5 time exhange cost,Each,Each,Refurbished,Y,18.000000,Same Day,,,,
ZD0753 XM0415,Avante Health Solutions,B&K,B&K Falcon 2101 PCB (Ver 6),Call for Quote,2.5 time exhange cost,Call for Quote,1.5 time exhange cost,Each,Each,Refurbished,Y,1.000000,Same Day,,,,
ZONARE P4-1,Avante Health Solutions,ZONARE,Zonare P4-1 Phased Array Ultrasound Transducer,Call for Quote,2.5 time exhange cost,Call for Quote,1.5 time exhange cost,Each,Each,Refurbished,Y,4.000000,Same Day,,,,