ItemNumberorderableSKU,Vendor,QOH,StockYN,LeadTimeEstimatedShipDateBusinessDays,ConditionCodeNewOEMOriginalNewAftermarketRefurbished,Warehouse
0000-10-10750,Avante Health Solutions,,Y,Same Day,Refurbished,APM MAIN
0000-10-10799,Avante Health Solutions,,Y,Same Day,Refurbished,APM MAIN
0000-10-10799-N,Avante Health Solutions,,Y,Same Day,New OEM Original,APM MAIN
0000-10-11069,Avante Health Solutions,,Y,Same Day,Refurbished,APM MAIN
00040-00-0414-03-N,Avante Health Solutions,2.000000,Y,Same Day,New OEM Original,APM MAIN
0010-10-42559,Avante Health Solutions,,Y,Same Day,Refurbished,APM MAIN
0012-00-0257-05,Avante Health Solutions,18.000000,Y,Same Day,Refurbished,APM MAIN
0012-00-0257-06,Avante Health Solutions,14.000000,Y,Same Day,Refurbished,APM MAIN
0012-00-0941,Avante Health Solutions,18.000000,Y,Same Day,Refurbished,APM MAIN
0012-00-1085,Avante Health Solutions,1.000000,Y,Same Day,Refurbished,APM MAIN
0012-00-1200,Avante Health Solutions,,Y,Same Day,Refurbished,APM MAIN
0012-00-1206-01,Avante Health Solutions,39.000000,Y,Same Day,Refurbished,APM MAIN
0012-00-1210,Avante Health Solutions,13.000000,Y,Same Day,Refurbished,APM MAIN
0012-00-1211,Avante Health Solutions,12.000000,Y,Same Day,Refurbished,APM MAIN
0012-00-1231,Avante Health Solutions,39.000000,Y,Same Day,Refurbished,APM MAIN
0012-00-1233,Avante Health Solutions,3.000000,Y,Same Day,Refurbished,APM MAIN
0012-00-1249,Avante Health Solutions,,Y,Same Day,Refurbished,APM MAIN
0012-00-1308,Avante Health Solutions,23.000000,Y,Same Day,Refurbished,APM MAIN
0012-00-1344,Avante Health Solutions,22.000000,Y,Same Day,Refurbished,APM MAIN
0012-00-1356,Avante Health Solutions,7.000000,Y,Same Day,Refurbished,APM MAIN
0012-00-1401,Avante Health Solutions,14.000000,Y,Same Day,Refurbished,APM MAIN
0012-00-1405,Avante Health Solutions,13.000000,Y,Same Day,Refurbished,APM MAIN
0012-00-1424,Avante Health Solutions,23.000000,Y,Same Day,Refurbished,APM MAIN
0012-00-1433,Avante Health Solutions,11.000000,Y,Same Day,Refurbished,APM MAIN
0012-00-1443-03,Avante Health Solutions,11.000000,Y,Same Day,Refurbished,APM MAIN
0012-00-1596,Avante Health Solutions,10.000000,Y,Same Day,Refurbished,APM MAIN
0012-00-1622-01,Avante Health Solutions,8.000000,Y,Same Day,Refurbished,APM MAIN
0012-00-1622-01-N,Avante Health Solutions,,Y,Same Day,New OEM Original,APM MAIN
0012-00-1683-01,Avante Health Solutions,17.000000,Y,Same Day,Refurbished,APM MAIN
0014-00-0173-02,Avante Health Solutions,,Y,Same Day,Refurbished,APM MAIN
0014-00-0184,Avante Health Solutions,,Y,Same Day,Refurbished,APM MAIN
0014-00-0190E,Avante Health Solutions,,Y,Same Day,Refurbished,APM MAIN
0014-00-0250,Avante Health Solutions,12.000000,Y,Same Day,Refurbished,APM MAIN
0014-00-0251,Avante Health Solutions,13.000000,Y,Same Day,Refurbished,APM MAIN
0022-30-33013,Avante Health Solutions,,Y,Same Day,Refurbished,APM MAIN
0040-00-0031-01,Avante Health Solutions,,Y,Same Day,Refurbished,APM MAIN
0040-00-0331-01,Avante Health Solutions,,Y,Same Day,Refurbished,APM MAIN
0040-00-0361-01,Avante Health Solutions,3.000000,Y,Same Day,Refurbished,APM MAIN
0040-00-0361-02,Avante Health Solutions,,Y,Same Day,Refurbished,APM MAIN
0040-00-0450,Avante Health Solutions,,Y,Same Day,Refurbished,APM MAIN
0065-00-0389-N,Avante Health Solutions,7.000000,Y,Same Day,New OEM Original,APM MAIN
007-0164-00,Avante Health Solutions,1.000000,Y,Same Day,Refurbished,APM MAIN
007266-S,Avante Health Solutions,,Y,Same Day,Refurbished,APM MAIN
008-0869-00,Avante Health Solutions,2.000000,Y,Same Day,Refurbished,APM MAIN
010-1445-00,Avante Health Solutions,,Y,Same Day,Refurbished,APM MAIN
010-1445-00-N,Avante Health Solutions,,Y,Same Day,New OEM Original,APM MAIN
0104-00-0008,Avante Health Solutions,9.000000,Y,Same Day,Refurbished,APM MAIN
010536,Avante Health Solutions,,Y,Same Day,Refurbished,APM MAIN
0124-00-0104-06,Avante Health Solutions,23.000000,Y,Same Day,Refurbished,APM MAIN
0154.750DR,Avante Health Solutions,6.000000,Y,Same Day,Refurbished,APM MAIN
015403.5DR,Avante Health Solutions,99.000000,Y,Same Day,Refurbished,APM MAIN
0160-00-0034,Avante Health Solutions,14.000000,Y,Same Day,Refurbished,APM MAIN
0160-00-0073-01,Avante Health Solutions,,Y,Same Day,Refurbished,APM MAIN
0160-00-0075,Avante Health Solutions,,Y,Same Day,Refurbished,APM MAIN
0160-00-0094,Avante Health Solutions,2.000000,Y,Same Day,Refurbished,APM MAIN
0160-00-0112-01,Avante Health Solutions,5.000000,Y,Same Day,Refurbished,APM MAIN
0198-00-0037,Avante Health Solutions,12.000000,Y,Same Day,Refurbished,APM MAIN
0198-00-0051,Avante Health Solutions,35.000000,Y,Same Day,Refurbished,APM MAIN
020-0597-03,Avante Health Solutions,,Y,Same Day,Refurbished,APM MAIN
020-0621-03,Avante Health Solutions,,Y,Same Day,Refurbished,APM MAIN
0206-5159-300-N,Avante Health Solutions,102.000000,Y,Same Day,New OEM Original,APM MAIN
021-000271-00,Avante Health Solutions,,Y,Same Day,Refurbished,APM MAIN
021-000271-00-N,Avante Health Solutions,,Y,Same Day,New OEM Original,APM MAIN
0214-00-0234,Avante Health Solutions,,Y,Same Day,Refurbished,APM MAIN
02-34053-0071,Avante Health Solutions,,Y,Same Day,Refurbished,APM MAIN
026-95059-002,Avante Health Solutions,,Y,Same Day,Refurbished,APM MAIN
02894-0000,Avante Health Solutions,3.000000,Y,Same Day,Refurbished,APM MAIN
03-08-0614,Avante Health Solutions,,Y,Same Day,Refurbished,APM MAIN
03-09-0241,Avante Health Solutions,,Y,Same Day,Refurbished,APM MAIN
03-09-0248,Avante Health Solutions,3.000000,Y,Same Day,Refurbished,APM MAIN
031-0150-01,Avante Health Solutions,,Y,Same Day,Refurbished,APM MAIN
031-0150-03,Avante Health Solutions,,Y,Same Day,Refurbished,APM MAIN
031-0160-01,Avante Health Solutions,,Y,Same Day,Refurbished,APM MAIN
0311-00-0132,Avante Health Solutions,35.000000,Y,Same Day,Refurbished,APM MAIN
0330-00-0029-01,Avante Health Solutions,2.000000,Y,Same Day,Refurbished,APM MAIN
0330-00-0029-02,Avante Health Solutions,8.000000,Y,Same Day,Refurbished,APM MAIN
0330-00-0029-W,Avante Health Solutions,6.000000,Y,Same Day,Refurbished,APM MAIN
0330-00-0037-01,Avante Health Solutions,1.000000,Y,Same Day,Refurbished,APM MAIN
0330-00-0058-01,Avante Health Solutions,,Y,Same Day,Refurbished,APM MAIN
033-000491-00-N,Avante Health Solutions,51.000000,Y,Same Day,New OEM Original,APM MAIN
0331-00-0116-04,Avante Health Solutions,3.000000,Y,Same Day,Refurbished,APM MAIN
033494,Avante Health Solutions,7.000000,Y,Same Day,Refurbished,APM MAIN
0337-00-0134,Avante Health Solutions,,Y,Same Day,Refurbished,APM MAIN
0343-00-0098,Avante Health Solutions,,Y,Same Day,Refurbished,APM MAIN
034973,Avante Health Solutions,,Y,Same Day,Refurbished,APM MAIN
035318,Avante Health Solutions,15.000000,Y,Same Day,Refurbished,APM MAIN
035318-N-600X,Avante Health Solutions,,Y,Same Day,New OEM Original,APM MAIN
035397,Avante Health Solutions,,Y,Same Day,Refurbished,APM MAIN
035469,Avante Health Solutions,55.000000,Y,Same Day,Refurbished,APM MAIN
0366-00-0101,Avante Health Solutions,24.000000,Y,Same Day,Refurbished,APM MAIN
0366-00-0110-N,Avante Health Solutions,1.000000,Y,Same Day,New OEM Original,APM MAIN
0367-00-0061,Avante Health Solutions,11.000000,Y,Same Day,Refurbished,APM MAIN
036702,Avante Health Solutions,16.000000,Y,Same Day,Refurbished,APM MAIN
0370-00-0017-03,Avante Health Solutions,3.000000,Y,Same Day,Refurbished,APM MAIN
0378-00-0046-N,Avante Health Solutions,,Y,Same Day,New OEM Original,APM MAIN
0380-00-0273-01,Avante Health Solutions,,Y,Same Day,Refurbished,APM MAIN
0380-00-0338-01,Avante Health Solutions,1.000000,Y,Same Day,Refurbished,APM MAIN
0380-00-0338-02-N,Avante Health Solutions,,Y,Same Day,New OEM Original,APM MAIN
0380-00-0339-01,Avante Health Solutions,,Y,Same Day,Refurbished,APM MAIN
0380-00-0339-04,Avante Health Solutions,,Y,Same Day,Refurbished,APM MAIN
0380-00-0348-01,Avante Health Solutions,12.000000,Y,Same Day,Refurbished,APM MAIN
0380-00-0348-02,Avante Health Solutions,19.000000,Y,Same Day,Refurbished,APM MAIN
0380-00-0348-03,Avante Health Solutions,1.000000,Y,Same Day,Refurbished,APM MAIN
0380-00-0348-04,Avante Health Solutions,,Y,Same Day,Refurbished,APM MAIN
0380-00-0348-05,Avante Health Solutions,1.000000,Y,Same Day,Refurbished,APM MAIN
0380-00-0357-02,Avante Health Solutions,,Y,Same Day,Refurbished,APM MAIN
0380-00-0372,Avante Health Solutions,27.000000,Y,Same Day,Refurbished,APM MAIN
0380-00-0387-01,Avante Health Solutions,,Y,Same Day,Refurbished,APM MAIN
0380-00-0439,Avante Health Solutions,,Y,Same Day,Refurbished,APM MAIN
0380-00-0455,Avante Health Solutions,,Y,Same Day,Refurbished,APM MAIN
0380-00-0477-N,Avante Health Solutions,,Y,Same Day,New OEM Original,APM MAIN
0380-00-0491-01-N,Avante Health Solutions,,Y,Same Day,New OEM Original,APM MAIN
0380-00-0524,Avante Health Solutions,,Y,Same Day,Refurbished,APM MAIN
0380-00-0592-03,Avante Health Solutions,,Y,Same Day,Refurbished,APM MAIN
03814,Avante Health Solutions,7.000000,Y,Same Day,Refurbished,APM MAIN
03818-N,Avante Health Solutions,26.000000,Y,Same Day,New OEM Original,APM MAIN
03819-N,Avante Health Solutions,,Y,Same Day,New OEM Original,APM MAIN
03820-C,Avante Health Solutions,,Y,Same Day,Refurbished,APM MAIN
03820-N,Avante Health Solutions,9.000000,Y,Same Day,New OEM Original,APM MAIN
03828,Avante Health Solutions,142.000000,Y,Same Day,Refurbished,APM MAIN
03833-N,Avante Health Solutions,1.000000,Y,Same Day,New OEM Original,APM MAIN
03834L-N,Avante Health Solutions,7.000000,Y,Same Day,New OEM Original,APM MAIN
03835L-C,Avante Health Solutions,8.000000,Y,Same Day,Refurbished,APM MAIN
03855-N,Avante Health Solutions,21.000000,Y,Same Day,New OEM Original,APM MAIN
03926-N,Avante Health Solutions,,Y,Same Day,New OEM Original,APM MAIN
03927-N,Avante Health Solutions,39.000000,Y,Same Day,New OEM Original,APM MAIN
03928-N,Avante Health Solutions,,Y,Same Day,New OEM Original,APM MAIN
03929-C,Avante Health Solutions,202.000000,Y,Same Day,Refurbished,APM MAIN
03929-N,Avante Health Solutions,51.000000,Y,Same Day,New OEM Original,APM MAIN
03937-N,Avante Health Solutions,7.000000,Y,Same Day,New OEM Original,APM MAIN
03938-N,Avante Health Solutions,,Y,Same Day,New OEM Original,APM MAIN
040-001149-00,Avante Health Solutions,,Y,Same Day,Refurbished,APM MAIN
0406-00-0750,Avante Health Solutions,,Y,Same Day,Refurbished,APM MAIN
0406-00-0833,Avante Health Solutions,6.000000,Y,Same Day,Refurbished,APM MAIN
042-000783-00,Avante Health Solutions,,Y,Same Day,Refurbished,APM MAIN
042-000783-00-N,Avante Health Solutions,8.000000,Y,Same Day,New OEM Original,APM MAIN
042-000784-00,Avante Health Solutions,,Y,Same Day,Refurbished,APM MAIN
042-000784-00-N,Avante Health Solutions,12.000000,Y,Same Day,New OEM Original,APM MAIN
043-003359-01,Avante Health Solutions,,Y,Same Day,Refurbished,APM MAIN
043-003641-00-N,Avante Health Solutions,1.000000,Y,Same Day,New OEM Original,APM MAIN
043-008878-00-N,Avante Health Solutions,2.000000,Y,Same Day,New OEM Original,APM MAIN
043040715-N,Avante Health Solutions,,Y,Same Day,New OEM Original,APM MAIN
043042068-N,Avante Health Solutions,,Y,Same Day,New OEM Original,APM MAIN
044194R,Avante Health Solutions,,Y,Same Day,Refurbished,APM MAIN
047-002718-00-N,Avante Health Solutions,1.000000,Y,Same Day,New OEM Original,APM MAIN
047173-C,Avante Health Solutions,,Y,Same Day,Refurbished,APM MAIN
0-48-20035-0-X,Avante Health Solutions,,Y,Same Day,Refurbished,APM MAIN
049-000628-00-N,Avante Health Solutions,,Y,Same Day,New OEM Original,APM MAIN
050-000206-00,Avante Health Solutions,,Y,Same Day,Refurbished,APM MAIN
050-0151-02,Avante Health Solutions,,Y,Same Day,Refurbished,APM MAIN
050-0168-00,Avante Health Solutions,,Y,Same Day,Refurbished,APM MAIN
050-0469-00-N,Avante Health Solutions,,Y,Same Day,New OEM Original,APM MAIN
050-0509-00,Avante Health Solutions,,Y,Same Day,Refurbished,APM MAIN
050-0564-00-N,Avante Health Solutions,,Y,Same Day,New OEM Original,APM MAIN
050-0567-00-N,Avante Health Solutions,,Y,Same Day,New OEM Original,APM MAIN
050-0569-00-N,Avante Health Solutions,,Y,Same Day,New OEM Original,APM MAIN
050-0580-00-N,Avante Health Solutions,,Y,Same Day,New OEM Original,APM MAIN
050-0644-00,Avante Health Solutions,,Y,Same Day,Refurbished,APM MAIN
050-0664-00,Avante Health Solutions,,Y,Same Day,Refurbished,APM MAIN
050-0664-00-N,Avante Health Solutions,30.000000,Y,Same Day,New OEM Original,APM MAIN
050-0737-00,Avante Health Solutions,,Y,Same Day,Refurbished,APM MAIN
0-50-20007-0-X,Avante Health Solutions,,Y,Same Day,Refurbished,APM MAIN
0503,Avante Health Solutions,,Y,Same Day,Refurbished,APM MAIN
051-000975-01,Avante Health Solutions,,Y,Same Day,Refurbished,APM MAIN
051-000977-00,Avante Health Solutions,,Y,Same Day,Refurbished,APM MAIN
051-001037-00,Avante Health Solutions,,Y,Same Day,Refurbished,APM MAIN
051-002065-00-N,Avante Health Solutions,1.000000,Y,Same Day,New OEM Original,APM MAIN
0651-20-76735,Avante Health Solutions,,Y,Same Day,Refurbished,APM MAIN
0670-00-0584-03,Avante Health Solutions,1.000000,Y,Same Day,Refurbished,APM MAIN
0670-00-0674E02,Avante Health Solutions,2.000000,Y,Same Day,Refurbished,APM MAIN
0670-00-0682-01,Avante Health Solutions,25.000000,Y,Same Day,Refurbished,APM MAIN
0670-00-0682-02,Avante Health Solutions,39.000000,Y,Same Day,Refurbished,APM MAIN
0670-00-0686,Avante Health Solutions,7.000000,Y,Same Day,Refurbished,APM MAIN
0670-00-0686-CBL,Avante Health Solutions,,Y,Same Day,Refurbished,APM MAIN
0670-00-0695,Avante Health Solutions,21.000000,Y,Same Day,Refurbished,APM MAIN
0670-00-0696,Avante Health Solutions,,Y,Same Day,Refurbished,APM MAIN
0670-00-0716,Avante Health Solutions,1.000000,Y,Same Day,Refurbished,APM MAIN
0670-00-0726,Avante Health Solutions,13.000000,Y,Same Day,Refurbished,APM MAIN
0670-00-0734-01,Avante Health Solutions,,Y,Same Day,Refurbished,APM MAIN
0670-00-0735,Avante Health Solutions,10.000000,Y,Same Day,Refurbished,APM MAIN
0670-00-0739-01,Avante Health Solutions,,Y,Same Day,Refurbished,APM MAIN
0670-00-0739-02,Avante Health Solutions,,Y,Same Day,Refurbished,APM MAIN
0670-00-0739-03,Avante Health Solutions,5.000000,Y,Same Day,Refurbished,APM MAIN
0670-00-0746-01,Avante Health Solutions,,Y,Same Day,Refurbished,APM MAIN
0670-00-0782-01,Avante Health Solutions,1.000000,Y,Same Day,Refurbished,APM MAIN
0670-00-0782-03,Avante Health Solutions,5.000000,Y,Same Day,Refurbished,APM MAIN
0670-00-0785-01,Avante Health Solutions,,Y,Same Day,Refurbished,APM MAIN
0670-00-0785-03,Avante Health Solutions,9.000000,Y,Same Day,Refurbished,APM MAIN
0670-00-0793,Avante Health Solutions,4.000000,Y,Same Day,Refurbished,APM MAIN
0670-00-0798-01,Avante Health Solutions,,Y,Same Day,Refurbished,APM MAIN
0670-00-0814-01,Avante Health Solutions,16.000000,Y,Same Day,Refurbished,APM MAIN
0670-00-1153,Avante Health Solutions,14.000000,Y,Same Day,Refurbished,APM MAIN
0670-00-1155-01,Avante Health Solutions,6.000000,Y,Same Day,Refurbished,APM MAIN
0671-00-0055,Avante Health Solutions,17.000000,Y,Same Day,Refurbished,APM MAIN
0671-00-0064,Avante Health Solutions,,Y,Same Day,Refurbished,APM MAIN
0671-00-0230,Avante Health Solutions,13.000000,Y,Same Day,Refurbished,APM MAIN
0671-00-0232,Avante Health Solutions,4.000000,Y,Same Day,Refurbished,APM MAIN
0-68-20A04-0-X,Avante Health Solutions,,Y,Same Day,Refurbished,APM MAIN
0-68-20C00-0-X,Avante Health Solutions,5.000000,Y,Same Day,Refurbished,APM MAIN
0-68-20C01-0-0,Avante Health Solutions,32.000000,Y,Same Day,Refurbished,APM MAIN
0-68-20E01-0-X,Avante Health Solutions,21.000000,Y,Same Day,Refurbished,APM MAIN
0-68-20-M00-0-X,Avante Health Solutions,6.000000,Y,Same Day,Refurbished,APM MAIN
068224,Avante Health Solutions,,Y,Same Day,Refurbished,APM MAIN
0-68-2HC02-0-X,Avante Health Solutions,,Y,Same Day,Refurbished,APM MAIN
0683-00-0465E01,Avante Health Solutions,,Y,Same Day,Refurbished,APM MAIN
0683-00-0501,Avante Health Solutions,3.000000,Y,Same Day,Refurbished,APM MAIN
068920,Avante Health Solutions,,Y,Same Day,Refurbished,APM MAIN
069308-C,Avante Health Solutions,,Y,Same Day,Refurbished,APM MAIN
0771728-C,Avante Health Solutions,1.000000,Y,Same Day,Refurbished,APM MAIN
082-000864-00,Avante Health Solutions,4.000000,Y,Same Day,Refurbished,APM MAIN
0950-4319,Avante Health Solutions,62.000000,Y,Same Day,Refurbished,APM MAIN
0950-9079,Avante Health Solutions,23.000000,Y,Same Day,Refurbished,APM MAIN
0950-9086,Avante Health Solutions,8.000000,Y,Same Day,Refurbished,APM MAIN
0997-00-0502,Avante Health Solutions,5.000000,Y,Same Day,Refurbished,APM MAIN
0997-00-0971,Avante Health Solutions,17.000000,Y,Same Day,Refurbished,APM MAIN
0997-00-0972-01,Avante Health Solutions,15.000000,Y,Same Day,Refurbished,APM MAIN
0997-00-0972-02,Avante Health Solutions,21.000000,Y,Same Day,Refurbished,APM MAIN
0998-00-0178-03,Avante Health Solutions,2.000000,Y,Same Day,Refurbished,APM MAIN
0998-00-0178-06,Avante Health Solutions,7.000000,Y,Same Day,Refurbished,APM MAIN
0998-00-0179-02,Avante Health Solutions,,Y,Same Day,Refurbished,APM MAIN
0998-00-0192-01,Avante Health Solutions,7.000000,Y,Same Day,Refurbished,APM MAIN
0998-00-0192-01-P,Avante Health Solutions,,Y,Same Day,Refurbished,APM MAIN
0998-00-0444-41,Avante Health Solutions,,Y,Same Day,Refurbished,APM MAIN
0998-00-0501-01A,Avante Health Solutions,,Y,Same Day,Refurbished,APM MAIN
0998-00-1801-01,Avante Health Solutions,1.000000,Y,Same Day,Refurbished,APM MAIN
10006109,Avante Health Solutions,,Y,Same Day,Refurbished,APM MAIN
10006363,Avante Health Solutions,,Y,Same Day,Refurbished,APM MAIN
10007546,Avante Health Solutions,,Y,Same Day,Refurbished,APM MAIN
10009087,Avante Health Solutions,,Y,Same Day,Refurbished,APM MAIN
10010642,Avante Health Solutions,,Y,Same Day,Refurbished,APM MAIN
10010964-N-S,Avante Health Solutions,11.000000,Y,Same Day,New OEM Original,APM MAIN
10010964-S,Avante Health Solutions,,Y,Same Day,Refurbished,APM MAIN
10011203,Avante Health Solutions,,Y,Same Day,Refurbished,APM MAIN
10012641,Avante Health Solutions,,Y,Same Day,Refurbished,APM MAIN
10013081,Avante Health Solutions,,Y,Same Day,Refurbished,APM MAIN
10013325,Avante Health Solutions,36.000000,Y,Same Day,Refurbished,APM MAIN
10013524,Avante Health Solutions,,Y,Same Day,Refurbished,APM MAIN
10013531,Avante Health Solutions,,Y,Same Day,Refurbished,APM MAIN
10013532,Avante Health Solutions,,Y,Same Day,Refurbished,APM MAIN
10013666-N,Avante Health Solutions,1.000000,Y,Same Day,New OEM Original,APM MAIN
10013667,Avante Health Solutions,,Y,Same Day,Refurbished,APM MAIN
10013667-N,Avante Health Solutions,,Y,Same Day,New OEM Original,APM MAIN
10013671,Avante Health Solutions,,Y,Same Day,Refurbished,APM MAIN
10013671-N,Avante Health Solutions,,Y,Same Day,New OEM Original,APM MAIN
10013672,Avante Health Solutions,,Y,Same Day,Refurbished,APM MAIN
10013911,Avante Health Solutions,,Y,Same Day,Refurbished,APM MAIN
10014743,Avante Health Solutions,,Y,Same Day,Refurbished,APM MAIN
10015156,Avante Health Solutions,26.000000,Y,Same Day,Refurbished,APM MAIN
10015663,Avante Health Solutions,,Y,Same Day,Refurbished,APM MAIN
10016035,Avante Health Solutions,11.000000,Y,Same Day,Refurbished,APM MAIN
10016035-N,Avante Health Solutions,135.000000,Y,Same Day,New OEM Original,APM MAIN
10016036,Avante Health Solutions,,Y,Same Day,Refurbished,APM MAIN
10016037,Avante Health Solutions,,Y,Same Day,Refurbished,APM MAIN
10016083,Avante Health Solutions,16.000000,Y,Same Day,Refurbished,APM MAIN
10020893,Avante Health Solutions,25.000000,Y,Same Day,Refurbished,APM MAIN
10054749,Avante Health Solutions,,Y,Same Day,Refurbished,APM MAIN
10097559,Avante Health Solutions,2.000000,Y,Same Day,Refurbished,APM MAIN
10113027,Avante Health Solutions,,Y,Same Day,Refurbished,APM MAIN
10113036,Avante Health Solutions,,Y,Same Day,Refurbished,APM MAIN
10113036-N,Avante Health Solutions,3.000000,Y,Same Day,New OEM Original,APM MAIN
10113037,Avante Health Solutions,,Y,Same Day,Refurbished,APM MAIN
10113037-N,Avante Health Solutions,,Y,Same Day,New OEM Original,APM MAIN
10-1132-4,Avante Health Solutions,,Y,Same Day,Refurbished,APM MAIN
1012634-C,Avante Health Solutions,1.000000,Y,Same Day,Refurbished,APM MAIN
101574,Avante Health Solutions,17.000000,Y,Same Day,Refurbished,APM MAIN
1022054,Avante Health Solutions,3.000000,Y,Same Day,Refurbished,APM MAIN
1029075,Avante Health Solutions,,Y,Same Day,Refurbished,APM MAIN
1029095-N,Avante Health Solutions,2.000000,Y,Same Day,New OEM Original,APM MAIN
1029099,Avante Health Solutions,,Y,Same Day,Refurbished,APM MAIN
1029099-N,Avante Health Solutions,17.000000,Y,Same Day,New OEM Original,APM MAIN
103355,Avante Health Solutions,,Y,Same Day,Refurbished,APM MAIN
103375,Avante Health Solutions,4.000000,Y,Same Day,Refurbished,APM MAIN
103375-N,Avante Health Solutions,,Y,Same Day,New OEM Original,APM MAIN
103381,Avante Health Solutions,,Y,Same Day,Refurbished,APM MAIN
103391-WA,Avante Health Solutions,8.000000,Y,Same Day,Refurbished,APM MAIN
103393,Avante Health Solutions,,Y,Same Day,Refurbished,APM MAIN
103546,Avante Health Solutions,,Y,Same Day,Refurbished,APM MAIN
103546-N,Avante Health Solutions,,Y,Same Day,New OEM Original,APM MAIN
103552,Avante Health Solutions,4.000000,Y,Same Day,Refurbished,APM MAIN
103554,Avante Health Solutions,,Y,Same Day,Refurbished,APM MAIN
103555,Avante Health Solutions,,Y,Same Day,Refurbished,APM MAIN
103555-N,Avante Health Solutions,1.000000,Y,Same Day,New OEM Original,APM MAIN
103577,Avante Health Solutions,,Y,Same Day,Refurbished,APM MAIN
1036257,Avante Health Solutions,,Y,Same Day,Refurbished,APM MAIN
1036257-N,Avante Health Solutions,37.000000,Y,Same Day,New OEM Original,APM MAIN
1036258,Avante Health Solutions,,Y,Same Day,Refurbished,APM MAIN
1036258-N,Avante Health Solutions,6.000000,Y,Same Day,New OEM Original,APM MAIN
1037204-N,Avante Health Solutions,,Y,Same Day,New OEM Original,APM MAIN
1038741-N,Avante Health Solutions,,Y,Same Day,New OEM Original,APM MAIN
104120,Avante Health Solutions,,Y,Same Day,Refurbished,APM MAIN
104120-N,Avante Health Solutions,10.000000,Y,Same Day,New OEM Original,APM MAIN
104124-N,Avante Health Solutions,,Y,Same Day,New OEM Original,APM MAIN
104125,Avante Health Solutions,,Y,Same Day,Refurbished,APM MAIN
104125-N,Avante Health Solutions,,Y,Same Day,New OEM Original,APM MAIN
104609,Avante Health Solutions,,Y,Same Day,Refurbished,APM MAIN
104650,Avante Health Solutions,2.000000,Y,Same Day,Refurbished,APM MAIN
104894,Avante Health Solutions,,Y,Same Day,Refurbished,APM MAIN
1050807,Avante Health Solutions,,Y,Same Day,Refurbished,APM MAIN
1051931-N,Avante Health Solutions,40.000000,Y,Same Day,New OEM Original,APM MAIN
1056673,Avante Health Solutions,,Y,Same Day,Refurbished,APM MAIN
1058683,Avante Health Solutions,,Y,Same Day,Refurbished,APM MAIN
105920,Avante Health Solutions,,Y,Same Day,Refurbished,APM MAIN
105920-N,Avante Health Solutions,,Y,Same Day,New OEM Original,APM MAIN
105924-N,Avante Health Solutions,8.000000,Y,Same Day,New OEM Original,APM MAIN
105925,Avante Health Solutions,,Y,Same Day,Refurbished,APM MAIN
105925-N,Avante Health Solutions,,Y,Same Day,New OEM Original,APM MAIN
105932,Avante Health Solutions,,Y,Same Day,Refurbished,APM MAIN
105936,Avante Health Solutions,,Y,Same Day,Refurbished,APM MAIN
105936-N,Avante Health Solutions,,Y,Same Day,New OEM Original,APM MAIN
105940,Avante Health Solutions,,Y,Same Day,Refurbished,APM MAIN
105944,Avante Health Solutions,,Y,Same Day,Refurbished,APM MAIN
106546,Avante Health Solutions,,Y,Same Day,Refurbished,APM MAIN
107213,Avante Health Solutions,,Y,Same Day,Refurbished,APM MAIN
107213-N,Avante Health Solutions,4.000000,Y,Same Day,New OEM Original,APM MAIN
108610-N,Avante Health Solutions,2.000000,Y,Same Day,New OEM Original,APM MAIN
11-01-0057,Avante Health Solutions,,Y,Same Day,Refurbished,APM MAIN
11-01-0058,Avante Health Solutions,1.000000,Y,Same Day,Refurbished,APM MAIN
11-025041-00,Avante Health Solutions,,Y,Same Day,Refurbished,APM MAIN
11141-000044-C,Avante Health Solutions,,Y,Same Day,Refurbished,APM MAIN
1128379,Avante Health Solutions,,Y,Same Day,Refurbished,APM MAIN
11395-N,Avante Health Solutions,22.000000,Y,Same Day,New OEM Original,APM MAIN
115-003231-00,Avante Health Solutions,,Y,Same Day,Refurbished,APM MAIN
115-011210-00,Avante Health Solutions,,Y,Same Day,Refurbished,APM MAIN
115-011211-00-N,Avante Health Solutions,,Y,Same Day,New OEM Original,APM MAIN
115-017679-00,Avante Health Solutions,,Y,Same Day,Refurbished,APM MAIN
115-018252-00-N,Avante Health Solutions,,Y,Same Day,New OEM Original,APM MAIN
115-018253-00,Avante Health Solutions,,Y,Same Day,Refurbished,APM MAIN
115-018253-00-N,Avante Health Solutions,,Y,Same Day,New OEM Original,APM MAIN
115-018262-00,Avante Health Solutions,,Y,Same Day,Refurbished,APM MAIN
115-022921-00-N,Avante Health Solutions,2.000000,Y,Same Day,New OEM Original,APM MAIN
115-023296-00,Avante Health Solutions,2.000000,Y,Same Day,Refurbished,APM MAIN
115-024223-00,Avante Health Solutions,,Y,Same Day,Refurbished,APM MAIN
115-026545-00,Avante Health Solutions,,Y,Same Day,Refurbished,APM MAIN
115-027700-00,Avante Health Solutions,,Y,Same Day,Refurbished,APM MAIN
115-027878-00-N,Avante Health Solutions,,Y,Same Day,New OEM Original,APM MAIN
115-028363-00,Avante Health Solutions,,Y,Same Day,Refurbished,APM MAIN
115-028364-00,Avante Health Solutions,,Y,Same Day,Refurbished,APM MAIN
115-044502-00,Avante Health Solutions,,Y,Same Day,Refurbished,APM MAIN
115-049058-00-N,Avante Health Solutions,,Y,Same Day,New OEM Original,APM MAIN
115-050764-00-N,Avante Health Solutions,1.000000,Y,Same Day,New OEM Original,APM MAIN
115-050780-00-N,Avante Health Solutions,,Y,Same Day,New OEM Original,APM MAIN
115-058733-00-S-N,Avante Health Solutions,17.000000,Y,Same Day,New OEM Original,APM MAIN
11695894,Avante Health Solutions,,Y,Same Day,Refurbished,APM MAIN
11716426,Avante Health Solutions,8.000000,Y,Same Day,Refurbished,APM MAIN
1175-3058-000,Avante Health Solutions,,Y,Same Day,Refurbished,APM MAIN
119-0251-01,Avante Health Solutions,1.000000,Y,Same Day,Refurbished,APM MAIN
119-0479-00,Avante Health Solutions,,Y,Same Day,Refurbished,APM MAIN
119-0480-00,Avante Health Solutions,17.000000,Y,Same Day,Refurbished,APM MAIN
119-0480-01,Avante Health Solutions,,Y,Same Day,Refurbished,APM MAIN
119-0493-00,Avante Health Solutions,,Y,Same Day,Refurbished,APM MAIN
119-0493-00-N,Avante Health Solutions,6.000000,Y,Same Day,New OEM Original,APM MAIN
119-0552-01 / 119-0552-00,Avante Health Solutions,,Y,Same Day,Refurbished,APM MAIN
1-215083-2,Avante Health Solutions,2.000000,Y,Same Day,Refurbished,APM MAIN
12273817-N,Avante Health Solutions,,Y,Same Day,New OEM Original,APM MAIN
12278652-N,Avante Health Solutions,,Y,Same Day,New OEM Original,APM MAIN
1253-8415,Avante Health Solutions,,Y,Same Day,Refurbished,APM MAIN
12TC27B,Avante Health Solutions,52.000000,Y,Same Day,Refurbished,APM MAIN
13027-01,Avante Health Solutions,13.000000,Y,Same Day,Refurbished,APM MAIN
1323-NCL,Avante Health Solutions,,Y,Same Day,New OEM Original,APM MAIN
1324-NCL,Avante Health Solutions,,Y,Same Day,New OEM Original,APM MAIN
1325-NCL,Avante Health Solutions,,Y,Same Day,New OEM Original,APM MAIN
1326-NCL,Avante Health Solutions,,Y,Same Day,New OEM Original,APM MAIN
134-0044-01,Avante Health Solutions,,Y,Same Day,Refurbished,APM MAIN
134-0044-01-N,Avante Health Solutions,3.000000,Y,Same Day,New OEM Original,APM MAIN
1357-NCL,Avante Health Solutions,,Y,Same Day,New OEM Original,APM MAIN
1362-NCL,Avante Health Solutions,,Y,Same Day,New OEM Original,APM MAIN
13751-28-S-N,Avante Health Solutions,,Y,Same Day,New OEM Original,APM MAIN
13891AA,Avante Health Solutions,,Y,Same Day,Refurbished,APM MAIN
13902A-N,Avante Health Solutions,,Y,Same Day,New OEM Original,APM MAIN
13907A-N,Avante Health Solutions,,Y,Same Day,New OEM Original,APM MAIN
1395,Avante Health Solutions,1.000000,Y,Same Day,Refurbished,APM MAIN
1407-3200-000-N,Avante Health Solutions,,Y,Same Day,New OEM Original,APM MAIN
1407-7004-000-N,Avante Health Solutions,1.000000,Y,Same Day,New OEM Original,APM MAIN
142329,Avante Health Solutions,2.000000,Y,Same Day,Refurbished,APM MAIN
14242-28,Avante Health Solutions,,Y,Same Day,Refurbished,APM MAIN
142787-002,Avante Health Solutions,3.000000,Y,Same Day,Refurbished,APM MAIN
142792-000,Avante Health Solutions,19.000000,Y,Same Day,Refurbished,APM MAIN
142792-004,Avante Health Solutions,,Y,Same Day,Refurbished,APM MAIN
142792-004-N,Avante Health Solutions,1.000000,Y,Same Day,New OEM Original,APM MAIN
143013,Avante Health Solutions,1.000000,Y,Same Day,Refurbished,APM MAIN
143359-100,Avante Health Solutions,,Y,Same Day,Refurbished,APM MAIN
143553,Avante Health Solutions,6.000000,Y,Same Day,Refurbished,APM MAIN
143715-100-N,Avante Health Solutions,43.000000,Y,Same Day,New OEM Original,APM MAIN
144424-100,Avante Health Solutions,,Y,Same Day,Refurbished,APM MAIN
145442-000,Avante Health Solutions,,Y,Same Day,Refurbished,APM MAIN
14582G-1,Avante Health Solutions,2.000000,Y,Same Day,Refurbished,APM MAIN
145882,Avante Health Solutions,5.000000,Y,Same Day,Refurbished,APM MAIN
145889,Avante Health Solutions,54.000000,Y,Same Day,Refurbished,APM MAIN
146173-001,Avante Health Solutions,,Y,Same Day,Refurbished,APM MAIN
146195-000,Avante Health Solutions,,Y,Same Day,Refurbished,APM MAIN
146332-100,Avante Health Solutions,10.000000,Y,Same Day,Refurbished,APM MAIN
146365-000,Avante Health Solutions,,Y,Same Day,Refurbished,APM MAIN
146383-000,Avante Health Solutions,93.000000,Y,Same Day,Refurbished,APM MAIN
146456-000-1,Avante Health Solutions,,Y,Same Day,Refurbished,APM MAIN
146456-000-2,Avante Health Solutions,,Y,Same Day,Refurbished,APM MAIN
146465-000,Avante Health Solutions,,Y,Same Day,Refurbished,APM MAIN
146465-001,Avante Health Solutions,21.000000,Y,Same Day,Refurbished,APM MAIN
146574-100,Avante Health Solutions,16.000000,Y,Same Day,Refurbished,APM MAIN
146622-101,Avante Health Solutions,,Y,Same Day,Refurbished,APM MAIN
146735-000,Avante Health Solutions,,Y,Same Day,Refurbished,APM MAIN
146978-001,Avante Health Solutions,2.000000,Y,Same Day,Refurbished,APM MAIN
146992-001,Avante Health Solutions,,Y,Same Day,Refurbished,APM MAIN
147077-100-C,Avante Health Solutions,141.000000,Y,Same Day,Refurbished,APM MAIN
147078-100-C,Avante Health Solutions,143.000000,Y,Same Day,Refurbished,APM MAIN
147078-100-N,Avante Health Solutions,9.000000,Y,Same Day,New OEM Original,APM MAIN
147079-100,Avante Health Solutions,,Y,Same Day,Refurbished,APM MAIN
147080-100-4-C,Avante Health Solutions,307.000000,Y,Same Day,Refurbished,APM MAIN
147080-100-N,Avante Health Solutions,,Y,Same Day,New OEM Original,APM MAIN
147083-102,Avante Health Solutions,228.000000,Y,Same Day,Refurbished,APM MAIN
147085-100-2,Avante Health Solutions,,Y,Same Day,Refurbished,APM MAIN
147086-102-4,Avante Health Solutions,,Y,Same Day,Refurbished,APM MAIN
147087-100,Avante Health Solutions,89.000000,Y,Same Day,Refurbished,APM MAIN
147124-100,Avante Health Solutions,,Y,Same Day,Refurbished,APM MAIN
147125-100,Avante Health Solutions,7.000000,Y,Same Day,Refurbished,APM MAIN
147422-000,Avante Health Solutions,,Y,Same Day,Refurbished,APM MAIN
147482-100,Avante Health Solutions,,Y,Same Day,Refurbished,APM MAIN
147482-104,Avante Health Solutions,,Y,Same Day,Refurbished,APM MAIN
147539-101,Avante Health Solutions,6.000000,Y,Same Day,Refurbished,APM MAIN
147716-001,Avante Health Solutions,,Y,Same Day,Refurbished,APM MAIN
147737-002,Avante Health Solutions,,Y,Same Day,Refurbished,APM MAIN
147737-002-C,Avante Health Solutions,4.000000,Y,Same Day,Refurbished,APM MAIN
147737-002-N,Avante Health Solutions,,Y,Same Day,New OEM Original,APM MAIN
147739-100,Avante Health Solutions,37.000000,Y,Same Day,Refurbished,APM MAIN
147741-000,Avante Health Solutions,,Y,Same Day,Refurbished,APM MAIN
147768-001,Avante Health Solutions,,Y,Same Day,Refurbished,APM MAIN
147780-000,Avante Health Solutions,,Y,Same Day,Refurbished,APM MAIN
147791-002,Avante Health Solutions,,Y,Same Day,Refurbished,APM MAIN
147795-001,Avante Health Solutions,15.000000,Y,Same Day,Refurbished,APM MAIN
147795-001-C,Avante Health Solutions,26.000000,Y,Same Day,Refurbished,APM MAIN
147795-001-N,Avante Health Solutions,,Y,Same Day,New OEM Original,APM MAIN
147796-001,Avante Health Solutions,20.000000,Y,Same Day,Refurbished,APM MAIN
147796-001-C,Avante Health Solutions,371.000000,Y,Same Day,Refurbished,APM MAIN
147816-105,Avante Health Solutions,4.000000,Y,Same Day,Refurbished,APM MAIN
147851-101,Avante Health Solutions,,Y,Same Day,Refurbished,APM MAIN
147882-002,Avante Health Solutions,,Y,Same Day,Refurbished,APM MAIN
147882-002-N,Avante Health Solutions,8.000000,Y,Same Day,New OEM Original,APM MAIN
147975-102,Avante Health Solutions,,Y,Same Day,Refurbished,APM MAIN
147975-102-N,Avante Health Solutions,9.000000,Y,Same Day,New OEM Original,APM MAIN
147988-110,Avante Health Solutions,,Y,Same Day,Refurbished,APM MAIN
148128-102,Avante Health Solutions,2.000000,Y,Same Day,Refurbished,APM MAIN
148131-001,Avante Health Solutions,1.000000,Y,Same Day,Refurbished,APM MAIN
148140-000,Avante Health Solutions,,Y,Same Day,Refurbished,APM MAIN
148188-100,Avante Health Solutions,,Y,Same Day,Refurbished,APM MAIN
148188-100-1,Avante Health Solutions,,Y,Same Day,Refurbished,APM MAIN
148188-100-3,Avante Health Solutions,1.000000,Y,Same Day,Refurbished,APM MAIN
148249-100,Avante Health Solutions,,Y,Same Day,Refurbished,APM MAIN
148282-000,Avante Health Solutions,4.000000,Y,Same Day,Refurbished,APM MAIN
148299-100,Avante Health Solutions,,Y,Same Day,Refurbished,APM MAIN
148300-100,Avante Health Solutions,,Y,Same Day,Refurbished,APM MAIN
148315-100,Avante Health Solutions,10.000000,Y,Same Day,Refurbished,APM MAIN
150-0340-00,Avante Health Solutions,2.000000,Y,Same Day,Refurbished,APM MAIN
150-0341-00,Avante Health Solutions,,Y,Same Day,Refurbished,APM MAIN
1505-3231-000,Avante Health Solutions,15.000000,Y,Same Day,Refurbished,APM MAIN
15071-000-0005-N,Avante Health Solutions,,Y,Same Day,New OEM Original,APM MAIN
15207A,Avante Health Solutions,5.000000,Y,Same Day,Refurbished,APM MAIN
15207A-N,Avante Health Solutions,,Y,Same Day,New OEM Original,APM MAIN
15269E,Avante Health Solutions,,Y,Same Day,Refurbished,APM MAIN
15323BA,Avante Health Solutions,3.000000,Y,Same Day,Refurbished,APM MAIN
1533-NCL,Avante Health Solutions,,Y,Same Day,New OEM Original,APM MAIN
1539-NCL,Avante Health Solutions,,Y,Same Day,New OEM Original,APM MAIN
1584,Avante Health Solutions,5.000000,Y,Same Day,Refurbished,APM MAIN
1590AAO,Avante Health Solutions,1.000000,Y,Same Day,Refurbished,APM MAIN
1590AAO-N,Avante Health Solutions,,Y,Same Day,New OEM Original,APM MAIN
1605-NCL,Avante Health Solutions,,Y,Same Day,New OEM Original,APM MAIN
1646-NCL,Avante Health Solutions,,Y,Same Day,New OEM Original,APM MAIN
166-0052-00,Avante Health Solutions,5.000000,Y,Same Day,Refurbished,APM MAIN
17448-S-N,Avante Health Solutions,,Y,Same Day,New OEM Original,APM MAIN
17449-N,Avante Health Solutions,,Y,Same Day,New OEM Original,APM MAIN
1789-NCL,Avante Health Solutions,,Y,Same Day,New OEM Original,APM MAIN
181-6743,Avante Health Solutions,1.000000,Y,Same Day,Refurbished,APM MAIN
181-6744,Avante Health Solutions,,Y,Same Day,Refurbished,APM MAIN
181-6744-2,Avante Health Solutions,,Y,Same Day,Refurbished,APM MAIN
181-6751,Avante Health Solutions,,Y,Same Day,Refurbished,APM MAIN
1831-PM-N,Avante Health Solutions,22.000000,Y,Same Day,New OEM Original,APM MAIN
183-6700,Avante Health Solutions,,Y,Same Day,Refurbished,APM MAIN
183-6701,Avante Health Solutions,,Y,Same Day,Refurbished,APM MAIN
183-6702,Avante Health Solutions,1.000000,Y,Same Day,Refurbished,APM MAIN
1840-NCL,Avante Health Solutions,,Y,Same Day,New OEM Original,APM MAIN
1842,Avante Health Solutions,30.000000,Y,Same Day,Refurbished,APM MAIN
186-0106-S,Avante Health Solutions,,Y,Same Day,Refurbished,APM MAIN
186-0107,Avante Health Solutions,,Y,Same Day,Refurbished,APM MAIN
186-0107-C,Avante Health Solutions,,Y,Same Day,Refurbished,APM MAIN
186-0107-N,Avante Health Solutions,,Y,Same Day,New OEM Original,APM MAIN
186-0201-AMS-C,Avante Health Solutions,,Y,Same Day,Refurbished,APM MAIN
186-1018-AMS,Avante Health Solutions,,Y,Same Day,Refurbished,APM MAIN
186-1018-AMS-C,Avante Health Solutions,1.000000,Y,Same Day,Refurbished,APM MAIN
18982,Avante Health Solutions,,Y,Same Day,Refurbished,APM MAIN
1980,Avante Health Solutions,6.000000,Y,Same Day,Refurbished,APM MAIN
1981,Avante Health Solutions,10.000000,Y,Same Day,Refurbished,APM MAIN
2000976-002-U,Avante Health Solutions,,Y,Same Day,Refurbished,APM MAIN
2001244-003,Avante Health Solutions,,Y,Same Day,Refurbished,APM MAIN
2001377-001,Avante Health Solutions,5.000000,Y,Same Day,Refurbished,APM MAIN
2001378-002,Avante Health Solutions,,Y,Same Day,Refurbished,APM MAIN
2001973-001,Avante Health Solutions,19.000000,Y,Same Day,Refurbished,APM MAIN
2002161-001,Avante Health Solutions,,Y,Same Day,Refurbished,APM MAIN
2002162-001,Avante Health Solutions,,Y,Same Day,Refurbished,APM MAIN
2002210-001,Avante Health Solutions,1.000000,Y,Same Day,Refurbished,APM MAIN
2002218-002,Avante Health Solutions,20.000000,Y,Same Day,Refurbished,APM MAIN
2002220-001,Avante Health Solutions,,Y,Same Day,Refurbished,APM MAIN
2002272-001,Avante Health Solutions,,Y,Same Day,Refurbished,APM MAIN
2002272-002,Avante Health Solutions,,Y,Same Day,Refurbished,APM MAIN
2002393-002,Avante Health Solutions,17.000000,Y,Same Day,Refurbished,APM MAIN
2002563-001,Avante Health Solutions,,Y,Same Day,Refurbished,APM MAIN
2002563-003,Avante Health Solutions,,Y,Same Day,Refurbished,APM MAIN
2003768-001,Avante Health Solutions,,Y,Same Day,Refurbished,APM MAIN
2003791-002,Avante Health Solutions,,Y,Same Day,Refurbished,APM MAIN
2004019-001,Avante Health Solutions,,Y,Same Day,Refurbished,APM MAIN
2004209-001,Avante Health Solutions,,Y,Same Day,Refurbished,APM MAIN
2004229-001,Avante Health Solutions,46.000000,Y,Same Day,Refurbished,APM MAIN
2005010-001,Avante Health Solutions,,Y,Same Day,Refurbished,APM MAIN
2005558-001,Avante Health Solutions,,Y,Same Day,Refurbished,APM MAIN
2006054-001,Avante Health Solutions,1.000000,Y,Same Day,Refurbished,APM MAIN
2006123-001,Avante Health Solutions,,Y,Same Day,Refurbished,APM MAIN
2006171-002,Avante Health Solutions,,Y,Same Day,Refurbished,APM MAIN
2006276-001,Avante Health Solutions,,Y,Same Day,Refurbished,APM MAIN
2006278-001,Avante Health Solutions,,Y,Same Day,Refurbished,APM MAIN
200661150-N,Avante Health Solutions,,Y,Same Day,New OEM Original,APM MAIN
200661180-N,Avante Health Solutions,,Y,Same Day,New OEM Original,APM MAIN
2006664-011-N,Avante Health Solutions,,Y,Same Day,New OEM Original,APM MAIN
2008324-001,Avante Health Solutions,7.000000,Y,Same Day,Refurbished,APM MAIN
2008326-NE,Avante Health Solutions,,Y,Same Day,New OEM Original,APM MAIN
2008329-001,Avante Health Solutions,,Y,Same Day,Refurbished,APM MAIN
2008329-001-N,Avante Health Solutions,24.000000,Y,Same Day,New OEM Original,APM MAIN
2008330-001-N,Avante Health Solutions,,Y,Same Day,New OEM Original,APM MAIN
2008331-001-N,Avante Health Solutions,1.000000,Y,Same Day,New OEM Original,APM MAIN
2008332-001-N,Avante Health Solutions,,Y,Same Day,New OEM Original,APM MAIN
2008650-002,Avante Health Solutions,3.000000,Y,Same Day,Refurbished,APM MAIN
2008853-001,Avante Health Solutions,8.000000,Y,Same Day,Refurbished,APM MAIN
2008B-N,Avante Health Solutions,26.000000,Y,Same Day,New OEM Original,APM MAIN
2009700-002,Avante Health Solutions,11.000000,Y,Same Day,Refurbished,APM MAIN
2009762-001,Avante Health Solutions,,Y,Same Day,Refurbished,APM MAIN
2009762-001-1,Avante Health Solutions,30.000000,Y,Same Day,Refurbished,APM MAIN
2009910-001,Avante Health Solutions,8.000000,Y,Same Day,Refurbished,APM MAIN
2009912-001,Avante Health Solutions,19.000000,Y,Same Day,Refurbished,APM MAIN
20099123-001,Avante Health Solutions,,Y,Same Day,Refurbished,APM MAIN
2009914-001,Avante Health Solutions,5.000000,Y,Same Day,Refurbished,APM MAIN
2009915-001-1,Avante Health Solutions,,Y,Same Day,Refurbished,APM MAIN
2009915-001-2,Avante Health Solutions,,Y,Same Day,Refurbished,APM MAIN
2009915-001-N,Avante Health Solutions,,Y,Same Day,New OEM Original,APM MAIN
2009915-002,Avante Health Solutions,,Y,Same Day,Refurbished,APM MAIN
2009915-002-1,Avante Health Solutions,,Y,Same Day,Refurbished,APM MAIN
2009915-002-2,Avante Health Solutions,,Y,Same Day,Refurbished,APM MAIN
2009919-001,Avante Health Solutions,,Y,Same Day,Refurbished,APM MAIN
2009922-001,Avante Health Solutions,,Y,Same Day,Refurbished,APM MAIN
2011432-001,Avante Health Solutions,,Y,Same Day,Refurbished,APM MAIN
2012147-001,Avante Health Solutions,,Y,Same Day,Refurbished,APM MAIN
2012183-003,Avante Health Solutions,,Y,Same Day,Refurbished,APM MAIN
2012401-001,Avante Health Solutions,8.000000,Y,Same Day,Refurbished,APM MAIN
2012405-001-MA,Avante Health Solutions,,Y,Same Day,Refurbished,APM MAIN
2012405-001-NE,Avante Health Solutions,,Y,Same Day,New OEM Original,APM MAIN
2012419-001-N,Avante Health Solutions,2.000000,Y,Same Day,New OEM Original,APM MAIN
2012441-001-N,Avante Health Solutions,3.000000,Y,Same Day,New OEM Original,APM MAIN
2013069-001-S,Avante Health Solutions,,Y,Same Day,Refurbished,APM MAIN
2013114-017,Avante Health Solutions,87.000000,Y,Same Day,Refurbished,APM MAIN
2013114-018,Avante Health Solutions,3.000000,Y,Same Day,Refurbished,APM MAIN
2013114-020,Avante Health Solutions,,Y,Same Day,Refurbished,APM MAIN
2013114-020-SN,Avante Health Solutions,,Y,Same Day,Refurbished,APM MAIN
2013114-026,Avante Health Solutions,3.000000,Y,Same Day,Refurbished,APM MAIN
20-1314-1,Avante Health Solutions,,Y,Same Day,Refurbished,APM MAIN
2014163-002,Avante Health Solutions,2.000000,Y,Same Day,Refurbished,APM MAIN
2014170-001-MQ,Avante Health Solutions,13.000000,Y,Same Day,Refurbished,APM MAIN
2014170-001-MS,Avante Health Solutions,,Y,Same Day,Refurbished,APM MAIN
2014170-001-NE,Avante Health Solutions,21.000000,Y,Same Day,New OEM Original,APM MAIN
2014174-001,Avante Health Solutions,4.000000,Y,Same Day,Refurbished,APM MAIN
2014219-007,Avante Health Solutions,5.000000,Y,Same Day,Refurbished,APM MAIN
2014437-002A,Avante Health Solutions,,Y,Same Day,Refurbished,APM MAIN
2014437-002C,Avante Health Solutions,,Y,Same Day,Refurbished,APM MAIN
2014437-002D,Avante Health Solutions,,Y,Same Day,Refurbished,APM MAIN
2014437-003,Avante Health Solutions,,Y,Same Day,Refurbished,APM MAIN
2014437-007,Avante Health Solutions,,Y,Same Day,Refurbished,APM MAIN
2014437-009,Avante Health Solutions,2.000000,Y,Same Day,Refurbished,APM MAIN
2014437-009-N,Avante Health Solutions,,Y,Same Day,New OEM Original,APM MAIN
2014437-011,Avante Health Solutions,25.000000,Y,Same Day,Refurbished,APM MAIN
201500010,Avante Health Solutions,,Y,Same Day,Refurbished,APM MAIN
2015204-001,Avante Health Solutions,,Y,Same Day,Refurbished,APM MAIN
2015527-001,Avante Health Solutions,,Y,Same Day,Refurbished,APM MAIN
2015527-001-N,Avante Health Solutions,,Y,Same Day,New OEM Original,APM MAIN
2015617-002,Avante Health Solutions,,Y,Same Day,Refurbished,APM MAIN
2015919-001,Avante Health Solutions,,Y,Same Day,Refurbished,APM MAIN
2016780-001,Avante Health Solutions,,Y,Same Day,Refurbished,APM MAIN
2016780-001-C,Avante Health Solutions,11.000000,Y,Same Day,Refurbished,APM MAIN
2016781-002,Avante Health Solutions,,Y,Same Day,Refurbished,APM MAIN
2016785-001,Avante Health Solutions,8.000000,Y,Same Day,Refurbished,APM MAIN
2016786-001,Avante Health Solutions,34.000000,Y,Same Day,Refurbished,APM MAIN
2016786-001-N,Avante Health Solutions,6.000000,Y,Same Day,New OEM Original,APM MAIN
2016787-001-MASIMO,Avante Health Solutions,8.000000,Y,Same Day,Refurbished,APM MAIN
2016787-001-NELLCOR,Avante Health Solutions,,Y,Same Day,New OEM Original,APM MAIN
2017098-003,Avante Health Solutions,,Y,Same Day,Refurbished,APM MAIN
2017413-001,Avante Health Solutions,,Y,Same Day,Refurbished,APM MAIN
2017413-001-HD,Avante Health Solutions,,Y,Same Day,Refurbished,APM MAIN
2017413-001-N,Avante Health Solutions,,Y,Same Day,New OEM Original,APM MAIN
2017569-009-N,Avante Health Solutions,49.000000,Y,Same Day,New OEM Original,APM MAIN
2018543-001,Avante Health Solutions,,Y,Same Day,Refurbished,APM MAIN
2018859-001,Avante Health Solutions,,Y,Same Day,Refurbished,APM MAIN
2018859-001-N,Avante Health Solutions,4.000000,Y,Same Day,New OEM Original,APM MAIN
2018859-001-SN,Avante Health Solutions,1.000000,Y,Same Day,Refurbished,APM MAIN
2019106-001,Avante Health Solutions,,Y,Same Day,Refurbished,APM MAIN
2019106-007,Avante Health Solutions,,Y,Same Day,Refurbished,APM MAIN
2019479-002-N,Avante Health Solutions,8.000000,Y,Same Day,New OEM Original,APM MAIN
2020183-005,Avante Health Solutions,,Y,Same Day,Refurbished,APM MAIN
2020535-002,Avante Health Solutions,17.000000,Y,Same Day,Refurbished,APM MAIN
2021060-003,Avante Health Solutions,1.000000,Y,Same Day,Refurbished,APM MAIN
2021133-002-N,Avante Health Solutions,,Y,Same Day,New OEM Original,APM MAIN
2021133-002-P,Avante Health Solutions,,Y,Same Day,Refurbished,APM MAIN
2021133-002-P-C,Avante Health Solutions,,Y,Same Day,Refurbished,APM MAIN
2021595-001-N,Avante Health Solutions,,Y,Same Day,New OEM Original,APM MAIN
2021926-002,Avante Health Solutions,,Y,Same Day,Refurbished,APM MAIN
2021926-003,Avante Health Solutions,1.000000,Y,Same Day,Refurbished,APM MAIN
2021926-003-1,Avante Health Solutions,,Y,Same Day,Refurbished,APM MAIN
2021926-008,Avante Health Solutions,,Y,Same Day,Refurbished,APM MAIN
2021926-008-C,Avante Health Solutions,8.000000,Y,Same Day,Refurbished,APM MAIN
2021926-008-N,Avante Health Solutions,,Y,Same Day,New OEM Original,APM MAIN
2021926-009,Avante Health Solutions,,Y,Same Day,Refurbished,APM MAIN
2021926-009-C,Avante Health Solutions,11.000000,Y,Same Day,Refurbished,APM MAIN
2021963-001,Avante Health Solutions,12.000000,Y,Same Day,Refurbished,APM MAIN
2022332-001,Avante Health Solutions,2.000000,Y,Same Day,Refurbished,APM MAIN
2022758-001,Avante Health Solutions,1.000000,Y,Same Day,Refurbished,APM MAIN
2022758-001-C,Avante Health Solutions,3.000000,Y,Same Day,Refurbished,APM MAIN
2023612-001,Avante Health Solutions,20.000000,Y,Same Day,Refurbished,APM MAIN
2023614-001,Avante Health Solutions,,Y,Same Day,Refurbished,APM MAIN
2023852-003,Avante Health Solutions,,Y,Same Day,Refurbished,APM MAIN
2023852-007,Avante Health Solutions,1.000000,Y,Same Day,Refurbished,APM MAIN
2023852-010,Avante Health Solutions,,Y,Same Day,Refurbished,APM MAIN
2023-NCL,Avante Health Solutions,,Y,Same Day,New OEM Original,APM MAIN
2024205-001,Avante Health Solutions,,Y,Same Day,Refurbished,APM MAIN
2024205-002,Avante Health Solutions,,Y,Same Day,Refurbished,APM MAIN
2024358-001,Avante Health Solutions,,Y,Same Day,Refurbished,APM MAIN
2024358-001-C,Avante Health Solutions,2.000000,Y,Same Day,Refurbished,APM MAIN
2024503-001,Avante Health Solutions,,Y,Same Day,Refurbished,APM MAIN
2024503-002,Avante Health Solutions,,Y,Same Day,Refurbished,APM MAIN
2024522-001,Avante Health Solutions,5.000000,Y,Same Day,Refurbished,APM MAIN
2024527-001,Avante Health Solutions,,Y,Same Day,Refurbished,APM MAIN
2024531-001,Avante Health Solutions,,Y,Same Day,Refurbished,APM MAIN
2024630-001,Avante Health Solutions,,Y,Same Day,Refurbished,APM MAIN
2024766-001,Avante Health Solutions,,Y,Same Day,Refurbished,APM MAIN
2025177-003,Avante Health Solutions,,Y,Same Day,Refurbished,APM MAIN
2025177-006,Avante Health Solutions,,Y,Same Day,Refurbished,APM MAIN
2025177-007,Avante Health Solutions,,Y,Same Day,Refurbished,APM MAIN
2025177-008,Avante Health Solutions,24.000000,Y,Same Day,Refurbished,APM MAIN
2025177-009,Avante Health Solutions,13.000000,Y,Same Day,Refurbished,APM MAIN
2025177-010,Avante Health Solutions,33.000000,Y,Same Day,Refurbished,APM MAIN
2025177-011,Avante Health Solutions,,Y,Same Day,Refurbished,APM MAIN
2025177-012,Avante Health Solutions,,Y,Same Day,Refurbished,APM MAIN
2025177-013,Avante Health Solutions,17.000000,Y,Same Day,Refurbished,APM MAIN
2025177-016,Avante Health Solutions,16.000000,Y,Same Day,Refurbished,APM MAIN
2025177-017,Avante Health Solutions,,Y,Same Day,Refurbished,APM MAIN
2025177-018,Avante Health Solutions,,Y,Same Day,Refurbished,APM MAIN
2025177-020,Avante Health Solutions,,Y,Same Day,Refurbished,APM MAIN
2025177-022-MA,Avante Health Solutions,,Y,Same Day,Refurbished,APM MAIN
2025177-022-NE,Avante Health Solutions,,Y,Same Day,New OEM Original,APM MAIN
2025177-023,Avante Health Solutions,52.000000,Y,Same Day,Refurbished,APM MAIN
2025177-023-1,Avante Health Solutions,5.000000,Y,Same Day,Refurbished,APM MAIN
2025177-023-3,Avante Health Solutions,,Y,Same Day,Refurbished,APM MAIN
2025177-023-4,Avante Health Solutions,,Y,Same Day,Refurbished,APM MAIN
2025177-026,Avante Health Solutions,44.000000,Y,Same Day,Refurbished,APM MAIN
2025177-027,Avante Health Solutions,54.000000,Y,Same Day,Refurbished,APM MAIN
2025177-028,Avante Health Solutions,18.000000,Y,Same Day,Refurbished,APM MAIN
2025177-029,Avante Health Solutions,,Y,Same Day,Refurbished,APM MAIN
2025177-030,Avante Health Solutions,4.000000,Y,Same Day,Refurbished,APM MAIN
2025177-032,Avante Health Solutions,,Y,Same Day,Refurbished,APM MAIN
2025177-033,Avante Health Solutions,,Y,Same Day,Refurbished,APM MAIN
2025177-036,Avante Health Solutions,10.000000,Y,Same Day,Refurbished,APM MAIN
2025177-037,Avante Health Solutions,4.000000,Y,Same Day,Refurbished,APM MAIN
2025177-043-N,Avante Health Solutions,9.000000,Y,Same Day,New OEM Original,APM MAIN
2025177-046,Avante Health Solutions,,Y,Same Day,Refurbished,APM MAIN
2025177-064,Avante Health Solutions,10.000000,Y,Same Day,Refurbished,APM MAIN
2025177-065,Avante Health Solutions,,Y,Same Day,Refurbished,APM MAIN
2025177-071,Avante Health Solutions,,Y,Same Day,Refurbished,APM MAIN
2025177-076,Avante Health Solutions,25.000000,Y,Same Day,Refurbished,APM MAIN
2025177-077,Avante Health Solutions,15.000000,Y,Same Day,Refurbished,APM MAIN
2025177-078,Avante Health Solutions,,Y,Same Day,Refurbished,APM MAIN
2025177-084,Avante Health Solutions,2.000000,Y,Same Day,Refurbished,APM MAIN
2025214-001,Avante Health Solutions,,Y,Same Day,Refurbished,APM MAIN
2025831-007-N,Avante Health Solutions,,Y,Same Day,New OEM Original,APM MAIN
2025882-001-N,Avante Health Solutions,,Y,Same Day,New OEM Original,APM MAIN
2025884-001-N,Avante Health Solutions,,Y,Same Day,New OEM Original,APM MAIN
2025888-001-N,Avante Health Solutions,,Y,Same Day,New OEM Original,APM MAIN
2025889-001-N,Avante Health Solutions,,Y,Same Day,New OEM Original,APM MAIN
2026416-004,Avante Health Solutions,,Y,Same Day,Refurbished,APM MAIN
2026595-001-N,Avante Health Solutions,,Y,Same Day,New OEM Original,APM MAIN
2026653-002,Avante Health Solutions,1.000000,Y,Same Day,Refurbished,APM MAIN
2026653-002-1,Avante Health Solutions,,Y,Same Day,Refurbished,APM MAIN
2026653-004,Avante Health Solutions,,Y,Same Day,Refurbished,APM MAIN
2026653-006,Avante Health Solutions,,Y,Same Day,Refurbished,APM MAIN
2026653-009,Avante Health Solutions,,Y,Same Day,Refurbished,APM MAIN
2026653-010,Avante Health Solutions,,Y,Same Day,Refurbished,APM MAIN
2026653-016,Avante Health Solutions,4.000000,Y,Same Day,Refurbished,APM MAIN
2026653-019,Avante Health Solutions,,Y,Same Day,Refurbished,APM MAIN
2026653-021,Avante Health Solutions,,Y,Same Day,Refurbished,APM MAIN
2026653-021-P,Avante Health Solutions,,Y,Same Day,Refurbished,APM MAIN
2026653-022,Avante Health Solutions,,Y,Same Day,Refurbished,APM MAIN
2026653-023,Avante Health Solutions,1.000000,Y,Same Day,Refurbished,APM MAIN
2026653-024,Avante Health Solutions,,Y,Same Day,Refurbished,APM MAIN
2026653-024-3000,Avante Health Solutions,2.000000,Y,Same Day,Refurbished,APM MAIN
2026653-026-N,Avante Health Solutions,20.000000,Y,Same Day,New OEM Original,APM MAIN
2026653-031,Avante Health Solutions,,Y,Same Day,Refurbished,APM MAIN
2026653-034,Avante Health Solutions,,Y,Same Day,Refurbished,APM MAIN
2026653-035,Avante Health Solutions,,Y,Same Day,Refurbished,APM MAIN
2026653-037,Avante Health Solutions,,Y,Same Day,Refurbished,APM MAIN
2026653-041,Avante Health Solutions,,Y,Same Day,Refurbished,APM MAIN
2026653-045,Avante Health Solutions,,Y,Same Day,Refurbished,APM MAIN
2026821-001,Avante Health Solutions,,Y,Same Day,Refurbished,APM MAIN
2026825-001,Avante Health Solutions,,Y,Same Day,Refurbished,APM MAIN
202701892,Avante Health Solutions,,Y,Same Day,Refurbished,APM MAIN
2027519-001,Avante Health Solutions,,Y,Same Day,Refurbished,APM MAIN
2027759-001,Avante Health Solutions,11.000000,Y,Same Day,Refurbished,APM MAIN
2028645-001,Avante Health Solutions,,Y,Same Day,Refurbished,APM MAIN
2030094-001,Avante Health Solutions,17.000000,Y,Same Day,Refurbished,APM MAIN
203-0231-00,Avante Health Solutions,1.000000,Y,Same Day,Refurbished,APM MAIN
203-0231-00-N,Avante Health Solutions,,Y,Same Day,New OEM Original,APM MAIN
203-0259-03,Avante Health Solutions,,Y,Same Day,Refurbished,APM MAIN
203-0259-03-N,Avante Health Solutions,1.000000,Y,Same Day,New OEM Original,APM MAIN
2030340-001,Avante Health Solutions,,Y,Same Day,Refurbished,APM MAIN
2030341-001-C,Avante Health Solutions,13.000000,Y,Same Day,Refurbished,APM MAIN
2030396-001,Avante Health Solutions,,Y,Same Day,Refurbished,APM MAIN
2030406-RA,Avante Health Solutions,,Y,Same Day,Refurbished,APM MAIN
2031069-002,Avante Health Solutions,,Y,Same Day,Refurbished,APM MAIN
2031069-002-1,Avante Health Solutions,,Y,Same Day,Refurbished,APM MAIN
2031069-002-C,Avante Health Solutions,20.000000,Y,Same Day,Refurbished,APM MAIN
2031069-002-N,Avante Health Solutions,,Y,Same Day,New OEM Original,APM MAIN
2031069-004-N,Avante Health Solutions,7.000000,Y,Same Day,New OEM Original,APM MAIN
2031069-007,Avante Health Solutions,,Y,Same Day,Refurbished,APM MAIN
2031069-007-1,Avante Health Solutions,,Y,Same Day,Refurbished,APM MAIN
2031069-008,Avante Health Solutions,,Y,Same Day,Refurbished,APM MAIN
2031069-008-1,Avante Health Solutions,,Y,Same Day,Refurbished,APM MAIN
2031069-008-N,Avante Health Solutions,,Y,Same Day,New OEM Original,APM MAIN
2031069-009,Avante Health Solutions,1.000000,Y,Same Day,Refurbished,APM MAIN
2031069-009-C,Avante Health Solutions,16.000000,Y,Same Day,Refurbished,APM MAIN
2031069-009-N,Avante Health Solutions,,Y,Same Day,New OEM Original,APM MAIN
2031069-010,Avante Health Solutions,10.000000,Y,Same Day,Refurbished,APM MAIN
2031069-011,Avante Health Solutions,,Y,Same Day,Refurbished,APM MAIN
2031069-013,Avante Health Solutions,,Y,Same Day,Refurbished,APM MAIN
2031069-013-N,Avante Health Solutions,,Y,Same Day,New OEM Original,APM MAIN
2031240-001-SN,Avante Health Solutions,1.000000,Y,Same Day,Refurbished,APM MAIN
2033481-001,Avante Health Solutions,,Y,Same Day,Refurbished,APM MAIN
2033606-001,Avante Health Solutions,21.000000,Y,Same Day,Refurbished,APM MAIN
2033870-002,Avante Health Solutions,,Y,Same Day,Refurbished,APM MAIN
2033870-002-P,Avante Health Solutions,8.000000,Y,Same Day,Refurbished,APM MAIN
2034402-001,Avante Health Solutions,84.000000,Y,Same Day,Refurbished,APM MAIN
2034923-001,Avante Health Solutions,,Y,Same Day,Refurbished,APM MAIN
2035522-001,Avante Health Solutions,,Y,Same Day,Refurbished,APM MAIN
2035563-001,Avante Health Solutions,,Y,Same Day,Refurbished,APM MAIN
2036763-001-N,Avante Health Solutions,2.000000,Y,Same Day,New OEM Original,APM MAIN
2036806-001-N,Avante Health Solutions,1.000000,Y,Same Day,New OEM Original,APM MAIN
2037041-001,Avante Health Solutions,,Y,Same Day,Refurbished,APM MAIN
2037103-002,Avante Health Solutions,,Y,Same Day,Refurbished,APM MAIN
2037103-003-N,Avante Health Solutions,,Y,Same Day,New OEM Original,APM MAIN
2037103-004,Avante Health Solutions,29.000000,Y,Same Day,Refurbished,APM MAIN
2037103-005,Avante Health Solutions,36.000000,Y,Same Day,Refurbished,APM MAIN
2037103-006,Avante Health Solutions,8.000000,Y,Same Day,Refurbished,APM MAIN
2037103-007,Avante Health Solutions,13.000000,Y,Same Day,Refurbished,APM MAIN
2037103-008,Avante Health Solutions,,Y,Same Day,Refurbished,APM MAIN
2037103-012,Avante Health Solutions,,Y,Same Day,Refurbished,APM MAIN
2037103-013,Avante Health Solutions,4.000000,Y,Same Day,Refurbished,APM MAIN
2037103-015,Avante Health Solutions,,Y,Same Day,Refurbished,APM MAIN
2037103-017,Avante Health Solutions,130.000000,Y,Same Day,Refurbished,APM MAIN
2037103-018,Avante Health Solutions,1.000000,Y,Same Day,Refurbished,APM MAIN
2037103-023,Avante Health Solutions,,Y,Same Day,Refurbished,APM MAIN
2037103-044-N,Avante Health Solutions,,Y,Same Day,New OEM Original,APM MAIN
2037103-044-NOPRINTER,Avante Health Solutions,,Y,Same Day,New OEM Original,APM MAIN
2037103-044-PRINTER,Avante Health Solutions,87.000000,Y,Same Day,Refurbished,APM MAIN
2037103-083,Avante Health Solutions,,Y,Same Day,Refurbished,APM MAIN
2037103-084,Avante Health Solutions,,Y,Same Day,Refurbished,APM MAIN
2037103-086,Avante Health Solutions,2.000000,Y,Same Day,Refurbished,APM MAIN
2037103-087,Avante Health Solutions,,Y,Same Day,Refurbished,APM MAIN
2037158-006,Avante Health Solutions,,Y,Same Day,Refurbished,APM MAIN
2039793-002,Avante Health Solutions,,Y,Same Day,Refurbished,APM MAIN
2042909-001,Avante Health Solutions,,Y,Same Day,Refurbished,APM MAIN
2047614-001,Avante Health Solutions,,Y,Same Day,Refurbished,APM MAIN
2047619-001,Avante Health Solutions,,Y,Same Day,Refurbished,APM MAIN
2049983-001,Avante Health Solutions,,Y,Same Day,Refurbished,APM MAIN
2049988-001,Avante Health Solutions,21.000000,Y,Same Day,Refurbished,APM MAIN
2051793-001-N,Avante Health Solutions,9.000000,Y,Same Day,New OEM Original,APM MAIN
2056516-084,Avante Health Solutions,6.000000,Y,Same Day,Refurbished,APM MAIN
2061134-001,Avante Health Solutions,,Y,Same Day,Refurbished,APM MAIN
2061869-002,Avante Health Solutions,,Y,Same Day,Refurbished,APM MAIN
2061869-012,Avante Health Solutions,,Y,Same Day,Refurbished,APM MAIN
2065588-001,Avante Health Solutions,,Y,Same Day,Refurbished,APM MAIN
2066261-00,Avante Health Solutions,,Y,Same Day,Refurbished,APM MAIN
2066261-008-N,Avante Health Solutions,,Y,Same Day,New OEM Original,APM MAIN
2067715-001,Avante Health Solutions,,Y,Same Day,Refurbished,APM MAIN
2067981-001,Avante Health Solutions,8.000000,Y,Same Day,Refurbished,APM MAIN
2067981-001-C,Avante Health Solutions,,Y,Same Day,Refurbished,APM MAIN
2067981-006,Avante Health Solutions,,Y,Same Day,Refurbished,APM MAIN
2067981-025-N,Avante Health Solutions,,Y,Same Day,New OEM Original,APM MAIN
2082041-007,Avante Health Solutions,,Y,Same Day,Refurbished,APM MAIN
2083166-001,Avante Health Solutions,,Y,Same Day,Refurbished,APM MAIN
2083166-001-N,Avante Health Solutions,,Y,Same Day,New OEM Original,APM MAIN
208395,Avante Health Solutions,,Y,Same Day,Refurbished,APM MAIN
2086113-001,Avante Health Solutions,,Y,Same Day,Refurbished,APM MAIN
2086113-001-1,Avante Health Solutions,,Y,Same Day,Refurbished,APM MAIN
2086113-001-N,Avante Health Solutions,2.000000,Y,Same Day,New OEM Original,APM MAIN
2089460-001,Avante Health Solutions,,Y,Same Day,Refurbished,APM MAIN
2089-84103C-0617,Avante Health Solutions,,Y,Same Day,Refurbished,APM MAIN
2090-0352,Avante Health Solutions,6.000000,Y,Same Day,Refurbished,APM MAIN
2090-0858,Avante Health Solutions,14.000000,Y,Same Day,Refurbished,APM MAIN
2090-0860,Avante Health Solutions,,Y,Same Day,Refurbished,APM MAIN
2090-0983,Avante Health Solutions,11.000000,Y,Same Day,Refurbished,APM MAIN
2090-0984-1,Avante Health Solutions,161.000000,Y,Same Day,Refurbished,APM MAIN
2090-0985,Avante Health Solutions,,Y,Same Day,Refurbished,APM MAIN
2090-0987,Avante Health Solutions,19.000000,Y,Same Day,Refurbished,APM MAIN
2091849-001,Avante Health Solutions,,Y,Same Day,Refurbished,APM MAIN
2091849-001-N,Avante Health Solutions,,Y,Same Day,New OEM Original,APM MAIN
2091919-001,Avante Health Solutions,,Y,Same Day,Refurbished,APM MAIN
2093301-001,Avante Health Solutions,,Y,Same Day,Refurbished,APM MAIN
2093610-001-N,Avante Health Solutions,5.000000,Y,Same Day,New OEM Original,APM MAIN
2097,Avante Health Solutions,1.000000,Y,Same Day,Refurbished,APM MAIN
2097152-001,Avante Health Solutions,,Y,Same Day,Refurbished,APM MAIN
2097152-001-N,Avante Health Solutions,4.000000,Y,Same Day,New OEM Original,APM MAIN
2098,Avante Health Solutions,3.000000,Y,Same Day,Refurbished,APM MAIN
2099,Avante Health Solutions,7.000000,Y,Same Day,Refurbished,APM MAIN
2102088-001-N,Avante Health Solutions,,Y,Same Day,New OEM Original,APM MAIN
2102088-002-N,Avante Health Solutions,,Y,Same Day,New OEM Original,APM MAIN
2109005-001-N,Avante Health Solutions,1.000000,Y,Same Day,New OEM Original,APM MAIN
21-2186-25-N,Avante Health Solutions,1.000000,Y,Same Day,New OEM Original,APM MAIN
21300-004885,Avante Health Solutions,,Y,Same Day,Refurbished,APM MAIN
21327-1000,Avante Health Solutions,6.000000,Y,Same Day,Refurbished,APM MAIN
214-0254-00,Avante Health Solutions,,Y,Same Day,Refurbished,APM MAIN
214-0254-00-N,Avante Health Solutions,26.000000,Y,Same Day,New OEM Original,APM MAIN
21496-1,Avante Health Solutions,,Y,Same Day,Refurbished,APM MAIN
21684-C,Avante Health Solutions,178.000000,Y,Same Day,Refurbished,APM MAIN
21-7002-24,Avante Health Solutions,,Y,Same Day,Refurbished,APM MAIN
21946-1,Avante Health Solutions,,Y,Same Day,Refurbished,APM MAIN
21946-2,Avante Health Solutions,,Y,Same Day,Refurbished,APM MAIN
2205064-2,Avante Health Solutions,105.000000,Y,Same Day,Refurbished,APM MAIN
22-1050-51-C,Avante Health Solutions,,Y,Same Day,Refurbished,APM MAIN
2223-NCL,Avante Health Solutions,,Y,Same Day,New OEM Original,APM MAIN
2227,Avante Health Solutions,1.000000,Y,Same Day,Refurbished,APM MAIN
223200667-N,Avante Health Solutions,,Y,Same Day,New OEM Original,APM MAIN
22-4003-C,Avante Health Solutions,85.000000,Y,Same Day,Refurbished,APM MAIN
22476-N,Avante Health Solutions,48.000000,Y,Same Day,New OEM Original,APM MAIN
22924,Avante Health Solutions,,Y,Same Day,Refurbished,APM MAIN
22934,Avante Health Solutions,,Y,Same Day,Refurbished,APM MAIN
22943,Avante Health Solutions,,Y,Same Day,Refurbished,APM MAIN
22-95-2034-N,Avante Health Solutions,36.000000,Y,Same Day,New OEM Original,APM MAIN
2342729-3,Avante Health Solutions,,Y,Same Day,Refurbished,APM MAIN
2350,Avante Health Solutions,,Y,Same Day,Refurbished,APM MAIN
2350-N,Avante Health Solutions,14.000000,Y,Same Day,New OEM Original,APM MAIN
2355880-4,Avante Health Solutions,,Y,Same Day,Refurbished,APM MAIN
2400-PS-C,Avante Health Solutions,,Y,Same Day,Refurbished,APM MAIN
2404028-10,Avante Health Solutions,,Y,Same Day,Refurbished,APM MAIN
2464AA0-N,Avante Health Solutions,,Y,Same Day,New OEM Original,APM MAIN
249133-C,Avante Health Solutions,3.000000,Y,Same Day,Refurbished,APM MAIN
25018-042-70-N,Avante Health Solutions,3.000000,Y,Same Day,New OEM Original,APM MAIN
25262-0000,Avante Health Solutions,,Y,Same Day,Refurbished,APM MAIN
25263-0000,Avante Health Solutions,,Y,Same Day,Refurbished,APM MAIN
28-02-0419,Avante Health Solutions,,Y,Same Day,Refurbished,APM MAIN
28-02-0483,Avante Health Solutions,,Y,Same Day,Refurbished,APM MAIN
284MA-15LY-N,Avante Health Solutions,5.000000,Y,Same Day,New OEM Original,APM MAIN
285MA-15LY-N,Avante Health Solutions,7.000000,Y,Same Day,New OEM Original,APM MAIN
2860505,Avante Health Solutions,,Y,Same Day,Refurbished,APM MAIN
2860521,Avante Health Solutions,,Y,Same Day,Refurbished,APM MAIN
2860530,Avante Health Solutions,,Y,Same Day,Refurbished,APM MAIN
2860539,Avante Health Solutions,,Y,Same Day,Refurbished,APM MAIN
2860604,Avante Health Solutions,,Y,Same Day,Refurbished,APM MAIN
2860604-S-N,Avante Health Solutions,,Y,Same Day,New OEM Original,APM MAIN
2860760,Avante Health Solutions,,Y,Same Day,Refurbished,APM MAIN
2860869,Avante Health Solutions,,Y,Same Day,Refurbished,APM MAIN
2861123,Avante Health Solutions,51.000000,Y,Same Day,Refurbished,APM MAIN
2861131,Avante Health Solutions,,Y,Same Day,Refurbished,APM MAIN
2897-NCL,Avante Health Solutions,,Y,Same Day,New OEM Original,APM MAIN
29-01-0303,Avante Health Solutions,2.000000,Y,Same Day,Refurbished,APM MAIN
29-01-0305,Avante Health Solutions,,Y,Same Day,Refurbished,APM MAIN
2C8419S,Avante Health Solutions,,Y,Same Day,Refurbished,APM MAIN
2L3211,Avante Health Solutions,20.000000,Y,Same Day,Refurbished,APM MAIN
2L3211-N,Avante Health Solutions,2.000000,Y,Same Day,New OEM Original,APM MAIN
2L3217-N,Avante Health Solutions,3.000000,Y,Same Day,New OEM Original,APM MAIN
30110-N,Avante Health Solutions,20.000000,Y,Same Day,New OEM Original,APM MAIN
302513,Avante Health Solutions,,Y,Same Day,Refurbished,APM MAIN
302513-N,Avante Health Solutions,4.000000,Y,Same Day,New OEM Original,APM MAIN
304100107601,Avante Health Solutions,,Y,Same Day,Refurbished,APM MAIN
30-4174-N,Avante Health Solutions,,Y,Same Day,New OEM Original,APM MAIN
30-4198-N,Avante Health Solutions,9.000000,Y,Same Day,New OEM Original,APM MAIN
30-4375-N,Avante Health Solutions,1.000000,Y,Same Day,New OEM Original,APM MAIN
30579,Avante Health Solutions,,Y,Same Day,Refurbished,APM MAIN
30595,Avante Health Solutions,,Y,Same Day,Refurbished,APM MAIN
306966-001,Avante Health Solutions,,Y,Same Day,Refurbished,APM MAIN
306966-001-N,Avante Health Solutions,27.000000,Y,Same Day,New OEM Original,APM MAIN
306981-003,Avante Health Solutions,,Y,Same Day,Refurbished,APM MAIN
30763,Avante Health Solutions,46.000000,Y,Same Day,Refurbished,APM MAIN
30B0023,Avante Health Solutions,61.000000,Y,Same Day,Refurbished,APM MAIN
30B0024,Avante Health Solutions,5.000000,Y,Same Day,Refurbished,APM MAIN
3100E-HB-01(GREEN)-N,Avante Health Solutions,46.000000,Y,Same Day,New OEM Original,APM MAIN
3100E-HB-01(YELLO)-N,Avante Health Solutions,32.000000,Y,Same Day,New OEM Original,APM MAIN
3103-AIR-NT2-N,Avante Health Solutions,30.000000,Y,Same Day,New OEM Original,APM MAIN
3103-OXY-NT2-N,Avante Health Solutions,38.000000,Y,Same Day,New OEM Original,APM MAIN
3103-VAC-NT2-N,Avante Health Solutions,7.000000,Y,Same Day,New OEM Original,APM MAIN
3104-VAC-NT2-N,Avante Health Solutions,6.000000,Y,Same Day,New OEM Original,APM MAIN
3105E-VAC-NT2-N,Avante Health Solutions,9.000000,Y,Same Day,New OEM Original,APM MAIN
3111U-VAC-NT2-N,Avante Health Solutions,35.000000,Y,Same Day,New OEM Original,APM MAIN
31479846-N,Avante Health Solutions,2.000000,Y,Same Day,New OEM Original,APM MAIN
315585,Avante Health Solutions,7.000000,Y,Same Day,Refurbished,APM MAIN
315586,Avante Health Solutions,37.000000,Y,Same Day,Refurbished,APM MAIN
315588,Avante Health Solutions,,Y,Same Day,Refurbished,APM MAIN
316674,Avante Health Solutions,32.000000,Y,Same Day,Refurbished,APM MAIN
320079,Avante Health Solutions,,Y,Same Day,Refurbished,APM MAIN
320108,Avante Health Solutions,,Y,Same Day,Refurbished,APM MAIN
320746,Avante Health Solutions,8.000000,Y,Same Day,Refurbished,APM MAIN
320748,Avante Health Solutions,19.000000,Y,Same Day,Refurbished,APM MAIN
320789,Avante Health Solutions,,Y,Same Day,Refurbished,APM MAIN
320855,Avante Health Solutions,,Y,Same Day,Refurbished,APM MAIN
321022-N,Avante Health Solutions,5.000000,Y,Same Day,New OEM Original,APM MAIN
321119,Avante Health Solutions,6.000000,Y,Same Day,Refurbished,APM MAIN
3211246,Avante Health Solutions,,Y,Same Day,Refurbished,APM MAIN
3222-VAC-HB5-N,Avante Health Solutions,,Y,Same Day,New OEM Original,APM MAIN
3301-VAC-NT2-N,Avante Health Solutions,,Y,Same Day,New OEM Original,APM MAIN
3312,Avante Health Solutions,,Y,Same Day,Refurbished,APM MAIN
3316,Avante Health Solutions,6.000000,Y,Same Day,Refurbished,APM MAIN
33175551-C,Avante Health Solutions,,Y,Same Day,Refurbished,APM MAIN
333-0431-05,Avante Health Solutions,,Y,Same Day,Refurbished,APM MAIN
333-0431-05-N,Avante Health Solutions,5.000000,Y,Same Day,New OEM Original,APM MAIN
333-0887-00-N,Avante Health Solutions,2.000000,Y,Same Day,New OEM Original,APM MAIN
333-0918,Avante Health Solutions,,Y,Same Day,Refurbished,APM MAIN
333-0919-00-N,Avante Health Solutions,,Y,Same Day,New OEM Original,APM MAIN
334-2155-00-N,Avante Health Solutions,1.000000,Y,Same Day,New OEM Original,APM MAIN
334-5430-02-N,Avante Health Solutions,1.000000,Y,Same Day,New OEM Original,APM MAIN
334-5483-00-N,Avante Health Solutions,1.000000,Y,Same Day,New OEM Original,APM MAIN
334-5934-15,Avante Health Solutions,,Y,Same Day,Refurbished,APM MAIN
334-5934-15-N,Avante Health Solutions,34.000000,Y,Same Day,New OEM Original,APM MAIN
33694-C,Avante Health Solutions,3.000000,Y,Same Day,Refurbished,APM MAIN
340-4114,Avante Health Solutions,,Y,Same Day,Refurbished,APM MAIN
34501770,Avante Health Solutions,,Y,Same Day,Refurbished,APM MAIN
34501797,Avante Health Solutions,,Y,Same Day,Refurbished,APM MAIN
34501819,Avante Health Solutions,4.000000,Y,Same Day,Refurbished,APM MAIN
34501835,Avante Health Solutions,,Y,Same Day,Refurbished,APM MAIN
34501878,Avante Health Solutions,16.000000,Y,Same Day,Refurbished,APM MAIN
3450193A,Avante Health Solutions,2.000000,Y,Same Day,Refurbished,APM MAIN
34502092,Avante Health Solutions,3.000000,Y,Same Day,Refurbished,APM MAIN
34502092-N,Avante Health Solutions,5.000000,Y,Same Day,New OEM Original,APM MAIN
34503412,Avante Health Solutions,6.000000,Y,Same Day,Refurbished,APM MAIN
34503450-N,Avante Health Solutions,4.000000,Y,Same Day,New OEM Original,APM MAIN
34505415,Avante Health Solutions,,Y,Same Day,Refurbished,APM MAIN
34505601,Avante Health Solutions,,Y,Same Day,Refurbished,APM MAIN
34505601-N,Avante Health Solutions,1.000000,Y,Same Day,New OEM Original,APM MAIN
34505725,Avante Health Solutions,8.000000,Y,Same Day,Refurbished,APM MAIN
34505857,Avante Health Solutions,19.000000,Y,Same Day,Refurbished,APM MAIN
34508740,Avante Health Solutions,7.000000,Y,Same Day,Refurbished,APM MAIN
34509054,Avante Health Solutions,12.000000,Y,Same Day,Refurbished,APM MAIN
34509054-N,Avante Health Solutions,19.000000,Y,Same Day,New OEM Original,APM MAIN
34520635,Avante Health Solutions,,Y,Same Day,Refurbished,APM MAIN
34520864,Avante Health Solutions,3.000000,Y,Same Day,Refurbished,APM MAIN
34520872,Avante Health Solutions,,Y,Same Day,Refurbished,APM MAIN
34520872-N,Avante Health Solutions,4.000000,Y,Same Day,New OEM Original,APM MAIN
34520880-N,Avante Health Solutions,2.000000,Y,Same Day,New OEM Original,APM MAIN
34520910,Avante Health Solutions,,Y,Same Day,Refurbished,APM MAIN
34520929,Avante Health Solutions,,Y,Same Day,Refurbished,APM MAIN
34520929-N,Avante Health Solutions,,Y,Same Day,New OEM Original,APM MAIN
34520937,Avante Health Solutions,1.000000,Y,Same Day,Refurbished,APM MAIN
34520970-3,Avante Health Solutions,,Y,Same Day,Refurbished,APM MAIN
34520988,Avante Health Solutions,13.000000,Y,Same Day,Refurbished,APM MAIN
34520996,Avante Health Solutions,,Y,Same Day,Refurbished,APM MAIN
34520996-N,Avante Health Solutions,2.000000,Y,Same Day,New OEM Original,APM MAIN
34521011,Avante Health Solutions,,Y,Same Day,Refurbished,APM MAIN
34521020,Avante Health Solutions,,Y,Same Day,Refurbished,APM MAIN
34521037,Avante Health Solutions,,Y,Same Day,Refurbished,APM MAIN
34521037-N,Avante Health Solutions,7.000000,Y,Same Day,New OEM Original,APM MAIN
34521046,Avante Health Solutions,,Y,Same Day,Refurbished,APM MAIN
34521046-N,Avante Health Solutions,2.000000,Y,Same Day,New OEM Original,APM MAIN
34521055,Avante Health Solutions,,Y,Same Day,Refurbished,APM MAIN
34521100,Avante Health Solutions,,Y,Same Day,Refurbished,APM MAIN
34521135-N,Avante Health Solutions,,Y,Same Day,New OEM Original,APM MAIN
34521186,Avante Health Solutions,,Y,Same Day,Refurbished,APM MAIN
34521305,Avante Health Solutions,,Y,Same Day,Refurbished,APM MAIN
34521313,Avante Health Solutions,,Y,Same Day,Refurbished,APM MAIN
34521330,Avante Health Solutions,,Y,Same Day,Refurbished,APM MAIN
34521330-N,Avante Health Solutions,5.000000,Y,Same Day,New OEM Original,APM MAIN
34521348,Avante Health Solutions,,Y,Same Day,Refurbished,APM MAIN
34521364,Avante Health Solutions,4.000000,Y,Same Day,Refurbished,APM MAIN
34521364-N,Avante Health Solutions,2.000000,Y,Same Day,New OEM Original,APM MAIN
34521380,Avante Health Solutions,,Y,Same Day,Refurbished,APM MAIN
34521402-N,Avante Health Solutions,8.000000,Y,Same Day,New OEM Original,APM MAIN
34521429,Avante Health Solutions,,Y,Same Day,Refurbished,APM MAIN
34521437,Avante Health Solutions,,Y,Same Day,Refurbished,APM MAIN
34521487-N,Avante Health Solutions,7.000000,Y,Same Day,New OEM Original,APM MAIN
34521550,Avante Health Solutions,,Y,Same Day,Refurbished,APM MAIN
34521550-N,Avante Health Solutions,5.000000,Y,Same Day,New OEM Original,APM MAIN
34521569,Avante Health Solutions,,Y,Same Day,Refurbished,APM MAIN
34712,Avante Health Solutions,,Y,Same Day,Refurbished,APM MAIN
34773096,Avante Health Solutions,80.000000,Y,Same Day,Refurbished,APM MAIN
34774270-N,Avante Health Solutions,24.000000,Y,Same Day,New OEM Original,APM MAIN
34774335-8,Avante Health Solutions,,Y,Same Day,Refurbished,APM MAIN
34774335-9,Avante Health Solutions,,Y,Same Day,Refurbished,APM MAIN
34774335-N,Avante Health Solutions,1.000000,Y,Same Day,New OEM Original,APM MAIN
34774355-S,Avante Health Solutions,,Y,Same Day,Refurbished,APM MAIN
34774355-S-N,Avante Health Solutions,19.000000,Y,Same Day,New OEM Original,APM MAIN
34774359,Avante Health Solutions,,Y,Same Day,Refurbished,APM MAIN
34774386,Avante Health Solutions,,Y,Same Day,Refurbished,APM MAIN
34774386-C,Avante Health Solutions,,Y,Same Day,Refurbished,APM MAIN
34774386-N,Avante Health Solutions,,Y,Same Day,New OEM Original,APM MAIN
34774386-S-C,Avante Health Solutions,130.000000,Y,Same Day,Refurbished,APM MAIN
34774386-S-N,Avante Health Solutions,422.000000,Y,Same Day,New OEM Original,APM MAIN
34774394-N,Avante Health Solutions,12.000000,Y,Same Day,New OEM Original,APM MAIN
35002S1,Avante Health Solutions,,Y,Same Day,Refurbished,APM MAIN
35083,Avante Health Solutions,9.000000,Y,Same Day,Refurbished,APM MAIN
35097,Avante Health Solutions,,Y,Same Day,Refurbished,APM MAIN
3512-N,Avante Health Solutions,10.000000,Y,Same Day,New OEM Original,APM MAIN
3516-N,Avante Health Solutions,5.000000,Y,Same Day,New OEM Original,APM MAIN
3519,Avante Health Solutions,,Y,Same Day,Refurbished,APM MAIN
3519-N,Avante Health Solutions,2.000000,Y,Same Day,New OEM Original,APM MAIN
3526,Avante Health Solutions,,Y,Same Day,Refurbished,APM MAIN
3526-N,Avante Health Solutions,19.000000,Y,Same Day,New OEM Original,APM MAIN
3527,Avante Health Solutions,,Y,Same Day,Refurbished,APM MAIN
3527-N,Avante Health Solutions,3.000000,Y,Same Day,New OEM Original,APM MAIN
3528A-N,Avante Health Solutions,1.000000,Y,Same Day,New OEM Original,APM MAIN
3529X-N,Avante Health Solutions,1.000000,Y,Same Day,New OEM Original,APM MAIN
35307,Avante Health Solutions,20.000000,Y,Same Day,Refurbished,APM MAIN
3532,Avante Health Solutions,,Y,Same Day,Refurbished,APM MAIN
3532-N,Avante Health Solutions,4.000000,Y,Same Day,New OEM Original,APM MAIN
3538AP-N,Avante Health Solutions,5.000000,Y,Same Day,New OEM Original,APM MAIN
35709,Avante Health Solutions,108.000000,Y,Same Day,Refurbished,APM MAIN
35709-C,Avante Health Solutions,7.000000,Y,Same Day,Refurbished,APM MAIN
35712,Avante Health Solutions,643.000000,Y,Same Day,Refurbished,APM MAIN
35714,Avante Health Solutions,7.000000,Y,Same Day,Refurbished,APM MAIN
35714-C,Avante Health Solutions,6.000000,Y,Same Day,Refurbished,APM MAIN
35724,Avante Health Solutions,54.000000,Y,Same Day,Refurbished,APM MAIN
3573-N,Avante Health Solutions,23.000000,Y,Same Day,New OEM Original,APM MAIN
35743,Avante Health Solutions,10.000000,Y,Same Day,Refurbished,APM MAIN
3605-N,Avante Health Solutions,1.000000,Y,Same Day,New OEM Original,APM MAIN
3608-N,Avante Health Solutions,8.000000,Y,Same Day,New OEM Original,APM MAIN
3610-N,Avante Health Solutions,5.000000,Y,Same Day,New OEM Original,APM MAIN
3613-N,Avante Health Solutions,5.000000,Y,Same Day,New OEM Original,APM MAIN
36333,Avante Health Solutions,3.000000,Y,Same Day,Refurbished,APM MAIN
3658-N,Avante Health Solutions,2.000000,Y,Same Day,New OEM Original,APM MAIN
367-0850-05,Avante Health Solutions,,Y,Same Day,Refurbished,APM MAIN
367-0850-05-N,Avante Health Solutions,24.000000,Y,Same Day,New OEM Original,APM MAIN
3818,Avante Health Solutions,,Y,Same Day,Refurbished,APM MAIN
3821,Avante Health Solutions,,Y,Same Day,Refurbished,APM MAIN
382492,Avante Health Solutions,74.000000,Y,Same Day,Refurbished,APM MAIN
383491-N,Avante Health Solutions,1.000000,Y,Same Day,New OEM Original,APM MAIN
39173399-S-N,Avante Health Solutions,247.000000,Y,Same Day,New OEM Original,APM MAIN
39173500-S,Avante Health Solutions,,Y,Same Day,Refurbished,APM MAIN
39322378,Avante Health Solutions,,Y,Same Day,Refurbished,APM MAIN
39684,Avante Health Solutions,,Y,Same Day,Refurbished,APM MAIN
400195,Avante Health Solutions,8.000000,Y,Same Day,Refurbished,APM MAIN
400198,Avante Health Solutions,19.000000,Y,Same Day,Refurbished,APM MAIN
4-003818-00,Avante Health Solutions,,Y,Same Day,Refurbished,APM MAIN
400387,Avante Health Solutions,7.000000,Y,Same Day,Refurbished,APM MAIN
400652,Avante Health Solutions,11.000000,Y,Same Day,Refurbished,APM MAIN
400895-001,Avante Health Solutions,,Y,Same Day,Refurbished,APM MAIN
400982-001,Avante Health Solutions,,Y,Same Day,Refurbished,APM MAIN
400985-001,Avante Health Solutions,,Y,Same Day,Refurbished,APM MAIN
401250,Avante Health Solutions,15.000000,Y,Same Day,Refurbished,APM MAIN
401309-102,Avante Health Solutions,,Y,Same Day,Refurbished,APM MAIN
401679-001,Avante Health Solutions,,Y,Same Day,Refurbished,APM MAIN
401679-002,Avante Health Solutions,,Y,Same Day,Refurbished,APM MAIN
401681-001,Avante Health Solutions,,Y,Same Day,Refurbished,APM MAIN
402329-001,Avante Health Solutions,,Y,Same Day,Refurbished,APM MAIN
402668-008,Avante Health Solutions,8.000000,Y,Same Day,Refurbished,APM MAIN
402668-008-N,Avante Health Solutions,1.000000,Y,Same Day,New OEM Original,APM MAIN
403304,Avante Health Solutions,2.000000,Y,Same Day,Refurbished,APM MAIN
403549-002,Avante Health Solutions,,Y,Same Day,Refurbished,APM MAIN
403912,Avante Health Solutions,16.000000,Y,Same Day,Refurbished,APM MAIN
404264-001,Avante Health Solutions,,Y,Same Day,Refurbished,APM MAIN
404296-001,Avante Health Solutions,,Y,Same Day,Refurbished,APM MAIN
404620-001,Avante Health Solutions,,Y,Same Day,Refurbished,APM MAIN
404621-001,Avante Health Solutions,,Y,Same Day,Refurbished,APM MAIN
404673-006,Avante Health Solutions,5.000000,Y,Same Day,Refurbished,APM MAIN
404685-003,Avante Health Solutions,,Y,Same Day,Refurbished,APM MAIN
40477A,Avante Health Solutions,,Y,Same Day,Refurbished,APM MAIN
40477B,Avante Health Solutions,,Y,Same Day,Refurbished,APM MAIN
405535-002,Avante Health Solutions,,Y,Same Day,Refurbished,APM MAIN
406080-001,Avante Health Solutions,,Y,Same Day,Refurbished,APM MAIN
406254-001,Avante Health Solutions,,Y,Same Day,Refurbished,APM MAIN
408169-002,Avante Health Solutions,,Y,Same Day,Refurbished,APM MAIN
408199-002,Avante Health Solutions,,Y,Same Day,Refurbished,APM MAIN
41001-C,Avante Health Solutions,2.000000,Y,Same Day,Refurbished,APM MAIN
411305-003,Avante Health Solutions,,Y,Same Day,Refurbished,APM MAIN
412341-001-N,Avante Health Solutions,6.000000,Y,Same Day,New OEM Original,APM MAIN
412342-001-N,Avante Health Solutions,3.000000,Y,Same Day,New OEM Original,APM MAIN
412574,Avante Health Solutions,,Y,Same Day,Refurbished,APM MAIN
412659-003,Avante Health Solutions,,Y,Same Day,Refurbished,APM MAIN
412736-001,Avante Health Solutions,,Y,Same Day,Refurbished,APM MAIN
412897,Avante Health Solutions,,Y,Same Day,Refurbished,APM MAIN
413021-001,Avante Health Solutions,,Y,Same Day,Refurbished,APM MAIN
414409-001,Avante Health Solutions,,Y,Same Day,Refurbished,APM MAIN
414409-002,Avante Health Solutions,,Y,Same Day,Refurbished,APM MAIN
414409-003,Avante Health Solutions,,Y,Same Day,Refurbished,APM MAIN
414640-002,Avante Health Solutions,5.000000,Y,Same Day,Refurbished,APM MAIN
414925-002,Avante Health Solutions,,Y,Same Day,Refurbished,APM MAIN
415999-002-N,Avante Health Solutions,,Y,Same Day,New OEM Original,APM MAIN
416015-001,Avante Health Solutions,,Y,Same Day,Refurbished,APM MAIN
416015-001-N,Avante Health Solutions,3.000000,Y,Same Day,New OEM Original,APM MAIN
417121-002,Avante Health Solutions,,Y,Same Day,Refurbished,APM MAIN
417436-001,Avante Health Solutions,,Y,Same Day,Refurbished,APM MAIN
417436-002,Avante Health Solutions,,Y,Same Day,Refurbished,APM MAIN
417980-003,Avante Health Solutions,,Y,Same Day,Refurbished,APM MAIN
418957-003,Avante Health Solutions,,Y,Same Day,Refurbished,APM MAIN
418961-001,Avante Health Solutions,,Y,Same Day,Refurbished,APM MAIN
419024-003,Avante Health Solutions,,Y,Same Day,Refurbished,APM MAIN
419378-001,Avante Health Solutions,3.000000,Y,Same Day,Refurbished,APM MAIN
419454-002,Avante Health Solutions,,Y,Same Day,Refurbished,APM MAIN
419454-002-N,Avante Health Solutions,4.000000,Y,Same Day,New OEM Original,APM MAIN
419483-001,Avante Health Solutions,,Y,Same Day,Refurbished,APM MAIN
419483-003A,Avante Health Solutions,,Y,Same Day,Refurbished,APM MAIN
419557-001,Avante Health Solutions,,Y,Same Day,Refurbished,APM MAIN
419577-001,Avante Health Solutions,,Y,Same Day,Refurbished,APM MAIN
419979-001-N,Avante Health Solutions,2.000000,Y,Same Day,New OEM Original,APM MAIN
420001-001,Avante Health Solutions,,Y,Same Day,Refurbished,APM MAIN
420148-001,Avante Health Solutions,,Y,Same Day,Refurbished,APM MAIN
420148-001-N,Avante Health Solutions,,Y,Same Day,New OEM Original,APM MAIN
42058-N,Avante Health Solutions,,Y,Same Day,New OEM Original,APM MAIN
42074-N,Avante Health Solutions,3.000000,Y,Same Day,New OEM Original,APM MAIN
421020-501,Avante Health Solutions,,Y,Same Day,Refurbished,APM MAIN
421023-501,Avante Health Solutions,,Y,Same Day,Refurbished,APM MAIN
421040-1,Avante Health Solutions,,Y,Same Day,Refurbished,APM MAIN
421042,Avante Health Solutions,,Y,Same Day,Refurbished,APM MAIN
421044,Avante Health Solutions,1.000000,Y,Same Day,Refurbished,APM MAIN
421049-502,Avante Health Solutions,,Y,Same Day,Refurbished,APM MAIN
421049-502-N,Avante Health Solutions,,Y,Same Day,New OEM Original,APM MAIN
421115-101,Avante Health Solutions,,Y,Same Day,Refurbished,APM MAIN
421117-001,Avante Health Solutions,3.000000,Y,Same Day,Refurbished,APM MAIN
421263-003,Avante Health Solutions,,Y,Same Day,Refurbished,APM MAIN
421717-001,Avante Health Solutions,13.000000,Y,Same Day,Refurbished,APM MAIN
421816-001,Avante Health Solutions,,Y,Same Day,Refurbished,APM MAIN
421877-001,Avante Health Solutions,,Y,Same Day,Refurbished,APM MAIN
421952-001,Avante Health Solutions,,Y,Same Day,Refurbished,APM MAIN
422309-001,Avante Health Solutions,3.000000,Y,Same Day,Refurbished,APM MAIN
422429-001,Avante Health Solutions,,Y,Same Day,Refurbished,APM MAIN
422647-001,Avante Health Solutions,58.000000,Y,Same Day,Refurbished,APM MAIN
426-0048-03,Avante Health Solutions,,Y,Same Day,Refurbished,APM MAIN
43187,Avante Health Solutions,1.000000,Y,Same Day,Refurbished,APM MAIN
43187-N,Avante Health Solutions,6.000000,Y,Same Day,New OEM Original,APM MAIN
432-0173-02,Avante Health Solutions,,Y,Same Day,Refurbished,APM MAIN
432-0173-02-N,Avante Health Solutions,,Y,Same Day,New OEM Original,APM MAIN
4322975-N,Avante Health Solutions,2.000000,Y,Same Day,New OEM Original,APM MAIN
435256,Avante Health Solutions,1.000000,Y,Same Day,Refurbished,APM MAIN
437-5047-00,Avante Health Solutions,,Y,Same Day,Refurbished,APM MAIN
437-5047-00-N,Avante Health Solutions,,Y,Same Day,New OEM Original,APM MAIN
437-5109-01,Avante Health Solutions,,Y,Same Day,Refurbished,APM MAIN
437-5120-00,Avante Health Solutions,,Y,Same Day,Refurbished,APM MAIN
4500-PS,Avante Health Solutions,3.000000,Y,Same Day,Refurbished,APM MAIN
4500-PS-C,Avante Health Solutions,4.000000,Y,Same Day,Refurbished,APM MAIN
451261005261-N,Avante Health Solutions,,Y,Same Day,New OEM Original,APM MAIN
451261010261,Avante Health Solutions,,Y,Same Day,Refurbished,APM MAIN
451261010381,Avante Health Solutions,,Y,Same Day,Refurbished,APM MAIN
451261019101,Avante Health Solutions,,Y,Same Day,Refurbished,APM MAIN
451261019431,Avante Health Solutions,,Y,Same Day,Refurbished,APM MAIN
451261020831-N,Avante Health Solutions,1.000000,Y,Same Day,New OEM Original,APM MAIN
451261021091-N,Avante Health Solutions,,Y,Same Day,New OEM Original,APM MAIN
451261021101,Avante Health Solutions,3.000000,Y,Same Day,Refurbished,APM MAIN
451261021101-N,Avante Health Solutions,21.000000,Y,Same Day,New OEM Original,APM MAIN
451261024391,Avante Health Solutions,,Y,Same Day,Refurbished,APM MAIN
451261024401,Avante Health Solutions,,Y,Same Day,Refurbished,APM MAIN
451261024421,Avante Health Solutions,10.000000,Y,Same Day,Refurbished,APM MAIN
451261024431,Avante Health Solutions,,Y,Same Day,Refurbished,APM MAIN
451261024441,Avante Health Solutions,,Y,Same Day,Refurbished,APM MAIN
451261024451,Avante Health Solutions,,Y,Same Day,Refurbished,APM MAIN
451261024461,Avante Health Solutions,,Y,Same Day,Refurbished,APM MAIN
451261024471,Avante Health Solutions,,Y,Same Day,Refurbished,APM MAIN
451261024471-C,Avante Health Solutions,7.000000,Y,Same Day,Refurbished,APM MAIN
451261024471-N,Avante Health Solutions,3.000000,Y,Same Day,New OEM Original,APM MAIN
451261024491,Avante Health Solutions,,Y,Same Day,Refurbished,APM MAIN
451261024491-C,Avante Health Solutions,12.000000,Y,Same Day,Refurbished,APM MAIN
451261024491-N,Avante Health Solutions,9.000000,Y,Same Day,New OEM Original,APM MAIN
451261024531-N,Avante Health Solutions,,Y,Same Day,New OEM Original,APM MAIN
451261024621-C,Avante Health Solutions,38.000000,Y,Same Day,Refurbished,APM MAIN
451261024621-N,Avante Health Solutions,,Y,Same Day,New OEM Original,APM MAIN
451261026321,Avante Health Solutions,,Y,Same Day,Refurbished,APM MAIN
453364313661,Avante Health Solutions,,Y,Same Day,Refurbished,APM MAIN
453561224462,Avante Health Solutions,,Y,Same Day,Refurbished,APM MAIN
453561499154,Avante Health Solutions,,Y,Same Day,Refurbished,APM MAIN
453561654961,Avante Health Solutions,,Y,Same Day,Refurbished,APM MAIN
453561702023,Avante Health Solutions,,Y,Same Day,Refurbished,APM MAIN
453563064911,Avante Health Solutions,,Y,Same Day,Refurbished,APM MAIN
453563456811-N,Avante Health Solutions,,Y,Same Day,New OEM Original,APM MAIN
453563456811-S-N,Avante Health Solutions,,Y,Same Day,New OEM Original,APM MAIN
453563463631-N,Avante Health Solutions,2.000000,Y,Same Day,New OEM Original,APM MAIN
453563464761,Avante Health Solutions,128.000000,Y,Same Day,Refurbished,APM MAIN
453563464771,Avante Health Solutions,10.000000,Y,Same Day,Refurbished,APM MAIN
453563476891,Avante Health Solutions,,Y,Same Day,Refurbished,APM MAIN
453563480071,Avante Health Solutions,,Y,Same Day,Refurbished,APM MAIN
453563488851,Avante Health Solutions,249.000000,Y,Same Day,Refurbished,APM MAIN
453564008031,Avante Health Solutions,3.000000,Y,Same Day,Refurbished,APM MAIN
453564010811,Avante Health Solutions,11.000000,Y,Same Day,Refurbished,APM MAIN
453564015241,Avante Health Solutions,,Y,Same Day,Refurbished,APM MAIN
453564015381,Avante Health Solutions,,Y,Same Day,Refurbished,APM MAIN
453564015961,Avante Health Solutions,,Y,Same Day,Refurbished,APM MAIN
453564016051,Avante Health Solutions,1.000000,Y,Same Day,Refurbished,APM MAIN
453564016211,Avante Health Solutions,11.000000,Y,Same Day,Refurbished,APM MAIN
453564020241,Avante Health Solutions,29.000000,Y,Same Day,Refurbished,APM MAIN
453564020261,Avante Health Solutions,86.000000,Y,Same Day,Refurbished,APM MAIN
453564020271,Avante Health Solutions,109.000000,Y,Same Day,Refurbished,APM MAIN
453564020291,Avante Health Solutions,11.000000,Y,Same Day,Refurbished,APM MAIN
453564020311,Avante Health Solutions,54.000000,Y,Same Day,Refurbished,APM MAIN
453564020351,Avante Health Solutions,6.000000,Y,Same Day,Refurbished,APM MAIN
453564020361,Avante Health Solutions,3.000000,Y,Same Day,Refurbished,APM MAIN
453564020361-OLD,Avante Health Solutions,,Y,Same Day,Refurbished,APM MAIN
453564020381,Avante Health Solutions,10.000000,Y,Same Day,Refurbished,APM MAIN
453564020421,Avante Health Solutions,29.000000,Y,Same Day,Refurbished,APM MAIN
453564020451,Avante Health Solutions,,Y,Same Day,Refurbished,APM MAIN
453564020461,Avante Health Solutions,1.000000,Y,Same Day,Refurbished,APM MAIN
453564020471,Avante Health Solutions,60.000000,Y,Same Day,Refurbished,APM MAIN
453564020511,Avante Health Solutions,2.000000,Y,Same Day,Refurbished,APM MAIN
453564020531,Avante Health Solutions,,Y,Same Day,Refurbished,APM MAIN
453564021771,Avante Health Solutions,20.000000,Y,Same Day,Refurbished,APM MAIN
453564023331,Avante Health Solutions,,Y,Same Day,Refurbished,APM MAIN
453564024511,Avante Health Solutions,,Y,Same Day,Refurbished,APM MAIN
453564024531,Avante Health Solutions,5.000000,Y,Same Day,Refurbished,APM MAIN
453564024541,Avante Health Solutions,47.000000,Y,Same Day,Refurbished,APM MAIN
453564024581,Avante Health Solutions,,Y,Same Day,Refurbished,APM MAIN
453564024591,Avante Health Solutions,87.000000,Y,Same Day,Refurbished,APM MAIN
453564024601-N,Avante Health Solutions,2.000000,Y,Same Day,New OEM Original,APM MAIN
453564024611,Avante Health Solutions,,Y,Same Day,Refurbished,APM MAIN
453564024611-C,Avante Health Solutions,,Y,Same Day,Refurbished,APM MAIN
453564024621,Avante Health Solutions,8.000000,Y,Same Day,Refurbished,APM MAIN
453564024651,Avante Health Solutions,1.000000,Y,Same Day,Refurbished,APM MAIN
453564024651-N,Avante Health Solutions,4.000000,Y,Same Day,New OEM Original,APM MAIN
453564024661,Avante Health Solutions,3.000000,Y,Same Day,Refurbished,APM MAIN
453564024681,Avante Health Solutions,30.000000,Y,Same Day,Refurbished,APM MAIN
453564025431,Avante Health Solutions,35.000000,Y,Same Day,Refurbished,APM MAIN
453564031481,Avante Health Solutions,,Y,Same Day,Refurbished,APM MAIN
453564031481-10,Avante Health Solutions,11.000000,Y,Same Day,Refurbished,APM MAIN
453564031481-11,Avante Health Solutions,,Y,Same Day,Refurbished,APM MAIN
453564031481-4,Avante Health Solutions,,Y,Same Day,Refurbished,APM MAIN
453564031481-N,Avante Health Solutions,,Y,Same Day,New OEM Original,APM MAIN
453564041381,Avante Health Solutions,60.000000,Y,Same Day,Refurbished,APM MAIN
453564041441,Avante Health Solutions,60.000000,Y,Same Day,Refurbished,APM MAIN
453564041441-M,Avante Health Solutions,26.000000,Y,Same Day,Refurbished,APM MAIN
453564041451,Avante Health Solutions,3.000000,Y,Same Day,Refurbished,APM MAIN
453564041461,Avante Health Solutions,1.000000,Y,Same Day,Refurbished,APM MAIN
453564041461-C,Avante Health Solutions,1.000000,Y,Same Day,Refurbished,APM MAIN
453564041481,Avante Health Solutions,114.000000,Y,Same Day,Refurbished,APM MAIN
453564048611,Avante Health Solutions,,Y,Same Day,Refurbished,APM MAIN
453564051201,Avante Health Solutions,47.000000,Y,Same Day,Refurbished,APM MAIN
453564052521,Avante Health Solutions,17.000000,Y,Same Day,Refurbished,APM MAIN
453564053881,Avante Health Solutions,,Y,Same Day,Refurbished,APM MAIN
453564067201-N,Avante Health Solutions,7.000000,Y,Same Day,New OEM Original,APM MAIN
453564076721,Avante Health Solutions,,Y,Same Day,Refurbished,APM MAIN
453564081661,Avante Health Solutions,,Y,Same Day,Refurbished,APM MAIN
453564094201,Avante Health Solutions,4.000000,Y,Same Day,Refurbished,APM MAIN
453564094221,Avante Health Solutions,,Y,Same Day,Refurbished,APM MAIN
453564094281,Avante Health Solutions,5.000000,Y,Same Day,Refurbished,APM MAIN
453564094411,Avante Health Solutions,17.000000,Y,Same Day,Refurbished,APM MAIN
453564095571,Avante Health Solutions,,Y,Same Day,Refurbished,APM MAIN
453564095601,Avante Health Solutions,,Y,Same Day,Refurbished,APM MAIN
453564095691,Avante Health Solutions,,Y,Same Day,Refurbished,APM MAIN
453564095831,Avante Health Solutions,54.000000,Y,Same Day,Refurbished,APM MAIN
453564096401,Avante Health Solutions,3.000000,Y,Same Day,Refurbished,APM MAIN
453564096421,Avante Health Solutions,2.000000,Y,Same Day,Refurbished,APM MAIN
453564098001,Avante Health Solutions,7.000000,Y,Same Day,Refurbished,APM MAIN
453564099221,Avante Health Solutions,,Y,Same Day,Refurbished,APM MAIN
453564099331,Avante Health Solutions,300.000000,Y,Same Day,Refurbished,APM MAIN
453564104821,Avante Health Solutions,1.000000,Y,Same Day,Refurbished,APM MAIN
453564104821-N,Avante Health Solutions,20.000000,Y,Same Day,New OEM Original,APM MAIN
453564106531,Avante Health Solutions,,Y,Same Day,Refurbished,APM MAIN
453564107681,Avante Health Solutions,8.000000,Y,Same Day,Refurbished,APM MAIN
453564107710,Avante Health Solutions,16.000000,Y,Same Day,Refurbished,APM MAIN
453564107711,Avante Health Solutions,35.000000,Y,Same Day,Refurbished,APM MAIN
453564107751-1,Avante Health Solutions,,Y,Same Day,Refurbished,APM MAIN
453564107751-10,Avante Health Solutions,5.000000,Y,Same Day,Refurbished,APM MAIN
453564107751-2,Avante Health Solutions,,Y,Same Day,Refurbished,APM MAIN
453564107751-8,Avante Health Solutions,34.000000,Y,Same Day,Refurbished,APM MAIN
453564107751-9,Avante Health Solutions,,Y,Same Day,Refurbished,APM MAIN
453564107751-N,Avante Health Solutions,2.000000,Y,Same Day,New OEM Original,APM MAIN
453564107771,Avante Health Solutions,,Y,Same Day,Refurbished,APM MAIN
453564107771-1,Avante Health Solutions,,Y,Same Day,Refurbished,APM MAIN
453564107771-5,Avante Health Solutions,9.000000,Y,Same Day,Refurbished,APM MAIN
453564110481,Avante Health Solutions,,Y,Same Day,Refurbished,APM MAIN
453564113811,Avante Health Solutions,,Y,Same Day,Refurbished,APM MAIN
453564116891-N,Avante Health Solutions,,Y,Same Day,New OEM Original,APM MAIN
453564123841,Avante Health Solutions,,Y,Same Day,Refurbished,APM MAIN
453564124601,Avante Health Solutions,,Y,Same Day,Refurbished,APM MAIN
453564148291,Avante Health Solutions,11.000000,Y,Same Day,Refurbished,APM MAIN
453564150741,Avante Health Solutions,,Y,Same Day,Refurbished,APM MAIN
453564150751,Avante Health Solutions,9.000000,Y,Same Day,Refurbished,APM MAIN
453564150751-P,Avante Health Solutions,,Y,Same Day,Refurbished,APM MAIN
453564170001,Avante Health Solutions,,Y,Same Day,Refurbished,APM MAIN
453564170121,Avante Health Solutions,,Y,Same Day,Refurbished,APM MAIN
453564172631,Avante Health Solutions,7.000000,Y,Same Day,Refurbished,APM MAIN
453564173391,Avante Health Solutions,,Y,Same Day,Refurbished,APM MAIN
453564175491,Avante Health Solutions,,Y,Same Day,Refurbished,APM MAIN
453564183291-N,Avante Health Solutions,4.000000,Y,Same Day,New OEM Original,APM MAIN
453564186012,Avante Health Solutions,,Y,Same Day,Refurbished,APM MAIN
453564186018,Avante Health Solutions,,Y,Same Day,Refurbished,APM MAIN
453564186021,Avante Health Solutions,,Y,Same Day,Refurbished,APM MAIN
453564186031,Avante Health Solutions,,Y,Same Day,Refurbished,APM MAIN
453564186041,Avante Health Solutions,,Y,Same Day,Refurbished,APM MAIN
453564186051,Avante Health Solutions,,Y,Same Day,Refurbished,APM MAIN
453564186081,Avante Health Solutions,,Y,Same Day,Refurbished,APM MAIN
453564186251,Avante Health Solutions,10.000000,Y,Same Day,Refurbished,APM MAIN
453564186271,Avante Health Solutions,1.000000,Y,Same Day,Refurbished,APM MAIN
453564187321,Avante Health Solutions,83.000000,Y,Same Day,Refurbished,APM MAIN
453564188471,Avante Health Solutions,,Y,Same Day,Refurbished,APM MAIN
453564188471-C,Avante Health Solutions,389.000000,Y,Same Day,Refurbished,APM MAIN
453564188471-C-S,Avante Health Solutions,34.000000,Y,Same Day,Refurbished,APM MAIN
453564188471-N-S,Avante Health Solutions,,Y,Same Day,New OEM Original,APM MAIN
453564188471-S,Avante Health Solutions,16.000000,Y,Same Day,Refurbished,APM MAIN
453564188481,Avante Health Solutions,130.000000,Y,Same Day,Refurbished,APM MAIN
453564189891,Avante Health Solutions,,Y,Same Day,Refurbished,APM MAIN
453564193561,Avante Health Solutions,,Y,Same Day,Refurbished,APM MAIN
453564194941,Avante Health Solutions,,Y,Same Day,Refurbished,APM MAIN
453564200161,Avante Health Solutions,24.000000,Y,Same Day,Refurbished,APM MAIN
453564204361,Avante Health Solutions,9.000000,Y,Same Day,Refurbished,APM MAIN
453564204381,Avante Health Solutions,9.000000,Y,Same Day,Refurbished,APM MAIN
453564204431,Avante Health Solutions,,Y,Same Day,Refurbished,APM MAIN
453564204431-N,Avante Health Solutions,,Y,Same Day,New OEM Original,APM MAIN
453564204481,Avante Health Solutions,2.000000,Y,Same Day,Refurbished,APM MAIN
453564204521-N,Avante Health Solutions,,Y,Same Day,New OEM Original,APM MAIN
453564204611,Avante Health Solutions,,Y,Same Day,Refurbished,APM MAIN
453564204621,Avante Health Solutions,1.000000,Y,Same Day,Refurbished,APM MAIN
453564204621-1-C,Avante Health Solutions,6.000000,Y,Same Day,Refurbished,APM MAIN
453564204621-N,Avante Health Solutions,,Y,Same Day,New OEM Original,APM MAIN
453564204631-N,Avante Health Solutions,,Y,Same Day,New OEM Original,APM MAIN
453564204671-N,Avante Health Solutions,,Y,Same Day,New OEM Original,APM MAIN
453564204701-N,Avante Health Solutions,,Y,Same Day,New OEM Original,APM MAIN
453564208071,Avante Health Solutions,1.000000,Y,Same Day,Refurbished,APM MAIN
453564208091,Avante Health Solutions,,Y,Same Day,Refurbished,APM MAIN
453564212481,Avante Health Solutions,7.000000,Y,Same Day,Refurbished,APM MAIN
453564219911-2,Avante Health Solutions,19.000000,Y,Same Day,Refurbished,APM MAIN
453564219911-3,Avante Health Solutions,20.000000,Y,Same Day,Refurbished,APM MAIN
453564219911-N,Avante Health Solutions,74.000000,Y,Same Day,New OEM Original,APM MAIN
453564219921-N,Avante Health Solutions,27.000000,Y,Same Day,New OEM Original,APM MAIN
453564219941-N,Avante Health Solutions,,Y,Same Day,New OEM Original,APM MAIN
453564219961,Avante Health Solutions,2.000000,Y,Same Day,Refurbished,APM MAIN
453564234361,Avante Health Solutions,,Y,Same Day,Refurbished,APM MAIN
453564238621,Avante Health Solutions,103.000000,Y,Same Day,Refurbished,APM MAIN
453564242221-C,Avante Health Solutions,,Y,Same Day,Refurbished,APM MAIN
453564245541-N,Avante Health Solutions,38.000000,Y,Same Day,New OEM Original,APM MAIN
453564246121,Avante Health Solutions,,Y,Same Day,Refurbished,APM MAIN
453564246141,Avante Health Solutions,,Y,Same Day,Refurbished,APM MAIN
453564246141-S-N,Avante Health Solutions,3.000000,Y,Same Day,New OEM Original,APM MAIN
453564249541,Avante Health Solutions,,Y,Same Day,Refurbished,APM MAIN
453564249541-N,Avante Health Solutions,,Y,Same Day,New OEM Original,APM MAIN
453564251831,Avante Health Solutions,,Y,Same Day,Refurbished,APM MAIN
453564255081,Avante Health Solutions,1.000000,Y,Same Day,Refurbished,APM MAIN
453564257691,Avante Health Solutions,,Y,Same Day,Refurbished,APM MAIN
453564260821-N,Avante Health Solutions,,Y,Same Day,New OEM Original,APM MAIN
453564260841,Avante Health Solutions,6.000000,Y,Same Day,Refurbished,APM MAIN
453564260861-N,Avante Health Solutions,2.000000,Y,Same Day,New OEM Original,APM MAIN
453564260871,Avante Health Solutions,5.000000,Y,Same Day,Refurbished,APM MAIN
453564260871-1-C,Avante Health Solutions,2.000000,Y,Same Day,Refurbished,APM MAIN
453564260871-N,Avante Health Solutions,,Y,Same Day,New OEM Original,APM MAIN
453564260891-N,Avante Health Solutions,1.000000,Y,Same Day,New OEM Original,APM MAIN
453564260911,Avante Health Solutions,5.000000,Y,Same Day,Refurbished,APM MAIN
453564260951-N,Avante Health Solutions,9.000000,Y,Same Day,New OEM Original,APM MAIN
453564260991,Avante Health Solutions,5.000000,Y,Same Day,Refurbished,APM MAIN
453564261021,Avante Health Solutions,4.000000,Y,Same Day,Refurbished,APM MAIN
453564262111,Avante Health Solutions,,Y,Same Day,Refurbished,APM MAIN
453564262151,Avante Health Solutions,5.000000,Y,Same Day,Refurbished,APM MAIN
453564270061,Avante Health Solutions,,Y,Same Day,Refurbished,APM MAIN
453564270061-C,Avante Health Solutions,17.000000,Y,Same Day,Refurbished,APM MAIN
453564270091,Avante Health Solutions,42.000000,Y,Same Day,Refurbished,APM MAIN
453564270101,Avante Health Solutions,6.000000,Y,Same Day,Refurbished,APM MAIN
453564270101-N,Avante Health Solutions,2.000000,Y,Same Day,New OEM Original,APM MAIN
453564270111,Avante Health Solutions,,Y,Same Day,Refurbished,APM MAIN
453564270131,Avante Health Solutions,46.000000,Y,Same Day,Refurbished,APM MAIN
453564270141,Avante Health Solutions,13.000000,Y,Same Day,Refurbished,APM MAIN
453564270151,Avante Health Solutions,,Y,Same Day,Refurbished,APM MAIN
453564270161,Avante Health Solutions,3.000000,Y,Same Day,Refurbished,APM MAIN
453564270171,Avante Health Solutions,12.000000,Y,Same Day,Refurbished,APM MAIN
453564270171-N,Avante Health Solutions,10.000000,Y,Same Day,New OEM Original,APM MAIN
453564270191,Avante Health Solutions,14.000000,Y,Same Day,Refurbished,APM MAIN
453564270201-15,Avante Health Solutions,,Y,Same Day,Refurbished,APM MAIN
453564270201-3,Avante Health Solutions,9.000000,Y,Same Day,Refurbished,APM MAIN
453564270211,Avante Health Solutions,24.000000,Y,Same Day,Refurbished,APM MAIN
453564270221,Avante Health Solutions,,Y,Same Day,Refurbished,APM MAIN
453564270421-N,Avante Health Solutions,1.000000,Y,Same Day,New OEM Original,APM MAIN
453564270591,Avante Health Solutions,35.000000,Y,Same Day,Refurbished,APM MAIN
453564270851-N,Avante Health Solutions,5.000000,Y,Same Day,New OEM Original,APM MAIN
453564270961,Avante Health Solutions,,Y,Same Day,Refurbished,APM MAIN
453564281221,Avante Health Solutions,,Y,Same Day,Refurbished,APM MAIN
453564281221-N,Avante Health Solutions,,Y,Same Day,New OEM Original,APM MAIN
453564315151,Avante Health Solutions,,Y,Same Day,Refurbished,APM MAIN
453564315151-1,Avante Health Solutions,,Y,Same Day,Refurbished,APM MAIN
453564327231,Avante Health Solutions,,Y,Same Day,Refurbished,APM MAIN
453564327321,Avante Health Solutions,,Y,Same Day,Refurbished,APM MAIN
453564331761,Avante Health Solutions,,Y,Same Day,Refurbished,APM MAIN
453564335841,Avante Health Solutions,,Y,Same Day,Refurbished,APM MAIN
453564335851-N,Avante Health Solutions,,Y,Same Day,New OEM Original,APM MAIN
453564357371,Avante Health Solutions,,Y,Same Day,Refurbished,APM MAIN
453564357391,Avante Health Solutions,47.000000,Y,Same Day,Refurbished,APM MAIN
453564357391-N,Avante Health Solutions,6.000000,Y,Same Day,New OEM Original,APM MAIN
453564357401,Avante Health Solutions,,Y,Same Day,Refurbished,APM MAIN
453564357401-N,Avante Health Solutions,6.000000,Y,Same Day,New OEM Original,APM MAIN
453564357411,Avante Health Solutions,,Y,Same Day,Refurbished,APM MAIN
453564357411-C,Avante Health Solutions,9.000000,Y,Same Day,Refurbished,APM MAIN
453564357421,Avante Health Solutions,,Y,Same Day,Refurbished,APM MAIN
453564357461-C,Avante Health Solutions,,Y,Same Day,Refurbished,APM MAIN
453564357791,Avante Health Solutions,3.000000,Y,Same Day,Refurbished,APM MAIN
453564357801,Avante Health Solutions,15.000000,Y,Same Day,Refurbished,APM MAIN
453564357801-N,Avante Health Solutions,5.000000,Y,Same Day,New OEM Original,APM MAIN
453564357811-N,Avante Health Solutions,3.000000,Y,Same Day,New OEM Original,APM MAIN
453564373911,Avante Health Solutions,,Y,Same Day,Refurbished,APM MAIN
453564373911-S-N,Avante Health Solutions,,Y,Same Day,New OEM Original,APM MAIN
453564373931-N,Avante Health Solutions,,Y,Same Day,New OEM Original,APM MAIN
453564373931-S,Avante Health Solutions,3.000000,Y,Same Day,Refurbished,APM MAIN
453564373951-S,Avante Health Solutions,13.000000,Y,Same Day,Refurbished,APM MAIN
453564373971,Avante Health Solutions,,Y,Same Day,Refurbished,APM MAIN
453564373971-N,Avante Health Solutions,,Y,Same Day,New OEM Original,APM MAIN
453564373971-S-N,Avante Health Solutions,,Y,Same Day,New OEM Original,APM MAIN
453564387761,Avante Health Solutions,,Y,Same Day,Refurbished,APM MAIN
453564387761-N,Avante Health Solutions,6.000000,Y,Same Day,New OEM Original,APM MAIN
453564392641-N,Avante Health Solutions,,Y,Same Day,New OEM Original,APM MAIN
453564406271,Avante Health Solutions,,Y,Same Day,Refurbished,APM MAIN
453564406271-1-C,Avante Health Solutions,4.000000,Y,Same Day,Refurbished,APM MAIN
453564406271-N,Avante Health Solutions,,Y,Same Day,New OEM Original,APM MAIN
453564406281,Avante Health Solutions,,Y,Same Day,Refurbished,APM MAIN
453564406281-N,Avante Health Solutions,,Y,Same Day,New OEM Original,APM MAIN
453564406291-1-C,Avante Health Solutions,10.000000,Y,Same Day,Refurbished,APM MAIN
453564406291-N,Avante Health Solutions,,Y,Same Day,New OEM Original,APM MAIN
453564406311,Avante Health Solutions,,Y,Same Day,Refurbished,APM MAIN
453564406311-C,Avante Health Solutions,,Y,Same Day,Refurbished,APM MAIN
453564406311-N,Avante Health Solutions,,Y,Same Day,New OEM Original,APM MAIN
453564406321,Avante Health Solutions,,Y,Same Day,Refurbished,APM MAIN
453564406321-C,Avante Health Solutions,,Y,Same Day,Refurbished,APM MAIN
453564406321-N,Avante Health Solutions,,Y,Same Day,New OEM Original,APM MAIN
453564406331,Avante Health Solutions,,Y,Same Day,Refurbished,APM MAIN
453564406331-N,Avante Health Solutions,,Y,Same Day,New OEM Original,APM MAIN
453564406631,Avante Health Solutions,,Y,Same Day,Refurbished,APM MAIN
453564406631-N,Avante Health Solutions,,Y,Same Day,New OEM Original,APM MAIN
453564407891,Avante Health Solutions,,Y,Same Day,Refurbished,APM MAIN
453564407911-N,Avante Health Solutions,2.000000,Y,Same Day,New OEM Original,APM MAIN
453564407931-N,Avante Health Solutions,1.000000,Y,Same Day,New OEM Original,APM MAIN
453564407941-N,Avante Health Solutions,,Y,Same Day,New OEM Original,APM MAIN
453564407961,Avante Health Solutions,,Y,Same Day,Refurbished,APM MAIN
453564407971-N,Avante Health Solutions,6.000000,Y,Same Day,New OEM Original,APM MAIN
453564407991-N,Avante Health Solutions,2.000000,Y,Same Day,New OEM Original,APM MAIN
453564408011,Avante Health Solutions,,Y,Same Day,Refurbished,APM MAIN
453564408011-N,Avante Health Solutions,5.000000,Y,Same Day,New OEM Original,APM MAIN
453564408021,Avante Health Solutions,,Y,Same Day,Refurbished,APM MAIN
453564408021-N,Avante Health Solutions,,Y,Same Day,New OEM Original,APM MAIN
453564408251,Avante Health Solutions,,Y,Same Day,Refurbished,APM MAIN
453564408251-N,Avante Health Solutions,2.000000,Y,Same Day,New OEM Original,APM MAIN
453564408261-N,Avante Health Solutions,,Y,Same Day,New OEM Original,APM MAIN
453564408291-N,Avante Health Solutions,,Y,Same Day,New OEM Original,APM MAIN
453564408311,Avante Health Solutions,,Y,Same Day,Refurbished,APM MAIN
453564408311-N,Avante Health Solutions,,Y,Same Day,New OEM Original,APM MAIN
453564408531,Avante Health Solutions,,Y,Same Day,Refurbished,APM MAIN
453564408531-N,Avante Health Solutions,,Y,Same Day,New OEM Original,APM MAIN
453564408991,Avante Health Solutions,,Y,Same Day,Refurbished,APM MAIN
453564409011,Avante Health Solutions,,Y,Same Day,Refurbished,APM MAIN
453564409011-N,Avante Health Solutions,1.000000,Y,Same Day,New OEM Original,APM MAIN
453564413701,Avante Health Solutions,,Y,Same Day,Refurbished,APM MAIN
453564426011,Avante Health Solutions,,Y,Same Day,Refurbished,APM MAIN
453564434611,Avante Health Solutions,,Y,Same Day,Refurbished,APM MAIN
453564434621,Avante Health Solutions,,Y,Same Day,Refurbished,APM MAIN
453564437641-N,Avante Health Solutions,,Y,Same Day,New OEM Original,APM MAIN
453564441601,Avante Health Solutions,,Y,Same Day,Refurbished,APM MAIN
453564441611,Avante Health Solutions,,Y,Same Day,Refurbished,APM MAIN
453564441611-N,Avante Health Solutions,,Y,Same Day,New OEM Original,APM MAIN
453564458391-N,Avante Health Solutions,,Y,Same Day,New OEM Original,APM MAIN
453564474391,Avante Health Solutions,,Y,Same Day,Refurbished,APM MAIN
453564505891-N,Avante Health Solutions,5.000000,Y,Same Day,New OEM Original,APM MAIN
453564505901,Avante Health Solutions,,Y,Same Day,Refurbished,APM MAIN
453564506561-N,Avante Health Solutions,1.000000,Y,Same Day,New OEM Original,APM MAIN
453564506621,Avante Health Solutions,1.000000,Y,Same Day,Refurbished,APM MAIN
453564506701-N-S,Avante Health Solutions,,Y,Same Day,New OEM Original,APM MAIN
453564506721-N,Avante Health Solutions,4.000000,Y,Same Day,New OEM Original,APM MAIN
453564506721-N-S,Avante Health Solutions,,Y,Same Day,New OEM Original,APM MAIN
453564506721-S,Avante Health Solutions,,Y,Same Day,Refurbished,APM MAIN
453564507181-N,Avante Health Solutions,2.000000,Y,Same Day,New OEM Original,APM MAIN
453564509321,Avante Health Solutions,,Y,Same Day,Refurbished,APM MAIN
453564509321-N,Avante Health Solutions,,Y,Same Day,New OEM Original,APM MAIN
453564517091,Avante Health Solutions,,Y,Same Day,Refurbished,APM MAIN
453564555301-N,Avante Health Solutions,1.000000,Y,Same Day,New OEM Original,APM MAIN
453564576751,Avante Health Solutions,1.000000,Y,Same Day,Refurbished,APM MAIN
453564577621,Avante Health Solutions,,Y,Same Day,Refurbished,APM MAIN
453564583671,Avante Health Solutions,,Y,Same Day,Refurbished,APM MAIN
453564609131,Avante Health Solutions,,Y,Same Day,Refurbished,APM MAIN
453564630171-N,Avante Health Solutions,98.000000,Y,Same Day,New OEM Original,APM MAIN
453564660181-N,Avante Health Solutions,1.000000,Y,Same Day,New OEM Original,APM MAIN
453564673611-N,Avante Health Solutions,3.000000,Y,Same Day,New OEM Original,APM MAIN
453564673641,Avante Health Solutions,3.000000,Y,Same Day,Refurbished,APM MAIN
453564673641-N,Avante Health Solutions,,Y,Same Day,New OEM Original,APM MAIN
453564673651-N,Avante Health Solutions,,Y,Same Day,New OEM Original,APM MAIN
453564673661-N,Avante Health Solutions,,Y,Same Day,New OEM Original,APM MAIN
453564673681-N,Avante Health Solutions,,Y,Same Day,New OEM Original,APM MAIN
453564673691-N,Avante Health Solutions,7.000000,Y,Same Day,New OEM Original,APM MAIN
453564673701-N,Avante Health Solutions,,Y,Same Day,New OEM Original,APM MAIN
453564673711-N,Avante Health Solutions,1.000000,Y,Same Day,New OEM Original,APM MAIN
453564673731-N,Avante Health Solutions,1.000000,Y,Same Day,New OEM Original,APM MAIN
453564673741-N,Avante Health Solutions,1.000000,Y,Same Day,New OEM Original,APM MAIN
453564673751,Avante Health Solutions,,Y,Same Day,Refurbished,APM MAIN
453564673751-N,Avante Health Solutions,2.000000,Y,Same Day,New OEM Original,APM MAIN
453564673761-N,Avante Health Solutions,,Y,Same Day,New OEM Original,APM MAIN
453564673771,Avante Health Solutions,3.000000,Y,Same Day,Refurbished,APM MAIN
453564673771-N,Avante Health Solutions,,Y,Same Day,New OEM Original,APM MAIN
453564673781-N,Avante Health Solutions,,Y,Same Day,New OEM Original,APM MAIN
453564673801-N,Avante Health Solutions,,Y,Same Day,New OEM Original,APM MAIN
453564673811-N,Avante Health Solutions,9.000000,Y,Same Day,New OEM Original,APM MAIN
453564673831-N,Avante Health Solutions,2.000000,Y,Same Day,New OEM Original,APM MAIN
453564673841-N,Avante Health Solutions,,Y,Same Day,New OEM Original,APM MAIN
453564673841-S-N,Avante Health Solutions,1.000000,Y,Same Day,New OEM Original,APM MAIN
453564673851,Avante Health Solutions,,Y,Same Day,Refurbished,APM MAIN
453564673851-C,Avante Health Solutions,53.000000,Y,Same Day,Refurbished,APM MAIN
453564673851-N,Avante Health Solutions,,Y,Same Day,New OEM Original,APM MAIN
453564673861-N,Avante Health Solutions,2.000000,Y,Same Day,New OEM Original,APM MAIN
453564673881-N,Avante Health Solutions,,Y,Same Day,New OEM Original,APM MAIN
453564673881-S-N,Avante Health Solutions,,Y,Same Day,New OEM Original,APM MAIN
453564673931-N,Avante Health Solutions,1.000000,Y,Same Day,New OEM Original,APM MAIN
453564673941-N,Avante Health Solutions,1.000000,Y,Same Day,New OEM Original,APM MAIN
453564673981,Avante Health Solutions,,Y,Same Day,Refurbished,APM MAIN
453564673981-N,Avante Health Solutions,4.000000,Y,Same Day,New OEM Original,APM MAIN
453564675711,Avante Health Solutions,,Y,Same Day,Refurbished,APM MAIN
453564675711-N,Avante Health Solutions,,Y,Same Day,New OEM Original,APM MAIN
453564681031-N,Avante Health Solutions,1.000000,Y,Same Day,New OEM Original,APM MAIN
453564681051-S,Avante Health Solutions,,Y,Same Day,Refurbished,APM MAIN
453564681051-S-N,Avante Health Solutions,1.000000,Y,Same Day,New OEM Original,APM MAIN
453564685421-N,Avante Health Solutions,9.000000,Y,Same Day,New OEM Original,APM MAIN
453564685441-N,Avante Health Solutions,14.000000,Y,Same Day,New OEM Original,APM MAIN
453564685751-S-N,Avante Health Solutions,9.000000,Y,Same Day,New OEM Original,APM MAIN
453564685761-N,Avante Health Solutions,14.000000,Y,Same Day,New OEM Original,APM MAIN
453564685761-S-N,Avante Health Solutions,2.000000,Y,Same Day,New OEM Original,APM MAIN
453564698401-N,Avante Health Solutions,5.000000,Y,Same Day,New OEM Original,APM MAIN
453564698411-N,Avante Health Solutions,16.000000,Y,Same Day,New OEM Original,APM MAIN
453564705251-N,Avante Health Solutions,33.000000,Y,Same Day,New OEM Original,APM MAIN
453564705271,Avante Health Solutions,,Y,Same Day,Refurbished,APM MAIN
453564705271-N,Avante Health Solutions,8.000000,Y,Same Day,New OEM Original,APM MAIN
453564705301-N,Avante Health Solutions,,Y,Same Day,New OEM Original,APM MAIN
453564705311-N,Avante Health Solutions,,Y,Same Day,New OEM Original,APM MAIN
453564705311-S-N,Avante Health Solutions,8.000000,Y,Same Day,New OEM Original,APM MAIN
453564705331-N,Avante Health Solutions,5.000000,Y,Same Day,New OEM Original,APM MAIN
453564705351,Avante Health Solutions,,Y,Same Day,Refurbished,APM MAIN
453564705351-N,Avante Health Solutions,,Y,Same Day,New OEM Original,APM MAIN
453564705351-S-N,Avante Health Solutions,1.000000,Y,Same Day,New OEM Original,APM MAIN
453564705371,Avante Health Solutions,2.000000,Y,Same Day,Refurbished,APM MAIN
453564705371-N,Avante Health Solutions,5.000000,Y,Same Day,New OEM Original,APM MAIN
453564705391-N,Avante Health Solutions,,Y,Same Day,New OEM Original,APM MAIN
453564705391-S-N,Avante Health Solutions,12.000000,Y,Same Day,New OEM Original,APM MAIN
453564765711-N,Avante Health Solutions,6.000000,Y,Same Day,New OEM Original,APM MAIN
453564765721-N,Avante Health Solutions,1.000000,Y,Same Day,New OEM Original,APM MAIN
453564765731-N,Avante Health Solutions,3.000000,Y,Same Day,New OEM Original,APM MAIN
453564765761-N,Avante Health Solutions,12.000000,Y,Same Day,New OEM Original,APM MAIN
453564765801-N,Avante Health Solutions,4.000000,Y,Same Day,New OEM Original,APM MAIN
453564768991-N,Avante Health Solutions,9.000000,Y,Same Day,New OEM Original,APM MAIN
453564778021-N,Avante Health Solutions,20.000000,Y,Same Day,New OEM Original,APM MAIN
453564778031-N,Avante Health Solutions,12.000000,Y,Same Day,New OEM Original,APM MAIN
453564778041-N,Avante Health Solutions,22.000000,Y,Same Day,New OEM Original,APM MAIN
453564786091-N,Avante Health Solutions,5.000000,Y,Same Day,New OEM Original,APM MAIN
453564786191-N,Avante Health Solutions,,Y,Same Day,New OEM Original,APM MAIN
453564786191-N-S,Avante Health Solutions,5.000000,Y,Same Day,New OEM Original,APM MAIN
453564786231-N,Avante Health Solutions,6.000000,Y,Same Day,New OEM Original,APM MAIN
453564786231-N-S,Avante Health Solutions,1.000000,Y,Same Day,New OEM Original,APM MAIN
453564786371,Avante Health Solutions,,Y,Same Day,Refurbished,APM MAIN
453564787091-N,Avante Health Solutions,,Y,Same Day,New OEM Original,APM MAIN
453564792291,Avante Health Solutions,,Y,Same Day,Refurbished,APM MAIN
453564792371-N,Avante Health Solutions,4.000000,Y,Same Day,New OEM Original,APM MAIN
453564838611-N,Avante Health Solutions,,Y,Same Day,New OEM Original,APM MAIN
453564838611-S-N,Avante Health Solutions,28.000000,Y,Same Day,New OEM Original,APM MAIN
453565000000,Avante Health Solutions,,Y,Same Day,Refurbished,APM MAIN
453567560041,Avante Health Solutions,,Y,Same Day,Refurbished,APM MAIN
4555-N,Avante Health Solutions,930.000000,Y,Same Day,New OEM Original,APM MAIN
45700,Avante Health Solutions,61.000000,Y,Same Day,Refurbished,APM MAIN
45700-C,Avante Health Solutions,35.000000,Y,Same Day,Refurbished,APM MAIN
45700-N,Avante Health Solutions,24.000000,Y,Same Day,New OEM Original,APM MAIN
45704,Avante Health Solutions,423.000000,Y,Same Day,Refurbished,APM MAIN
45713,Avante Health Solutions,,Y,Same Day,Refurbished,APM MAIN
45738,Avante Health Solutions,,Y,Same Day,Refurbished,APM MAIN
483564094281,Avante Health Solutions,,Y,Same Day,Refurbished,APM MAIN
49000204-C,Avante Health Solutions,584.000000,Y,Same Day,Refurbished,APM MAIN
49000214,Avante Health Solutions,,Y,Same Day,Refurbished,APM MAIN
49000218,Avante Health Solutions,1.000000,Y,Same Day,Refurbished,APM MAIN
49000218-N,Avante Health Solutions,,Y,Same Day,New OEM Original,APM MAIN
49000220,Avante Health Solutions,,Y,Same Day,Refurbished,APM MAIN
49000224,Avante Health Solutions,,Y,Same Day,Refurbished,APM MAIN
49000270-N,Avante Health Solutions,,Y,Same Day,New OEM Original,APM MAIN
49000322-1,Avante Health Solutions,,Y,Same Day,Refurbished,APM MAIN
49000322-2,Avante Health Solutions,4.000000,Y,Same Day,Refurbished,APM MAIN
49000346-N,Avante Health Solutions,,Y,Same Day,New OEM Original,APM MAIN
49000384-C,Avante Health Solutions,6.000000,Y,Same Day,Refurbished,APM MAIN
49000396-N,Avante Health Solutions,,Y,Same Day,New OEM Original,APM MAIN
49000433-C,Avante Health Solutions,64.000000,Y,Same Day,Refurbished,APM MAIN
49000433-N,Avante Health Solutions,1.000000,Y,Same Day,New OEM Original,APM MAIN
49000437-N,Avante Health Solutions,,Y,Same Day,New OEM Original,APM MAIN
49000438,Avante Health Solutions,4.000000,Y,Same Day,Refurbished,APM MAIN
49000439-C,Avante Health Solutions,22.000000,Y,Same Day,Refurbished,APM MAIN
49000439-N,Avante Health Solutions,,Y,Same Day,New OEM Original,APM MAIN
49000447-C,Avante Health Solutions,34.000000,Y,Same Day,Refurbished,APM MAIN
49000500,Avante Health Solutions,,Y,Same Day,Refurbished,APM MAIN
49000500-C,Avante Health Solutions,5.000000,Y,Same Day,Refurbished,APM MAIN
49000500-N,Avante Health Solutions,,Y,Same Day,New OEM Original,APM MAIN
49000501,Avante Health Solutions,1.000000,Y,Same Day,Refurbished,APM MAIN
49000501-C,Avante Health Solutions,,Y,Same Day,Refurbished,APM MAIN
49000501-N,Avante Health Solutions,2.000000,Y,Same Day,New OEM Original,APM MAIN
49000553-N,Avante Health Solutions,,Y,Same Day,New OEM Original,APM MAIN
49000686-N,Avante Health Solutions,2.000000,Y,Same Day,New OEM Original,APM MAIN
49000818-N,Avante Health Solutions,,Y,Same Day,New OEM Original,APM MAIN
49000852-N,Avante Health Solutions,,Y,Same Day,New OEM Original,APM MAIN
49000886-N,Avante Health Solutions,18.000000,Y,Same Day,New OEM Original,APM MAIN
49000889-N,Avante Health Solutions,5.000000,Y,Same Day,New OEM Original,APM MAIN
490031-S,Avante Health Solutions,,Y,Same Day,Refurbished,APM MAIN
50000331-N,Avante Health Solutions,1.000000,Y,Same Day,New OEM Original,APM MAIN
5003474001,Avante Health Solutions,,Y,Same Day,Refurbished,APM MAIN
5007-N,Avante Health Solutions,10.000000,Y,Same Day,New OEM Original,APM MAIN
501614,Avante Health Solutions,6.000000,Y,Same Day,Refurbished,APM MAIN
502446-C,Avante Health Solutions,,Y,Same Day,Refurbished,APM MAIN
503-0054-02,Avante Health Solutions,32.000000,Y,Same Day,Refurbished,APM MAIN
503-0142-01-N,Avante Health Solutions,,Y,Same Day,New OEM Original,APM MAIN
503-0147-01,Avante Health Solutions,4.000000,Y,Same Day,Refurbished,APM MAIN
5040-4249,Avante Health Solutions,,Y,Same Day,Refurbished,APM MAIN
5041-4247,Avante Health Solutions,,Y,Same Day,Refurbished,APM MAIN
5041-4255,Avante Health Solutions,,Y,Same Day,Refurbished,APM MAIN
5041-4256,Avante Health Solutions,2.000000,Y,Same Day,Refurbished,APM MAIN
5041-4264,Avante Health Solutions,47.000000,Y,Same Day,Refurbished,APM MAIN
5041-8120,Avante Health Solutions,4.000000,Y,Same Day,Refurbished,APM MAIN
5041-8124,Avante Health Solutions,11.000000,Y,Same Day,Refurbished,APM MAIN
5041-9702,Avante Health Solutions,,Y,Same Day,Refurbished,APM MAIN
504546-N,Avante Health Solutions,,Y,Same Day,New OEM Original,APM MAIN
504566-N,Avante Health Solutions,,Y,Same Day,New OEM Original,APM MAIN
504707-N,Avante Health Solutions,4.000000,Y,Same Day,New OEM Original,APM MAIN
504708R-N,Avante Health Solutions,44.000000,Y,Same Day,New OEM Original,APM MAIN
504778-N,Avante Health Solutions,,Y,Same Day,New OEM Original,APM MAIN
504932,Avante Health Solutions,,Y,Same Day,Refurbished,APM MAIN
504938-N,Avante Health Solutions,33.000000,Y,Same Day,New OEM Original,APM MAIN
505407,Avante Health Solutions,,Y,Same Day,Refurbished,APM MAIN
506084-N,Avante Health Solutions,2.000000,Y,Same Day,New OEM Original,APM MAIN
5061-8363,Avante Health Solutions,329.000000,Y,Same Day,Refurbished,APM MAIN
507250,Avante Health Solutions,,Y,Same Day,Refurbished,APM MAIN
507250-N,Avante Health Solutions,,Y,Same Day,New OEM Original,APM MAIN
507251,Avante Health Solutions,,Y,Same Day,Refurbished,APM MAIN
507251-N,Avante Health Solutions,30.000000,Y,Same Day,New OEM Original,APM MAIN
50737,Avante Health Solutions,28.000000,Y,Same Day,Refurbished,APM MAIN
508344,Avante Health Solutions,,Y,Same Day,Refurbished,APM MAIN
508344-N,Avante Health Solutions,19.000000,Y,Same Day,New OEM Original,APM MAIN
5173403-3,Avante Health Solutions,,Y,Same Day,Refurbished,APM MAIN
5196998,Avante Health Solutions,4.000000,Y,Same Day,Refurbished,APM MAIN
5200-101A,Avante Health Solutions,,Y,Same Day,Refurbished,APM MAIN
5207000-4,Avante Health Solutions,,Y,Same Day,Refurbished,APM MAIN
5208000-1,Avante Health Solutions,,Y,Same Day,Refurbished,APM MAIN
5209000-2,Avante Health Solutions,,Y,Same Day,Refurbished,APM MAIN
532149B-N,Avante Health Solutions,1.000000,Y,Same Day,New OEM Original,APM MAIN
539-0705,Avante Health Solutions,,Y,Same Day,Refurbished,APM MAIN
539-0706,Avante Health Solutions,,Y,Same Day,Refurbished,APM MAIN
5422172,Avante Health Solutions,,Y,Same Day,Refurbished,APM MAIN
5436,Avante Health Solutions,,Y,Same Day,Refurbished,APM MAIN
5450061-2,Avante Health Solutions,,Y,Same Day,Refurbished,APM MAIN
55041,Avante Health Solutions,1.000000,Y,Same Day,Refurbished,APM MAIN
5594499,Avante Health Solutions,3.000000,Y,Same Day,Refurbished,APM MAIN
562135,Avante Health Solutions,,Y,Same Day,Refurbished,APM MAIN
56312-N,Avante Health Solutions,,Y,Same Day,New OEM Original,APM MAIN
56321-N,Avante Health Solutions,15.000000,Y,Same Day,New OEM Original,APM MAIN
5748904-1,Avante Health Solutions,49.000000,Y,Same Day,Refurbished,APM MAIN
5812939-N,Avante Health Solutions,,Y,Same Day,New OEM Original,APM MAIN
600-23300-01,Avante Health Solutions,,Y,Same Day,Refurbished,APM MAIN
60087,Avante Health Solutions,35.000000,Y,Same Day,Refurbished,APM MAIN
60126MP,Avante Health Solutions,,Y,Same Day,Refurbished,APM MAIN
602103,Avante Health Solutions,,Y,Same Day,Refurbished,APM MAIN
60-3000-701-00,Avante Health Solutions,,Y,Same Day,Refurbished,APM MAIN
6050-0001-387,Avante Health Solutions,,Y,Same Day,Refurbished,APM MAIN
6050-0006-155,Avante Health Solutions,,Y,Same Day,Refurbished,APM MAIN
6050-0006-155-N,Avante Health Solutions,,Y,Same Day,New OEM Original,APM MAIN
6050-0006-585,Avante Health Solutions,,Y,Same Day,Refurbished,APM MAIN
6101-30-46609,Avante Health Solutions,5.000000,Y,Same Day,Refurbished,APM MAIN
6101-30-46618,Avante Health Solutions,,Y,Same Day,Refurbished,APM MAIN
6101-30-46669-N,Avante Health Solutions,3.000000,Y,Same Day,New OEM Original,APM MAIN
6111-901212D-N,Avante Health Solutions,,Y,Same Day,New OEM Original,APM MAIN
6111-901221C-N,Avante Health Solutions,8.000000,Y,Same Day,New OEM Original,APM MAIN
6111-901239C-N,Avante Health Solutions,6.000000,Y,Same Day,New OEM Original,APM MAIN
6111901355D,Avante Health Solutions,,Y,Same Day,Refurbished,APM MAIN
6111901373C,Avante Health Solutions,,Y,Same Day,Refurbished,APM MAIN
6111904486A,Avante Health Solutions,,Y,Same Day,Refurbished,APM MAIN
6111-904486A,Avante Health Solutions,,Y,Same Day,Refurbished,APM MAIN
6111-904486A-N,Avante Health Solutions,4.000000,Y,Same Day,New OEM Original,APM MAIN
6112-902735C-N,Avante Health Solutions,,Y,Same Day,New OEM Original,APM MAIN
6112-904377B-N,Avante Health Solutions,2.000000,Y,Same Day,New OEM Original,APM MAIN
6112-908872C-N,Avante Health Solutions,4.000000,Y,Same Day,New OEM Original,APM MAIN
6112-908881A-N,Avante Health Solutions,22.000000,Y,Same Day,New OEM Original,APM MAIN
6112-908899A-N,Avante Health Solutions,10.000000,Y,Same Day,New OEM Original,APM MAIN
6113-905098A,Avante Health Solutions,,Y,Same Day,Refurbished,APM MAIN
6113-906426C-N,Avante Health Solutions,4.000000,Y,Same Day,New OEM Original,APM MAIN
6113-906435B-N,Avante Health Solutions,1.000000,Y,Same Day,New OEM Original,APM MAIN
6114-906504C-N,Avante Health Solutions,4.000000,Y,Same Day,New OEM Original,APM MAIN
6123-211,Avante Health Solutions,4.000000,Y,Same Day,Refurbished,APM MAIN
6123-902153A-N,Avante Health Solutions,,Y,Same Day,New OEM Original,APM MAIN
6123902162A-N,Avante Health Solutions,,Y,Same Day,New OEM Original,APM MAIN
6123-905756A,Avante Health Solutions,,Y,Same Day,Refurbished,APM MAIN
6123-905756A-N,Avante Health Solutions,18.000000,Y,Same Day,New OEM Original,APM MAIN
6123-905827A-N,Avante Health Solutions,,Y,Same Day,New OEM Original,APM MAIN
6123906416,Avante Health Solutions,,Y,Same Day,Refurbished,APM MAIN
6123-906416-N,Avante Health Solutions,1.000000,Y,Same Day,New OEM Original,APM MAIN
6141-9000709,Avante Health Solutions,,Y,Same Day,Refurbished,APM MAIN
6141-9000709-N,Avante Health Solutions,,Y,Same Day,New OEM Original,APM MAIN
620156,Avante Health Solutions,,Y,Same Day,Refurbished,APM MAIN
630-0216-10,Avante Health Solutions,7.000000,Y,Same Day,Refurbished,APM MAIN
630-0217-XX,Avante Health Solutions,,Y,Same Day,Refurbished,APM MAIN
640-0550-01,Avante Health Solutions,,Y,Same Day,Refurbished,APM MAIN
640-0551-01,Avante Health Solutions,,Y,Same Day,Refurbished,APM MAIN
640-0554-01,Avante Health Solutions,,Y,Same Day,Refurbished,APM MAIN
640-0555-01,Avante Health Solutions,,Y,Same Day,Refurbished,APM MAIN
6414900709,Avante Health Solutions,,Y,Same Day,Refurbished,APM MAIN
6461345RP-C,Avante Health Solutions,9.000000,Y,Same Day,Refurbished,APM MAIN
6461419-C,Avante Health Solutions,32.000000,Y,Same Day,Refurbished,APM MAIN
650-0379-00,Avante Health Solutions,3.000000,Y,Same Day,Refurbished,APM MAIN
650-1352-00,Avante Health Solutions,,Y,Same Day,Refurbished,APM MAIN
650-1429-04,Avante Health Solutions,1.000000,Y,Same Day,Refurbished,APM MAIN
650-1628-00,Avante Health Solutions,,Y,Same Day,Refurbished,APM MAIN
6700-0090-700-N,Avante Health Solutions,2.000000,Y,Same Day,New OEM Original,APM MAIN
6700-0091-700-N,Avante Health Solutions,27.000000,Y,Same Day,New OEM Original,APM MAIN
6700-0161-700,Avante Health Solutions,1.000000,Y,Same Day,Refurbished,APM MAIN
6700-0365-901-N,Avante Health Solutions,35.000000,Y,Same Day,New OEM Original,APM MAIN
670-0849-03-X,Avante Health Solutions,1.000000,Y,Same Day,Refurbished,APM MAIN
670-0882-02,Avante Health Solutions,4.000000,Y,Same Day,Refurbished,APM MAIN
670-1275-06,Avante Health Solutions,,Y,Same Day,Refurbished,APM MAIN
670-1305-01,Avante Health Solutions,,Y,Same Day,Refurbished,APM MAIN
670-1310-00,Avante Health Solutions,,Y,Same Day,Refurbished,APM MAIN
670-1357-00,Avante Health Solutions,,Y,Same Day,Refurbished,APM MAIN
670-1522-02,Avante Health Solutions,,Y,Same Day,Refurbished,APM MAIN
670-1559-00,Avante Health Solutions,,Y,Same Day,Refurbished,APM MAIN
670-1573-03,Avante Health Solutions,,Y,Same Day,Refurbished,APM MAIN
670-1573-XX,Avante Health Solutions,,Y,Same Day,Refurbished,APM MAIN
670-1644-00,Avante Health Solutions,,Y,Same Day,Refurbished,APM MAIN
670-1708-XX,Avante Health Solutions,,Y,Same Day,Refurbished,APM MAIN
6750-0018-850-N,Avante Health Solutions,,Y,Same Day,New OEM Original,APM MAIN
6800-20-50265-51,Avante Health Solutions,,Y,Same Day,Refurbished,APM MAIN
6800-20-50267-51,Avante Health Solutions,,Y,Same Day,Refurbished,APM MAIN
6800-20-50267-51-N,Avante Health Solutions,,Y,Same Day,New OEM Original,APM MAIN
6800-20-50268,Avante Health Solutions,,Y,Same Day,Refurbished,APM MAIN
6800-20-50269,Avante Health Solutions,,Y,Same Day,Refurbished,APM MAIN
6800-20-50273,Avante Health Solutions,,Y,Same Day,Refurbished,APM MAIN
6800-30-50483,Avante Health Solutions,5.000000,Y,Same Day,Refurbished,APM MAIN
6802-30-66766,Avante Health Solutions,,Y,Same Day,Refurbished,APM MAIN
6802-30-66767,Avante Health Solutions,,Y,Same Day,Refurbished,APM MAIN
690-0024-00,Avante Health Solutions,,Y,Same Day,Refurbished,APM MAIN
690178,Avante Health Solutions,8.000000,Y,Same Day,Refurbished,APM MAIN
691499,Avante Health Solutions,88.000000,Y,Same Day,Refurbished,APM MAIN
691500,Avante Health Solutions,10.000000,Y,Same Day,Refurbished,APM MAIN
692-95036-003,Avante Health Solutions,59.000000,Y,Same Day,Refurbished,APM MAIN
692-95036-403,Avante Health Solutions,54.000000,Y,Same Day,Refurbished,APM MAIN
6C1HD,Avante Health Solutions,,Y,Same Day,Refurbished,APM MAIN
6TC27M,Avante Health Solutions,94.000000,Y,Same Day,Refurbished,APM MAIN
700102,Avante Health Solutions,16.000000,Y,Same Day,Refurbished,APM MAIN
700103,Avante Health Solutions,10.000000,Y,Same Day,Refurbished,APM MAIN
700105,Avante Health Solutions,10.000000,Y,Same Day,Refurbished,APM MAIN
70-0513,Avante Health Solutions,,Y,Same Day,Refurbished,APM MAIN
700858,Avante Health Solutions,1.000000,Y,Same Day,Refurbished,APM MAIN
700859,Avante Health Solutions,1.000000,Y,Same Day,Refurbished,APM MAIN
701498-N,Avante Health Solutions,1.000000,Y,Same Day,New OEM Original,APM MAIN
701W-15/21,Avante Health Solutions,,Y,Same Day,Refurbished,APM MAIN
701W-15/21-N,Avante Health Solutions,,Y,Same Day,New OEM Original,APM MAIN
702505-N,Avante Health Solutions,,Y,Same Day,New OEM Original,APM MAIN
703430,Avante Health Solutions,,Y,Same Day,Refurbished,APM MAIN
704870,Avante Health Solutions,14.000000,Y,Same Day,Refurbished,APM MAIN
705651,Avante Health Solutions,,Y,Same Day,Refurbished,APM MAIN
705653,Avante Health Solutions,,Y,Same Day,Refurbished,APM MAIN
707253,Avante Health Solutions,,Y,Same Day,Refurbished,APM MAIN
70AAJ-5-M0G,Avante Health Solutions,335.000000,Y,Same Day,Refurbished,APM MAIN
712-00631-001,Avante Health Solutions,,Y,Same Day,Refurbished,APM MAIN
712-04513-004,Avante Health Solutions,2.000000,Y,Same Day,Refurbished,APM MAIN
712-04515-001,Avante Health Solutions,,Y,Same Day,Refurbished,APM MAIN
71209-0000,Avante Health Solutions,,Y,Same Day,Refurbished,APM MAIN
712-95065-006,Avante Health Solutions,15.000000,Y,Same Day,Refurbished,APM MAIN
712-95068-003,Avante Health Solutions,,Y,Same Day,Refurbished,APM MAIN
712-95271-006,Avante Health Solutions,,Y,Same Day,Refurbished,APM MAIN
712-95272-008,Avante Health Solutions,,Y,Same Day,Refurbished,APM MAIN
712-95422,Avante Health Solutions,2.000000,Y,Same Day,Refurbished,APM MAIN
712-95423-004,Avante Health Solutions,1.000000,Y,Same Day,Refurbished,APM MAIN
712-95425-003,Avante Health Solutions,5.000000,Y,Same Day,Refurbished,APM MAIN
712-95439-004,Avante Health Solutions,4.000000,Y,Same Day,Refurbished,APM MAIN
712-95539-003,Avante Health Solutions,,Y,Same Day,Refurbished,APM MAIN
712-95540-006,Avante Health Solutions,,Y,Same Day,Refurbished,APM MAIN
713719,Avante Health Solutions,,Y,Same Day,Refurbished,APM MAIN
713-73576-013,Avante Health Solutions,20.000000,Y,Same Day,Refurbished,APM MAIN
714-04520-002,Avante Health Solutions,8.000000,Y,Same Day,Refurbished,APM MAIN
714-10909-002,Avante Health Solutions,,Y,Same Day,Refurbished,APM MAIN
714-95446-001,Avante Health Solutions,,Y,Same Day,Refurbished,APM MAIN
714-95448-001,Avante Health Solutions,,Y,Same Day,Refurbished,APM MAIN
719-0007-01-N,Avante Health Solutions,,Y,Same Day,New OEM Original,APM MAIN
72013E,Avante Health Solutions,,Y,Same Day,Refurbished,APM MAIN
732-1699-1-ND-N,Avante Health Solutions,80.000000,Y,Same Day,New OEM Original,APM MAIN
733152,Avante Health Solutions,14.000000,Y,Same Day,Refurbished,APM MAIN
733382-HEL-S-N,Avante Health Solutions,22.000000,Y,Same Day,New OEM Original,APM MAIN
738-95006-005,Avante Health Solutions,5.000000,Y,Same Day,Refurbished,APM MAIN
738-95008-005,Avante Health Solutions,,Y,Same Day,Refurbished,APM MAIN
738-95603-006,Avante Health Solutions,77.000000,Y,Same Day,Refurbished,APM MAIN
738-95614-002,Avante Health Solutions,,Y,Same Day,Refurbished,APM MAIN
738-95616-001,Avante Health Solutions,,Y,Same Day,Refurbished,APM MAIN
748350,Avante Health Solutions,12.000000,Y,Same Day,Refurbished,APM MAIN
748355,Avante Health Solutions,13.000000,Y,Same Day,Refurbished,APM MAIN
755534-HEL,Avante Health Solutions,1.000000,Y,Same Day,Refurbished,APM MAIN
8000-0312-C,Avante Health Solutions,,Y,Same Day,Refurbished,APM MAIN
8000-0312-N,Avante Health Solutions,,Y,Same Day,New OEM Original,APM MAIN
800101,Avante Health Solutions,1.000000,Y,Same Day,Refurbished,APM MAIN
800210-006,Avante Health Solutions,,Y,Same Day,Refurbished,APM MAIN
8002174-N,Avante Health Solutions,,Y,Same Day,New OEM Original,APM MAIN
8002174-S-N,Avante Health Solutions,11.000000,Y,Same Day,New OEM Original,APM MAIN
800316-001,Avante Health Solutions,,Y,Same Day,Refurbished,APM MAIN
800316-002,Avante Health Solutions,1.000000,Y,Same Day,Refurbished,APM MAIN
801040-001,Avante Health Solutions,,Y,Same Day,Refurbished,APM MAIN
801212-006,Avante Health Solutions,,Y,Same Day,Refurbished,APM MAIN
801220-002,Avante Health Solutions,,Y,Same Day,Refurbished,APM MAIN
801281-001,Avante Health Solutions,,Y,Same Day,Refurbished,APM MAIN
801394-001,Avante Health Solutions,2.000000,Y,Same Day,Refurbished,APM MAIN
801410-001,Avante Health Solutions,,Y,Same Day,Refurbished,APM MAIN
801424-006,Avante Health Solutions,12.000000,Y,Same Day,Refurbished,APM MAIN
801424-007,Avante Health Solutions,5.000000,Y,Same Day,Refurbished,APM MAIN
801502-001-N,Avante Health Solutions,18.000000,Y,Same Day,New OEM Original,APM MAIN
801536-002,Avante Health Solutions,,Y,Same Day,Refurbished,APM MAIN
801550-001,Avante Health Solutions,,Y,Same Day,Refurbished,APM MAIN
801-6100-00004-00,Avante Health Solutions,,Y,Same Day,Refurbished,APM MAIN
801-6100-00010-00,Avante Health Solutions,,Y,Same Day,Refurbished,APM MAIN
801-6100-00026-00,Avante Health Solutions,,Y,Same Day,Refurbished,APM MAIN
801-6101-00001-00,Avante Health Solutions,2.000000,Y,Same Day,Refurbished,APM MAIN
801-6101-00003-00,Avante Health Solutions,,Y,Same Day,Refurbished,APM MAIN
801-6101-00010-00,Avante Health Solutions,,Y,Same Day,Refurbished,APM MAIN
801-6101-00011-00,Avante Health Solutions,3.000000,Y,Same Day,Refurbished,APM MAIN
801-6101-00018-00,Avante Health Solutions,,Y,Same Day,Refurbished,APM MAIN
801674-001,Avante Health Solutions,4.000000,Y,Same Day,Refurbished,APM MAIN
801-6800-00211-00,Avante Health Solutions,,Y,Same Day,Refurbished,APM MAIN
801-6800-00211-00-N,Avante Health Solutions,2.000000,Y,Same Day,New OEM Original,APM MAIN
801-9261-00040-00-N,Avante Health Solutions,1.000000,Y,Same Day,New OEM Original,APM MAIN
801-9281-00003-00,Avante Health Solutions,2.000000,Y,Same Day,Refurbished,APM MAIN
801-9281-00003-00-N,Avante Health Solutions,,Y,Same Day,New OEM Original,APM MAIN
801-DA6K-00001-00,Avante Health Solutions,,Y,Same Day,Refurbished,APM MAIN
801-DA6K-00006-00,Avante Health Solutions,,Y,Same Day,Refurbished,APM MAIN
801-DA6K-00013-00,Avante Health Solutions,,Y,Same Day,Refurbished,APM MAIN
801-DA6K-00019-00,Avante Health Solutions,,Y,Same Day,Refurbished,APM MAIN
801-DA6K-00057-00,Avante Health Solutions,,Y,Same Day,Refurbished,APM MAIN
801-DA6K-00078-00,Avante Health Solutions,5.000000,Y,Same Day,Refurbished,APM MAIN
801-DA6K-00081-00,Avante Health Solutions,,Y,Same Day,Refurbished,APM MAIN
804189-02,Avante Health Solutions,,Y,Same Day,Refurbished,APM MAIN
809061,Avante Health Solutions,17.000000,Y,Same Day,Refurbished,APM MAIN
809061-C,Avante Health Solutions,69.000000,Y,Same Day,Refurbished,APM MAIN
810-04505,Avante Health Solutions,,Y,Same Day,Refurbished,APM MAIN
810-05901-905,Avante Health Solutions,,Y,Same Day,Refurbished,APM MAIN
810-11393,Avante Health Solutions,,Y,Same Day,Refurbished,APM MAIN
810-11949-906,Avante Health Solutions,5.000000,Y,Same Day,Refurbished,APM MAIN
810-95007-906,Avante Health Solutions,,Y,Same Day,Refurbished,APM MAIN
810-95007-912,Avante Health Solutions,6.000000,Y,Same Day,Refurbished,APM MAIN
810-95242-928,Avante Health Solutions,13.000000,Y,Same Day,Refurbished,APM MAIN
810-95430,Avante Health Solutions,26.000000,Y,Same Day,Refurbished,APM MAIN
810-95431,Avante Health Solutions,4.000000,Y,Same Day,Refurbished,APM MAIN
810-95614-906,Avante Health Solutions,4.000000,Y,Same Day,Refurbished,APM MAIN
812-95118-004,Avante Health Solutions,11.000000,Y,Same Day,Refurbished,APM MAIN
812-95118-006,Avante Health Solutions,,Y,Same Day,Refurbished,APM MAIN
820-95443-004,Avante Health Solutions,2.000000,Y,Same Day,Refurbished,APM MAIN
826-9058-002,Avante Health Solutions,,Y,Same Day,Refurbished,APM MAIN
826-95060-001,Avante Health Solutions,,Y,Same Day,Refurbished,APM MAIN
826-95432-003,Avante Health Solutions,,Y,Same Day,Refurbished,APM MAIN
830-03329-006,Avante Health Solutions,47.000000,Y,Same Day,Refurbished,APM MAIN
8342-003-50,Avante Health Solutions,,Y,Same Day,Refurbished,APM MAIN
8361-050-50,Avante Health Solutions,,Y,Same Day,Refurbished,APM MAIN
8365-042-70-N,Avante Health Solutions,8.000000,Y,Same Day,New OEM Original,APM MAIN
8365-045-70-N,Avante Health Solutions,10.000000,Y,Same Day,New OEM Original,APM MAIN
840-04863-001-1,Avante Health Solutions,,Y,Same Day,Refurbished,APM MAIN
840-95015-005,Avante Health Solutions,,Y,Same Day,Refurbished,APM MAIN
840-95015-005-C,Avante Health Solutions,17.000000,Y,Same Day,Refurbished,APM MAIN
840-95115-002,Avante Health Solutions,,Y,Same Day,Refurbished,APM MAIN
840-95115-003,Avante Health Solutions,,Y,Same Day,Refurbished,APM MAIN
840-95444-002,Avante Health Solutions,,Y,Same Day,Refurbished,APM MAIN
8411024,Avante Health Solutions,2.000000,Y,Same Day,Refurbished,APM MAIN
841-12387-001,Avante Health Solutions,13.000000,Y,Same Day,Refurbished,APM MAIN
841-12388-001,Avante Health Solutions,,Y,Same Day,Refurbished,APM MAIN
841-97207-001,Avante Health Solutions,3.000000,Y,Same Day,Refurbished,APM MAIN
841-97207-002,Avante Health Solutions,3.000000,Y,Same Day,Refurbished,APM MAIN
855-97197-001,Avante Health Solutions,,Y,Same Day,Refurbished,APM MAIN
867043,Avante Health Solutions,,Y,Same Day,Refurbished,APM MAIN
867043-N,Avante Health Solutions,12.000000,Y,Same Day,New OEM Original,APM MAIN
8700-0008-500-N,Avante Health Solutions,33.000000,Y,Same Day,New OEM Original,APM MAIN
8700-0024-400-N,Avante Health Solutions,2.000000,Y,Same Day,New OEM Original,APM MAIN
8713051U-C,Avante Health Solutions,,Y,Same Day,Refurbished,APM MAIN
8713112D,Avante Health Solutions,8.000000,Y,Same Day,Refurbished,APM MAIN
8713112D-N,Avante Health Solutions,,Y,Same Day,New OEM Original,APM MAIN
8713130,Avante Health Solutions,32.000000,Y,Same Day,Refurbished,APM MAIN
8713131-N,Avante Health Solutions,15.000000,Y,Same Day,New OEM Original,APM MAIN
876446,Avante Health Solutions,,Y,Same Day,Refurbished,APM MAIN
876446-HEL-N,Avante Health Solutions,,Y,Same Day,New OEM Original,APM MAIN
876446-N,Avante Health Solutions,11.000000,Y,Same Day,New OEM Original,APM MAIN
880VR-304-N,Avante Health Solutions,20.000000,Y,Same Day,New OEM Original,APM MAIN
880VT-1-N,Avante Health Solutions,80.000000,Y,Same Day,New OEM Original,APM MAIN
880VT-5-N,Avante Health Solutions,8.000000,Y,Same Day,New OEM Original,APM MAIN
8814VR-K08,Avante Health Solutions,10.000000,Y,Same Day,Refurbished,APM MAIN
881VR-300D-00-A-N,Avante Health Solutions,18.000000,Y,Same Day,New OEM Original,APM MAIN
881VR-K07,Avante Health Solutions,6.000000,Y,Same Day,Refurbished,APM MAIN
881VR-K08-N,Avante Health Solutions,,Y,Same Day,New OEM Original,APM MAIN
881VR-K09,Avante Health Solutions,14.000000,Y,Same Day,Refurbished,APM MAIN
881VR-K10,Avante Health Solutions,8.000000,Y,Same Day,Refurbished,APM MAIN
882VR-300D-00-A-N,Avante Health Solutions,25.000000,Y,Same Day,New OEM Original,APM MAIN
882VR-300-OH-D-N,Avante Health Solutions,1.000000,Y,Same Day,New OEM Original,APM MAIN
891772-S-N,Avante Health Solutions,,Y,Same Day,New OEM Original,APM MAIN
894737,Avante Health Solutions,,Y,Same Day,Refurbished,APM MAIN
896291-HEL,Avante Health Solutions,8.000000,Y,Same Day,Refurbished,APM MAIN
898794,Avante Health Solutions,,Y,Same Day,Refurbished,APM MAIN
9000035044A,Avante Health Solutions,,Y,Same Day,Refurbished,APM MAIN
9000035044A-N,Avante Health Solutions,3.000000,Y,Same Day,New OEM Original,APM MAIN
9000-057903,Avante Health Solutions,,Y,Same Day,Refurbished,APM MAIN
9000-057903-N,Avante Health Solutions,10.000000,Y,Same Day,New OEM Original,APM MAIN
9000064533,Avante Health Solutions,,Y,Same Day,Refurbished,APM MAIN
9000064533-N,Avante Health Solutions,,Y,Same Day,New OEM Original,APM MAIN
9000064534-N,Avante Health Solutions,1.000000,Y,Same Day,New OEM Original,APM MAIN
9000064557-N,Avante Health Solutions,1.000000,Y,Same Day,New OEM Original,APM MAIN
9000064558-N,Avante Health Solutions,,Y,Same Day,New OEM Original,APM MAIN
9000064585-N,Avante Health Solutions,1.000000,Y,Same Day,New OEM Original,APM MAIN
9000064586-N,Avante Health Solutions,,Y,Same Day,New OEM Original,APM MAIN
90046-N,Avante Health Solutions,,Y,Same Day,New OEM Original,APM MAIN
90047,Avante Health Solutions,10.000000,Y,Same Day,Refurbished,APM MAIN
900MR615-N,Avante Health Solutions,1.000000,Y,Same Day,New OEM Original,APM MAIN
9021,Avante Health Solutions,1.000000,Y,Same Day,Refurbished,APM MAIN
9023,Avante Health Solutions,2.000000,Y,Same Day,Refurbished,APM MAIN
90482,Avante Health Solutions,,Y,Same Day,Refurbished,APM MAIN
91390,Avante Health Solutions,,Y,Same Day,Refurbished,APM MAIN
914218B,Avante Health Solutions,,Y,Same Day,Refurbished,APM MAIN
9201-30-35947,Avante Health Solutions,1.000000,Y,Same Day,Refurbished,APM MAIN
9528,Avante Health Solutions,,Y,Same Day,Refurbished,APM MAIN
9753K44,Avante Health Solutions,2300.000000,Y,Same Day,Refurbished,APM MAIN
980-1015-1,Avante Health Solutions,,Y,Same Day,Refurbished,APM MAIN
9863-001-N,Avante Health Solutions,,Y,Same Day,New OEM Original,APM MAIN
989803100841-N,Avante Health Solutions,,Y,Same Day,New OEM Original,APM MAIN
989803101981-N,Avante Health Solutions,,Y,Same Day,New OEM Original,APM MAIN
989803137651-N,Avante Health Solutions,,Y,Same Day,New OEM Original,APM MAIN
989803143411-N,Avante Health Solutions,,Y,Same Day,New OEM Original,APM MAIN
989803143931,Avante Health Solutions,27.000000,Y,Same Day,Refurbished,APM MAIN
989803163251-N,Avante Health Solutions,20.000000,Y,Same Day,New OEM Original,APM MAIN
989803166511-N,Avante Health Solutions,,Y,Same Day,New OEM Original,APM MAIN
989803174891-S-N,Avante Health Solutions,,Y,Same Day,New OEM Original,APM MAIN
989803176611,Avante Health Solutions,4.000000,Y,Same Day,Refurbished,APM MAIN
989803176611-N,Avante Health Solutions,,Y,Same Day,New OEM Original,APM MAIN
989803184471,Avante Health Solutions,,Y,Same Day,Refurbished,APM MAIN
989803200021-N,Avante Health Solutions,21.000000,Y,Same Day,New OEM Original,APM MAIN
989803202201,Avante Health Solutions,2.000000,Y,Same Day,Refurbished,APM MAIN
A00890,Avante Health Solutions,,Y,Same Day,Refurbished,APM MAIN
AAS5001353RP,Avante Health Solutions,,Y,Same Day,Refurbished,APM MAIN
AAS5001473RP,Avante Health Solutions,,Y,Same Day,Refurbished,APM MAIN
AAS5001473RP-C,Avante Health Solutions,2.000000,Y,Same Day,Refurbished,APM MAIN
AAS5001503RP,Avante Health Solutions,,Y,Same Day,Refurbished,APM MAIN
AAS5001506RP,Avante Health Solutions,,Y,Same Day,Refurbished,APM MAIN
AAS5001523RP,Avante Health Solutions,40.000000,Y,Same Day,Refurbished,APM MAIN
AD0322002,Avante Health Solutions,,Y,Same Day,Refurbished,APM MAIN
AG-0018-15B,Avante Health Solutions,14.000000,Y,Same Day,Refurbished,APM MAIN
AII-11-60-N,Avante Health Solutions,1.000000,Y,Same Day,New OEM Original,APM MAIN
APM SCRAP,Avante Health Solutions,,Y,Same Day,Refurbished,APM MAIN
APT8024JLL,Avante Health Solutions,15.000000,Y,Same Day,Refurbished,APM MAIN
BLAS01-N,Avante Health Solutions,,Y,Same Day,New OEM Original,APM MAIN
BLAS03-N,Avante Health Solutions,4.000000,Y,Same Day,New OEM Original,APM MAIN
BLAS05-N,Avante Health Solutions,8.000000,Y,Same Day,New OEM Original,APM MAIN
BLAS07-N,Avante Health Solutions,69.000000,Y,Same Day,New OEM Original,APM MAIN
BLAS19-N,Avante Health Solutions,70.000000,Y,Same Day,New OEM Original,APM MAIN
C1195A,Avante Health Solutions,12.000000,Y,Same Day,Refurbished,APM MAIN
C290BLUE1082,Avante Health Solutions,18.000000,Y,Same Day,Refurbished,APM MAIN
CB-2462528,Avante Health Solutions,1.000000,Y,Same Day,Refurbished,APM MAIN
CP150-0004,Avante Health Solutions,,Y,Same Day,Refurbished,APM MAIN
CR2032,Avante Health Solutions,,Y,Same Day,Refurbished,APM MAIN
CS07779,Avante Health Solutions,,Y,Same Day,Refurbished,APM MAIN
CS08677,Avante Health Solutions,5.000000,Y,Same Day,Refurbished,APM MAIN
CXA-L0612A-VJL,Avante Health Solutions,8.000000,Y,Same Day,Refurbished,APM MAIN
DAS4005481,Avante Health Solutions,,Y,Same Day,Refurbished,APM MAIN
DAS5001350,Avante Health Solutions,,Y,Same Day,Refurbished,APM MAIN
DAS5001352,Avante Health Solutions,1.000000,Y,Same Day,Refurbished,APM MAIN
DAS5001353,Avante Health Solutions,12.000000,Y,Same Day,Refurbished,APM MAIN
DM-3100,Avante Health Solutions,,Y,Same Day,Refurbished,APM MAIN
DM-3400,Avante Health Solutions,,Y,Same Day,Refurbished,APM MAIN
DM-6500-M,Avante Health Solutions,,Y,Same Day,Refurbished,APM MAIN
DM-7700,Avante Health Solutions,,Y,Same Day,Refurbished,APM MAIN
DPS-460EB,Avante Health Solutions,,Y,Same Day,Refurbished,APM MAIN
DPS54-M,Avante Health Solutions,1.000000,Y,Same Day,Refurbished,APM MAIN
DZ-170P-N,Avante Health Solutions,,Y,Same Day,New OEM Original,APM MAIN
E000126-N,Avante Health Solutions,1.000000,Y,Same Day,New OEM Original,APM MAIN
E124132,Avante Health Solutions,,Y,Same Day,Refurbished,APM MAIN
E6008,Avante Health Solutions,2.000000,Y,Same Day,Refurbished,APM MAIN
E6019-N,Avante Health Solutions,5.000000,Y,Same Day,New OEM Original,APM MAIN
E801-DA6K-00008-00,Avante Health Solutions,,Y,Same Day,Refurbished,APM MAIN
EA42549.4769097222,Avante Health Solutions,,Y,Same Day,Refurbished,APM MAIN
EA42558.3161689815,Avante Health Solutions,,Y,Same Day,Refurbished,APM MAIN
EADOGM132-W,Avante Health Solutions,,Y,Same Day,Refurbished,APM MAIN
ET0570E1DBA,Avante Health Solutions,3.000000,Y,Same Day,Refurbished,APM MAIN
G6000014L,Avante Health Solutions,28.000000,Y,Same Day,Refurbished,APM MAIN
G6000023,Avante Health Solutions,19.000000,Y,Same Day,Refurbished,APM MAIN
G6000024-N,Avante Health Solutions,,Y,Same Day,New OEM Original,APM MAIN
G6000031-N,Avante Health Solutions,,Y,Same Day,New OEM Original,APM MAIN
G6000032-N,Avante Health Solutions,,Y,Same Day,New OEM Original,APM MAIN
G6000068-N,Avante Health Solutions,2.000000,Y,Same Day,New OEM Original,APM MAIN
G6000090-C,Avante Health Solutions,82.000000,Y,Same Day,Refurbished,APM MAIN
G6000090-N,Avante Health Solutions,8.000000,Y,Same Day,New OEM Original,APM MAIN
G6000094,Avante Health Solutions,,Y,Same Day,Refurbished,APM MAIN
G6000099-N,Avante Health Solutions,68.000000,Y,Same Day,New OEM Original,APM MAIN
G6000112,Avante Health Solutions,,Y,Same Day,Refurbished,APM MAIN
G6000112-N,Avante Health Solutions,,Y,Same Day,New OEM Original,APM MAIN
G6000121-N,Avante Health Solutions,,Y,Same Day,New OEM Original,APM MAIN
G6000159-N,Avante Health Solutions,17.000000,Y,Same Day,New OEM Original,APM MAIN
G6000180-N,Avante Health Solutions,3.000000,Y,Same Day,New OEM Original,APM MAIN
G6000243-6.0,Avante Health Solutions,,Y,Same Day,Refurbished,APM MAIN
G6000286-N,Avante Health Solutions,,Y,Same Day,New OEM Original,APM MAIN
G6000397,Avante Health Solutions,18.000000,Y,Same Day,Refurbished,APM MAIN
G6000436,Avante Health Solutions,,Y,Same Day,Refurbished,APM MAIN
G6000436-N,Avante Health Solutions,,Y,Same Day,New OEM Original,APM MAIN
G6000583,Avante Health Solutions,24.000000,Y,Same Day,Refurbished,APM MAIN
G6000669,Avante Health Solutions,63.000000,Y,Same Day,Refurbished,APM MAIN
G6000716-N,Avante Health Solutions,,Y,Same Day,New OEM Original,APM MAIN
G6000754-C,Avante Health Solutions,43.000000,Y,Same Day,Refurbished,APM MAIN
G6000771-NCL,Avante Health Solutions,,Y,Same Day,New OEM Original,APM MAIN
G6000906-N,Avante Health Solutions,,Y,Same Day,New OEM Original,APM MAIN
G6001117-C,Avante Health Solutions,87.000000,Y,Same Day,Refurbished,APM MAIN
G6001457L-C,Avante Health Solutions,17.000000,Y,Same Day,Refurbished,APM MAIN
G6001461-N,Avante Health Solutions,4.000000,Y,Same Day,New OEM Original,APM MAIN
G6001465-N,Avante Health Solutions,27.000000,Y,Same Day,New OEM Original,APM MAIN
G6001466,Avante Health Solutions,,Y,Same Day,Refurbished,APM MAIN
G6001466-N,Avante Health Solutions,20.000000,Y,Same Day,New OEM Original,APM MAIN
G6001471,Avante Health Solutions,,Y,Same Day,Refurbished,APM MAIN
G6001471-C,Avante Health Solutions,33.000000,Y,Same Day,Refurbished,APM MAIN
G6001569-N,Avante Health Solutions,24.000000,Y,Same Day,New OEM Original,APM MAIN
G6001588-C,Avante Health Solutions,1936.000000,Y,Same Day,Refurbished,APM MAIN
G6001656-C,Avante Health Solutions,5.000000,Y,Same Day,Refurbished,APM MAIN
G6001656-N,Avante Health Solutions,,Y,Same Day,New OEM Original,APM MAIN
G6001999,Avante Health Solutions,,Y,Same Day,Refurbished,APM MAIN
G6002330L-N,Avante Health Solutions,20.000000,Y,Same Day,New OEM Original,APM MAIN
G6002832-C,Avante Health Solutions,316.000000,Y,Same Day,Refurbished,APM MAIN
GE RIC5-9-D-N,Avante Health Solutions,,Y,Same Day,New OEM Original,APM MAIN
GE9902-C,Avante Health Solutions,17.000000,Y,Same Day,Refurbished,APM MAIN
GPL-106,Avante Health Solutions,,Y,Same Day,Refurbished,APM MAIN
GR100445,Avante Health Solutions,,Y,Same Day,Refurbished,APM MAIN
GR101327,Avante Health Solutions,,Y,Same Day,Refurbished,APM MAIN
GR102987,Avante Health Solutions,,Y,Same Day,Refurbished,APM MAIN
H1X3.5,Avante Health Solutions,1750.000000,Y,Same Day,Refurbished,APM MAIN
HEMG49-S120400-7,Avante Health Solutions,29.000000,Y,Same Day,Refurbished,APM MAIN
HES49-12040,Avante Health Solutions,16.000000,Y,Same Day,Refurbished,APM MAIN
HES49-15033-N,Avante Health Solutions,1.000000,Y,Same Day,New OEM Original,APM MAIN
HL-022-N,Avante Health Solutions,,Y,Same Day,New OEM Original,APM MAIN
HP-0053-08,Avante Health Solutions,3.000000,Y,Same Day,Refurbished,APM MAIN
HTE725032A7E630,Avante Health Solutions,,Y,Same Day,Refurbished,APM MAIN
IC5-9-D-N,Avante Health Solutions,,Y,Same Day,New OEM Original,APM MAIN
IPC-5012-N,Avante Health Solutions,20.000000,Y,Same Day,New OEM Original,APM MAIN
KPM27R-12A03-N,Avante Health Solutions,4443.000000,Y,Same Day,New OEM Original,APM MAIN
KTZ280195,Avante Health Solutions,,Y,Same Day,Refurbished,APM MAIN
KW-M707,Avante Health Solutions,144.000000,Y,Same Day,Refurbished,APM MAIN
LA-3020-100-1C-GE,Avante Health Solutions,3.000000,Y,Same Day,Refurbished,APM MAIN
LA-4137-1002-WWR,Avante Health Solutions,16.000000,Y,Same Day,Refurbished,APM MAIN
LA-4137-1020-WW,Avante Health Solutions,13.000000,Y,Same Day,Refurbished,APM MAIN
LA-5137-1120-WWR,Avante Health Solutions,1.000000,Y,Same Day,Refurbished,APM MAIN
LB121S03,Avante Health Solutions,1.000000,Y,Same Day,Refurbished,APM MAIN
LED55X31-W,Avante Health Solutions,,Y,Same Day,Refurbished,APM MAIN
LM201U05,Avante Health Solutions,,Y,Same Day,Refurbished,APM MAIN
LQ084V1DG21,Avante Health Solutions,30.000000,Y,Same Day,Refurbished,APM MAIN
LQ104V1DG51,Avante Health Solutions,8.000000,Y,Same Day,Refurbished,APM MAIN
LQ104V1DG61,Avante Health Solutions,,Y,Same Day,Refurbished,APM MAIN
LQ10D421,Avante Health Solutions,16.000000,Y,Same Day,Refurbished,APM MAIN
LQ121S1DG65,Avante Health Solutions,,Y,Same Day,Refurbished,APM MAIN
LQ121S1LG49-N,Avante Health Solutions,,Y,Same Day,New OEM Original,APM MAIN
LQ150X1LW12,Avante Health Solutions,,Y,Same Day,Refurbished,APM MAIN
LTM170E5-L03,Avante Health Solutions,,Y,Same Day,Refurbished,APM MAIN
M1001-45011,Avante Health Solutions,,Y,Same Day,Refurbished,APM MAIN
M1002324,Avante Health Solutions,,Y,Same Day,Refurbished,APM MAIN
M1002328,Avante Health Solutions,,Y,Same Day,Refurbished,APM MAIN
M1002473-N,Avante Health Solutions,5.000000,Y,Same Day,New OEM Original,APM MAIN
M1002-66511,Avante Health Solutions,,Y,Same Day,Refurbished,APM MAIN
M1005731-N,Avante Health Solutions,2.000000,Y,Same Day,New OEM Original,APM MAIN
M1006153-03,Avante Health Solutions,,Y,Same Day,Refurbished,APM MAIN
M1006-42202-N,Avante Health Solutions,23.000000,Y,Same Day,New OEM Original,APM MAIN
M1006-60201,Avante Health Solutions,,Y,Same Day,Refurbished,APM MAIN
M1006-60251,Avante Health Solutions,,Y,Same Day,Refurbished,APM MAIN
M1006-60251-N,Avante Health Solutions,10.000000,Y,Same Day,New OEM Original,APM MAIN
M1006-66505,Avante Health Solutions,,Y,Same Day,Refurbished,APM MAIN
M1006-66521,Avante Health Solutions,,Y,Same Day,Refurbished,APM MAIN
M1006806,Avante Health Solutions,,Y,Same Day,Refurbished,APM MAIN
M1006806-N,Avante Health Solutions,,Y,Same Day,New OEM Original,APM MAIN
M1006808,Avante Health Solutions,,Y,Same Day,Refurbished,APM MAIN
M1006808-N,Avante Health Solutions,1.000000,Y,Same Day,New OEM Original,APM MAIN
M1006816,Avante Health Solutions,,Y,Same Day,Refurbished,APM MAIN
M1006864-N,Avante Health Solutions,,Y,Same Day,New OEM Original,APM MAIN
M1008598,Avante Health Solutions,,Y,Same Day,Refurbished,APM MAIN
M1008-60002,Avante Health Solutions,,Y,Same Day,Refurbished,APM MAIN
M1008-66501,Avante Health Solutions,,Y,Same Day,Refurbished,APM MAIN
M1008909,Avante Health Solutions,,Y,Same Day,Refurbished,APM MAIN
M1011320-N,Avante Health Solutions,2.000000,Y,Same Day,New OEM Original,APM MAIN
M1011858,Avante Health Solutions,,Y,Same Day,Refurbished,APM MAIN
M1012191,Avante Health Solutions,,Y,Same Day,Refurbished,APM MAIN
M1012-42201-N,Avante Health Solutions,5.000000,Y,Same Day,New OEM Original,APM MAIN
M1012-60201,Avante Health Solutions,,Y,Same Day,Refurbished,APM MAIN
M1012-60201-N,Avante Health Solutions,,Y,Same Day,New OEM Original,APM MAIN
M1012-66501,Avante Health Solutions,,Y,Same Day,Refurbished,APM MAIN
M1012677,Avante Health Solutions,,Y,Same Day,Refurbished,APM MAIN
M1013-61005,Avante Health Solutions,,Y,Same Day,Refurbished,APM MAIN
M1014-66401,Avante Health Solutions,,Y,Same Day,Refurbished,APM MAIN
M1017874-N,Avante Health Solutions,,Y,Same Day,New OEM Original,APM MAIN
M1020-42201,Avante Health Solutions,,Y,Same Day,Refurbished,APM MAIN
M1020-42211-1843,Avante Health Solutions,,Y,Same Day,Refurbished,APM MAIN
M1020-42211-A01,Avante Health Solutions,,Y,Same Day,Refurbished,APM MAIN
M1020-42211-A02,Avante Health Solutions,,Y,Same Day,Refurbished,APM MAIN
M1020-60201,Avante Health Solutions,6.000000,Y,Same Day,Refurbished,APM MAIN
M1020-66434,Avante Health Solutions,,Y,Same Day,Refurbished,APM MAIN
M1020-66513,Avante Health Solutions,,Y,Same Day,Refurbished,APM MAIN
M1020890,Avante Health Solutions,,Y,Same Day,Refurbished,APM MAIN
M1021029,Avante Health Solutions,,Y,Same Day,Refurbished,APM MAIN
M1021035,Avante Health Solutions,3.000000,Y,Same Day,Refurbished,APM MAIN
M1021101,Avante Health Solutions,,Y,Same Day,Refurbished,APM MAIN
M1024982,Avante Health Solutions,,Y,Same Day,Refurbished,APM MAIN
M1026-60102-N,Avante Health Solutions,2.000000,Y,Same Day,New OEM Original,APM MAIN
M1026-60105,Avante Health Solutions,1.000000,Y,Same Day,Refurbished,APM MAIN
M1026-60106,Avante Health Solutions,,Y,Same Day,Refurbished,APM MAIN
M1026-60133,Avante Health Solutions,2.000000,Y,Same Day,Refurbished,APM MAIN
M1026-60134,Avante Health Solutions,,Y,Same Day,Refurbished,APM MAIN
M1026-60135,Avante Health Solutions,,Y,Same Day,Refurbished,APM MAIN
M1026-60146,Avante Health Solutions,,Y,Same Day,Refurbished,APM MAIN
M1026-60150,Avante Health Solutions,,Y,Same Day,Refurbished,APM MAIN
M1026-60190,Avante Health Solutions,,Y,Same Day,Refurbished,APM MAIN
M1026-60192,Avante Health Solutions,,Y,Same Day,Refurbished,APM MAIN
M1026-60193,Avante Health Solutions,,Y,Same Day,Refurbished,APM MAIN
M1027676,Avante Health Solutions,,Y,Same Day,Refurbished,APM MAIN
M1029-42201,Avante Health Solutions,,Y,Same Day,Refurbished,APM MAIN
M1029-60201,Avante Health Solutions,,Y,Same Day,Refurbished,APM MAIN
M1029-60201-N,Avante Health Solutions,3.000000,Y,Same Day,New OEM Original,APM MAIN
M1029-66501,Avante Health Solutions,,Y,Same Day,Refurbished,APM MAIN
M1031-42201,Avante Health Solutions,,Y,Same Day,Refurbished,APM MAIN
M1032-42201,Avante Health Solutions,,Y,Same Day,Refurbished,APM MAIN
M1032-45201,Avante Health Solutions,,Y,Same Day,Refurbished,APM MAIN
M1032-61692,Avante Health Solutions,,Y,Same Day,Refurbished,APM MAIN
M1032-61692-N,Avante Health Solutions,,Y,Same Day,New OEM Original,APM MAIN
M1034-42201,Avante Health Solutions,,Y,Same Day,Refurbished,APM MAIN
M1034-42201-N,Avante Health Solutions,,Y,Same Day,New OEM Original,APM MAIN
M1034-61610,Avante Health Solutions,,Y,Same Day,Refurbished,APM MAIN
M1034-61620,Avante Health Solutions,2.000000,Y,Same Day,Refurbished,APM MAIN
M1097-60005,Avante Health Solutions,1.000000,Y,Same Day,Refurbished,APM MAIN
M1115509,Avante Health Solutions,,Y,Same Day,Refurbished,APM MAIN
M1115512,Avante Health Solutions,,Y,Same Day,Refurbished,APM MAIN
M1121205,Avante Health Solutions,,Y,Same Day,Refurbished,APM MAIN
M1121205-N,Avante Health Solutions,1.000000,Y,Same Day,New OEM Original,APM MAIN
M1133995,Avante Health Solutions,,Y,Same Day,Refurbished,APM MAIN
M1138310-LCD,Avante Health Solutions,,Y,Same Day,Refurbished,APM MAIN
M115-4002,Avante Health Solutions,,Y,Same Day,Refurbished,APM MAIN
M1168219,Avante Health Solutions,,Y,Same Day,Refurbished,APM MAIN
M1168225,Avante Health Solutions,,Y,Same Day,Refurbished,APM MAIN
M1168225-C,Avante Health Solutions,7.000000,Y,Same Day,Refurbished,APM MAIN
M1168227,Avante Health Solutions,,Y,Same Day,Refurbished,APM MAIN
M1168230,Avante Health Solutions,,Y,Same Day,Refurbished,APM MAIN
M1168232,Avante Health Solutions,,Y,Same Day,Refurbished,APM MAIN
M1168233,Avante Health Solutions,,Y,Same Day,Refurbished,APM MAIN
M1182629,Avante Health Solutions,6.000000,Y,Same Day,Refurbished,APM MAIN
M1182629-S,Avante Health Solutions,15.000000,Y,Same Day,Refurbished,APM MAIN
M1200227-S-N,Avante Health Solutions,18.000000,Y,Same Day,New OEM Original,APM MAIN
M1204-41010,Avante Health Solutions,7.000000,Y,Same Day,Refurbished,APM MAIN
M1204-60130,Avante Health Solutions,8.000000,Y,Same Day,Refurbished,APM MAIN
M1204-60150,Avante Health Solutions,6.000000,Y,Same Day,Refurbished,APM MAIN
M1204-60180,Avante Health Solutions,7.000000,Y,Same Day,Refurbished,APM MAIN
M1204-60194,Avante Health Solutions,5.000000,Y,Same Day,Refurbished,APM MAIN
M1204-61086,Avante Health Solutions,,Y,Same Day,Refurbished,APM MAIN
M1204-62041,Avante Health Solutions,8.000000,Y,Same Day,Refurbished,APM MAIN
M1204-63000,Avante Health Solutions,1.000000,Y,Same Day,Refurbished,APM MAIN
M1204-66202,Avante Health Solutions,7.000000,Y,Same Day,Refurbished,APM MAIN
M1206390-N,Avante Health Solutions,,Y,Same Day,New OEM Original,APM MAIN
M1206530,Avante Health Solutions,,Y,Same Day,Refurbished,APM MAIN
M1206539,Avante Health Solutions,,Y,Same Day,Refurbished,APM MAIN
M1206539-N,Avante Health Solutions,,Y,Same Day,New OEM Original,APM MAIN
M1209371-003,Avante Health Solutions,,Y,Same Day,Refurbished,APM MAIN
M1209375-002,Avante Health Solutions,,Y,Same Day,Refurbished,APM MAIN
M1221537-N,Avante Health Solutions,,Y,Same Day,New OEM Original,APM MAIN
M1221538-N,Avante Health Solutions,1.000000,Y,Same Day,New OEM Original,APM MAIN
M1224537,Avante Health Solutions,,Y,Same Day,Refurbished,APM MAIN
M1224539,Avante Health Solutions,2.000000,Y,Same Day,Refurbished,APM MAIN
M1224539-C,Avante Health Solutions,1.000000,Y,Same Day,Refurbished,APM MAIN
M1233483,Avante Health Solutions,1.000000,Y,Same Day,Refurbished,APM MAIN
M1233489,Avante Health Solutions,,Y,Same Day,Refurbished,APM MAIN
M1233489-N,Avante Health Solutions,,Y,Same Day,New OEM Original,APM MAIN
M1233490,Avante Health Solutions,1.000000,Y,Same Day,Refurbished,APM MAIN
M1233490-C,Avante Health Solutions,9.000000,Y,Same Day,Refurbished,APM MAIN
M1233491-1,Avante Health Solutions,,Y,Same Day,Refurbished,APM MAIN
M1233491-1-C,Avante Health Solutions,11.000000,Y,Same Day,Refurbished,APM MAIN
M1233491-N,Avante Health Solutions,,Y,Same Day,New OEM Original,APM MAIN
M1233492,Avante Health Solutions,,Y,Same Day,Refurbished,APM MAIN
M1233494,Avante Health Solutions,,Y,Same Day,Refurbished,APM MAIN
M1233494-1,Avante Health Solutions,,Y,Same Day,Refurbished,APM MAIN
M1233494-1-N,Avante Health Solutions,,Y,Same Day,New OEM Original,APM MAIN
M1233494-2-N,Avante Health Solutions,,Y,Same Day,New OEM Original,APM MAIN
M1233494-LENS-C,Avante Health Solutions,45.000000,Y,Same Day,Refurbished,APM MAIN
M1233494-N,Avante Health Solutions,2.000000,Y,Same Day,New OEM Original,APM MAIN
M1233497,Avante Health Solutions,,Y,Same Day,Refurbished,APM MAIN
M1233499,Avante Health Solutions,,Y,Same Day,Refurbished,APM MAIN
M1233540-C,Avante Health Solutions,8.000000,Y,Same Day,Refurbished,APM MAIN
M1233540-R,Avante Health Solutions,2.000000,Y,Same Day,Refurbished,APM MAIN
M1234251,Avante Health Solutions,,Y,Same Day,Refurbished,APM MAIN
M1275-40010,Avante Health Solutions,10.000000,Y,Same Day,Refurbished,APM MAIN
M1275-60170,Avante Health Solutions,9.000000,Y,Same Day,Refurbished,APM MAIN
M1350-60601,Avante Health Solutions,,Y,Same Day,Refurbished,APM MAIN
M1350-66517,Avante Health Solutions,20.000000,Y,Same Day,Refurbished,APM MAIN
M1350-66520,Avante Health Solutions,17.000000,Y,Same Day,Refurbished,APM MAIN
M1350-66521,Avante Health Solutions,47.000000,Y,Same Day,Refurbished,APM MAIN
M1350-66532,Avante Health Solutions,11.000000,Y,Same Day,Refurbished,APM MAIN
M1350-66535,Avante Health Solutions,11.000000,Y,Same Day,Refurbished,APM MAIN
M1350-69515,Avante Health Solutions,1.000000,Y,Same Day,Refurbished,APM MAIN
M1350-69517,Avante Health Solutions,3.000000,Y,Same Day,Refurbished,APM MAIN
M1350-69534,Avante Health Solutions,11.000000,Y,Same Day,Refurbished,APM MAIN
M1612A-N,Avante Health Solutions,,Y,Same Day,New OEM Original,APM MAIN
M1657B-S-C,Avante Health Solutions,94.000000,Y,Same Day,Refurbished,APM MAIN
M1658A,Avante Health Solutions,,Y,Same Day,Refurbished,APM MAIN
M1719A,Avante Health Solutions,1.000000,Y,Same Day,Refurbished,APM MAIN
M1910A-N,Avante Health Solutions,,Y,Same Day,New OEM Original,APM MAIN
M24-29-N,Avante Health Solutions,13.000000,Y,Same Day,New OEM Original,APM MAIN
M2601-60300,Avante Health Solutions,1.000000,Y,Same Day,Refurbished,APM MAIN
M2601-66010,Avante Health Solutions,11.000000,Y,Same Day,Refurbished,APM MAIN
M2601-68620,Avante Health Solutions,,Y,Same Day,Refurbished,APM MAIN
M2638A,Avante Health Solutions,4.000000,Y,Same Day,Refurbished,APM MAIN
M26B12340,Avante Health Solutions,,Y,Same Day,Refurbished,APM MAIN
M26B12340R,Avante Health Solutions,,Y,Same Day,Refurbished,APM MAIN
M26K13266R,Avante Health Solutions,,Y,Same Day,Refurbished,APM MAIN
M2703-60004,Avante Health Solutions,,Y,Same Day,Refurbished,APM MAIN
M2703-61002,Avante Health Solutions,2.000000,Y,Same Day,Refurbished,APM MAIN
M2703-64101,Avante Health Solutions,,Y,Same Day,Refurbished,APM MAIN
M2703-64502,Avante Health Solutions,,Y,Same Day,Refurbished,APM MAIN
M2703-64503,Avante Health Solutions,,Y,Same Day,Refurbished,APM MAIN
M2703-64602,Avante Health Solutions,,Y,Same Day,Refurbished,APM MAIN
M2703-64651,Avante Health Solutions,,Y,Same Day,Refurbished,APM MAIN
M2703-66510,Avante Health Solutions,14.000000,Y,Same Day,Refurbished,APM MAIN
M2703-66520,Avante Health Solutions,,Y,Same Day,Refurbished,APM MAIN
M2703-66530,Avante Health Solutions,,Y,Same Day,Refurbished,APM MAIN
M2703-67501,Avante Health Solutions,3.000000,Y,Same Day,Refurbished,APM MAIN
M2703-68502,Avante Health Solutions,,Y,Same Day,Refurbished,APM MAIN
M2705-60200,Avante Health Solutions,,Y,Same Day,Refurbished,APM MAIN
M2705-64101,Avante Health Solutions,,Y,Same Day,Refurbished,APM MAIN
M2705-64203-N,Avante Health Solutions,,Y,Same Day,New OEM Original,APM MAIN
M2705-64300,Avante Health Solutions,10.000000,Y,Same Day,Refurbished,APM MAIN
M2705-66510,Avante Health Solutions,14.000000,Y,Same Day,Refurbished,APM MAIN
M2705-68601,Avante Health Solutions,6.000000,Y,Same Day,Refurbished,APM MAIN
M2720-61603-C,Avante Health Solutions,6.000000,Y,Same Day,Refurbished,APM MAIN
M2732-60001,Avante Health Solutions,8.000000,Y,Same Day,Refurbished,APM MAIN
M3000-60001,Avante Health Solutions,98.000000,Y,Same Day,Refurbished,APM MAIN
M3000-60002,Avante Health Solutions,52.000000,Y,Same Day,Refurbished,APM MAIN
M3000-60003,Avante Health Solutions,,Y,Same Day,Refurbished,APM MAIN
M3000-60004,Avante Health Solutions,39.000000,Y,Same Day,Refurbished,APM MAIN
M3000-66421,Avante Health Solutions,1.000000,Y,Same Day,Refurbished,APM MAIN
M3000-66441,Avante Health Solutions,63.000000,Y,Same Day,Refurbished,APM MAIN
M3000-66541,Avante Health Solutions,6.000000,Y,Same Day,Refurbished,APM MAIN
M3001-40102-B,Avante Health Solutions,,Y,Same Day,Refurbished,APM MAIN
M3001-40102-W,Avante Health Solutions,44.000000,Y,Same Day,Refurbished,APM MAIN
M3001-60001,Avante Health Solutions,,Y,Same Day,Refurbished,APM MAIN
M3001-64002,Avante Health Solutions,,Y,Same Day,Refurbished,APM MAIN
M3001-64050,Avante Health Solutions,,Y,Same Day,Refurbished,APM MAIN
M3001-64500,Avante Health Solutions,,Y,Same Day,Refurbished,APM MAIN
M3001-66401,Avante Health Solutions,,Y,Same Day,Refurbished,APM MAIN
M3001-66402,Avante Health Solutions,8.000000,Y,Same Day,Refurbished,APM MAIN
M3001-66404,Avante Health Solutions,36.000000,Y,Same Day,Refurbished,APM MAIN
M3001-66406,Avante Health Solutions,,Y,Same Day,Refurbished,APM MAIN
M3001-66413,Avante Health Solutions,,Y,Same Day,Refurbished,APM MAIN
M3001-66414,Avante Health Solutions,48.000000,Y,Same Day,Refurbished,APM MAIN
M3001-66415,Avante Health Solutions,,Y,Same Day,Refurbished,APM MAIN
M3001-66416,Avante Health Solutions,18.000000,Y,Same Day,Refurbished,APM MAIN
M3001-66417,Avante Health Solutions,89.000000,Y,Same Day,Refurbished,APM MAIN
M3001-66418,Avante Health Solutions,,Y,Same Day,Refurbished,APM MAIN
M3001-66420,Avante Health Solutions,,Y,Same Day,Refurbished,APM MAIN
M3001-66422,Avante Health Solutions,,Y,Same Day,Refurbished,APM MAIN
M3001-66424,Avante Health Solutions,,Y,Same Day,Refurbished,APM MAIN
M3001-66425,Avante Health Solutions,,Y,Same Day,Refurbished,APM MAIN
M3001-66426,Avante Health Solutions,60.000000,Y,Same Day,Refurbished,APM MAIN
M3001-68010,Avante Health Solutions,,Y,Same Day,Refurbished,APM MAIN
M3001-68010-N,Avante Health Solutions,,Y,Same Day,New OEM Original,APM MAIN
M3001-68011,Avante Health Solutions,,Y,Same Day,Refurbished,APM MAIN
M3001-68012,Avante Health Solutions,,Y,Same Day,Refurbished,APM MAIN
M3001-68013,Avante Health Solutions,,Y,Same Day,Refurbished,APM MAIN
M3001-68014,Avante Health Solutions,,Y,Same Day,Refurbished,APM MAIN
M3001-68015,Avante Health Solutions,,Y,Same Day,Refurbished,APM MAIN
M3001-68016,Avante Health Solutions,,Y,Same Day,Refurbished,APM MAIN
M3001-68018,Avante Health Solutions,,Y,Same Day,Refurbished,APM MAIN
M3001-68019,Avante Health Solutions,,Y,Same Day,Refurbished,APM MAIN
M3001-68020,Avante Health Solutions,,Y,Same Day,Refurbished,APM MAIN
M3001-68021,Avante Health Solutions,,Y,Same Day,Refurbished,APM MAIN
M3001-68026,Avante Health Solutions,,Y,Same Day,Refurbished,APM MAIN
M3001-68028,Avante Health Solutions,,Y,Same Day,Refurbished,APM MAIN
M3001-68029,Avante Health Solutions,,Y,Same Day,Refurbished,APM MAIN
M3001-68030,Avante Health Solutions,,Y,Same Day,Refurbished,APM MAIN
M3001-68425,Avante Health Solutions,,Y,Same Day,Refurbished,APM MAIN
M3001-68553,Avante Health Solutions,,Y,Same Day,Refurbished,APM MAIN
M3001-68554,Avante Health Solutions,,Y,Same Day,Refurbished,APM MAIN
M3001-68555,Avante Health Solutions,,Y,Same Day,Refurbished,APM MAIN
M3001-68556,Avante Health Solutions,,Y,Same Day,Refurbished,APM MAIN
M3001-68557,Avante Health Solutions,,Y,Same Day,Refurbished,APM MAIN
M3001-68559,Avante Health Solutions,,Y,Same Day,Refurbished,APM MAIN
M3001-68725,Avante Health Solutions,9.000000,Y,Same Day,Refurbished,APM MAIN
M3001-68753,Avante Health Solutions,,Y,Same Day,Refurbished,APM MAIN
M3001-68755,Avante Health Solutions,,Y,Same Day,Refurbished,APM MAIN
M3001-68757,Avante Health Solutions,,Y,Same Day,Refurbished,APM MAIN
M3002-26470,Avante Health Solutions,67.000000,Y,Same Day,Refurbished,APM MAIN
M3002-27501,Avante Health Solutions,36.000000,Y,Same Day,Refurbished,APM MAIN
M3002-44111,Avante Health Solutions,80.000000,Y,Same Day,Refurbished,APM MAIN
M3002-44701-N,Avante Health Solutions,8.000000,Y,Same Day,New OEM Original,APM MAIN
M3002-49301,Avante Health Solutions,2.000000,Y,Same Day,Refurbished,APM MAIN
M3002-60017,Avante Health Solutions,,Y,Same Day,Refurbished,APM MAIN
M3002-60515,Avante Health Solutions,9.000000,Y,Same Day,Refurbished,APM MAIN
M3002-60525,Avante Health Solutions,,Y,Same Day,Refurbished,APM MAIN
M3002-64050-1,Avante Health Solutions,7.000000,Y,Same Day,Refurbished,APM MAIN
M3002-64050-2,Avante Health Solutions,,Y,Same Day,Refurbished,APM MAIN
M3002-64050-6,Avante Health Solutions,,Y,Same Day,Refurbished,APM MAIN
M3002-64050-N,Avante Health Solutions,,Y,Same Day,New OEM Original,APM MAIN
M3002-64060,Avante Health Solutions,,Y,Same Day,Refurbished,APM MAIN
M3002-64060-N,Avante Health Solutions,,Y,Same Day,New OEM Original,APM MAIN
M3002-64070,Avante Health Solutions,25.000000,Y,Same Day,Refurbished,APM MAIN
M3002-64070-1,Avante Health Solutions,103.000000,Y,Same Day,Refurbished,APM MAIN
M3002-64080,Avante Health Solutions,,Y,Same Day,Refurbished,APM MAIN
M3002-64080-1,Avante Health Solutions,,Y,Same Day,Refurbished,APM MAIN
M3002-64080-2,Avante Health Solutions,,Y,Same Day,Refurbished,APM MAIN
M3002-64080-3,Avante Health Solutions,312.000000,Y,Same Day,Refurbished,APM MAIN
M3002-64080-4,Avante Health Solutions,,Y,Same Day,Refurbished,APM MAIN
M3002-64080-5,Avante Health Solutions,437.000000,Y,Same Day,Refurbished,APM MAIN
M3002-64090,Avante Health Solutions,75.000000,Y,Same Day,Refurbished,APM MAIN
M3002-64100,Avante Health Solutions,,Y,Same Day,Refurbished,APM MAIN
M3002-64100-1,Avante Health Solutions,15.000000,Y,Same Day,Refurbished,APM MAIN
M3002-64100-2,Avante Health Solutions,299.000000,Y,Same Day,Refurbished,APM MAIN
M3002-64100-3,Avante Health Solutions,,Y,Same Day,Refurbished,APM MAIN
M3002-64100-C,Avante Health Solutions,10.000000,Y,Same Day,Refurbished,APM MAIN
M3002-64100-N,Avante Health Solutions,,Y,Same Day,New OEM Original,APM MAIN
M3002-64210,Avante Health Solutions,,Y,Same Day,Refurbished,APM MAIN
M3002-67020,Avante Health Solutions,,Y,Same Day,Refurbished,APM MAIN
M3002-67021,Avante Health Solutions,,Y,Same Day,Refurbished,APM MAIN
M3002-68549,Avante Health Solutions,,Y,Same Day,Refurbished,APM MAIN
M3002-68550,Avante Health Solutions,,Y,Same Day,Refurbished,APM MAIN
M3002-68560,Avante Health Solutions,,Y,Same Day,Refurbished,APM MAIN
M3002-68561,Avante Health Solutions,,Y,Same Day,Refurbished,APM MAIN
M3002-68565,Avante Health Solutions,,Y,Same Day,Refurbished,APM MAIN
M3002-68566,Avante Health Solutions,,Y,Same Day,Refurbished,APM MAIN
M3002-68580,Avante Health Solutions,,Y,Same Day,Refurbished,APM MAIN
M3002-69550,Avante Health Solutions,,Y,Same Day,Refurbished,APM MAIN
M3012-42201,Avante Health Solutions,,Y,Same Day,Refurbished,APM MAIN
M3012-64620,Avante Health Solutions,,Y,Same Day,Refurbished,APM MAIN
M3012-66441,Avante Health Solutions,23.000000,Y,Same Day,Refurbished,APM MAIN
M3012-66442,Avante Health Solutions,14.000000,Y,Same Day,Refurbished,APM MAIN
M3015-6802A,Avante Health Solutions,1.000000,Y,Same Day,Refurbished,APM MAIN
M3046-44103,Avante Health Solutions,5.000000,Y,Same Day,Refurbished,APM MAIN
M3081-61602,Avante Health Solutions,,Y,Same Day,Refurbished,APM MAIN
M3081-61602-N,Avante Health Solutions,4.000000,Y,Same Day,New OEM Original,APM MAIN
M3081-61603,Avante Health Solutions,6.000000,Y,Same Day,Refurbished,APM MAIN
M3081-61603-N,Avante Health Solutions,2.000000,Y,Same Day,New OEM Original,APM MAIN
M3081-61626,Avante Health Solutions,48.000000,Y,Same Day,Refurbished,APM MAIN
M3081-61626-N,Avante Health Solutions,18.000000,Y,Same Day,New OEM Original,APM MAIN
M3539A-N,Avante Health Solutions,,Y,Same Day,New OEM Original,APM MAIN
M3707A-N,Avante Health Solutions,,Y,Same Day,New OEM Original,APM MAIN
M4041-22302,Avante Health Solutions,,Y,Same Day,Refurbished,APM MAIN
M4041-42303,Avante Health Solutions,101.000000,Y,Same Day,Refurbished,APM MAIN
M4041-42303-N,Avante Health Solutions,,Y,Same Day,New OEM Original,APM MAIN
M4041-44102-N,Avante Health Solutions,11.000000,Y,Same Day,New OEM Original,APM MAIN
M4041-44106,Avante Health Solutions,,Y,Same Day,Refurbished,APM MAIN
M4041-60005,Avante Health Solutions,2.000000,Y,Same Day,Refurbished,APM MAIN
M4041-66401,Avante Health Solutions,,Y,Same Day,Refurbished,APM MAIN
M4046-40501,Avante Health Solutions,,Y,Same Day,Refurbished,APM MAIN
M4046-42211,Avante Health Solutions,5.000000,Y,Same Day,Refurbished,APM MAIN
M4046-42301,Avante Health Solutions,42.000000,Y,Same Day,Refurbished,APM MAIN
M4046-44101,Avante Health Solutions,8.000000,Y,Same Day,Refurbished,APM MAIN
M4046-44103,Avante Health Solutions,,Y,Same Day,Refurbished,APM MAIN
M4046-44104,Avante Health Solutions,24.000000,Y,Same Day,Refurbished,APM MAIN
M4046-44112,Avante Health Solutions,,Y,Same Day,Refurbished,APM MAIN
M4046-45201,Avante Health Solutions,11.000000,Y,Same Day,Refurbished,APM MAIN
M4046-45202,Avante Health Solutions,71.000000,Y,Same Day,Refurbished,APM MAIN
M4046-60101,Avante Health Solutions,14.000000,Y,Same Day,Refurbished,APM MAIN
M4046-61402,Avante Health Solutions,,Y,Same Day,Refurbished,APM MAIN
M4046-62201,Avante Health Solutions,,Y,Same Day,Refurbished,APM MAIN
M4046-62351,Avante Health Solutions,83.000000,Y,Same Day,Refurbished,APM MAIN
M4046-62501,Avante Health Solutions,,Y,Same Day,Refurbished,APM MAIN
M4046-62511,Avante Health Solutions,,Y,Same Day,Refurbished,APM MAIN
M4046-64001,Avante Health Solutions,,Y,Same Day,Refurbished,APM MAIN
M4046-64001-1,Avante Health Solutions,2.000000,Y,Same Day,Refurbished,APM MAIN
M4046-64105,Avante Health Solutions,23.000000,Y,Same Day,Refurbished,APM MAIN
M4046-67508,Avante Health Solutions,,Y,Same Day,Refurbished,APM MAIN
M4046-68001,Avante Health Solutions,8.000000,Y,Same Day,Refurbished,APM MAIN
M4046-68011,Avante Health Solutions,,Y,Same Day,Refurbished,APM MAIN
M4605A-N,Avante Health Solutions,1.000000,Y,Same Day,New OEM Original,APM MAIN
M4607-60001,Avante Health Solutions,,Y,Same Day,Refurbished,APM MAIN
M4735-68110,Avante Health Solutions,,Y,Same Day,Refurbished,APM MAIN
M4746A,Avante Health Solutions,,Y,Same Day,Refurbished,APM MAIN
M4840-62000,Avante Health Solutions,55.000000,Y,Same Day,Refurbished,APM MAIN
M4840-68708,Avante Health Solutions,19.000000,Y,Same Day,Refurbished,APM MAIN
M4840-68708-N,Avante Health Solutions,1.000000,Y,Same Day,New OEM Original,APM MAIN
M4842-0050,Avante Health Solutions,,Y,Same Day,Refurbished,APM MAIN
M51A-30-80870,Avante Health Solutions,,Y,Same Day,Refurbished,APM MAIN
M8000-64001-13,Avante Health Solutions,,Y,Same Day,Refurbished,APM MAIN
M8000-64001-15,Avante Health Solutions,151.000000,Y,Same Day,Refurbished,APM MAIN
M8000-64001-18,Avante Health Solutions,,Y,Same Day,Refurbished,APM MAIN
M8000-64001-20,Avante Health Solutions,23.000000,Y,Same Day,Refurbished,APM MAIN
M8000-64001-22,Avante Health Solutions,,Y,Same Day,Refurbished,APM MAIN
M8000-64001-9,Avante Health Solutions,107.000000,Y,Same Day,Refurbished,APM MAIN
M8000-64100,Avante Health Solutions,,Y,Same Day,Refurbished,APM MAIN
M8000-64100-C,Avante Health Solutions,12.000000,Y,Same Day,Refurbished,APM MAIN
M8001-00102,Avante Health Solutions,26.000000,Y,Same Day,Refurbished,APM MAIN
M8001-00111,Avante Health Solutions,,Y,Same Day,Refurbished,APM MAIN
M8001-44102,Avante Health Solutions,2.000000,Y,Same Day,Refurbished,APM MAIN
M8001-44106,Avante Health Solutions,26.000000,Y,Same Day,Refurbished,APM MAIN
M8001-47402,Avante Health Solutions,,Y,Same Day,Refurbished,APM MAIN
M8001-60003,Avante Health Solutions,1.000000,Y,Same Day,Refurbished,APM MAIN
M8001-60004,Avante Health Solutions,4.000000,Y,Same Day,Refurbished,APM MAIN
M8001-60006,Avante Health Solutions,26.000000,Y,Same Day,Refurbished,APM MAIN
M8001-60024,Avante Health Solutions,,Y,Same Day,Refurbished,APM MAIN
M8001-60024-N,Avante Health Solutions,,Y,Same Day,New OEM Original,APM MAIN
M8001-60100,Avante Health Solutions,,Y,Same Day,Refurbished,APM MAIN
M8001-60101,Avante Health Solutions,44.000000,Y,Same Day,Refurbished,APM MAIN
M8001-60101-N,Avante Health Solutions,,Y,Same Day,New OEM Original,APM MAIN
M8001-60217,Avante Health Solutions,5.000000,Y,Same Day,Refurbished,APM MAIN
M8001-60501,Avante Health Solutions,,Y,Same Day,Refurbished,APM MAIN
M8001-60502,Avante Health Solutions,4.000000,Y,Same Day,Refurbished,APM MAIN
M8001-60506-C,Avante Health Solutions,17.000000,Y,Same Day,Refurbished,APM MAIN
M8001-60506-N,Avante Health Solutions,,Y,Same Day,New OEM Original,APM MAIN
M8001-60901,Avante Health Solutions,34.000000,Y,Same Day,Refurbished,APM MAIN
M8001-64001,Avante Health Solutions,103.000000,Y,Same Day,Refurbished,APM MAIN
M8001-64001-C,Avante Health Solutions,12.000000,Y,Same Day,Refurbished,APM MAIN
M8001-64002,Avante Health Solutions,2.000000,Y,Same Day,Refurbished,APM MAIN
M8001-64011,Avante Health Solutions,20.000000,Y,Same Day,Refurbished,APM MAIN
M8001-64015-1,Avante Health Solutions,,Y,Same Day,Refurbished,APM MAIN
M8001-64015-10,Avante Health Solutions,,Y,Same Day,Refurbished,APM MAIN
M8001-64015-11,Avante Health Solutions,370.000000,Y,Same Day,Refurbished,APM MAIN
M8001-64015-12,Avante Health Solutions,140.000000,Y,Same Day,Refurbished,APM MAIN
M8001-64015-3,Avante Health Solutions,,Y,Same Day,Refurbished,APM MAIN
M8001-64015-4,Avante Health Solutions,8.000000,Y,Same Day,Refurbished,APM MAIN
M8001-64015-7,Avante Health Solutions,111.000000,Y,Same Day,Refurbished,APM MAIN
M8001-64015-9,Avante Health Solutions,13.000000,Y,Same Day,Refurbished,APM MAIN
M8001-64022,Avante Health Solutions,9.000000,Y,Same Day,Refurbished,APM MAIN
M8001-64503,Avante Health Solutions,,Y,Same Day,Refurbished,APM MAIN
M8001-64503-1,Avante Health Solutions,1.000000,Y,Same Day,Refurbished,APM MAIN
M8001-64603,Avante Health Solutions,10.000000,Y,Same Day,Refurbished,APM MAIN
M8001-66051,Avante Health Solutions,63.000000,Y,Same Day,Refurbished,APM MAIN
M8001-66501,Avante Health Solutions,,Y,Same Day,Refurbished,APM MAIN
M8001-68002,Avante Health Solutions,,Y,Same Day,Refurbished,APM MAIN
M8003-35201,Avante Health Solutions,,Y,Same Day,Refurbished,APM MAIN
M8003-40504,Avante Health Solutions,8.000000,Y,Same Day,Refurbished,APM MAIN
M8003-60002,Avante Health Solutions,4.000000,Y,Same Day,Refurbished,APM MAIN
M8003-60003,Avante Health Solutions,,Y,Same Day,Refurbished,APM MAIN
M8003-60004,Avante Health Solutions,21.000000,Y,Same Day,Refurbished,APM MAIN
M8003-60005,Avante Health Solutions,120.000000,Y,Same Day,Refurbished,APM MAIN
M8003-60006,Avante Health Solutions,50.000000,Y,Same Day,Refurbished,APM MAIN
M8003-60008,Avante Health Solutions,212.000000,Y,Same Day,Refurbished,APM MAIN
M8003-60010,Avante Health Solutions,11.000000,Y,Same Day,Refurbished,APM MAIN
M8003-60011,Avante Health Solutions,2.000000,Y,Same Day,Refurbished,APM MAIN
M8003-60013,Avante Health Solutions,,Y,Same Day,Refurbished,APM MAIN
M8003-60021,Avante Health Solutions,18.000000,Y,Same Day,Refurbished,APM MAIN
M8003-64001,Avante Health Solutions,,Y,Same Day,Refurbished,APM MAIN
M8003-64004,Avante Health Solutions,,Y,Same Day,Refurbished,APM MAIN
M8003-64006-1,Avante Health Solutions,100.000000,Y,Same Day,Refurbished,APM MAIN
M8003-64006-11,Avante Health Solutions,11.000000,Y,Same Day,Refurbished,APM MAIN
M8003-64006-18,Avante Health Solutions,39.000000,Y,Same Day,Refurbished,APM MAIN
M8003-64006-19,Avante Health Solutions,,Y,Same Day,Refurbished,APM MAIN
M8003-64006-2,Avante Health Solutions,3.000000,Y,Same Day,Refurbished,APM MAIN
M8003-64006-5,Avante Health Solutions,35.000000,Y,Same Day,Refurbished,APM MAIN
M8003-64006-7,Avante Health Solutions,28.000000,Y,Same Day,Refurbished,APM MAIN
M8003-64006-9,Avante Health Solutions,37.000000,Y,Same Day,Refurbished,APM MAIN
M8003-64007,Avante Health Solutions,,Y,Same Day,Refurbished,APM MAIN
M8003-64007-1,Avante Health Solutions,82.000000,Y,Same Day,Refurbished,APM MAIN
M8003-64007-2,Avante Health Solutions,,Y,Same Day,Refurbished,APM MAIN
M8003-64007-3,Avante Health Solutions,125.000000,Y,Same Day,Refurbished,APM MAIN
M8003-64007-4,Avante Health Solutions,59.000000,Y,Same Day,Refurbished,APM MAIN
M8003-64007-6,Avante Health Solutions,8.000000,Y,Same Day,Refurbished,APM MAIN
M8003-64010,Avante Health Solutions,,Y,Same Day,Refurbished,APM MAIN
M8003-64010-1,Avante Health Solutions,57.000000,Y,Same Day,Refurbished,APM MAIN
M8003-64010-2,Avante Health Solutions,16.000000,Y,Same Day,Refurbished,APM MAIN
M8003-64010-3,Avante Health Solutions,21.000000,Y,Same Day,Refurbished,APM MAIN
M8003-64010-4,Avante Health Solutions,37.000000,Y,Same Day,Refurbished,APM MAIN
M8003-64010-5,Avante Health Solutions,,Y,Same Day,Refurbished,APM MAIN
M8003-64600,Avante Health Solutions,,Y,Same Day,Refurbished,APM MAIN
M8003-64603,Avante Health Solutions,2.000000,Y,Same Day,Refurbished,APM MAIN
M8003-64700,Avante Health Solutions,33.000000,Y,Same Day,Refurbished,APM MAIN
M8003-68002,Avante Health Solutions,,Y,Same Day,Refurbished,APM MAIN
M8003-69001,Avante Health Solutions,,Y,Same Day,Refurbished,APM MAIN
M8003-69013,Avante Health Solutions,53.000000,Y,Same Day,Refurbished,APM MAIN
M8003-69021,Avante Health Solutions,17.000000,Y,Same Day,Refurbished,APM MAIN
M8003-69201,Avante Health Solutions,,Y,Same Day,Refurbished,APM MAIN
M8003-69503,Avante Health Solutions,187.000000,Y,Same Day,Refurbished,APM MAIN
M8003-69504,Avante Health Solutions,31.000000,Y,Same Day,Refurbished,APM MAIN
M8003-69504-1,Avante Health Solutions,5.000000,Y,Same Day,Refurbished,APM MAIN
M8003-69521,Avante Health Solutions,,Y,Same Day,Refurbished,APM MAIN
M8003-69600,Avante Health Solutions,,Y,Same Day,Refurbished,APM MAIN
M8003-69604,Avante Health Solutions,,Y,Same Day,Refurbished,APM MAIN
M8003-69604-N,Avante Health Solutions,2.000000,Y,Same Day,New OEM Original,APM MAIN
M8023-60000,Avante Health Solutions,10.000000,Y,Same Day,Refurbished,APM MAIN
M8023-60000-N,Avante Health Solutions,,Y,Same Day,New OEM Original,APM MAIN
M8023-60000-N-SNUPDATE,Avante Health Solutions,,Y,Same Day,New OEM Original,APM MAIN
M8026-60504,Avante Health Solutions,,Y,Same Day,Refurbished,APM MAIN
M8033-64603,Avante Health Solutions,,Y,Same Day,Refurbished,APM MAIN
M8040-60100,Avante Health Solutions,,Y,Same Day,Refurbished,APM MAIN
M8040-60100-N,Avante Health Solutions,,Y,Same Day,New OEM Original,APM MAIN
M8040-60101,Avante Health Solutions,2.000000,Y,Same Day,Refurbished,APM MAIN
M8040-60101-N,Avante Health Solutions,33.000000,Y,Same Day,New OEM Original,APM MAIN
M8048-64001,Avante Health Solutions,,Y,Same Day,Refurbished,APM MAIN
M8048-64002-12,Avante Health Solutions,,Y,Same Day,Refurbished,APM MAIN
M8048-64002-2,Avante Health Solutions,,Y,Same Day,Refurbished,APM MAIN
M8048-64002-5,Avante Health Solutions,,Y,Same Day,Refurbished,APM MAIN
M8048-64002-6,Avante Health Solutions,,Y,Same Day,Refurbished,APM MAIN
M8048-64002-8,Avante Health Solutions,,Y,Same Day,Refurbished,APM MAIN
M8048-64002-9,Avante Health Solutions,,Y,Same Day,Refurbished,APM MAIN
M8050-66421,Avante Health Solutions,,Y,Same Day,Refurbished,APM MAIN
M8050-66501,Avante Health Solutions,14.000000,Y,Same Day,Refurbished,APM MAIN
M8050-66524,Avante Health Solutions,1.000000,Y,Same Day,Refurbished,APM MAIN
M8050-66524-N,Avante Health Solutions,2.000000,Y,Same Day,New OEM Original,APM MAIN
M8050-68401,Avante Health Solutions,1.000000,Y,Same Day,Refurbished,APM MAIN
M8050-68421,Avante Health Solutions,16.000000,Y,Same Day,Refurbished,APM MAIN
M8050-68422,Avante Health Solutions,,Y,Same Day,Refurbished,APM MAIN
M8050-68424,Avante Health Solutions,,Y,Same Day,Refurbished,APM MAIN
M8052-66401,Avante Health Solutions,23.000000,Y,Same Day,Refurbished,APM MAIN
M8052-66401-N,Avante Health Solutions,1.000000,Y,Same Day,New OEM Original,APM MAIN
M8052-66504-N-SNUPDATE,Avante Health Solutions,,Y,Same Day,New OEM Original,APM MAIN
M8052-68403,Avante Health Solutions,,Y,Same Day,Refurbished,APM MAIN
M8052-68404,Avante Health Solutions,,Y,Same Day,Refurbished,APM MAIN
M8052-68404-N,Avante Health Solutions,24.000000,Y,Same Day,New OEM Original,APM MAIN
M8055-68401,Avante Health Solutions,5.000000,Y,Same Day,Refurbished,APM MAIN
M8058-66401,Avante Health Solutions,28.000000,Y,Same Day,Refurbished,APM MAIN
M8058-66501,Avante Health Solutions,3.000000,Y,Same Day,Refurbished,APM MAIN
M8058-66504,Avante Health Solutions,27.000000,Y,Same Day,Refurbished,APM MAIN
M8058-66504-SN-N,Avante Health Solutions,22.000000,Y,Same Day,New OEM Original,APM MAIN
M8058-68402,Avante Health Solutions,11.000000,Y,Same Day,Refurbished,APM MAIN
M8058-68404,Avante Health Solutions,,Y,Same Day,Refurbished,APM MAIN
M8062-61002,Avante Health Solutions,201.000000,Y,Same Day,Refurbished,APM MAIN
M8062-61002-N,Avante Health Solutions,58.000000,Y,Same Day,New OEM Original,APM MAIN
M8062-66561,Avante Health Solutions,115.000000,Y,Same Day,Refurbished,APM MAIN
M8063-66451,Avante Health Solutions,,Y,Same Day,Refurbished,APM MAIN
M8063-67001,Avante Health Solutions,,Y,Same Day,Refurbished,APM MAIN
M8063-69501,Avante Health Solutions,,Y,Same Day,Refurbished,APM MAIN
M8063-69501-1,Avante Health Solutions,71.000000,Y,Same Day,Refurbished,APM MAIN
M8063-69501-2,Avante Health Solutions,14.000000,Y,Same Day,Refurbished,APM MAIN
M8063-69561,Avante Health Solutions,100.000000,Y,Same Day,Refurbished,APM MAIN
M8063-69561-N,Avante Health Solutions,13.000000,Y,Same Day,New OEM Original,APM MAIN
M8064-26441,Avante Health Solutions,,Y,Same Day,Refurbished,APM MAIN
M8064-66401,Avante Health Solutions,15.000000,Y,Same Day,Refurbished,APM MAIN
M8065-66501,Avante Health Solutions,183.000000,Y,Same Day,Refurbished,APM MAIN
M8065-66581,Avante Health Solutions,159.000000,Y,Same Day,Refurbished,APM MAIN
M8065-67541,Avante Health Solutions,122.000000,Y,Same Day,Refurbished,APM MAIN
M8067-66461,Avante Health Solutions,23.000000,Y,Same Day,Refurbished,APM MAIN
M8067-66561,Avante Health Solutions,9.000000,Y,Same Day,Refurbished,APM MAIN
M8067-69501,Avante Health Solutions,,Y,Same Day,Refurbished,APM MAIN
M8067-69501-N,Avante Health Solutions,4.000000,Y,Same Day,New OEM Original,APM MAIN
M8068-6102,Avante Health Solutions,,Y,Same Day,Refurbished,APM MAIN
M8068-66401,Avante Health Solutions,53.000000,Y,Same Day,Refurbished,APM MAIN
M8068-66421,Avante Health Solutions,24.000000,Y,Same Day,Refurbished,APM MAIN
M8068-66502,Avante Health Solutions,33.000000,Y,Same Day,Refurbished,APM MAIN
M8068-66522,Avante Health Solutions,2.000000,Y,Same Day,Refurbished,APM MAIN
M8071-66561,Avante Health Solutions,6.000000,Y,Same Day,Refurbished,APM MAIN
M8071-67511,Avante Health Solutions,65.000000,Y,Same Day,Refurbished,APM MAIN
M8077-66401,Avante Health Solutions,49.000000,Y,Same Day,Refurbished,APM MAIN
M8077-66501,Avante Health Solutions,54.000000,Y,Same Day,Refurbished,APM MAIN
M8078-66401,Avante Health Solutions,102.000000,Y,Same Day,Refurbished,APM MAIN
M8078-66502,Avante Health Solutions,50.000000,Y,Same Day,Refurbished,APM MAIN
M8078-66503,Avante Health Solutions,75.000000,Y,Same Day,Refurbished,APM MAIN
M8078-66504,Avante Health Solutions,69.000000,Y,Same Day,Refurbished,APM MAIN
M8079-66402,Avante Health Solutions,13.000000,Y,Same Day,Refurbished,APM MAIN
M8079-66502,Avante Health Solutions,,Y,Same Day,Refurbished,APM MAIN
M8080-67011,Avante Health Solutions,5.000000,Y,Same Day,Refurbished,APM MAIN
M8080-67501,Avante Health Solutions,7.000000,Y,Same Day,Refurbished,APM MAIN
M8080-67501-N,Avante Health Solutions,4.000000,Y,Same Day,New OEM Original,APM MAIN
M8080-67511,Avante Health Solutions,45.000000,Y,Same Day,Refurbished,APM MAIN
M8080-67561,Avante Health Solutions,,Y,Same Day,Refurbished,APM MAIN
M8080-67581,Avante Health Solutions,1.000000,Y,Same Day,Refurbished,APM MAIN
M8081-67001,Avante Health Solutions,,Y,Same Day,Refurbished,APM MAIN
M8081-67501,Avante Health Solutions,,Y,Same Day,Refurbished,APM MAIN
M8082-67001,Avante Health Solutions,4.000000,Y,Same Day,Refurbished,APM MAIN
M8085-67001,Avante Health Solutions,128.000000,Y,Same Day,Refurbished,APM MAIN
M8085-67501,Avante Health Solutions,,Y,Same Day,Refurbished,APM MAIN
M8085-67501-N,Avante Health Solutions,,Y,Same Day,New OEM Original,APM MAIN
M8085-69521,Avante Health Solutions,142.000000,Y,Same Day,Refurbished,APM MAIN
M8086-61004,Avante Health Solutions,,Y,Same Day,Refurbished,APM MAIN
M8086-61005,Avante Health Solutions,2.000000,Y,Same Day,Refurbished,APM MAIN
M8086-66441,Avante Health Solutions,43.000000,Y,Same Day,Refurbished,APM MAIN
M8086-66461,Avante Health Solutions,2.000000,Y,Same Day,Refurbished,APM MAIN
M8086-66562,Avante Health Solutions,57.000000,Y,Same Day,Refurbished,APM MAIN
M8086-66582,Avante Health Solutions,,Y,Same Day,Refurbished,APM MAIN
M8086-67001,Avante Health Solutions,,Y,Same Day,Refurbished,APM MAIN
M8086-67021,Avante Health Solutions,75.000000,Y,Same Day,Refurbished,APM MAIN
M8086-67501,Avante Health Solutions,205.000000,Y,Same Day,Refurbished,APM MAIN
M8086-67521,Avante Health Solutions,,Y,Same Day,Refurbished,APM MAIN
M8087-67001,Avante Health Solutions,97.000000,Y,Same Day,Refurbished,APM MAIN
M8087-67501,Avante Health Solutions,,Y,Same Day,Refurbished,APM MAIN
M8089-67501,Avante Health Solutions,62.000000,Y,Same Day,Refurbished,APM MAIN
M8090-67001,Avante Health Solutions,,Y,Same Day,Refurbished,APM MAIN
M8090-67021,Avante Health Solutions,30.000000,Y,Same Day,Refurbished,APM MAIN
M8092-67021,Avante Health Solutions,,Y,Same Day,Refurbished,APM MAIN
M8092-67501,Avante Health Solutions,,Y,Same Day,Refurbished,APM MAIN
M8092-67521,Avante Health Solutions,56.000000,Y,Same Day,Refurbished,APM MAIN
M8096-67001,Avante Health Solutions,20.000000,Y,Same Day,Refurbished,APM MAIN
M8096-67501,Avante Health Solutions,5.000000,Y,Same Day,Refurbished,APM MAIN
M8100-02357,Avante Health Solutions,,Y,Same Day,Refurbished,APM MAIN
M8100-40301,Avante Health Solutions,,Y,Same Day,Refurbished,APM MAIN
M8100-40301-N,Avante Health Solutions,,Y,Same Day,New OEM Original,APM MAIN
M8100-42201,Avante Health Solutions,,Y,Same Day,Refurbished,APM MAIN
M8100-42301,Avante Health Solutions,,Y,Same Day,Refurbished,APM MAIN
M8100-44104,Avante Health Solutions,30.000000,Y,Same Day,Refurbished,APM MAIN
M8100-44107-N,Avante Health Solutions,3.000000,Y,Same Day,New OEM Original,APM MAIN
M8100-44901,Avante Health Solutions,,Y,Same Day,Refurbished,APM MAIN
M8100-48004,Avante Health Solutions,30.000000,Y,Same Day,Refurbished,APM MAIN
M8100-60100,Avante Health Solutions,,Y,Same Day,Refurbished,APM MAIN
M8100-60109-1,Avante Health Solutions,16.000000,Y,Same Day,Refurbished,APM MAIN
M8100-60109-C,Avante Health Solutions,34.000000,Y,Same Day,Refurbished,APM MAIN
M8100-60127,Avante Health Solutions,,Y,Same Day,Refurbished,APM MAIN
M8100-60300,Avante Health Solutions,,Y,Same Day,Refurbished,APM MAIN
M8100-60300-N,Avante Health Solutions,,Y,Same Day,New OEM Original,APM MAIN
M8100-60613,Avante Health Solutions,,Y,Same Day,Refurbished,APM MAIN
M8100-61006,Avante Health Solutions,10.000000,Y,Same Day,Refurbished,APM MAIN
M8100-61403,Avante Health Solutions,10.000000,Y,Same Day,Refurbished,APM MAIN
M8100-66421,Avante Health Solutions,,Y,Same Day,Refurbished,APM MAIN
M8100-66460,Avante Health Solutions,,Y,Same Day,Refurbished,APM MAIN
M8100-66490,Avante Health Solutions,2.000000,Y,Same Day,Refurbished,APM MAIN
M8100-67580,Avante Health Solutions,,Y,Same Day,Refurbished,APM MAIN
M8100-67581,Avante Health Solutions,2.000000,Y,Same Day,Refurbished,APM MAIN
M8100-67582,Avante Health Solutions,,Y,Same Day,Refurbished,APM MAIN
M8100-67583,Avante Health Solutions,,Y,Same Day,Refurbished,APM MAIN
M8100-67584,Avante Health Solutions,18.000000,Y,Same Day,Refurbished,APM MAIN
M8100-68450,Avante Health Solutions,4.000000,Y,Same Day,Refurbished,APM MAIN
M8105-60001,Avante Health Solutions,59.000000,Y,Same Day,Refurbished,APM MAIN
M8105-60010,Avante Health Solutions,,Y,Same Day,Refurbished,APM MAIN
M8105-60010-1,Avante Health Solutions,,Y,Same Day,Refurbished,APM MAIN
M8105-60010-C,Avante Health Solutions,2.000000,Y,Same Day,Refurbished,APM MAIN
M8105-60040,Avante Health Solutions,3.000000,Y,Same Day,Refurbished,APM MAIN
M8105-60042,Avante Health Solutions,,Y,Same Day,Refurbished,APM MAIN
M8105-60112,Avante Health Solutions,1.000000,Y,Same Day,Refurbished,APM MAIN
M8105-60500,Avante Health Solutions,,Y,Same Day,Refurbished,APM MAIN
M8105-60538,Avante Health Solutions,6.000000,Y,Same Day,Refurbished,APM MAIN
M8105-60560,Avante Health Solutions,,Y,Same Day,Refurbished,APM MAIN
M8105-60562,Avante Health Solutions,,Y,Same Day,Refurbished,APM MAIN
M8105-64100,Avante Health Solutions,,Y,Same Day,Refurbished,APM MAIN
MA-2-N,Avante Health Solutions,47.000000,Y,Same Day,New OEM Original,APM MAIN
MAC5000 KEYBRDS,Avante Health Solutions,,Y,Same Day,Refurbished,APM MAIN
MAJ-843,Avante Health Solutions,1.000000,Y,Same Day,Refurbished,APM MAIN
MAS-0001-16B-N,Avante Health Solutions,105.000000,Y,Same Day,New OEM Original,APM MAIN
MDSB10750-C,Avante Health Solutions,,Y,Same Day,Refurbished,APM MAIN
ME0053S5A,Avante Health Solutions,,Y,Same Day,Refurbished,APM MAIN
MEDICAL AIR,Avante Health Solutions,,Y,Same Day,Refurbished,APM MAIN
MEDICAL OXYGEN,Avante Health Solutions,,Y,Same Day,Refurbished,APM MAIN
MNUT013-N,Avante Health Solutions,73.000000,Y,Same Day,New OEM Original,APM MAIN
MS13765,Avante Health Solutions,,Y,Same Day,Refurbished,APM MAIN
MS13767,Avante Health Solutions,,Y,Same Day,Refurbished,APM MAIN
MS13797,Avante Health Solutions,,Y,Same Day,Refurbished,APM MAIN
MS13797-1,Avante Health Solutions,,Y,Same Day,Refurbished,APM MAIN
MS13838,Avante Health Solutions,,Y,Same Day,Refurbished,APM MAIN
MS14617E530U,Avante Health Solutions,4.000000,Y,Same Day,Refurbished,APM MAIN
MS17084,Avante Health Solutions,29.000000,Y,Same Day,Refurbished,APM MAIN
MS31571-N,Avante Health Solutions,,Y,Same Day,New OEM Original,APM MAIN
MS31745,Avante Health Solutions,,Y,Same Day,Refurbished,APM MAIN
MS320-754-D,Avante Health Solutions,,Y,Same Day,Refurbished,APM MAIN
MSP1579,Avante Health Solutions,,Y,Same Day,Refurbished,APM MAIN
MX9604A-S-N,Avante Health Solutions,,Y,Same Day,New OEM Original,APM MAIN
NBPH5112-5,Avante Health Solutions,84.000000,Y,Same Day,Refurbished,APM MAIN
NGMA9805-10,Avante Health Solutions,,Y,Same Day,Refurbished,APM MAIN
NGPH9016,Avante Health Solutions,75.000000,Y,Same Day,Refurbished,APM MAIN
NGPH9025,Avante Health Solutions,30.000000,Y,Same Day,Refurbished,APM MAIN
NGPH9026,Avante Health Solutions,38.000000,Y,Same Day,Refurbished,APM MAIN
NGPH9033,Avante Health Solutions,47.000000,Y,Same Day,Refurbished,APM MAIN
NIAL2021,Avante Health Solutions,249.000000,Y,Same Day,Refurbished,APM MAIN
NIAL8520,Avante Health Solutions,31.000000,Y,Same Day,Refurbished,APM MAIN
NIAL8522,Avante Health Solutions,6.000000,Y,Same Day,Refurbished,APM MAIN
NIAL9001,Avante Health Solutions,1992.000000,Y,Same Day,Refurbished,APM MAIN
NIAL9002,Avante Health Solutions,,Y,Same Day,Refurbished,APM MAIN
NIAL9005,Avante Health Solutions,9.000000,Y,Same Day,Refurbished,APM MAIN
NIAL9013-4.7,Avante Health Solutions,554.000000,Y,Same Day,Refurbished,APM MAIN
NIAL9014-4.7,Avante Health Solutions,915.000000,Y,Same Day,Refurbished,APM MAIN
NIAL9014-5.7,Avante Health Solutions,23.000000,Y,Same Day,Refurbished,APM MAIN
NIAL9015-4.7,Avante Health Solutions,,Y,Same Day,Refurbished,APM MAIN
NIAL9015-5.7,Avante Health Solutions,62.000000,Y,Same Day,Refurbished,APM MAIN
NIAL9015-5.7-NS,Avante Health Solutions,14.000000,Y,Same Day,New OEM Original,APM MAIN
NIAL9018-L,Avante Health Solutions,,Y,Same Day,Refurbished,APM MAIN
NIAL9080,Avante Health Solutions,94.000000,Y,Same Day,Refurbished,APM MAIN
NIAL9081,Avante Health Solutions,62.000000,Y,Same Day,Refurbished,APM MAIN
NIAL9082,Avante Health Solutions,75.000000,Y,Same Day,Refurbished,APM MAIN
NIAL9160,Avante Health Solutions,46.000000,Y,Same Day,Refurbished,APM MAIN
NIAL9161,Avante Health Solutions,25.000000,Y,Same Day,Refurbished,APM MAIN
NIAL9164,Avante Health Solutions,22.000000,Y,Same Day,Refurbished,APM MAIN
NIAL9165,Avante Health Solutions,25.000000,Y,Same Day,Refurbished,APM MAIN
NIAL9166,Avante Health Solutions,146.000000,Y,Same Day,Refurbished,APM MAIN
NIAL9781-1,Avante Health Solutions,27.000000,Y,Same Day,Refurbished,APM MAIN
NIAL9781-2,Avante Health Solutions,635.000000,Y,Same Day,Refurbished,APM MAIN
NIAL9782,Avante Health Solutions,63.000000,Y,Same Day,Refurbished,APM MAIN
NIBA8501,Avante Health Solutions,,Y,Same Day,Refurbished,APM MAIN
NIBA9000,Avante Health Solutions,2.000000,Y,Same Day,Refurbished,APM MAIN
NIBA9001,Avante Health Solutions,3.000000,Y,Same Day,Refurbished,APM MAIN
NIBA9003,Avante Health Solutions,7.000000,Y,Same Day,Refurbished,APM MAIN
NIBA9004,Avante Health Solutions,21.000000,Y,Same Day,Refurbished,APM MAIN
NIBA9100,Avante Health Solutions,61.000000,Y,Same Day,Refurbished,APM MAIN
NIBA9101,Avante Health Solutions,14.000000,Y,Same Day,Refurbished,APM MAIN
NIBA9103,Avante Health Solutions,15.000000,Y,Same Day,Refurbished,APM MAIN
NIBA9104,Avante Health Solutions,90.000000,Y,Same Day,Refurbished,APM MAIN
NIBA9261,Avante Health Solutions,1.000000,Y,Same Day,Refurbished,APM MAIN
NIBA9308,Avante Health Solutions,,Y,Same Day,Refurbished,APM MAIN
NIBA9450,Avante Health Solutions,19.000000,Y,Same Day,Refurbished,APM MAIN
NIBA9451,Avante Health Solutions,1.000000,Y,Same Day,Refurbished,APM MAIN
NIBA9453,Avante Health Solutions,2.000000,Y,Same Day,Refurbished,APM MAIN
NIBA9454,Avante Health Solutions,,Y,Same Day,Refurbished,APM MAIN
NIBA9455,Avante Health Solutions,7.000000,Y,Same Day,Refurbished,APM MAIN
NIBA9456,Avante Health Solutions,,Y,Same Day,Refurbished,APM MAIN
NIBA9457,Avante Health Solutions,2.000000,Y,Same Day,Refurbished,APM MAIN
NIBA9550,Avante Health Solutions,,Y,Same Day,Refurbished,APM MAIN
NIEX9000,Avante Health Solutions,53.000000,Y,Same Day,Refurbished,APM MAIN
NIEX9003,Avante Health Solutions,22.000000,Y,Same Day,Refurbished,APM MAIN
NISG9003,Avante Health Solutions,,Y,Same Day,Refurbished,APM MAIN
NISG9006,Avante Health Solutions,62.000000,Y,Same Day,Refurbished,APM MAIN
NL12876BC26-25,Avante Health Solutions,1.000000,Y,Same Day,Refurbished,APM MAIN
NL12876BC26-32D,Avante Health Solutions,,Y,Same Day,Refurbished,APM MAIN
NL6448BC33-46D,Avante Health Solutions,,Y,Same Day,Refurbished,APM MAIN
NL6448BC33-59D,Avante Health Solutions,9.000000,Y,Same Day,Refurbished,APM MAIN
NL6448BC33-64E,Avante Health Solutions,,Y,Same Day,Refurbished,APM MAIN
NL8048BC19-02,Avante Health Solutions,,Y,Same Day,Refurbished,APM MAIN
NL8060BC26-17,Avante Health Solutions,,Y,Same Day,Refurbished,APM MAIN
NL8060BC31-27,Avante Health Solutions,,Y,Same Day,Refurbished,APM MAIN
NL8060BC31-42D,Avante Health Solutions,2.000000,Y,Same Day,Refurbished,APM MAIN
N-LPOW-00,Avante Health Solutions,14.000000,Y,Same Day,Refurbished,APM MAIN
NMPH9000,Avante Health Solutions,1533.000000,Y,Same Day,Refurbished,APM MAIN
NMPH9005,Avante Health Solutions,,Y,Same Day,Refurbished,APM MAIN
NMPH9024,Avante Health Solutions,9.000000,Y,Same Day,Refurbished,APM MAIN
NMPH9025,Avante Health Solutions,74.000000,Y,Same Day,Refurbished,APM MAIN
NMPH9026,Avante Health Solutions,21.000000,Y,Same Day,Refurbished,APM MAIN
NMPH9027,Avante Health Solutions,43.000000,Y,Same Day,Refurbished,APM MAIN
NMPH9065-C,Avante Health Solutions,479.000000,Y,Same Day,Refurbished,APM MAIN
NMPH9116,Avante Health Solutions,18.000000,Y,Same Day,Refurbished,APM MAIN
NMPH9251,Avante Health Solutions,478.000000,Y,Same Day,Refurbished,APM MAIN
NMPH9252,Avante Health Solutions,2394.000000,Y,Same Day,Refurbished,APM MAIN
NMPH9351-B,Avante Health Solutions,5.000000,Y,Same Day,Refurbished,APM MAIN
NMPH9351-W,Avante Health Solutions,,Y,Same Day,Refurbished,APM MAIN
NMPH9357-B,Avante Health Solutions,2947.000000,Y,Same Day,Refurbished,APM MAIN
NMPH9357-W,Avante Health Solutions,744.000000,Y,Same Day,Refurbished,APM MAIN
NMPH9361-M,Avante Health Solutions,28.000000,Y,Same Day,Refurbished,APM MAIN
NMPH9379-B,Avante Health Solutions,785.000000,Y,Same Day,Refurbished,APM MAIN
NMPH9379-W,Avante Health Solutions,1423.000000,Y,Same Day,Refurbished,APM MAIN
NMPH9405,Avante Health Solutions,1609.000000,Y,Same Day,Refurbished,APM MAIN
NMPH9483,Avante Health Solutions,633.000000,Y,Same Day,Refurbished,APM MAIN
NMPH9485,Avante Health Solutions,190.000000,Y,Same Day,Refurbished,APM MAIN
NMPH9514,Avante Health Solutions,48.000000,Y,Same Day,Refurbished,APM MAIN
NMPH9643,Avante Health Solutions,1758.000000,Y,Same Day,Refurbished,APM MAIN
NMPH9645,Avante Health Solutions,19.000000,Y,Same Day,Refurbished,APM MAIN
NMPH9647-B,Avante Health Solutions,,Y,Same Day,Refurbished,APM MAIN
NMPH9647-W,Avante Health Solutions,,Y,Same Day,Refurbished,APM MAIN
NMPH9757-B,Avante Health Solutions,2766.000000,Y,Same Day,Refurbished,APM MAIN
NMPH9757-W,Avante Health Solutions,739.000000,Y,Same Day,Refurbished,APM MAIN
NMPH9758-B,Avante Health Solutions,3556.000000,Y,Same Day,Refurbished,APM MAIN
NMPH9758-W,Avante Health Solutions,2887.000000,Y,Same Day,Refurbished,APM MAIN
NMPH9759-B,Avante Health Solutions,3330.000000,Y,Same Day,Refurbished,APM MAIN
NMPH9759-W,Avante Health Solutions,2744.000000,Y,Same Day,Refurbished,APM MAIN
NOBI9000,Avante Health Solutions,9.000000,Y,Same Day,Refurbished,APM MAIN
NOBI9502,Avante Health Solutions,,Y,Same Day,Refurbished,APM MAIN
NOBL1001,Avante Health Solutions,,Y,Same Day,Refurbished,APM MAIN
NOSC9500,Avante Health Solutions,4.000000,Y,Same Day,Refurbished,APM MAIN
NQGE3000,Avante Health Solutions,132.000000,Y,Same Day,Refurbished,APM MAIN
NQGE9301,Avante Health Solutions,678.000000,Y,Same Day,Refurbished,APM MAIN
NQGE9301-P,Avante Health Solutions,53.000000,Y,Same Day,Refurbished,APM MAIN
NQGE9401,Avante Health Solutions,713.000000,Y,Same Day,Refurbished,APM MAIN
NQGE9401-1,Avante Health Solutions,58.000000,Y,Same Day,Refurbished,APM MAIN
NQGE9401-P,Avante Health Solutions,157.000000,Y,Same Day,Refurbished,APM MAIN
NQGE9402,Avante Health Solutions,301.000000,Y,Same Day,Refurbished,APM MAIN
NQGE9403,Avante Health Solutions,683.000000,Y,Same Day,Refurbished,APM MAIN
NQGE9403-1,Avante Health Solutions,59.000000,Y,Same Day,Refurbished,APM MAIN
NQGE9500,Avante Health Solutions,4.000000,Y,Same Day,Refurbished,APM MAIN
NQGE9501,Avante Health Solutions,,Y,Same Day,Refurbished,APM MAIN
NQMA2446,Avante Health Solutions,,Y,Same Day,Refurbished,APM MAIN
NQMG5000-S,Avante Health Solutions,726.000000,Y,Same Day,Refurbished,APM MAIN
NQMG9700,Avante Health Solutions,,Y,Same Day,Refurbished,APM MAIN
NQMG9701,Avante Health Solutions,140.000000,Y,Same Day,Refurbished,APM MAIN
NQMG9702,Avante Health Solutions,68.000000,Y,Same Day,Refurbished,APM MAIN
NQMG9715,Avante Health Solutions,,Y,Same Day,Refurbished,APM MAIN
NQMG9722,Avante Health Solutions,,Y,Same Day,Refurbished,APM MAIN
NQMG9759,Avante Health Solutions,85.000000,Y,Same Day,Refurbished,APM MAIN
NQMG9760,Avante Health Solutions,140.000000,Y,Same Day,Refurbished,APM MAIN
NQNE9085,Avante Health Solutions,36.000000,Y,Same Day,Refurbished,APM MAIN
NQNE9485,Avante Health Solutions,,Y,Same Day,Refurbished,APM MAIN
NQPH1005,Avante Health Solutions,205.000000,Y,Same Day,Refurbished,APM MAIN
NQPH1030,Avante Health Solutions,7.000000,Y,Same Day,Refurbished,APM MAIN
NQPH1050,Avante Health Solutions,13.000000,Y,Same Day,Refurbished,APM MAIN
NQPH1050E,Avante Health Solutions,4.000000,Y,Same Day,Refurbished,APM MAIN
NQPH1054,Avante Health Solutions,,Y,Same Day,Refurbished,APM MAIN
NQPH1055,Avante Health Solutions,18.000000,Y,Same Day,Refurbished,APM MAIN
NQPH1070E,Avante Health Solutions,9.000000,Y,Same Day,Refurbished,APM MAIN
NQPH1070M,Avante Health Solutions,,Y,Same Day,Refurbished,APM MAIN
NQPH1300,Avante Health Solutions,69.000000,Y,Same Day,Refurbished,APM MAIN
NQPH1450,Avante Health Solutions,,Y,Same Day,Refurbished,APM MAIN
NQPH1500,Avante Health Solutions,74.000000,Y,Same Day,Refurbished,APM MAIN
NQPH1600,Avante Health Solutions,1.000000,Y,Same Day,Refurbished,APM MAIN
NQPH1700,Avante Health Solutions,95.000000,Y,Same Day,Refurbished,APM MAIN
NQPH1800,Avante Health Solutions,5.000000,Y,Same Day,Refurbished,APM MAIN
NQPH8000,Avante Health Solutions,3.000000,Y,Same Day,Refurbished,APM MAIN
NQPH9109,Avante Health Solutions,58.000000,Y,Same Day,Refurbished,APM MAIN
NQPH9150,Avante Health Solutions,,Y,Same Day,Refurbished,APM MAIN
NQPH9599,Avante Health Solutions,154.000000,Y,Same Day,Refurbished,APM MAIN
NQPH9600,Avante Health Solutions,,Y,Same Day,Refurbished,APM MAIN
NQPH9601,Avante Health Solutions,,Y,Same Day,Refurbished,APM MAIN
NQPH9602,Avante Health Solutions,,Y,Same Day,Refurbished,APM MAIN
NQPH9603,Avante Health Solutions,181.000000,Y,Same Day,Refurbished,APM MAIN
NQPH9604,Avante Health Solutions,,Y,Same Day,Refurbished,APM MAIN
NQPH9605,Avante Health Solutions,166.000000,Y,Same Day,Refurbished,APM MAIN
NQPH9606,Avante Health Solutions,,Y,Same Day,Refurbished,APM MAIN
NQPH9607,Avante Health Solutions,5.000000,Y,Same Day,Refurbished,APM MAIN
NQPH9608,Avante Health Solutions,71.000000,Y,Same Day,Refurbished,APM MAIN
NQPH9609,Avante Health Solutions,4.000000,Y,Same Day,Refurbished,APM MAIN
NQPH9610,Avante Health Solutions,21.000000,Y,Same Day,Refurbished,APM MAIN
NQPH9611,Avante Health Solutions,,Y,Same Day,Refurbished,APM MAIN
NQPH9612,Avante Health Solutions,190.000000,Y,Same Day,Refurbished,APM MAIN
NQPH9613,Avante Health Solutions,190.000000,Y,Same Day,Refurbished,APM MAIN
NQPH9619,Avante Health Solutions,,Y,Same Day,Refurbished,APM MAIN
NQPH9620,Avante Health Solutions,3.000000,Y,Same Day,Refurbished,APM MAIN
NQPH9622,Avante Health Solutions,,Y,Same Day,Refurbished,APM MAIN
NQPH9624,Avante Health Solutions,,Y,Same Day,Refurbished,APM MAIN
NQPH9625,Avante Health Solutions,,Y,Same Day,Refurbished,APM MAIN
NQPH9626,Avante Health Solutions,,Y,Same Day,Refurbished,APM MAIN
NQPH9627,Avante Health Solutions,148.000000,Y,Same Day,Refurbished,APM MAIN
NQPH9628,Avante Health Solutions,,Y,Same Day,Refurbished,APM MAIN
NQPH9629,Avante Health Solutions,,Y,Same Day,Refurbished,APM MAIN
NQPH9630,Avante Health Solutions,100.000000,Y,Same Day,Refurbished,APM MAIN
NQPH9996,Avante Health Solutions,30.000000,Y,Same Day,Refurbished,APM MAIN
NQVA5436,Avante Health Solutions,3.000000,Y,Same Day,Refurbished,APM MAIN
NQWM0504,Avante Health Solutions,,Y,Same Day,Refurbished,APM MAIN
NQWM0538,Avante Health Solutions,,Y,Same Day,Refurbished,APM MAIN
NQWM0539,Avante Health Solutions,,Y,Same Day,Refurbished,APM MAIN
NQWM0581,Avante Health Solutions,,Y,Same Day,Refurbished,APM MAIN
NRB5536-P,Avante Health Solutions,,Y,Same Day,Refurbished,APM MAIN
NRB6082,Avante Health Solutions,,Y,Same Day,Refurbished,APM MAIN
NRGN1300,Avante Health Solutions,17.000000,Y,Same Day,Refurbished,APM MAIN
NRGN4000,Avante Health Solutions,2.000000,Y,Same Day,Refurbished,APM MAIN
NRSR9530,Avante Health Solutions,15.000000,Y,Same Day,Refurbished,APM MAIN
NRSR9603,Avante Health Solutions,39.000000,Y,Same Day,Refurbished,APM MAIN
NTDA6010,Avante Health Solutions,48.000000,Y,Same Day,Refurbished,APM MAIN
NTGE3400,Avante Health Solutions,200.000000,Y,Same Day,Refurbished,APM MAIN
NTGE3401,Avante Health Solutions,200.000000,Y,Same Day,Refurbished,APM MAIN
NTGE4000-SK1,Avante Health Solutions,,Y,Same Day,Refurbished,APM MAIN
NTGE9121,Avante Health Solutions,253.000000,Y,Same Day,Refurbished,APM MAIN
NTGE9122,Avante Health Solutions,20.000000,Y,Same Day,Refurbished,APM MAIN
NTGE9130,Avante Health Solutions,501.000000,Y,Same Day,Refurbished,APM MAIN
NTGE9140,Avante Health Solutions,15.000000,Y,Same Day,Refurbished,APM MAIN
NTGE9161,Avante Health Solutions,,Y,Same Day,Refurbished,APM MAIN
NTGE9170,Avante Health Solutions,,Y,Same Day,Refurbished,APM MAIN
NTGE9221,Avante Health Solutions,,Y,Same Day,Refurbished,APM MAIN
NTGE9222,Avante Health Solutions,5.000000,Y,Same Day,Refurbished,APM MAIN
NTGE9223,Avante Health Solutions,36.000000,Y,Same Day,Refurbished,APM MAIN
NTGE9230,Avante Health Solutions,98.000000,Y,Same Day,Refurbished,APM MAIN
NTGE9261,Avante Health Solutions,,Y,Same Day,Refurbished,APM MAIN
NTGE9262,Avante Health Solutions,42.000000,Y,Same Day,Refurbished,APM MAIN
NTGE9263,Avante Health Solutions,243.000000,Y,Same Day,Refurbished,APM MAIN
NTGE9264,Avante Health Solutions,2181.000000,Y,Same Day,Refurbished,APM MAIN
NTGE9270,Avante Health Solutions,,Y,Same Day,Refurbished,APM MAIN
NTGE9324,Avante Health Solutions,248.000000,Y,Same Day,Refurbished,APM MAIN
NTGE9371,Avante Health Solutions,59.000000,Y,Same Day,Refurbished,APM MAIN
NTGE9372,Avante Health Solutions,10.000000,Y,Same Day,Refurbished,APM MAIN
NTGE9373,Avante Health Solutions,173.000000,Y,Same Day,Refurbished,APM MAIN
NTGE9374,Avante Health Solutions,,Y,Same Day,Refurbished,APM MAIN
NTGE9375,Avante Health Solutions,354.000000,Y,Same Day,Refurbished,APM MAIN
NTGE9376,Avante Health Solutions,170.000000,Y,Same Day,Refurbished,APM MAIN
NTGE9377,Avante Health Solutions,41.000000,Y,Same Day,Refurbished,APM MAIN
NTGE9378,Avante Health Solutions,52.000000,Y,Same Day,Refurbished,APM MAIN
NTGE9379,Avante Health Solutions,38.000000,Y,Same Day,Refurbished,APM MAIN
NTMR9000,Avante Health Solutions,15.000000,Y,Same Day,Refurbished,APM MAIN
NTMR9001,Avante Health Solutions,1.000000,Y,Same Day,Refurbished,APM MAIN
NTMR9002,Avante Health Solutions,83.000000,Y,Same Day,Refurbished,APM MAIN
NTMR9004,Avante Health Solutions,78.000000,Y,Same Day,Refurbished,APM MAIN
NTMR9005,Avante Health Solutions,146.000000,Y,Same Day,Refurbished,APM MAIN
NTMR9006,Avante Health Solutions,251.000000,Y,Same Day,Refurbished,APM MAIN
NTMR9008,Avante Health Solutions,51.000000,Y,Same Day,Refurbished,APM MAIN
NTMR9009,Avante Health Solutions,86.000000,Y,Same Day,Refurbished,APM MAIN
NTMR9010,Avante Health Solutions,158.000000,Y,Same Day,Refurbished,APM MAIN
NTPH4841SN,Avante Health Solutions,,Y,Same Day,Refurbished,APM MAIN
NTPH4890,Avante Health Solutions,45.000000,Y,Same Day,Refurbished,APM MAIN
NTPH4891,Avante Health Solutions,63.000000,Y,Same Day,Refurbished,APM MAIN
NTPH4891-3,Avante Health Solutions,86.000000,Y,Same Day,Refurbished,APM MAIN
NTPH4893,Avante Health Solutions,,Y,Same Day,Refurbished,APM MAIN
NTPH4898,Avante Health Solutions,95.000000,Y,Same Day,Refurbished,APM MAIN
NTPH4900,Avante Health Solutions,1.000000,Y,Same Day,Refurbished,APM MAIN
NTPH4901,Avante Health Solutions,,Y,Same Day,Refurbished,APM MAIN
NTPH5559,Avante Health Solutions,,Y,Same Day,Refurbished,APM MAIN
NTPH5560,Avante Health Solutions,,Y,Same Day,Refurbished,APM MAIN
NTPH5562,Avante Health Solutions,,Y,Same Day,Refurbished,APM MAIN
NTPH9202,Avante Health Solutions,,Y,Same Day,Refurbished,APM MAIN
NTPH9206,Avante Health Solutions,2.000000,Y,Same Day,Refurbished,APM MAIN
NTPH9208,Avante Health Solutions,1777.000000,Y,Same Day,Refurbished,APM MAIN
NTPH9210,Avante Health Solutions,,Y,Same Day,Refurbished,APM MAIN
NTPH9221,Avante Health Solutions,957.000000,Y,Same Day,Refurbished,APM MAIN
NTPH9230,Avante Health Solutions,419.000000,Y,Same Day,Refurbished,APM MAIN
NTPH9231,Avante Health Solutions,745.000000,Y,Same Day,Refurbished,APM MAIN
NTPH9270,Avante Health Solutions,451.000000,Y,Same Day,Refurbished,APM MAIN
NTPH9273,Avante Health Solutions,4.000000,Y,Same Day,Refurbished,APM MAIN
NTPH9275,Avante Health Solutions,9.000000,Y,Same Day,Refurbished,APM MAIN
NTPH9330,Avante Health Solutions,1.000000,Y,Same Day,Refurbished,APM MAIN
NTPH9331,Avante Health Solutions,,Y,Same Day,Refurbished,APM MAIN
NTPH9344,Avante Health Solutions,127.000000,Y,Same Day,Refurbished,APM MAIN
NTPH9345,Avante Health Solutions,2707.000000,Y,Same Day,Refurbished,APM MAIN
NTPH9346,Avante Health Solutions,2347.000000,Y,Same Day,Refurbished,APM MAIN
NTPH9361-W,Avante Health Solutions,,Y,Same Day,Refurbished,APM MAIN
NTPH9364-W,Avante Health Solutions,2937.000000,Y,Same Day,Refurbished,APM MAIN
NTPH9366-W,Avante Health Solutions,108.000000,Y,Same Day,Refurbished,APM MAIN
NTPH9367-W,Avante Health Solutions,49.000000,Y,Same Day,Refurbished,APM MAIN
NTPH9446-1,Avante Health Solutions,,Y,Same Day,Refurbished,APM MAIN
NTPH9446-2,Avante Health Solutions,,Y,Same Day,Refurbished,APM MAIN
NTPH9449,Avante Health Solutions,,Y,Same Day,Refurbished,APM MAIN
NTPH9450,Avante Health Solutions,23697.000000,Y,Same Day,Refurbished,APM MAIN
NTPH9450-2,Avante Health Solutions,5983.000000,Y,Same Day,Refurbished,APM MAIN
NTPH9460-W,Avante Health Solutions,5.000000,Y,Same Day,Refurbished,APM MAIN
NTPH9461-W,Avante Health Solutions,,Y,Same Day,Refurbished,APM MAIN
NTPH9466-W,Avante Health Solutions,,Y,Same Day,Refurbished,APM MAIN
NTPH9467-W,Avante Health Solutions,,Y,Same Day,Refurbished,APM MAIN
NTPH9476-W,Avante Health Solutions,,Y,Same Day,Refurbished,APM MAIN
NTPH9505-W,Avante Health Solutions,,Y,Same Day,Refurbished,APM MAIN
NTPH9506,Avante Health Solutions,,Y,Same Day,Refurbished,APM MAIN
NTPH9509-W,Avante Health Solutions,1779.000000,Y,Same Day,Refurbished,APM MAIN
NTPH9512,Avante Health Solutions,184.000000,Y,Same Day,Refurbished,APM MAIN
NTPH9524-OS,Avante Health Solutions,108.000000,Y,Same Day,Refurbished,APM MAIN
NTPH9554,Avante Health Solutions,495.000000,Y,Same Day,Refurbished,APM MAIN
NTPH9556-B,Avante Health Solutions,1906.000000,Y,Same Day,Refurbished,APM MAIN
NTPH9562,Avante Health Solutions,,Y,Same Day,Refurbished,APM MAIN
NTPH9564-W,Avante Health Solutions,2128.000000,Y,Same Day,Refurbished,APM MAIN
NTPH9568-G,Avante Health Solutions,17.000000,Y,Same Day,Refurbished,APM MAIN
NTPH9568-W,Avante Health Solutions,710.000000,Y,Same Day,Refurbished,APM MAIN
NTPH9569-W,Avante Health Solutions,185.000000,Y,Same Day,Refurbished,APM MAIN
NTPH9608-G,Avante Health Solutions,502.000000,Y,Same Day,Refurbished,APM MAIN
NTPH9608-W,Avante Health Solutions,815.000000,Y,Same Day,Refurbished,APM MAIN
NTPH9610,Avante Health Solutions,600.000000,Y,Same Day,Refurbished,APM MAIN
NTPH9610-1,Avante Health Solutions,,Y,Same Day,Refurbished,APM MAIN
NTPH9708-G,Avante Health Solutions,687.000000,Y,Same Day,Refurbished,APM MAIN
NTPH9708-W,Avante Health Solutions,132.000000,Y,Same Day,Refurbished,APM MAIN
NTPH9710,Avante Health Solutions,149.000000,Y,Same Day,Refurbished,APM MAIN
P07168,Avante Health Solutions,,Y,Same Day,Refurbished,APM MAIN
P21070,Avante Health Solutions,,Y,Same Day,Refurbished,APM MAIN
P6008-0,Avante Health Solutions,2.000000,Y,Same Day,Refurbished,APM MAIN
PB-MD15-S,Avante Health Solutions,2.000000,Y,Same Day,Refurbished,APM MAIN
PE000DH6B-N,Avante Health Solutions,,Y,Same Day,New OEM Original,APM MAIN
PH-0062-​99,Avante Health Solutions,,Y,Same Day,Refurbished,APM MAIN
PH-0062-82B-N,Avante Health Solutions,5.000000,Y,Same Day,New OEM Original,APM MAIN
PH-0062-99-N,Avante Health Solutions,,Y,Same Day,New OEM Original,APM MAIN
PHILIPS.C103V.EXP-N,Avante Health Solutions,,Y,Same Day,New OEM Original,APM MAIN
PHILIPS.C51.COMPACT,Avante Health Solutions,,Y,Same Day,Refurbished,APM MAIN
PM35PSP2,Avante Health Solutions,,Y,Same Day,Refurbished,APM MAIN
PM35PSP2-N,Avante Health Solutions,2.000000,Y,Same Day,New OEM Original,APM MAIN
PMAN007-N,Avante Health Solutions,8.000000,Y,Same Day,New OEM Original,APM MAIN
PMPH8402,Avante Health Solutions,,Y,Same Day,Refurbished,APM MAIN
PNUT008,Avante Health Solutions,,Y,Same Day,Refurbished,APM MAIN
PNUT008-N,Avante Health Solutions,49.000000,Y,Same Day,New OEM Original,APM MAIN
POD-6716,Avante Health Solutions,1.000000,Y,Same Day,Refurbished,APM MAIN
PQMA8023,Avante Health Solutions,,Y,Same Day,Refurbished,APM MAIN
PREE002-N,Avante Health Solutions,5.000000,Y,Same Day,New OEM Original,APM MAIN
PRT1511-N,Avante Health Solutions,49.000000,Y,Same Day,New OEM Original,APM MAIN
PRT2003,Avante Health Solutions,6.000000,Y,Same Day,Refurbished,APM MAIN
PRT2012,Avante Health Solutions,,Y,Same Day,Refurbished,APM MAIN
PRT2012-N,Avante Health Solutions,,Y,Same Day,New OEM Original,APM MAIN
PRT2015,Avante Health Solutions,,Y,Same Day,Refurbished,APM MAIN
PRT2040-N,Avante Health Solutions,4.000000,Y,Same Day,New OEM Original,APM MAIN
PRT2041-N,Avante Health Solutions,19.000000,Y,Same Day,New OEM Original,APM MAIN
PSEA006-N,Avante Health Solutions,6.000000,Y,Same Day,New OEM Original,APM MAIN
PSEA007-N,Avante Health Solutions,48.000000,Y,Same Day,New OEM Original,APM MAIN
PSEA008-N,Avante Health Solutions,58.000000,Y,Same Day,New OEM Original,APM MAIN
PSEA009-N,Avante Health Solutions,42.000000,Y,Same Day,New OEM Original,APM MAIN
PSEA010,Avante Health Solutions,,Y,Same Day,Refurbished,APM MAIN
PSHA009-N,Avante Health Solutions,25.000000,Y,Same Day,New OEM Original,APM MAIN
PSPA009-N,Avante Health Solutions,25.000000,Y,Same Day,New OEM Original,APM MAIN
PSPR019-N,Avante Health Solutions,47.000000,Y,Same Day,New OEM Original,APM MAIN
PSR-11-60-08-N,Avante Health Solutions,,Y,Same Day,New OEM Original,APM MAIN
PSR-11-75-KE1,Avante Health Solutions,2.000000,Y,Same Day,Refurbished,APM MAIN
PSR-11-75-KE9-N,Avante Health Solutions,2.000000,Y,Same Day,New OEM Original,APM MAIN
PSR-11-915-2-N,Avante Health Solutions,9.000000,Y,Same Day,New OEM Original,APM MAIN
PSR-11-915-4-N,Avante Health Solutions,1.000000,Y,Same Day,New OEM Original,APM MAIN
PSR-11-917-J1-N,Avante Health Solutions,19.000000,Y,Same Day,New OEM Original,APM MAIN
PSR-11-917-J-N,Avante Health Solutions,1.000000,Y,Same Day,New OEM Original,APM MAIN
PT00064928,Avante Health Solutions,,Y,Same Day,Refurbished,APM MAIN
PTPH4350,Avante Health Solutions,,Y,Same Day,Refurbished,APM MAIN
PVAL015-C,Avante Health Solutions,13.000000,Y,Same Day,Refurbished,APM MAIN
PVAL025-N,Avante Health Solutions,21.000000,Y,Same Day,New OEM Original,APM MAIN
PWB51314A-V0,Avante Health Solutions,26.000000,Y,Same Day,Refurbished,APM MAIN
QACCD761D,Avante Health Solutions,,Y,Same Day,Refurbished,APM MAIN
R100P18-N,Avante Health Solutions,,Y,Same Day,New OEM Original,APM MAIN
R100P38-N,Avante Health Solutions,7.000000,Y,Same Day,New OEM Original,APM MAIN
R115P85-N,Avante Health Solutions,,Y,Same Day,New OEM Original,APM MAIN
R125P03-002-N,Avante Health Solutions,46.000000,Y,Same Day,New OEM Original,APM MAIN
R140P02-001,Avante Health Solutions,,Y,Same Day,Refurbished,APM MAIN
R140P02-001-N,Avante Health Solutions,65.000000,Y,Same Day,New OEM Original,APM MAIN
R211P13-N,Avante Health Solutions,1.000000,Y,Same Day,New OEM Original,APM MAIN
R211P30-002-N,Avante Health Solutions,8.000000,Y,Same Day,New OEM Original,APM MAIN
R212P86-N,Avante Health Solutions,13.000000,Y,Same Day,New OEM Original,APM MAIN
R217P19-N,Avante Health Solutions,,Y,Same Day,New OEM Original,APM MAIN
R219P21-N,Avante Health Solutions,,Y,Same Day,New OEM Original,APM MAIN
R219P79-400,Avante Health Solutions,,Y,Same Day,Refurbished,APM MAIN
R219P87-400-N,Avante Health Solutions,3.000000,Y,Same Day,New OEM Original,APM MAIN
R219P88-400-N,Avante Health Solutions,,Y,Same Day,New OEM Original,APM MAIN
R222P06-N,Avante Health Solutions,4.000000,Y,Same Day,New OEM Original,APM MAIN
R228P16-N,Avante Health Solutions,,Y,Same Day,New OEM Original,APM MAIN
R228P25-N,Avante Health Solutions,10.000000,Y,Same Day,New OEM Original,APM MAIN
R228P49-N,Avante Health Solutions,2.000000,Y,Same Day,New OEM Original,APM MAIN
R228P61-N,Avante Health Solutions,12.000000,Y,Same Day,New OEM Original,APM MAIN
R2403248-4,Avante Health Solutions,,Y,Same Day,Refurbished,APM MAIN
RIC5-9-D CABLE,Avante Health Solutions,,Y,Same Day,Refurbished,APM MAIN
RP08P12-N,Avante Health Solutions,22.000000,Y,Same Day,New OEM Original,APM MAIN
RP11P76-002-N,Avante Health Solutions,,Y,Same Day,New OEM Original,APM MAIN
RP11P76-003-N,Avante Health Solutions,3.000000,Y,Same Day,New OEM Original,APM MAIN
RP34P03-001-N,Avante Health Solutions,,Y,Same Day,New OEM Original,APM MAIN
RP59P21-N,Avante Health Solutions,,Y,Same Day,New OEM Original,APM MAIN
RSP6-16-D,Avante Health Solutions,,Y,Same Day,Refurbished,APM MAIN
S047780,Avante Health Solutions,,Y,Same Day,Refurbished,APM MAIN
S26025-126-152-WLA,Avante Health Solutions,,Y,Same Day,Refurbished,APM MAIN
SIEMENS 18L6HD-N,Avante Health Solutions,,Y,Same Day,New OEM Original,APM MAIN
SP036261,Avante Health Solutions,55.000000,Y,Same Day,Refurbished,APM MAIN
SP036478,Avante Health Solutions,24.000000,Y,Same Day,Refurbished,APM MAIN
SP036603,Avante Health Solutions,77.000000,Y,Same Day,Refurbished,APM MAIN
SP036731,Avante Health Solutions,,Y,Same Day,Refurbished,APM MAIN
SP062315,Avante Health Solutions,71.000000,Y,Same Day,Refurbished,APM MAIN
SP10006091,Avante Health Solutions,33.000000,Y,Same Day,Refurbished,APM MAIN
SP10009950,Avante Health Solutions,,Y,Same Day,Refurbished,APM MAIN
SP-6AH104-N,Avante Health Solutions,,Y,Same Day,New OEM Original,APM MAIN
SPGR101316-C,Avante Health Solutions,4.000000,Y,Same Day,Refurbished,APM MAIN
SP-TDR-HEAD-EZ8HS-N,Avante Health Solutions,,Y,Same Day,New OEM Original,APM MAIN
ST3250312AS,Avante Health Solutions,,Y,Same Day,Refurbished,APM MAIN
SW178,Avante Health Solutions,,Y,Same Day,Refurbished,APM MAIN
S-YB-CO-CMUV,Avante Health Solutions,,Y,Same Day,Refurbished,APM MAIN
T104S4D1,Avante Health Solutions,,Y,Same Day,Refurbished,APM MAIN
TC10002873,Avante Health Solutions,,Y,Same Day,Refurbished,APM MAIN
TC10003065,Avante Health Solutions,,Y,Same Day,Refurbished,APM MAIN
TC10003211,Avante Health Solutions,,Y,Same Day,Refurbished,APM MAIN
TC10003262,Avante Health Solutions,,Y,Same Day,Refurbished,APM MAIN
TC10003263,Avante Health Solutions,,Y,Same Day,Refurbished,APM MAIN
TC10003316,Avante Health Solutions,,Y,Same Day,Refurbished,APM MAIN
TC10003655,Avante Health Solutions,92.000000,Y,Same Day,Refurbished,APM MAIN
TC10003666,Avante Health Solutions,,Y,Same Day,Refurbished,APM MAIN
TC10003682,Avante Health Solutions,1.000000,Y,Same Day,Refurbished,APM MAIN
TC10003850,Avante Health Solutions,,Y,Same Day,Refurbished,APM MAIN
TC10003893,Avante Health Solutions,10.000000,Y,Same Day,Refurbished,APM MAIN
TC10003916-C,Avante Health Solutions,18.000000,Y,Same Day,Refurbished,APM MAIN
TC10003918,Avante Health Solutions,2.000000,Y,Same Day,Refurbished,APM MAIN
TC10003919,Avante Health Solutions,6.000000,Y,Same Day,Refurbished,APM MAIN
TC10004298,Avante Health Solutions,10.000000,Y,Same Day,Refurbished,APM MAIN
TC10004547,Avante Health Solutions,,Y,Same Day,Refurbished,APM MAIN
TC10004551-C,Avante Health Solutions,131.000000,Y,Same Day,Refurbished,APM MAIN
TC10004659,Avante Health Solutions,,Y,Same Day,Refurbished,APM MAIN
TC10004669,Avante Health Solutions,,Y,Same Day,Refurbished,APM MAIN
TC10004754,Avante Health Solutions,,Y,Same Day,Refurbished,APM MAIN
TC10005122,Avante Health Solutions,,Y,Same Day,Refurbished,APM MAIN
TC10005340,Avante Health Solutions,23.000000,Y,Same Day,Refurbished,APM MAIN
TC10006177,Avante Health Solutions,,Y,Same Day,Refurbished,APM MAIN
TC10006177-N,Avante Health Solutions,,Y,Same Day,New OEM Original,APM MAIN
TC10006218,Avante Health Solutions,,Y,Same Day,Refurbished,APM MAIN
TC10006218-N,Avante Health Solutions,2.000000,Y,Same Day,New OEM Original,APM MAIN
TC10006228,Avante Health Solutions,,Y,Same Day,Refurbished,APM MAIN
TC10006234,Avante Health Solutions,4.000000,Y,Same Day,Refurbished,APM MAIN
TC10006331,Avante Health Solutions,33.000000,Y,Same Day,Refurbished,APM MAIN
TC10006392,Avante Health Solutions,,Y,Same Day,Refurbished,APM MAIN
TC10006400,Avante Health Solutions,,Y,Same Day,Refurbished,APM MAIN
TC10006455,Avante Health Solutions,,Y,Same Day,Refurbished,APM MAIN
TC10006455-C,Avante Health Solutions,25.000000,Y,Same Day,Refurbished,APM MAIN
TC10006455-N,Avante Health Solutions,6.000000,Y,Same Day,New OEM Original,APM MAIN
TC10006491,Avante Health Solutions,,Y,Same Day,Refurbished,APM MAIN
TC10007990,Avante Health Solutions,,Y,Same Day,Refurbished,APM MAIN
TC10008149,Avante Health Solutions,,Y,Same Day,Refurbished,APM MAIN
TC10008194,Avante Health Solutions,,Y,Same Day,Refurbished,APM MAIN
TC10008222-N,Avante Health Solutions,,Y,Same Day,New OEM Original,APM MAIN
TC10008305,Avante Health Solutions,,Y,Same Day,Refurbished,APM MAIN
TC10008335,Avante Health Solutions,52.000000,Y,Same Day,Refurbished,APM MAIN
TC10008335-N,Avante Health Solutions,,Y,Same Day,New OEM Original,APM MAIN
TC10008580,Avante Health Solutions,126.000000,Y,Same Day,Refurbished,APM MAIN
TC10008708,Avante Health Solutions,,Y,Same Day,Refurbished,APM MAIN
TC10009523,Avante Health Solutions,86.000000,Y,Same Day,Refurbished,APM MAIN
TC10012420-N,Avante Health Solutions,16.000000,Y,Same Day,New OEM Original,APM MAIN
TC10012422-N,Avante Health Solutions,5.000000,Y,Same Day,New OEM Original,APM MAIN
TC10012515,Avante Health Solutions,,Y,Same Day,Refurbished,APM MAIN
TC10018484-N,Avante Health Solutions,30.000000,Y,Same Day,New OEM Original,APM MAIN
TCG057VGLGA-G00,Avante Health Solutions,2.000000,Y,Same Day,Refurbished,APM MAIN
TMT101JDHG30-00,Avante Health Solutions,,Y,Same Day,Refurbished,APM MAIN
TX09D70VM1CEA-B-C,Avante Health Solutions,86.000000,Y,Same Day,Refurbished,APM MAIN
TX09D70VM1CEA-C,Avante Health Solutions,28.000000,Y,Same Day,Refurbished,APM MAIN
TX09D70VM1CEA-N,Avante Health Solutions,,Y,Same Day,New OEM Original,APM MAIN
TX54D32VC0CAA,Avante Health Solutions,,Y,Same Day,Refurbished,APM MAIN
UESVL1800,Avante Health Solutions,,Y,Same Day,Refurbished,APM MAIN
UESVL1975,Avante Health Solutions,,Y,Same Day,Refurbished,APM MAIN
UGBS8400,Avante Health Solutions,,Y,Same Day,Refurbished,APM MAIN
UGDX1100,Avante Health Solutions,53.000000,Y,Same Day,Refurbished,APM MAIN
UGDX1801,Avante Health Solutions,,Y,Same Day,Refurbished,APM MAIN
UGDX2000,Avante Health Solutions,,Y,Same Day,Refurbished,APM MAIN
UGMP9400,Avante Health Solutions,,Y,Same Day,Refurbished,APM MAIN
UGMR1090,Avante Health Solutions,,Y,Same Day,Refurbished,APM MAIN
UGMR1091,Avante Health Solutions,,Y,Same Day,Refurbished,APM MAIN
UGMT0036,Avante Health Solutions,12.000000,Y,Same Day,Refurbished,APM MAIN
UGOR1525,Avante Health Solutions,,Y,Same Day,Refurbished,APM MAIN
UGOR1526,Avante Health Solutions,,Y,Same Day,Refurbished,APM MAIN
UGPH1200,Avante Health Solutions,,Y,Same Day,Refurbished,APM MAIN
UGPH1201,Avante Health Solutions,,Y,Same Day,Refurbished,APM MAIN
UGPH1203,Avante Health Solutions,,Y,Same Day,Refurbished,APM MAIN
UGPH2046,Avante Health Solutions,,Y,Same Day,Refurbished,APM MAIN
UGPH2047,Avante Health Solutions,,Y,Same Day,Refurbished,APM MAIN
UGPH2048,Avante Health Solutions,,Y,Same Day,Refurbished,APM MAIN
UGPH2049,Avante Health Solutions,,Y,Same Day,Refurbished,APM MAIN
UGPH2050,Avante Health Solutions,,Y,Same Day,Refurbished,APM MAIN
UGPH4016,Avante Health Solutions,421.000000,Y,Same Day,Refurbished,APM MAIN
UGPH4017,Avante Health Solutions,,Y,Same Day,Refurbished,APM MAIN
UGPH4018,Avante Health Solutions,,Y,Same Day,Refurbished,APM MAIN
UGPH4050,Avante Health Solutions,,Y,Same Day,Refurbished,APM MAIN
UGPH8250,Avante Health Solutions,,Y,Same Day,Refurbished,APM MAIN
UGPH8251,Avante Health Solutions,,Y,Same Day,Refurbished,APM MAIN
UGPH8252,Avante Health Solutions,,Y,Same Day,Refurbished,APM MAIN
UGPH8253,Avante Health Solutions,,Y,Same Day,Refurbished,APM MAIN
UGPH8254,Avante Health Solutions,,Y,Same Day,Refurbished,APM MAIN
UGPH9015,Avante Health Solutions,,Y,Same Day,Refurbished,APM MAIN
UGPH9020,Avante Health Solutions,,Y,Same Day,Refurbished,APM MAIN
UGPH9021,Avante Health Solutions,,Y,Same Day,Refurbished,APM MAIN
UGPH9022,Avante Health Solutions,,Y,Same Day,Refurbished,APM MAIN
UGPH9023,Avante Health Solutions,,Y,Same Day,Refurbished,APM MAIN
UGPH9024,Avante Health Solutions,,Y,Same Day,Refurbished,APM MAIN
UGPH9029,Avante Health Solutions,0.000000,Y,Same Day,Refurbished,APM MAIN
UGPH9032,Avante Health Solutions,,Y,Same Day,Refurbished,APM MAIN
UGPH9100,Avante Health Solutions,23.000000,Y,Same Day,Refurbished,APM MAIN
UGPH9101,Avante Health Solutions,54.000000,Y,Same Day,Refurbished,APM MAIN
UGPH9102,Avante Health Solutions,,Y,Same Day,Refurbished,APM MAIN
UGPH9104,Avante Health Solutions,,Y,Same Day,Refurbished,APM MAIN
UGPH9106,Avante Health Solutions,,Y,Same Day,Refurbished,APM MAIN
UGPH9107,Avante Health Solutions,10.000000,Y,Same Day,Refurbished,APM MAIN
UGPH9111,Avante Health Solutions,,Y,Same Day,Refurbished,APM MAIN
UGPH9112,Avante Health Solutions,4.000000,Y,Same Day,Refurbished,APM MAIN
UGPH9113,Avante Health Solutions,,Y,Same Day,Refurbished,APM MAIN
UGPH9114,Avante Health Solutions,,Y,Same Day,Refurbished,APM MAIN
UGPH9115,Avante Health Solutions,,Y,Same Day,Refurbished,APM MAIN
UGPH9133,Avante Health Solutions,,Y,Same Day,Refurbished,APM MAIN
UIAL2020,Avante Health Solutions,,Y,Same Day,Refurbished,APM MAIN
UIAL4082,Avante Health Solutions,11.000000,Y,Same Day,Refurbished,APM MAIN
UIAL8520,Avante Health Solutions,111.000000,Y,Same Day,Refurbished,APM MAIN
UIAL9015-4.7,Avante Health Solutions,,Y,Same Day,Refurbished,APM MAIN
UIAL9163,Avante Health Solutions,,Y,Same Day,Refurbished,APM MAIN
UIAL9167,Avante Health Solutions,,Y,Same Day,Refurbished,APM MAIN
UIBA1002,Avante Health Solutions,,Y,Same Day,Refurbished,APM MAIN
UIBA1003,Avante Health Solutions,,Y,Same Day,Refurbished,APM MAIN
UIBA1005,Avante Health Solutions,,Y,Same Day,Refurbished,APM MAIN
UIBA1154,Avante Health Solutions,,Y,Same Day,Refurbished,APM MAIN
UIBA1155,Avante Health Solutions,,Y,Same Day,Refurbished,APM MAIN
UIBA4600,Avante Health Solutions,,Y,Same Day,Refurbished,APM MAIN
UIBA8505,Avante Health Solutions,,Y,Same Day,Refurbished,APM MAIN
UIBA9005,Avante Health Solutions,,Y,Same Day,Refurbished,APM MAIN
UIBA9308,Avante Health Solutions,,Y,Same Day,Refurbished,APM MAIN
UIBA9312,Avante Health Solutions,8.000000,Y,Same Day,Refurbished,APM MAIN
UIBA9315,Avante Health Solutions,1.000000,Y,Same Day,Refurbished,APM MAIN
UIBA9450,Avante Health Solutions,1.000000,Y,Same Day,Refurbished,APM MAIN
UIBA9451,Avante Health Solutions,13.000000,Y,Same Day,Refurbished,APM MAIN
UIBA9550,Avante Health Solutions,,Y,Same Day,Refurbished,APM MAIN
UIBB2050,Avante Health Solutions,,Y,Same Day,Refurbished,APM MAIN
UIBB3307,Avante Health Solutions,2.000000,Y,Same Day,Refurbished,APM MAIN
UIBD9308,Avante Health Solutions,3.000000,Y,Same Day,Refurbished,APM MAIN
UIBD9309,Avante Health Solutions,3.000000,Y,Same Day,Refurbished,APM MAIN
UIBD9310,Avante Health Solutions,1.000000,Y,Same Day,Refurbished,APM MAIN
UIBD9311,Avante Health Solutions,3.000000,Y,Same Day,Refurbished,APM MAIN
UIBD9314,Avante Health Solutions,1.000000,Y,Same Day,Refurbished,APM MAIN
UIBD9316,Avante Health Solutions,2.000000,Y,Same Day,Refurbished,APM MAIN
UIBD9317,Avante Health Solutions,4.000000,Y,Same Day,Refurbished,APM MAIN
UIBD9318,Avante Health Solutions,1.000000,Y,Same Day,Refurbished,APM MAIN
UIBD9319,Avante Health Solutions,1.000000,Y,Same Day,Refurbished,APM MAIN
UICN0340,Avante Health Solutions,1.000000,Y,Same Day,Refurbished,APM MAIN
UICN8505,Avante Health Solutions,1.000000,Y,Same Day,Refurbished,APM MAIN
UIHS8551,Avante Health Solutions,11.000000,Y,Same Day,Refurbished,APM MAIN
UIHS8552,Avante Health Solutions,,Y,Same Day,Refurbished,APM MAIN
UISG3000,Avante Health Solutions,55.000000,Y,Same Day,Refurbished,APM MAIN
UISG3001,Avante Health Solutions,88.000000,Y,Same Day,Refurbished,APM MAIN
UISG3002,Avante Health Solutions,,Y,Same Day,Refurbished,APM MAIN
UISG3003,Avante Health Solutions,,Y,Same Day,Refurbished,APM MAIN
UISG9002,Avante Health Solutions,,Y,Same Day,Refurbished,APM MAIN
UISG9006,Avante Health Solutions,421.000000,Y,Same Day,Refurbished,APM MAIN
UIYY9053,Avante Health Solutions,,Y,Same Day,Refurbished,APM MAIN
UMDR3000,Avante Health Solutions,,Y,Same Day,Refurbished,APM MAIN
UMDX1136,Avante Health Solutions,,Y,Same Day,Refurbished,APM MAIN
UMDX2900,Avante Health Solutions,,Y,Same Day,Refurbished,APM MAIN
UMGE0400,Avante Health Solutions,2.000000,Y,Same Day,Refurbished,APM MAIN
UMGE0451,Avante Health Solutions,,Y,Same Day,Refurbished,APM MAIN
UMGE1001,Avante Health Solutions,,Y,Same Day,Refurbished,APM MAIN
UMGE1005,Avante Health Solutions,,Y,Same Day,Refurbished,APM MAIN
UMGE1375,Avante Health Solutions,,Y,Same Day,Refurbished,APM MAIN
UMGE1376,Avante Health Solutions,,Y,Same Day,Refurbished,APM MAIN
UMGE1851,Avante Health Solutions,,Y,Same Day,Refurbished,APM MAIN
UMGE1852,Avante Health Solutions,,Y,Same Day,Refurbished,APM MAIN
UMGE3200,Avante Health Solutions,,Y,Same Day,Refurbished,APM MAIN
UMGE9902,Avante Health Solutions,,Y,Same Day,Refurbished,APM MAIN
UMGE9903,Avante Health Solutions,,Y,Same Day,Refurbished,APM MAIN
UMMA2270,Avante Health Solutions,,Y,Same Day,Refurbished,APM MAIN
UMMA2271,Avante Health Solutions,,Y,Same Day,Refurbished,APM MAIN
UMMQ9153,Avante Health Solutions,,Y,Same Day,Refurbished,APM MAIN
UMMQ9166,Avante Health Solutions,,Y,Same Day,Refurbished,APM MAIN
UMMR5050,Avante Health Solutions,,Y,Same Day,Refurbished,APM MAIN
UMMR5051,Avante Health Solutions,,Y,Same Day,Refurbished,APM MAIN
UMMR5052,Avante Health Solutions,,Y,Same Day,Refurbished,APM MAIN
UMPH1027,Avante Health Solutions,4.000000,Y,Same Day,Refurbished,APM MAIN
UMPH1049,Avante Health Solutions,,Y,Same Day,Refurbished,APM MAIN
UMPH2041,Avante Health Solutions,5.000000,Y,Same Day,Refurbished,APM MAIN
UMPH5120,Avante Health Solutions,,Y,Same Day,Refurbished,APM MAIN
UMPH5125,Avante Health Solutions,,Y,Same Day,Refurbished,APM MAIN
UMPH5126,Avante Health Solutions,,Y,Same Day,Refurbished,APM MAIN
UMPH6052,Avante Health Solutions,,Y,Same Day,Refurbished,APM MAIN
UMPH8402,Avante Health Solutions,3.000000,Y,Same Day,Refurbished,APM MAIN
UMPH8440,Avante Health Solutions,,Y,Same Day,Refurbished,APM MAIN
UMPH8510,Avante Health Solutions,,Y,Same Day,Refurbished,APM MAIN
UMPH8511,Avante Health Solutions,,Y,Same Day,Refurbished,APM MAIN
UMPH8512,Avante Health Solutions,,Y,Same Day,Refurbished,APM MAIN
UMPH9019,Avante Health Solutions,99.000000,Y,Same Day,Refurbished,APM MAIN
UMPH9020,Avante Health Solutions,1888.000000,Y,Same Day,Refurbished,APM MAIN
UMPH9023,Avante Health Solutions,985.000000,Y,Same Day,Refurbished,APM MAIN
UMPH9117,Avante Health Solutions,,Y,Same Day,Refurbished,APM MAIN
UMPH9150,Avante Health Solutions,,Y,Same Day,Refurbished,APM MAIN
UMPH9176,Avante Health Solutions,,Y,Same Day,Refurbished,APM MAIN
UMPH9302,Avante Health Solutions,,Y,Same Day,Refurbished,APM MAIN
UMPH9312,Avante Health Solutions,,Y,Same Day,Refurbished,APM MAIN
UMPH9312-B,Avante Health Solutions,,Y,Same Day,Refurbished,APM MAIN
UMPH9321,Avante Health Solutions,5.000000,Y,Same Day,Refurbished,APM MAIN
UMPH9334,Avante Health Solutions,,Y,Same Day,Refurbished,APM MAIN
UMPH9335,Avante Health Solutions,,Y,Same Day,Refurbished,APM MAIN
UMPH9372,Avante Health Solutions,,Y,Same Day,Refurbished,APM MAIN
UMPH9499,Avante Health Solutions,,Y,Same Day,Refurbished,APM MAIN
UMPH9500,Avante Health Solutions,,Y,Same Day,Refurbished,APM MAIN
UMPH9501,Avante Health Solutions,,Y,Same Day,Refurbished,APM MAIN
UMPH9502,Avante Health Solutions,,Y,Same Day,Refurbished,APM MAIN
UMPH9516,Avante Health Solutions,,Y,Same Day,Refurbished,APM MAIN
UMPH9561,Avante Health Solutions,,Y,Same Day,Refurbished,APM MAIN
UMPH9757-W,Avante Health Solutions,,Y,Same Day,Refurbished,APM MAIN
UMPH9759-W,Avante Health Solutions,,Y,Same Day,Refurbished,APM MAIN
UMSE9213,Avante Health Solutions,,Y,Same Day,Refurbished,APM MAIN
UMSP1015,Avante Health Solutions,1.000000,Y,Same Day,Refurbished,APM MAIN
UOMB5640,Avante Health Solutions,,Y,Same Day,Refurbished,APM MAIN
UP-895MD,Avante Health Solutions,,Y,Same Day,Refurbished,APM MAIN
UQBC4125,Avante Health Solutions,,Y,Same Day,Refurbished,APM MAIN
UQBC4150,Avante Health Solutions,,Y,Same Day,Refurbished,APM MAIN
UQCK9400,Avante Health Solutions,26.000000,Y,Same Day,Refurbished,APM MAIN
UQCM9116,Avante Health Solutions,2.000000,Y,Same Day,Refurbished,APM MAIN
UQCP9520,Avante Health Solutions,4.000000,Y,Same Day,Refurbished,APM MAIN
UQCV2020,Avante Health Solutions,,Y,Same Day,Refurbished,APM MAIN
UQCV2021,Avante Health Solutions,,Y,Same Day,Refurbished,APM MAIN
UQCV2025,Avante Health Solutions,,Y,Same Day,Refurbished,APM MAIN
UQCV9100,Avante Health Solutions,4.000000,Y,Same Day,Refurbished,APM MAIN
UQCV9101,Avante Health Solutions,1.000000,Y,Same Day,Refurbished,APM MAIN
UQCV9102,Avante Health Solutions,,Y,Same Day,Refurbished,APM MAIN
UQCV9103,Avante Health Solutions,,Y,Same Day,Refurbished,APM MAIN
UQCV9104,Avante Health Solutions,,Y,Same Day,Refurbished,APM MAIN
UQDA2550,Avante Health Solutions,,Y,Same Day,Refurbished,APM MAIN
UQDA9102,Avante Health Solutions,,Y,Same Day,Refurbished,APM MAIN
UQDA9103,Avante Health Solutions,,Y,Same Day,Refurbished,APM MAIN
UQDA9300,Avante Health Solutions,,Y,Same Day,Refurbished,APM MAIN
UQDA9502,Avante Health Solutions,,Y,Same Day,Refurbished,APM MAIN
UQDA9702,Avante Health Solutions,,Y,Same Day,Refurbished,APM MAIN
UQDA9750,Avante Health Solutions,,Y,Same Day,Refurbished,APM MAIN
UQDM9240,Avante Health Solutions,1.000000,Y,Same Day,Refurbished,APM MAIN
UQDR8010,Avante Health Solutions,,Y,Same Day,Refurbished,APM MAIN
UQDX4500,Avante Health Solutions,,Y,Same Day,Refurbished,APM MAIN
UQDX8200,Avante Health Solutions,22.000000,Y,Same Day,Refurbished,APM MAIN
UQDX8205,Avante Health Solutions,,Y,Same Day,Refurbished,APM MAIN
UQDX8308,Avante Health Solutions,10.000000,Y,Same Day,Refurbished,APM MAIN
UQDX9470,Avante Health Solutions,,Y,Same Day,Refurbished,APM MAIN
UQDX9506,Avante Health Solutions,,Y,Same Day,Refurbished,APM MAIN
UQEL1820,Avante Health Solutions,,Y,Same Day,Refurbished,APM MAIN
UQEX1000,Avante Health Solutions,,Y,Same Day,Refurbished,APM MAIN
UQGE1151,Avante Health Solutions,,Y,Same Day,Refurbished,APM MAIN
UQGE1851,Avante Health Solutions,,Y,Same Day,Refurbished,APM MAIN
UQGE1856,Avante Health Solutions,,Y,Same Day,Refurbished,APM MAIN
UQGE1858,Avante Health Solutions,,Y,Same Day,Refurbished,APM MAIN
UQGE2771,Avante Health Solutions,,Y,Same Day,Refurbished,APM MAIN
UQGE3103,Avante Health Solutions,,Y,Same Day,Refurbished,APM MAIN
UQGE6005,Avante Health Solutions,,Y,Same Day,Refurbished,APM MAIN
UQGE6009,Avante Health Solutions,,Y,Same Day,Refurbished,APM MAIN
UQGE8002,Avante Health Solutions,,Y,Same Day,Refurbished,APM MAIN
UQGE8302,Avante Health Solutions,,Y,Same Day,Refurbished,APM MAIN
UQGE8540,Avante Health Solutions,,Y,Same Day,Refurbished,APM MAIN
UQGE8885,Avante Health Solutions,,Y,Same Day,Refurbished,APM MAIN
UQGE8886,Avante Health Solutions,,Y,Same Day,Refurbished,APM MAIN
UQGE9130,Avante Health Solutions,,Y,Same Day,Refurbished,APM MAIN
UQGE9140,Avante Health Solutions,,Y,Same Day,Refurbished,APM MAIN
UQGE9201,Avante Health Solutions,136.000000,Y,Same Day,Refurbished,APM MAIN
UQGE9215,Avante Health Solutions,,Y,Same Day,Refurbished,APM MAIN
UQGE9216,Avante Health Solutions,,Y,Same Day,Refurbished,APM MAIN
UQGE9306-DL,Avante Health Solutions,,Y,Same Day,Refurbished,APM MAIN
UQGE9410,Avante Health Solutions,1.000000,Y,Same Day,Refurbished,APM MAIN
UQGE9580-A,Avante Health Solutions,,Y,Same Day,Refurbished,APM MAIN
UQGE9580-O,Avante Health Solutions,,Y,Same Day,Refurbished,APM MAIN
UQGE9581,Avante Health Solutions,,Y,Same Day,Refurbished,APM MAIN
UQGE9581-A,Avante Health Solutions,115.000000,Y,Same Day,Refurbished,APM MAIN
UQGE9581-N,Avante Health Solutions,41.000000,Y,Same Day,New OEM Original,APM MAIN
UQGE9581-O,Avante Health Solutions,71.000000,Y,Same Day,Refurbished,APM MAIN
UQGE9582-A,Avante Health Solutions,,Y,Same Day,Refurbished,APM MAIN
UQGE9585-N,Avante Health Solutions,13.000000,Y,Same Day,New OEM Original,APM MAIN
UQGE9585-O,Avante Health Solutions,,Y,Same Day,Refurbished,APM MAIN
UQGE9586-N,Avante Health Solutions,,Y,Same Day,New OEM Original,APM MAIN
UQGE9900,Avante Health Solutions,,Y,Same Day,Refurbished,APM MAIN
UQGE9905,Avante Health Solutions,3.000000,Y,Same Day,Refurbished,APM MAIN
UQGE9930,Avante Health Solutions,6.000000,Y,Same Day,Refurbished,APM MAIN
UQGE9935,Avante Health Solutions,3.000000,Y,Same Day,Refurbished,APM MAIN
UQGE9936,Avante Health Solutions,,Y,Same Day,Refurbished,APM MAIN
UQGE9989,Avante Health Solutions,4.000000,Y,Same Day,Refurbished,APM MAIN
UQGE9991,Avante Health Solutions,,Y,Same Day,Refurbished,APM MAIN
UQMA2500,Avante Health Solutions,,Y,Same Day,Refurbished,APM MAIN
UQMA4070,Avante Health Solutions,,Y,Same Day,Refurbished,APM MAIN
UQMA4071,Avante Health Solutions,,Y,Same Day,Refurbished,APM MAIN
UQMA4072,Avante Health Solutions,,Y,Same Day,Refurbished,APM MAIN
UQMA4073,Avante Health Solutions,,Y,Same Day,Refurbished,APM MAIN
UQMA4074,Avante Health Solutions,,Y,Same Day,Refurbished,APM MAIN
UQMA4550,Avante Health Solutions,,Y,Same Day,Refurbished,APM MAIN
UQMA5200,Avante Health Solutions,,Y,Same Day,Refurbished,APM MAIN
UQMA5201,Avante Health Solutions,,Y,Same Day,Refurbished,APM MAIN
UQMA8011,Avante Health Solutions,,Y,Same Day,Refurbished,APM MAIN
UQMA8021,Avante Health Solutions,19.000000,Y,Same Day,Refurbished,APM MAIN
UQMA8023,Avante Health Solutions,5.000000,Y,Same Day,Refurbished,APM MAIN
UQMA8050,Avante Health Solutions,,Y,Same Day,Refurbished,APM MAIN
UQMA8052,Avante Health Solutions,4.000000,Y,Same Day,Refurbished,APM MAIN
UQMA8053,Avante Health Solutions,,Y,Same Day,Refurbished,APM MAIN
UQMA8100,Avante Health Solutions,,Y,Same Day,Refurbished,APM MAIN
UQMG9701,Avante Health Solutions,,Y,Same Day,Refurbished,APM MAIN
UQMG9702,Avante Health Solutions,,Y,Same Day,Refurbished,APM MAIN
UQMG9706,Avante Health Solutions,68.000000,Y,Same Day,Refurbished,APM MAIN
UQMG9726,Avante Health Solutions,,Y,Same Day,Refurbished,APM MAIN
UQMG9756,Avante Health Solutions,,Y,Same Day,Refurbished,APM MAIN
UQMG9758,Avante Health Solutions,,Y,Same Day,Refurbished,APM MAIN
UQMG9759,Avante Health Solutions,14.000000,Y,Same Day,Refurbished,APM MAIN
UQMG9762,Avante Health Solutions,,Y,Same Day,Refurbished,APM MAIN
UQMQ8304,Avante Health Solutions,85.000000,Y,Same Day,Refurbished,APM MAIN
UQMQ8305,Avante Health Solutions,1.000000,Y,Same Day,Refurbished,APM MAIN
UQMQ9250,Avante Health Solutions,1.000000,Y,Same Day,Refurbished,APM MAIN
UQNE1800,Avante Health Solutions,,Y,Same Day,Refurbished,APM MAIN
UQNE4050,Avante Health Solutions,,Y,Same Day,Refurbished,APM MAIN
UQNE4770,Avante Health Solutions,2.000000,Y,Same Day,Refurbished,APM MAIN
UQNE9160,Avante Health Solutions,12.000000,Y,Same Day,Refurbished,APM MAIN
UQNE9196,Avante Health Solutions,1.000000,Y,Same Day,Refurbished,APM MAIN
UQNE9240,Avante Health Solutions,,Y,Same Day,Refurbished,APM MAIN
UQNE9260,Avante Health Solutions,9.000000,Y,Same Day,Refurbished,APM MAIN
UQNE9260-X,Avante Health Solutions,3.000000,Y,Same Day,Refurbished,APM MAIN
UQNE9265,Avante Health Solutions,,Y,Same Day,Refurbished,APM MAIN
UQNE9265-I,Avante Health Solutions,,Y,Same Day,Refurbished,APM MAIN
UQNE9265-K,Avante Health Solutions,,Y,Same Day,Refurbished,APM MAIN
UQNE9265-S,Avante Health Solutions,,Y,Same Day,Refurbished,APM MAIN
UQNE9385,Avante Health Solutions,,Y,Same Day,Refurbished,APM MAIN
UQNE9396,Avante Health Solutions,,Y,Same Day,Refurbished,APM MAIN
UQNE9485,Avante Health Solutions,,Y,Same Day,Refurbished,APM MAIN
UQNE9486,Avante Health Solutions,,Y,Same Day,Refurbished,APM MAIN
UQNE9487,Avante Health Solutions,,Y,Same Day,Refurbished,APM MAIN
UQNE9488,Avante Health Solutions,,Y,Same Day,Refurbished,APM MAIN
UQNE9489,Avante Health Solutions,,Y,Same Day,Refurbished,APM MAIN
UQNE9490,Avante Health Solutions,,Y,Same Day,Refurbished,APM MAIN
UQNE9560,Avante Health Solutions,,Y,Same Day,Refurbished,APM MAIN
UQNK6502,Avante Health Solutions,,Y,Same Day,Refurbished,APM MAIN
UQNK6503,Avante Health Solutions,,Y,Same Day,Refurbished,APM MAIN
UQNN4751,Avante Health Solutions,,Y,Same Day,Refurbished,APM MAIN
UQNV1000,Avante Health Solutions,1.000000,Y,Same Day,Refurbished,APM MAIN
UQPH1426,Avante Health Solutions,,Y,Same Day,Refurbished,APM MAIN
UQPH1480,Avante Health Solutions,,Y,Same Day,Refurbished,APM MAIN
UQPH1533,Avante Health Solutions,,Y,Same Day,Refurbished,APM MAIN
UQPH1534,Avante Health Solutions,,Y,Same Day,Refurbished,APM MAIN
UQPH1536,Avante Health Solutions,,Y,Same Day,Refurbished,APM MAIN
UQPH2932,Avante Health Solutions,,Y,Same Day,Refurbished,APM MAIN
UQPH5100,Avante Health Solutions,,Y,Same Day,Refurbished,APM MAIN
UQPH5895,Avante Health Solutions,,Y,Same Day,Refurbished,APM MAIN
UQPH5910,Avante Health Solutions,4.000000,Y,Same Day,Refurbished,APM MAIN
UQPH8000,Avante Health Solutions,7.000000,Y,Same Day,Refurbished,APM MAIN
UQPH8078,Avante Health Solutions,,Y,Same Day,Refurbished,APM MAIN
UQPH8202,Avante Health Solutions,1.000000,Y,Same Day,Refurbished,APM MAIN
UQPH8346,Avante Health Solutions,2.000000,Y,Same Day,Refurbished,APM MAIN
UQPH8348,Avante Health Solutions,32.000000,Y,Same Day,Refurbished,APM MAIN
UQPH8348-MP,Avante Health Solutions,,Y,Same Day,Refurbished,APM MAIN
UQPH8349,Avante Health Solutions,10.000000,Y,Same Day,Refurbished,APM MAIN
UQPH8376,Avante Health Solutions,,Y,Same Day,Refurbished,APM MAIN
UQPH8520,Avante Health Solutions,2.000000,Y,Same Day,Refurbished,APM MAIN
UQPH8521,Avante Health Solutions,,Y,Same Day,Refurbished,APM MAIN
UQPH8575,Avante Health Solutions,23.000000,Y,Same Day,Refurbished,APM MAIN
UQPH8625,Avante Health Solutions,179.000000,Y,Same Day,Refurbished,APM MAIN
UQPH8626,Avante Health Solutions,45.000000,Y,Same Day,Refurbished,APM MAIN
UQPH8627,Avante Health Solutions,,Y,Same Day,Refurbished,APM MAIN
UQPH8646,Avante Health Solutions,,Y,Same Day,Refurbished,APM MAIN
UQPH8660,Avante Health Solutions,,Y,Same Day,Refurbished,APM MAIN
UQPH9020,Avante Health Solutions,,Y,Same Day,Refurbished,APM MAIN
UQPH9097,Avante Health Solutions,,Y,Same Day,Refurbished,APM MAIN
UQPH9100,Avante Health Solutions,8.000000,Y,Same Day,Refurbished,APM MAIN
UQPH9131-B,Avante Health Solutions,1.000000,Y,Same Day,Refurbished,APM MAIN
UQPH9136,Avante Health Solutions,68.000000,Y,Same Day,Refurbished,APM MAIN
UQPH9136-C,Avante Health Solutions,,Y,Same Day,Refurbished,APM MAIN
UQPH9220,Avante Health Solutions,,Y,Same Day,Refurbished,APM MAIN
UQPH9220-H,Avante Health Solutions,,Y,Same Day,Refurbished,APM MAIN
UQPH9230-MB,Avante Health Solutions,,Y,Same Day,Refurbished,APM MAIN
UQPH9236-A,Avante Health Solutions,2.000000,Y,Same Day,Refurbished,APM MAIN
UQPH9290,Avante Health Solutions,,Y,Same Day,Refurbished,APM MAIN
UQPH9336-C,Avante Health Solutions,29.000000,Y,Same Day,Refurbished,APM MAIN
UQPH9400,Avante Health Solutions,,Y,Same Day,Refurbished,APM MAIN
UQPH9476-C,Avante Health Solutions,1.000000,Y,Same Day,Refurbished,APM MAIN
UQPH9496,Avante Health Solutions,,Y,Same Day,Refurbished,APM MAIN
UQPH9506-A,Avante Health Solutions,3.000000,Y,Same Day,Refurbished,APM MAIN
UQPH9506-B,Avante Health Solutions,24.000000,Y,Same Day,Refurbished,APM MAIN
UQPH9506-C,Avante Health Solutions,22.000000,Y,Same Day,Refurbished,APM MAIN
UQPH9552,Avante Health Solutions,7.000000,Y,Same Day,Refurbished,APM MAIN
UQPH9572,Avante Health Solutions,,Y,Same Day,Refurbished,APM MAIN
UQPH9604,Avante Health Solutions,,Y,Same Day,Refurbished,APM MAIN
UQPH9624,Avante Health Solutions,55.000000,Y,Same Day,Refurbished,APM MAIN
UQPH9626,Avante Health Solutions,,Y,Same Day,Refurbished,APM MAIN
UQPH9760,Avante Health Solutions,,Y,Same Day,Refurbished,APM MAIN
UQPH9941,Avante Health Solutions,25.000000,Y,Same Day,Refurbished,APM MAIN
UQSM8000,Avante Health Solutions,,Y,Same Day,Refurbished,APM MAIN
UQSP5100,Avante Health Solutions,,Y,Same Day,Refurbished,APM MAIN
UQSP8387,Avante Health Solutions,,Y,Same Day,Refurbished,APM MAIN
UQSP9230,Avante Health Solutions,,Y,Same Day,Refurbished,APM MAIN
UQSP9411,Avante Health Solutions,,Y,Same Day,Refurbished,APM MAIN
UQST1301,Avante Health Solutions,,Y,Same Day,Refurbished,APM MAIN
UQST1302,Avante Health Solutions,,Y,Same Day,Refurbished,APM MAIN
UQST1303,Avante Health Solutions,,Y,Same Day,Refurbished,APM MAIN
UQTZ2550,Avante Health Solutions,,Y,Same Day,Refurbished,APM MAIN
UQWA2877,Avante Health Solutions,,Y,Same Day,Refurbished,APM MAIN
UQWA6004,Avante Health Solutions,2.000000,Y,Same Day,Refurbished,APM MAIN
UQWA6005,Avante Health Solutions,,Y,Same Day,Refurbished,APM MAIN
UQWA6006,Avante Health Solutions,,Y,Same Day,Refurbished,APM MAIN
UQWA6007,Avante Health Solutions,,Y,Same Day,Refurbished,APM MAIN
UQWA6008,Avante Health Solutions,,Y,Same Day,Refurbished,APM MAIN
UQWA9325,Avante Health Solutions,,Y,Same Day,Refurbished,APM MAIN
UR-39451,Avante Health Solutions,,Y,Same Day,Refurbished,APM MAIN
UR-3950,Avante Health Solutions,,Y,Same Day,Refurbished,APM MAIN
UR-39621-N,Avante Health Solutions,,Y,Same Day,New OEM Original,APM MAIN
UR-3972,Avante Health Solutions,,Y,Same Day,Refurbished,APM MAIN
UR-3992,Avante Health Solutions,,Y,Same Day,Refurbished,APM MAIN
UR-4112-N,Avante Health Solutions,,Y,Same Day,New OEM Original,APM MAIN
UR-4242,Avante Health Solutions,,Y,Same Day,Refurbished,APM MAIN
UR-4246,Avante Health Solutions,,Y,Same Day,Refurbished,APM MAIN
UR-4250,Avante Health Solutions,,Y,Same Day,Refurbished,APM MAIN
UTGE2502,Avante Health Solutions,,Y,Same Day,Refurbished,APM MAIN
UTGE2503,Avante Health Solutions,,Y,Same Day,Refurbished,APM MAIN
UTGE2504,Avante Health Solutions,,Y,Same Day,Refurbished,APM MAIN
UTGE2506,Avante Health Solutions,,Y,Same Day,Refurbished,APM MAIN
UTGE5341,Avante Health Solutions,,Y,Same Day,Refurbished,APM MAIN
UTGE5342,Avante Health Solutions,,Y,Same Day,Refurbished,APM MAIN
UTGE8431,Avante Health Solutions,,Y,Same Day,Refurbished,APM MAIN
UTGE9220,Avante Health Solutions,,Y,Same Day,Refurbished,APM MAIN
UTMR9020,Avante Health Solutions,,Y,Same Day,Refurbished,APM MAIN
UTPH5237,Avante Health Solutions,,Y,Same Day,Refurbished,APM MAIN
UTPH8108,Avante Health Solutions,3.000000,Y,Same Day,Refurbished,APM MAIN
UTPH8208,Avante Health Solutions,3.000000,Y,Same Day,Refurbished,APM MAIN
UTPH9346,Avante Health Solutions,,Y,Same Day,Refurbished,APM MAIN
UTPH9529,Avante Health Solutions,31.000000,Y,Same Day,Refurbished,APM MAIN
UTPH9530,Avante Health Solutions,835.000000,Y,Same Day,Refurbished,APM MAIN
UTPH9587,Avante Health Solutions,,Y,Same Day,Refurbished,APM MAIN
VP5HS,Avante Health Solutions,,Y,Same Day,Refurbished,APM MAIN
VR-TRAP,Avante Health Solutions,,Y,Same Day,Refurbished,APM MAIN
VR-TRAP-N,Avante Health Solutions,6.000000,Y,Same Day,New OEM Original,APM MAIN
WC-0002-05,Avante Health Solutions,,Y,Same Day,Refurbished,APM MAIN
WC-CTC1201,Avante Health Solutions,,Y,Same Day,Refurbished,APM MAIN
WC-CTC1501,Avante Health Solutions,1.000000,Y,Same Day,Refurbished,APM MAIN
WC-CTC1601,Avante Health Solutions,,Y,Same Day,Refurbished,APM MAIN
WC-CTC2001,Avante Health Solutions,,Y,Same Day,Refurbished,APM MAIN
WC-CTC2101,Avante Health Solutions,,Y,Same Day,Refurbished,APM MAIN
WMM-0006-08,Avante Health Solutions,5.000000,Y,Same Day,Refurbished,APM MAIN
WSL724,Avante Health Solutions,26.000000,Y,Same Day,Refurbished,APM MAIN
WSZ191M,Avante Health Solutions,43.000000,Y,Same Day,Refurbished,APM MAIN
XIAL9016,Avante Health Solutions,32.000000,Y,Same Day,Refurbished,APM MAIN
XIAL9116,Avante Health Solutions,18.000000,Y,Same Day,Refurbished,APM MAIN
XIAL9216,Avante Health Solutions,6.000000,Y,Same Day,Refurbished,APM MAIN
XIAL9781,Avante Health Solutions,1806.000000,Y,Same Day,Refurbished,APM MAIN
XMPH9004,Avante Health Solutions,,Y,Same Day,Refurbished,APM MAIN
XMPH9010,Avante Health Solutions,82.000000,Y,Same Day,Refurbished,APM MAIN
XMPH9013,Avante Health Solutions,103.000000,Y,Same Day,Refurbished,APM MAIN
XMPH9017,Avante Health Solutions,55.000000,Y,Same Day,Refurbished,APM MAIN
XMPH9018,Avante Health Solutions,155.000000,Y,Same Day,Refurbished,APM MAIN
XMPH9302,Avante Health Solutions,13.000000,Y,Same Day,Refurbished,APM MAIN
XMPH9401,Avante Health Solutions,258.000000,Y,Same Day,Refurbished,APM MAIN
XMPH9403,Avante Health Solutions,,Y,Same Day,Refurbished,APM MAIN
XMPH9480,Avante Health Solutions,68.000000,Y,Same Day,Refurbished,APM MAIN
XMPH9481,Avante Health Solutions,93.000000,Y,Same Day,Refurbished,APM MAIN
XMPH9501,Avante Health Solutions,253.000000,Y,Same Day,Refurbished,APM MAIN
XMPH9515,Avante Health Solutions,353.000000,Y,Same Day,Refurbished,APM MAIN
XMPH9516,Avante Health Solutions,48.000000,Y,Same Day,Refurbished,APM MAIN
XMPH9587,Avante Health Solutions,101.000000,Y,Same Day,Refurbished,APM MAIN
XMPH9779-S,Avante Health Solutions,970.000000,Y,Same Day,Refurbished,APM MAIN
XQPH1030M,Avante Health Solutions,24.000000,Y,Same Day,Refurbished,APM MAIN
XS04620,Avante Health Solutions,,Y,Same Day,Refurbished,APM MAIN
XTGE9143,Avante Health Solutions,653.000000,Y,Same Day,Refurbished,APM MAIN
XTGE9144,Avante Health Solutions,426.000000,Y,Same Day,Refurbished,APM MAIN
XTGE9145,Avante Health Solutions,354.000000,Y,Same Day,Refurbished,APM MAIN
XTGE9146,Avante Health Solutions,761.000000,Y,Same Day,Refurbished,APM MAIN
XTGE9244,Avante Health Solutions,48.000000,Y,Same Day,Refurbished,APM MAIN
XTGE9245,Avante Health Solutions,2.000000,Y,Same Day,Refurbished,APM MAIN
XTGE9246,Avante Health Solutions,57.000000,Y,Same Day,Refurbished,APM MAIN
XTGE9262,Avante Health Solutions,30.000000,Y,Same Day,Refurbished,APM MAIN
XTPH4892,Avante Health Solutions,202.000000,Y,Same Day,Refurbished,APM MAIN
XTPH4893,Avante Health Solutions,142.000000,Y,Same Day,Refurbished,APM MAIN
XTPH5560,Avante Health Solutions,418.000000,Y,Same Day,Refurbished,APM MAIN
XTPH5561,Avante Health Solutions,5869.000000,Y,Same Day,Refurbished,APM MAIN
XTPH5562,Avante Health Solutions,95.000000,Y,Same Day,Refurbished,APM MAIN
XTPH9148,Avante Health Solutions,245.000000,Y,Same Day,Refurbished,APM MAIN
XTPH9241,Avante Health Solutions,12.000000,Y,Same Day,Refurbished,APM MAIN
XTPH9242,Avante Health Solutions,15.000000,Y,Same Day,Refurbished,APM MAIN
XTPH9364-SW,Avante Health Solutions,1393.000000,Y,Same Day,Refurbished,APM MAIN
XTPH9444,Avante Health Solutions,3635.000000,Y,Same Day,Refurbished,APM MAIN
XTPH9445,Avante Health Solutions,3903.000000,Y,Same Day,Refurbished,APM MAIN
XTPH9446,Avante Health Solutions,12406.000000,Y,Same Day,Refurbished,APM MAIN
XTPH9447,Avante Health Solutions,562.000000,Y,Same Day,Refurbished,APM MAIN
XTPH9448,Avante Health Solutions,552.000000,Y,Same Day,Refurbished,APM MAIN
XTPH9449,Avante Health Solutions,550.000000,Y,Same Day,Refurbished,APM MAIN
XTPH9510-2,Avante Health Solutions,88.000000,Y,Same Day,Refurbished,APM MAIN
XTPH9517,Avante Health Solutions,,Y,Same Day,Refurbished,APM MAIN
XTPH9517-S,Avante Health Solutions,5226.000000,Y,Same Day,Refurbished,APM MAIN
XTPH9518,Avante Health Solutions,,Y,Same Day,Refurbished,APM MAIN
XTPH9518-S,Avante Health Solutions,244.000000,Y,Same Day,Refurbished,APM MAIN
XTPH9523,Avante Health Solutions,8.000000,Y,Same Day,Refurbished,APM MAIN
XTPH9523-S,Avante Health Solutions,17582.000000,Y,Same Day,Refurbished,APM MAIN
XTPH9524,Avante Health Solutions,,Y,Same Day,Refurbished,APM MAIN
XTPH9528,Avante Health Solutions,34.000000,Y,Same Day,Refurbished,APM MAIN
XTPH9551,Avante Health Solutions,,Y,Same Day,Refurbished,APM MAIN
XTPH9551-S,Avante Health Solutions,198.000000,Y,Same Day,Refurbished,APM MAIN
XTPH9558,Avante Health Solutions,313.000000,Y,Same Day,Refurbished,APM MAIN
XTPH9610-1,Avante Health Solutions,771.000000,Y,Same Day,Refurbished,APM MAIN
XTPH9610-2,Avante Health Solutions,956.000000,Y,Same Day,Refurbished,APM MAIN
XTPH9710-1,Avante Health Solutions,567.000000,Y,Same Day,Refurbished,APM MAIN
XTPH9710-2,Avante Health Solutions,1223.000000,Y,Same Day,Refurbished,APM MAIN
XTPH9710-3,Avante Health Solutions,,Y,Same Day,Refurbished,APM MAIN
Y-OXY-CPLR-OH-N,Avante Health Solutions,2.000000,Y,Same Day,New OEM Original,APM MAIN